0,0
0.1,1
0.2,5
0.3,6
0.4,4
0.5,8
0.6,5
0.7,4
0.8,5
0.9,6
1,5
1.1,5
1.2,5
1.3,6
1.4,6
1.5,5
1.6,4
1.7,5
1.8,2
1.9,5
2,6
2.1,5
2.2,4
2.3,7
2.4,5
2.5,6
2.6,5
2.7,4
2.8,5
2.9,6
3,5
3.1,4
3.2,7
3.3,5
3.4,6
3.5,5
3.6,7
3.7,4
3.8,5
3.9,6
4,4
4.1,5
4.2,6
4.3,5
4.4,7
4.5,4
4.6,5
4.7,8
4.8,6
4.9,5
5,8
5.1,7
5.2,4
5.3,5
5.4,6
5.5,2
5.6,2
5.7,1
5.8,2
5.9,1
6,5
6.1,2
6.2,5
6.3,8
6.4,32
6.5,10
6.6,11
6.7,12
6.8,13
6.9,11
7,11
7.1,12
7.2,13
7.3,14
7.4,15
7.5,12
7.6,13
7.7,14
7.8,12
7.9,15
8,13
8.1,12
8.2,15
8.3,13
8.4,16
8.5,15
8.6,14
8.7,15
8.8,16
8.9,18
9,17
9.1,19
9.2,20
9.3,21
9.4,27
9.5,27
9.6,27
9.7,27
9.8,27
9.9,26
10,26
10.1,0
10.2,1
10.3,5
10.4,6
10.5,4
10.6,8
10.7,5
10.8,4
10.9,5
11,6
11.1,5
11.2,5
11.3,5
11.4,6
11.5,6
11.6,5
11.7,4
11.8,5
11.9,2
12,5
12.1,6
12.2,5
12.3,4
12.4,7
12.5,5
12.6,6
12.7,5
12.8,4
12.9,5
13,6
13.1,5
13.2,4
13.3,7
13.4,5
13.5,6
13.6,5
13.7,7
13.8,4
13.9,5
14,6
14.1,4
14.2,5
14.3,6
14.4,5
14.5,7
14.6,4
14.7,5
14.8,8
14.9,6
15,5
15.1,8
15.2,7
15.3,4
15.4,5
15.5,6
15.6,2
15.7,2
15.8,1
15.9,2
16,1
16.1,5
16.2,2
16.3,5
16.4,8
16.5,32
16.6,10
16.7,11
16.8,12
16.9,13
17,11
17.1,11
17.2,12
17.3,13
17.4,14
17.5,15
17.6,12
17.7,13
17.8,14
17.9,12
18,15
18.1,13
18.2,12
18.3,15
18.4,13
18.5,16
18.6,15
18.7,14
18.8,15
18.9,16
19,18
19.1,17
19.2,19
19.3,20
19.4,21
19.5,27
19.6,27
19.7,27
19.8,27
19.9,27
20,26
20.1,26
20.2,0
20.3,1
20.4,5
20.5,6
20.6,4
20.7,8
20.8,5
20.9,4
21,5
21.1,6
21.2,5
21.3,5
21.4,5
21.5,6
21.6,6
21.7,5
21.8,4
21.9,5
22,2
22.1,5
22.2,6
22.3,5
22.4,4
22.5,7
22.6,5
22.7,6
22.8,5
22.9,4
23,5
23.1,6
23.2,5
23.3,4
23.4,7
23.5,5
23.6,6
23.7,5
23.8,7
23.9,4
24,5
24.1,6
24.2,4
24.3,5
24.4,6
24.5,5
24.6,7
24.7,4
24.8,5
24.9,8
25,6
25.1,5
25.2,8
25.3,7
25.4,4
25.5,5
25.6,6
25.7,2
25.8,2
25.9,1
26,2
26.1,1
26.2,5
26.3,2
26.4,5
26.5,8
26.6,32
26.7,10
26.8,11
26.9,12
27,13
27.1,11
27.2,11
27.3,12
27.4,13
27.5,14
27.6,15
27.7,12
27.8,13
27.9,14
28,12
28.1,15
28.2,13
28.3,12
28.4,15
28.5,13
28.6,16
28.7,15
28.8,14
28.9,15
29,16
29.1,18
29.2,17
29.3,19
29.4,20
29.5,21
29.6,27
29.7,27
29.8,27
29.9,27
30,27
30.1,26
30.2,26
30.3,0
30.4,1
30.5,5
30.6,6
30.7,4
30.8,8
30.9,5
31,4
31.1,5
31.2,6
31.3,5
31.4,5
31.5,5
31.6,6
31.7,6
31.8,5
31.9,4
32,5
32.1,2
32.2,5
32.3,6
32.4,5
32.5,4
32.6,7
32.7,5
32.8,6
32.9,5
33,4
33.1,5
33.2,6
33.3,5
33.4,4
33.5,7
33.6,5
33.7,6
33.8,5
33.9,7
34,4
34.1,5
34.2,6
34.3,4
34.4,5
34.5,6
34.6,5
34.7,7
34.8,4
34.9,5
35,8
35.1,6
35.2,5
35.3,8
35.4,7
35.5,4
35.6,5
35.7,6
35.8,2
35.9,2
36,1
36.1,2
36.2,1
36.3,5
36.4,2
36.5,5
36.6,8
36.7,32
36.8,10
36.9,11
37,12
37.1,13
37.2,11
37.3,11
37.4,12
37.5,13
37.6,14
37.7,15
37.8,12
37.9,13
38,14
38.1,12
38.2,15
38.3,13
38.4,12
38.5,15
38.6,13
38.7,16
38.8,15
38.9,14
39,15
39.1,16
39.2,18
39.3,17
39.4,19
39.5,20
39.6,21
39.7,27
39.8,27
39.9,27
40,27
40.1,27
40.2,26
40.3,26
40.4,0
40.5,1
40.6,5
40.7,6
40.8,4
40.9,8
41,5
41.1,4
41.2,5
41.3,6
41.4,5
41.5,5
41.6,5
41.7,6
41.8,6
41.9,5
42,4
42.1,5
42.2,2
42.3,5
42.4,6
42.5,5
42.6,4
42.7,7
42.8,5
42.9,6
43,5
43.1,4
43.2,5
43.3,6
43.4,5
43.5,4
43.6,7
43.7,5
43.8,6
43.9,5
44,7
44.1,4
44.2,5
44.3,6
44.4,4
44.5,5
44.6,6
44.7,5
44.8,7
44.9,4
45,5
45.1,8
45.2,6
45.3,5
45.4,8
45.5,7
45.6,4
45.7,5
45.8,6
45.9,2
46,2
46.1,1
46.2,2
46.3,1
46.4,5
46.5,2
46.6,5
46.7,8
46.8,32
46.9,10
47,11
47.1,12
47.2,13
47.3,11
47.4,11
47.5,12
47.6,13
47.7,14
47.8,15
47.9,12
48,13
48.1,14
48.2,12
48.3,15
48.4,13
48.5,12
48.6,15
48.7,13
48.8,16
48.9,15
49,14
49.1,15
49.2,16
49.3,18
49.4,17
49.5,19
49.6,20
49.7,21
49.8,27
49.9,27
50,27
50.1,27
50.2,27
50.3,26
50.4,26
50.5,37
50.6,36
50.7,36
50.8,36
50.9,35
51,36
51.1,36
51.2,36
51.3,35
51.4,34
51.5,35
51.6,34
51.7,34
51.8,34
51.9,34
52,34
52.1,33
52.2,33
52.3,33
52.4,32
52.5,32
52.6,32
52.7,32
52.8,32
52.9,32
53,32
53.1,31
53.2,30
53.3,30
53.4,30
53.5,30
53.6,30
53.7,30
53.8,30
53.9,30
54,29
54.1,29
54.2,29
54.3,29
54.4,29
54.5,29
54.6,28
54.7,28
54.8,28
54.9,28
55,27
55.1,27
55.2,27
55.3,27
55.4,27
55.5,27
55.6,26
55.7,27
55.8,27
55.9,26
56,26
56.1,26
56.2,26
56.3,26
56.4,25
56.5,25
56.6,25
56.7,25
56.8,25
56.9,24
57,25
57.1,25
57.2,25
57.3,25
57.4,24
57.5,24
57.6,24
57.7,24
57.8,24
57.9,25
58,24
58.1,24
58.2,24
58.3,24
58.4,23
58.5,23
58.6,23
58.7,24
58.8,24
58.9,24
59,24
59.1,24
59.2,24
59.3,24
59.4,24
59.5,23
59.6,23
59.7,23
59.8,23
59.9,23
60,23
60.1,23
60.2,22
60.3,22
60.4,22
60.5,23
60.6,23
60.7,23
60.8,22
60.9,22
61,22
61.1,22
61.2,22
61.3,22
61.4,22
61.5,22
61.6,22
61.7,21
61.8,21
61.9,21
62,22
62.1,22
62.2,22
62.3,22
62.4,22
62.5,21
62.6,21
62.7,22
62.8,21
62.9,21
63,21
63.1,21
63.2,21
63.3,20
63.4,20
63.5,20
63.6,20
63.7,21
63.8,21
63.9,21
64,21
64.1,21
64.2,20
64.3,21
64.4,21
64.5,21
64.6,21
64.7,21
64.8,21
64.9,20
65,21
65.1,20
65.2,20
65.3,20
65.4,21
65.5,21
65.6,22
65.7,22
65.8,21
65.9,21
66,21
66.1,21
66.2,21
66.3,22
66.4,22
66.5,22
66.6,22
66.7,22
66.8,21
66.9,21
67,22
67.1,23
67.2,23
67.3,24
67.4,24
67.5,24
67.6,24
67.7,23
67.8,23
67.9,23
68,24
68.1,23
68.2,23
68.3,23
68.4,23
68.5,23
68.6,23
68.7,23
68.8,24
68.9,24
69,24
69.1,24
69.2,24
69.3,24
69.4,24
69.5,24
69.6,23
69.7,23
69.8,23
69.9,23
70,23
70.1,22
70.2,22
70.3,22
70.4,22
70.5,23
70.6,22
70.7,22
70.8,22
70.9,22
71,23
71.1,22
71.2,22
71.3,22
71.4,22
71.5,22
71.6,21
71.7,21
71.8,21
71.9,21
72,21
72.1,21
72.2,22
72.3,21
72.4,21
72.5,21
72.6,21
72.7,21
72.8,21
72.9,21
73,21
73.1,21
73.2,21
73.3,21
73.4,21
73.5,20
73.6,21
73.7,21
73.8,22
73.9,23
74,22
74.1,22
74.2,22
74.3,22
74.4,22
74.5,22
74.6,22
74.7,22
74.8,22
74.9,22
75,22
75.1,21
75.2,21
75.3,21
75.4,22
75.5,22
75.6,22
75.7,22
75.8,22
75.9,22
76,21
76.1,21
76.2,22
76.3,22
76.4,22
76.5,23
76.6,22
76.7,22
76.8,22
76.9,23
77,22
77.1,24
77.2,24
77.3,23
77.4,23
77.5,23
77.6,23
77.7,23
77.8,23
77.9,23
78,23
78.1,22
78.2,23
78.3,23
78.4,22
78.5,22
78.6,23
78.7,23
78.8,24
78.9,24
79,24
79.1,24
79.2,24
79.3,24
79.4,23
79.5,23
79.6,23
79.7,23
79.8,23
79.9,23
80,22
80.1,22
80.2,22
80.3,22
80.4,23
80.5,23
80.6,23
80.7,22
80.8,22
80.9,22
81,22
81.1,22
81.2,22
81.3,22
81.4,22
81.5,22
81.6,21
81.7,21
81.8,21
81.9,21
82,21
82.1,21
82.2,21
82.3,21
82.4,20
82.5,21
82.6,21
82.7,21
82.8,21
82.9,21
83,20
83.1,20
83.2,21
83.3,21
83.4,21
83.5,22
83.6,22
83.7,21
83.8,21
83.9,21
84,21
84.1,21
84.2,22
84.3,23
84.4,23
84.5,23
84.6,23
84.7,23
84.8,24
84.9,24
85,24
85.1,24
85.2,24
85.3,24
85.4,24
85.5,24
85.6,24
85.7,24
85.8,23
85.9,24
86,25
86.1,25
86.2,24
86.3,24
86.4,24
86.5,24
86.6,24
86.7,24
86.8,25
86.9,25
87,24
87.1,24
87.2,24
87.3,24
87.4,24
87.5,24
87.6,24
87.7,25
87.8,25
87.9,25
88,24
88.1,24
88.2,24
88.3,24
88.4,24
88.5,24
88.6,24
88.7,24
88.8,24
88.9,23
89,24
89.1,23
89.2,23
89.3,24
89.4,24
89.5,24
89.6,24
89.7,23
89.8,24
89.9,24
90,25
90.1,25
90.2,26
90.3,25
90.4,25
90.5,25
90.6,25
90.7,25
90.8,25
90.9,26
91,27
91.1,27
91.2,27
91.3,27
91.4,27
91.5,27
91.6,28
91.7,28
91.8,28
91.9,29
92,29
92.1,29
92.2,28
92.3,28
92.4,28
92.5,29
92.6,30
92.7,30
92.8,30
92.9,30
93,29
93.1,29
93.2,29
93.3,30
93.4,29
93.5,30
93.6,30
93.7,29
93.8,29
93.9,29
94,29
94.1,29
94.2,30
94.3,30
94.4,30
94.5,30
94.6,30
94.7,29
94.8,29
94.9,29
95,29
95.1,30
95.2,30
95.3,29
95.4,29
95.5,29
95.6,28
95.7,28
95.8,28
95.9,28
96,29
96.1,29
96.2,28
96.3,29
96.4,28
96.5,28
96.6,27
96.7,28
96.8,28
96.9,28
97,28
97.1,27
97.2,27
97.3,26
97.4,26
97.5,26
97.6,27
97.7,28
97.8,28
97.9,27
98,27
98.1,27
98.2,26
98.3,26
98.4,27
98.5,27
98.6,26
98.7,26
98.8,26
98.9,26
99,26
99.1,26
99.2,27
99.3,27
99.4,28
99.5,28
99.6,28
99.7,28
99.8,28
99.9,29
100,29
100.1,30
100.2,30
100.3,30
100.4,30
100.5,30
100.6,31
100.7,31
100.8,32
100.9,33
101,34
101.1,35
101.2,35
101.3,35
101.4,35
101.5,36
101.6,36
101.7,37
101.8,38
101.9,38
102,38
102.1,38
102.2,38
102.3,39
102.4,40
102.5,40
102.6,42
102.7,43
102.8,43
102.9,43
103,43
103.1,44
103.2,45
103.3,45
103.4,46
103.5,47
103.6,47
103.7,47
103.8,47
103.9,47
104,48
104.1,49
104.2,50
104.3,52
104.4,52
104.5,53
104.6,53
104.7,53
104.8,54
104.9,54
105,55
105.1,56
105.2,58
105.3,58
105.4,58
105.5,58
105.6,58
105.7,58
105.8,59
105.9,60
106,62
106.1,62
106.2,63
106.3,63
106.4,64
106.5,64
106.6,65
106.7,66
106.8,67
106.9,68
107,68
107.1,67
107.2,68
107.3,68
107.4,69
107.5,70
107.6,72
107.7,73
107.8,73
107.9,73
108,74
108.1,75
108.2,75
108.3,76
108.4,76
108.5,78
108.6,78
108.7,78
108.8,77
108.9,78
109,79
109.1,80
109.2,80
109.3,82
109.4,83
109.5,84
109.6,84
109.7,85
109.8,85
109.9,86
110,86
110.1,88
110.2,88
110.3,88
110.4,88
110.5,88
110.6,88
110.7,89
110.8,90
110.9,91
111,93
111.1,93
111.2,93
111.3,93
111.4,94
111.5,94
111.6,94
111.7,96
111.8,96
111.9,97
112,96
112.1,96
112.2,96
112.3,96
112.4,97
112.5,98
112.6,99
112.7,99
112.8,98
112.9,97
113,97
113.1,97
113.2,97
113.3,97
113.4,98
113.5,97
113.6,96
113.7,96
113.8,96
113.9,95
114,95
114.1,94
114.2,95
114.3,94
114.4,93
114.5,92
114.6,92
114.7,91
114.8,90
114.9,90
115,91
115.1,91
115.2,91
115.3,90
115.4,89
115.5,89
115.6,88
115.7,88
115.8,88
115.9,88
116,87
116.1,86
116.2,84
116.3,84
116.4,84
116.5,83
116.6,84
116.7,84
116.8,84
116.9,83
117,82
117.1,82
117.2,81
117.3,81
117.4,81
117.5,81
117.6,81
117.7,80
117.8,79
117.9,79
118,86
118.1,86
118.2,88
118.3,88
118.4,88
118.5,88
118.6,88
118.7,88
118.8,89
118.9,90
119,91
119.1,93
119.2,93
119.3,93
119.4,93
119.5,94
119.6,94
119.7,94
119.8,96
119.9,96
120,97
120.1,96
120.2,96
120.3,96
120.4,96
120.5,97
120.6,98
120.7,99
120.8,99
120.9,98
121,97
121.1,97
121.2,97
121.3,97
121.4,97
121.5,98
121.6,97
121.7,96
121.8,96
121.9,96
122,95
122.1,95
122.2,94
122.3,95
122.4,94
122.5,93
122.6,92
122.7,92
122.8,91
122.9,90
123,90
123.1,91
123.2,91
123.3,91
123.4,90
123.5,89
123.6,89
123.7,88
123.8,88
123.9,88
124,88
124.1,87
124.2,86
124.3,84
124.4,84
124.5,84
124.6,83
124.7,84
124.8,84
124.9,84
125,83
125.1,82
125.2,82
125.3,81
125.4,81
125.5,81
125.6,81
125.7,81
125.8,80
125.9,79
126,79
126.1,82
126.2,82
126.3,81
126.4,81
126.5,81
126.6,81
126.7,81
126.8,80
126.9,79
127,79
127.1,82
127.2,82
127.3,81
127.4,81
127.5,81
127.6,81
127.7,81
127.8,80
127.9,79
128,79
128.1,82
128.2,82
128.3,81
128.4,81
128.5,81
128.6,81
128.7,81
128.8,80
128.9,79
129,79
129.1,97
129.2,97
129.3,98
129.4,97
129.5,96
129.6,96
129.7,96
129.8,95
129.9,95
130,94
130.1,95
130.2,94
130.3,93
130.4,92
130.5,92
130.6,91
130.7,90
130.8,90
130.9,91
131,91
131.1,91
131.2,90
131.3,89
131.4,89
131.5,88
131.6,88
131.7,88
131.8,88
131.9,87
132,86
132.1,84
132.2,84
132.3,84
132.4,83
132.5,84
132.6,84
132.7,84
132.8,83
132.9,82
133,82
133.1,81
133.2,81
133.3,81
133.4,81
133.5,81
133.6,80
133.7,79
133.8,79
133.9,78
134,78
134.1,78
134.2,79
134.3,80
134.4,80
134.5,80
134.6,80
134.7,80
134.8,80
134.9,80
135,80
135.1,80
135.2,81
135.3,80
135.4,79
135.5,79
135.6,80
135.7,80
135.8,80
135.9,82
136,82
136.1,82
136.2,82
136.3,82
136.4,83
136.5,83
136.6,83
136.7,84
136.8,85
136.9,85
137,84
137.1,84
137.2,84
137.3,84
137.4,85
137.5,86
137.6,87
137.7,88
137.8,87
137.9,87
138,87
138.1,88
138.2,88
138.3,88
138.4,88
138.5,88
138.6,88
138.7,87
138.8,87
138.9,87
139,87
139.1,87
139.2,88
139.3,89
139.4,89
139.5,89
139.6,88
139.7,89
139.8,89
139.9,89
140,89
140.1,89
140.2,89
140.3,88
140.4,87
140.5,87
140.6,86
140.7,86
140.8,86
140.9,87
141,88
141.1,88
141.2,87
141.3,87
141.4,87
141.5,86
141.6,86
141.7,86
141.8,86
141.9,86
142,85
142.1,85
142.2,84
142.3,84
142.4,85
142.5,84
142.6,86
142.7,86
142.8,85
142.9,85
143,85
143.1,85
143.2,85
143.3,85
143.4,85
143.5,85
143.6,84
143.7,83
143.8,83
143.9,83
144,83
144.1,83
144.2,84
144.3,85
144.4,85
144.5,84
144.6,84
144.7,84
144.8,84
144.9,85
145,85
145.1,85
145.2,85
145.3,85
145.4,84
145.5,84
145.6,85
145.7,85
145.8,86
145.9,87
146,87
146.1,87
146.2,87
146.3,87
146.4,87
146.5,87
146.6,88
146.7,88
146.8,89
146.9,88
147,87
147.1,87
147.2,87
147.3,87
147.4,86
147.5,87
147.6,88
147.7,88
147.8,88
147.9,88
148,88
148.1,88
148.2,88
148.3,87
148.4,88
148.5,88
148.6,87
148.7,86
148.8,86
148.9,86
149,86
149.1,87
149.2,88
149.3,88
149.4,88
149.5,88
149.6,88
149.7,87
149.8,87
149.9,87
150,87
150.1,87
150.2,87
150.3,86
150.4,85
150.5,85
150.6,85
150.7,85
150.8,85
150.9,86
151,86
151.1,86
151.2,85
151.3,85
151.4,85
151.5,85
151.6,85
151.7,86
151.8,86
151.9,85
152,84
152.1,83
152.2,83
152.3,83
152.4,83
152.5,84
152.6,85
152.7,85
152.8,85
152.9,84
153,84
153.1,84
153.2,83
153.3,84
153.4,84
153.5,84
153.6,83
153.7,83
153.8,82
153.9,83
154,82
154.1,83
154.2,83
154.3,83
154.4,83
154.5,82
154.6,81
154.7,81
154.8,80
154.9,80
155,80
155.1,80
155.2,80
155.3,78
155.4,77
155.5,77
155.6,76
155.7,76
155.8,77
155.9,77
156,77
156.1,77
156.2,76
156.3,76
156.4,76
156.5,75
156.6,75
156.7,74
156.8,74
156.9,73
157,72
157.1,71
157.2,71
157.3,71
157.4,71
157.5,71
157.6,71
157.7,70
157.8,70
157.9,69
158,69
158.1,68
158.2,68
158.3,68
158.4,68
158.5,67
158.6,66
158.7,65
158.8,64
158.9,64
159,64
159.1,63
159.2,64
159.3,64
159.4,63
159.5,62
159.6,61
159.7,61
159.8,61
159.9,60
160,60
160.1,59
160.2,59
160.3,58
160.4,58
160.5,57
160.6,57
160.7,56
160.8,56
160.9,57
161,56
161.1,56
161.2,55
161.3,54
161.4,53
161.5,53
161.6,53
161.7,52
161.8,52
161.9,52
162,51
162.1,51
162.2,50
162.3,50
162.4,50
162.5,50
162.6,49
162.7,49
162.8,49
162.9,48
163,48
163.1,47
163.2,47
163.3,47
163.4,47
163.5,46
163.6,46
163.7,45
163.8,45
163.9,44
164,44
164.1,44
164.2,45
164.3,45
164.4,45
164.5,45
164.6,44
164.7,43
164.8,43
164.9,43
165,42
165.1,43
165.2,42
165.3,42
165.4,41
165.5,41
165.6,40
165.7,40
165.8,40
165.9,40
166,40
166.1,39
166.2,39
166.3,38
166.4,38
166.5,38
166.6,38
166.7,38
166.8,38
166.9,37
167,37
167.1,37
167.2,36
167.3,36
167.4,36
167.5,36
167.6,37
167.7,36
167.8,36
167.9,36
168,35
168.1,36
168.2,35
168.3,35
168.4,36
168.5,35
168.6,35
168.7,35
168.8,34
168.9,34
169,33
169.1,34
169.2,34
169.3,35
169.4,35
169.5,34
169.6,34
169.7,34
169.8,33
169.9,33
170,34
170.1,34
170.2,33
170.3,33
170.4,32
170.5,32
170.6,32
170.7,32
170.8,32
170.9,33
171,33
171.1,32
171.2,32
171.3,32
171.4,32
171.5,32
171.6,31
171.7,31
171.8,31
171.9,31
172,30
172.1,30
172.2,30
172.3,30
172.4,30
172.5,30
172.6,31
172.7,30
172.8,30
172.9,30
173,30
173.1,29
173.2,29
173.3,29
173.4,29
173.5,29
173.6,29
173.7,29
173.8,28
173.9,28
174,28
174.1,28
174.2,29
174.3,29
174.4,28
174.5,28
174.6,28
174.7,28
174.8,28
174.9,28
175,29
175.1,29
175.2,29
175.3,28
175.4,28
175.5,28
175.6,28
175.7,28
175.8,28
175.9,29
176,29
176.1,29
176.2,28
176.3,28
176.4,28
176.5,28
176.6,28
176.7,28
176.8,28
176.9,28
177,27
177.1,27
177.2,27
177.3,27
177.4,27
177.5,27
177.6,28
177.7,28
177.8,27
177.9,27
178,27
178.1,27
178.2,27
178.3,27
178.4,28
178.5,28
178.6,27
178.7,27
178.8,27
178.9,27
179,27
179.1,26
179.2,28
179.3,28
179.4,28
179.5,28
179.6,28
179.7,28
179.8,27
179.9,27
180,28
180.1,28
180.2,27
180.3,27
180.4,27
180.5,26
180.6,26
180.7,26
180.8,27
180.9,27
181,27
181.1,27
181.2,27
181.3,26
181.4,26
181.5,26
181.6,26
181.7,26
181.8,25
181.9,25
182,25
182.1,25
182.2,25
182.3,25
182.4,24
182.5,25
182.6,25
182.7,24
182.8,24
182.9,24
183,24
183.1,23
183.2,23
183.3,23
183.4,23
183.5,23
183.6,24
183.7,24
183.8,24
183.9,24
184,24
184.1,23
184.2,23
184.3,23
184.4,23
184.5,23
184.6,23
184.7,23
184.8,23
184.9,22
185,22
185.1,23
185.2,23
185.3,23
185.4,24
185.5,24
185.6,24
185.7,24
185.8,24
185.9,24
186,24
186.1,24
186.2,24
186.3,24
186.4,25
186.5,25
186.6,24
186.7,24
186.8,25
186.9,25
187,27
187.1,27
187.2,27
187.3,26
187.4,26
187.5,26
187.6,26
187.7,26
187.8,27
187.9,27
188,27
188.1,27
188.2,27
188.3,27
188.4,27
188.5,28
188.6,29
188.7,30
188.8,30
188.9,30
189,30
189.1,30
189.2,29
189.3,30
189.4,30
189.5,30
189.6,30
189.7,31
189.8,32
189.9,32
190,32
190.1,32
190.2,33
190.3,33
190.4,34
190.5,34
190.6,34
190.7,34
190.8,34
190.9,33
191,34
191.1,34
191.2,34
191.3,34
191.4,34
191.5,34
191.6,34
191.7,34
191.8,34
191.9,35
192,36
192.1,36
192.2,37
192.3,37
192.4,36
192.5,36
192.6,36
192.7,36
192.8,37
192.9,37
193,37
193.1,37
193.2,37
193.3,37
193.4,37
193.5,38
193.6,39
193.7,39
193.8,40
193.9,40
194,40
194.1,40
194.2,40
194.3,40
194.4,40
194.5,40
194.6,40
194.7,41
194.8,41
194.9,41
195,41
195.1,41
195.2,42
195.3,43
195.4,43
195.5,44
195.6,44
195.7,44
195.8,44
195.9,44
196,44
196.1,44
196.2,45
196.3,46
196.4,46
196.5,47
196.6,47
196.7,46
196.8,47
196.9,48
197,50
197.1,50
197.2,50
197.3,51
197.4,50
197.5,50
197.6,50
197.7,51
197.8,51
197.9,52
198,52
198.1,52
198.2,52
198.3,52
198.4,53
198.5,53
198.6,54
198.7,55
198.8,55
198.9,55
199,55
199.1,54
199.2,54
199.3,54
199.4,55
199.5,55
199.6,55
199.7,55
199.8,55
199.9,55
200,55
200.1,55
200.2,55
200.3,56
200.4,57
200.5,57
200.6,57
200.7,56
200.8,56
200.9,55
201,55
201.1,56
201.2,56
201.3,56
201.4,56
201.5,56
201.6,55
201.7,55
201.8,55
201.9,56
202,56
202.1,56
202.2,56
202.3,55
202.4,54
202.5,54
202.6,53
202.7,53
202.8,53
202.9,53
203,52
203.1,52
203.2,51
203.3,50
203.4,50
203.5,50
203.6,50
203.7,50
203.8,50
203.9,49
204,49
204.1,48
204.2,48
204.3,47
204.4,47
204.5,46
204.6,46
204.7,45
204.8,45
204.9,44
205,44
205.1,44
205.2,43
205.3,43
205.4,43
205.5,42
205.6,42
205.7,41
205.8,42
205.9,41
206,41
206.1,40
206.2,40
206.3,39
206.4,39
206.5,39
206.6,39
206.7,38
206.8,38
206.9,38
207,37
207.1,37
207.2,37
207.3,37
207.4,36
207.5,37
207.6,37
207.7,37
207.8,37
207.9,36
208,36
208.1,35
208.2,35
208.3,35
208.4,35
208.5,35
208.6,34
208.7,34
208.8,34
208.9,33
209,33
209.1,34
209.2,34
209.3,34
209.4,33
209.5,33
209.6,33
209.7,32
209.8,32
209.9,32
210,32
210.1,32
210.2,32
210.3,31
210.4,31
210.5,30
210.6,30
210.7,30
210.8,30
210.9,30
211,30
211.1,30
211.2,30
211.3,29
211.4,29
211.5,29
211.6,29
211.7,28
211.8,28
211.9,28
212,28
212.1,28
212.2,27
212.3,27
212.4,27
212.5,28
212.6,27
212.7,27
212.8,27
212.9,27
213,26
213.1,26
213.2,26
213.3,26
213.4,26
213.5,26
213.6,26
213.7,25
213.8,25
213.9,25
214,25
214.1,25
214.2,25
214.3,25
214.4,24
214.5,24
214.6,24
214.7,24
214.8,23
214.9,23
215,23
215.1,23
215.2,23
215.3,23
215.4,23
215.5,23
215.6,23
215.7,22
215.8,23
215.9,23
216,22
216.1,22
216.2,22
216.3,22
216.4,22
216.5,21
216.6,21
216.7,21
216.8,21
216.9,22
217,22
217.1,22
217.2,21
217.3,21
217.4,21
217.5,22
217.6,21
217.7,22
217.8,22
217.9,21
218,21
218.1,21
218.2,21
218.3,20
218.4,20
218.5,20
218.6,21
218.7,21
218.8,20
218.9,20
219,20
219.1,20
219.2,20
219.3,20
219.4,20
219.5,20
219.6,20
219.7,20
219.8,19
219.9,20
220,19
220.1,20
220.2,20
220.3,21
220.4,21
220.5,20
220.6,20
220.7,20
220.8,20
220.9,20
221,21
221.1,21
221.2,21
221.3,21
221.4,21
221.5,21
221.6,20
221.7,20
221.8,21
221.9,22
222,22
222.1,22
222.2,22
222.3,21
222.4,21
222.5,21
222.6,22
222.7,22
222.8,22
222.9,22
223,22
223.1,23
223.2,23
223.3,23
223.4,23
223.5,24
223.6,25
223.7,26
223.8,26
223.9,26
224,26
224.1,26
224.2,26
224.3,26
224.4,27
224.5,27
224.6,27
224.7,28
224.8,28
224.9,28
225,28
225.1,29
225.2,30
225.3,31
225.4,32
225.5,32
225.6,32
225.7,32
225.8,32
225.9,32
226,33
226.1,34
226.2,35
226.3,36
226.4,36
226.5,36
226.6,36
226.7,37
226.8,38
226.9,39
227,40
227.1,41
227.2,41
227.3,42
227.4,41
227.5,41
227.6,42
227.7,42
227.8,43
227.9,43
228,43
228.1,43
228.2,43
228.3,43
228.4,44
228.5,44
228.6,45
228.7,45
228.8,45
228.9,45
229,45
229.1,44
229.2,44
229.3,44
229.4,45
229.5,45
229.6,45
229.7,44
229.8,44
229.9,44
230,44
230.1,44
230.2,44
230.3,45
230.4,45
230.5,45
230.6,45
230.7,44
230.8,43
230.9,43
231,43
231.1,43
231.2,43
231.3,43
231.4,43
231.5,42
231.6,42
231.7,42
231.8,43
231.9,43
232,44
232.1,44
232.2,44
232.3,44
232.4,43
232.5,42
232.6,43
232.7,43
232.8,43
232.9,43
233,43
233.1,43
233.2,42
233.3,42
233.4,42
233.5,43
233.6,43
233.7,43
233.8,44
233.9,43
234,43
234.1,43
234.2,43
234.3,42
234.4,43
234.5,43
234.6,43
234.7,43
234.8,43
234.9,43
235,42
235.1,43
235.2,44
235.3,44
235.4,44
235.5,44
235.6,44
235.7,43
235.8,43
235.9,43
236,43
236.1,44
236.2,44
236.3,44
236.4,45
236.5,44
236.6,44
236.7,44
236.8,45
236.9,46
237,46
237.1,46
237.2,47
237.3,47
237.4,46
237.5,46
237.6,47
237.7,48
237.8,48
237.9,49
238,49
238.1,49
238.2,50
238.3,49
238.4,50
238.5,51
238.6,52
238.7,53
238.8,53
238.9,53
239,53
239.1,53
239.2,53
239.3,53
239.4,54
239.5,54
239.6,54
239.7,54
239.8,54
239.9,54
240,54
240.1,55
240.2,56
240.3,57
240.4,57
240.5,57
240.6,57
240.7,57
240.8,56
240.9,56
241,57
241.1,57
241.2,57
241.3,57
241.4,57
241.5,57
241.6,56
241.7,56
241.8,57
241.9,57
242,58
242.1,58
242.2,58
242.3,57
242.4,57
242.5,56
242.6,57
242.7,56
242.8,56
242.9,56
243,56
243.1,56
243.2,56
243.3,55
243.4,56
243.5,57
243.6,57
243.7,58
243.8,58
243.9,58
244,57
244.1,56
244.2,56
244.3,56
244.4,57
244.5,57
244.6,56
244.7,57
244.8,57
244.9,56
245,56
245.1,57
245.2,58
245.3,59
245.4,60
245.5,59
245.6,60
245.7,59
245.8,58
245.9,59
246,59
246.1,59
246.2,59
246.3,59
246.4,59
246.5,59
246.6,58
246.7,58
246.8,59
246.9,59
247,59
247.1,59
247.2,58
247.3,58
247.4,57
247.5,57
247.6,57
247.7,57
247.8,57
247.9,57
248,57
248.1,56
248.2,56
248.3,56
248.4,55
248.5,56
248.6,56
248.7,56
248.8,56
248.9,56
249,55
249.1,55
249.2,54
249.3,54
249.4,54
249.5,54
249.6,54
249.7,54
249.8,54
249.9,53
250,52
250.1,52
250.2,53
250.3,53
250.4,54
250.5,54
250.6,53
250.7,53
250.8,52
250.9,52
251,53
251.1,53
251.2,53
251.3,53
251.4,52
251.5,52
251.6,51
251.7,52
251.8,52
251.9,53
252,53
252.1,53
252.2,53
252.3,52
252.4,52
252.5,51
252.6,51
252.7,51
252.8,51
252.9,51
253,51
253.1,51
253.2,51
253.3,50
253.4,51
253.5,52
253.6,52
253.7,52
253.8,52
253.9,52
254,52
254.1,51
254.2,51
254.3,51
254.4,52
254.5,52
254.6,52
254.7,52
254.8,52
254.9,51
255,51
255.1,52
255.2,53
255.3,54
255.4,54
255.5,54
255.6,54
255.7,53
255.8,53
255.9,53
256,54
256.1,55
256.2,54
256.3,55
256.4,54
256.5,54
256.6,54
256.7,54
256.8,55
256.9,56
257,56
257.1,57
257.2,57
257.3,56
257.4,55
257.5,55
257.6,55
257.7,56
257.8,56
257.9,55
258,55
258.1,56
258.2,56
258.3,55
258.4,56
258.5,57
258.6,57
258.7,58
258.8,58
258.9,58
259,57
259.1,57
259.2,57
259.3,57
259.4,58
259.5,58
259.6,58
259.7,58
259.8,58
259.9,58
260,58
260.1,59
260.2,60
260.3,60
260.4,61
260.5,60
260.6,60
260.7,59
260.8,59
260.9,59
261,59
261.1,59
261.2,59
261.3,59
261.4,59
261.5,59
261.6,58
261.7,59
261.8,59
261.9,60
262,60
262.1,60
262.2,59
262.3,58
262.4,58
262.5,58
262.6,57
262.7,57
262.8,57
262.9,57
263,56
263.1,56
263.2,55
263.3,55
263.4,55
263.5,55
263.6,55
263.7,55
263.8,54
263.9,54
264,53
264.1,53
264.2,52
264.3,52
264.4,51
264.5,51
264.6,50
264.7,49
264.8,49
264.9,48
265,48
265.1,48
265.2,48
265.3,47
265.4,46
265.5,46
265.6,45
265.7,45
265.8,45
265.9,45
266,44
266.1,44
266.2,43
266.3,42
266.4,42
266.5,42
266.6,42
266.7,41
266.8,42
266.9,42
267,41
267.1,40
267.2,40
267.3,40
267.4,39
267.5,39
267.6,39
267.7,38
267.8,38
267.9,37
268,37
268.1,37
268.2,36
268.3,36
268.4,36
268.5,36
268.6,36
268.7,36
268.8,35
268.9,35
269,35
269.1,35
269.2,34
269.3,34
269.4,34
269.5,34
269.6,33
269.7,33
269.8,33
269.9,33
270,32
270.1,32
270.2,32
270.3,32
270.4,32
270.5,32
270.6,32
270.7,32
270.8,32
270.9,31
271,31
271.1,31
271.2,30
271.3,30
271.4,29
271.5,29
271.6,29
271.7,29
271.8,29
271.9,29
272,29
272.1,28
272.2,28
272.3,28
272.4,28
272.5,28
272.6,28
272.7,28
272.8,27
272.9,27
273,27
273.1,27
273.2,27
273.3,26
273.4,26
273.5,27
273.6,27
273.7,26
273.8,26
273.9,26
274,26
274.1,26
274.2,26
274.3,26
274.4,25
274.5,25
274.6,25
274.7,25
274.8,24
274.9,24
275,24
275.1,24
275.2,24
275.3,24
275.4,24
275.5,23
275.6,23
275.7,24
275.8,24
275.9,24
276,24
276.1,23
276.2,23
276.3,22
276.4,23
276.5,23
276.6,23
276.7,22
276.8,22
276.9,22
277,22
277.1,22
277.2,22
277.3,22
277.4,23
277.5,23
277.6,22
277.7,22
277.8,22
277.9,22
278,22
278.1,22
278.2,22
278.3,22
278.4,22
278.5,22
278.6,21
278.7,21
278.8,21
278.9,21
279,22
279.1,22
279.2,22
279.3,22
279.4,21
279.5,21
279.6,21
279.7,21
279.8,21
279.9,21
280,21
280.1,21
280.2,21
280.3,21
280.4,21
280.5,21
280.6,21
280.7,22
280.8,23
280.9,23
281,23
281.1,23
281.2,23
281.3,23
281.4,23
281.5,24
281.6,24
281.7,24
281.8,24
281.9,24
282,23
282.1,23
282.2,24
282.3,24
282.4,25
282.5,25
282.6,24
282.7,24
282.8,25
282.9,25
283,25
283.1,25
283.2,25
283.3,25
283.4,25
283.5,25
283.6,25
283.7,25
283.8,26
283.9,26
284,26
284.1,27
284.2,27
284.3,27
284.4,27
284.5,27
284.6,27
284.7,28
284.8,28
284.9,29
285,29
285.1,28
285.2,28
285.3,28
285.4,28
285.5,28
285.6,29
285.7,30
285.8,30
285.9,30
286,30
286.1,30
286.2,29
286.3,30
286.4,29
286.5,30
286.6,31
286.7,30
286.8,30
286.9,30
287,29
287.1,29
287.2,30
287.3,30
287.4,31
287.5,31
287.6,31
287.7,31
287.8,31
287.9,31
288,31
288.1,31
288.2,32
288.3,32
288.4,32
288.5,31
288.6,30
288.7,30
288.8,31
288.9,31
289,32
289.1,47
289.2,47
289.3,48
289.4,48
289.5,48
289.6,47
289.7,47
289.8,46
289.9,46
290,45
290.1,45
290.2,45
290.3,45
290.4,45
290.5,45
290.6,45
290.7,46
290.8,46
290.9,47
291,47
291.1,47
291.2,47
291.3,46
291.4,46
291.5,45
291.6,45
291.7,45
291.8,45
291.9,45
292,45
292.1,45
292.2,45
292.3,46
292.4,46
292.5,46
292.6,47
292.7,47
292.8,47
292.9,46
293,46
293.1,46
293.2,45
293.3,45
293.4,45
293.5,44
293.6,44
293.7,44
293.8,44
293.9,45
294,45
294.1,45
294.2,46
294.3,46
294.4,46
294.5,46
294.6,45
294.7,45
294.8,45
294.9,44
295,44
295.1,44
295.2,44
295.3,44
295.4,44
295.5,44
295.6,44
295.7,44
295.8,45
295.9,46
296,46
296.1,46
296.2,45
296.3,44
296.4,44
296.5,44
296.6,44
296.7,44
296.8,44
296.9,44
297,44
297.1,44
297.2,44
297.3,45
297.4,45
297.5,45
297.6,45
297.7,45
297.8,45
297.9,44
298,44
298.1,43
298.2,43
298.3,43
298.4,43
298.5,43
298.6,43
298.7,43
298.8,43
298.9,43
299,44
299.1,44
299.2,44
299.3,45
299.4,45
299.5,44
299.6,44
299.7,43
299.8,43
299.9,43
300,43
300.1,43
300.2,43
300.3,43
300.4,42
300.5,43
300.6,43
300.7,44
300.8,44
300.9,45
301,45
301.1,45
301.2,44
301.3,43
301.4,43
301.5,43
301.6,43
301.7,43
301.8,43
301.9,43
302,43
302.1,43
302.2,43
302.3,43
302.4,43
302.5,44
302.6,44
302.7,44
302.8,43
302.9,43
303,43
303.1,42
303.2,42
303.3,42
303.4,42
303.5,42
303.6,42
303.7,42
303.8,42
303.9,42
304,43
304.1,43
304.2,43
304.3,44
304.4,44
304.5,44
304.6,43
304.7,42
304.8,42
304.9,42
305,42
305.1,42
305.2,42
305.3,41
305.4,41
305.5,41
305.6,42
305.7,42
305.8,43
305.9,43
306,44
306.1,44
306.2,43
306.3,42
306.4,42
306.5,42
306.6,42
306.7,42
306.8,42
306.9,42
307,42
307.1,42
307.2,42
307.3,43
307.4,43
307.5,43
307.6,44
307.7,44
307.8,43
307.9,43
308,43
308.1,43
308.2,42
308.3,42
308.4,42
308.5,42
308.6,42
308.7,42
308.8,42
308.9,42
309,43
309.1,43
309.2,44
309.3,44
309.4,44
309.5,44
309.6,43
309.7,42
309.8,42
309.9,42
310,42
310.1,42
310.2,42
310.3,42
310.4,42
310.5,42
310.6,42
310.7,43
310.8,43
310.9,44
311,44
311.1,44
311.2,44
311.3,43
311.4,43
311.5,43
311.6,42
311.7,42
311.8,42
311.9,42
312,42
312.1,42
312.2,43
312.3,43
312.4,43
312.5,44
312.6,45
312.7,45
312.8,44
312.9,44
313,43
313.1,43
313.2,43
313.3,43
313.4,43
313.5,43
313.6,43
313.7,43
313.8,43
313.9,43
314,44
314.1,44
314.2,45
314.3,45
314.4,45
314.5,45
314.6,44
314.7,44
314.8,43
314.9,43
315,43
315.1,43
315.2,43
315.3,43
315.4,43
315.5,43
315.6,44
315.7,44
315.8,44
315.9,45
316,46
316.1,46
316.2,45
316.3,44
316.4,44
316.5,44
316.6,44
316.7,44
316.8,44
316.9,44
317,44
317.1,44
317.2,44
317.3,44
317.4,45
317.5,45
317.6,46
317.7,46
317.8,46
317.9,45
318,45
318.1,45
318.2,44
318.3,44
318.4,44
318.5,44
318.6,44
318.7,44
318.8,45
318.9,45
319,45
319.1,46
319.2,46
319.3,47
319.4,47
319.5,46
319.6,46
319.7,45
319.8,45
319.9,44
320,44
320.1,44
320.2,45
320.3,45
320.4,45
320.5,45
320.6,45
320.7,46
320.8,46
320.9,47
321,47
321.1,47
321.2,47
321.3,46
321.4,46
321.5,45
321.6,45
321.7,45
321.8,45
321.9,45
322,45
322.1,45
322.2,46
322.3,46
322.4,46
322.5,47
322.6,47
322.7,48
322.8,47
322.9,47
323,46
323.1,46
323.2,46
323.3,46
323.4,47
323.5,47
323.6,46
323.7,46
323.8,46
323.9,46
324,47
324.1,47
324.2,48
324.3,48
324.4,48
324.5,48
324.6,47
324.7,47
324.8,47
324.9,46
325,46
325.1,46
325.2,46
325.3,47
325.4,47
325.5,47
325.6,48
325.7,48
325.8,48
325.9,48
326,49
326.1,48
326.2,48
326.3,47
326.4,47
326.5,46
326.6,46
326.7,46
326.8,46
326.9,46
327,46
327.1,46
327.2,47
327.3,47
327.4,47
327.5,48
327.6,48
327.7,49
327.8,49
327.9,48
328,47
328.1,47
328.2,47
328.3,47
328.4,47
328.5,47
328.6,47
328.7,47
328.8,47
328.9,47
329,48
329.1,48
329.2,49
329.3,49
329.4,49
329.5,49
329.6,48
329.7,48
329.8,47
329.9,47
330,47
330.1,47
330.2,47
330.3,47
330.4,48
330.5,48
330.6,48
330.7,48
330.8,49
330.9,49
331,50
331.1,49
331.2,48
331.3,48
331.4,48
331.5,47
331.6,47
331.7,47
331.8,47
331.9,47
332,48
332.1,48
332.2,48
332.3,48
332.4,48
332.5,49
332.6,49
332.7,50
332.8,49
332.9,49
333,48
333.1,48
333.2,47
333.3,47
333.4,47
333.5,47
333.6,47
333.7,47
333.8,47
333.9,47
334,47
334.1,48
334.2,49
334.3,49
334.4,49
334.5,49
334.6,48
334.7,48
334.8,48
334.9,47
335,47
335.1,47
335.2,47
335.3,48
335.4,48
335.5,48
335.6,48
335.7,48
335.8,49
335.9,50
336,49
336.1,49
336.2,49
336.3,48
336.4,48
336.5,47
336.6,47
336.7,47
336.8,47
336.9,48
337,48
337.1,48
337.2,48
337.3,48
337.4,48
337.5,49
337.6,49
337.7,49
337.8,49
337.9,49
338,48
338.1,48
338.2,47
338.3,47
338.4,47
338.5,47
338.6,47
338.7,47
338.8,47
338.9,48
339,48
339.1,48
339.2,49
339.3,49
339.4,49
339.5,49
339.6,48
339.7,48
339.8,48
339.9,48
340,47
340.1,47
340.2,47
340.3,47
340.4,47
340.5,48
340.6,48
340.7,48
340.8,49
340.9,49
341,49
341.1,49
341.2,49
341.3,48
341.4,48
341.5,47
341.6,47
341.7,47
341.8,47
341.9,47
342,47
342.1,47
342.2,48
342.3,48
342.4,49
342.5,49
342.6,50
342.7,49
342.8,49
342.9,48
343,48
343.1,47
343.2,47
343.3,47
343.4,47
343.5,47
343.6,47
343.7,47
343.8,47
343.9,47
344,47
344.1,48
344.2,49
344.3,49
344.4,49
344.5,49
344.6,48
344.7,48
344.8,48
344.9,47
345,47
345.1,47
345.2,47
345.3,47
345.4,47
345.5,47
345.6,47
345.7,48
345.8,48
345.9,48
346,49
346.1,48
346.2,48
346.3,47
346.4,47
346.5,47
346.6,47
346.7,47
346.8,47
346.9,47
347,47
347.1,47
347.2,47
347.3,48
347.4,48
347.5,49
347.6,49
347.7,49
347.8,48
347.9,47
348,47
348.1,47
348.2,46
348.3,46
348.4,46
348.5,46
348.6,46
348.7,46
348.8,46
348.9,46
349,47
349.1,47
349.2,48
349.3,48
349.4,48
349.5,47
349.6,46
349.7,46
349.8,46
349.9,46
350,46
350.1,46
350.2,46
350.3,46
350.4,46
350.5,46
350.6,46
350.7,46
350.8,47
350.9,47
351,48
351.1,47
351.2,47
351.3,46
351.4,46
351.5,45
351.6,45
351.7,45
351.8,45
351.9,45
352,45
352.1,45
352.2,45
352.3,46
352.4,46
352.5,47
352.6,47
352.7,47
352.8,47
352.9,46
353,45
353.1,45
353.2,45
353.3,45
353.4,45
353.5,45
353.6,45
353.7,45
353.8,45
353.9,45
354,46
354.1,46
354.2,46
354.3,47
354.4,46
354.5,46
354.6,45
354.7,45
354.8,45
354.9,45
355,44
355.1,44
355.2,44
355.3,44
355.4,45
355.5,45
355.6,45
355.7,46
355.8,46
355.9,47
356,47
356.1,46
356.2,46
356.3,45
356.4,45
356.5,44
356.6,44
356.7,44
356.8,45
356.9,45
357,45
357.1,45
357.2,45
357.3,45
357.4,46
357.5,46
357.6,46
357.7,46
357.8,46
357.9,45
358,45
358.1,44
358.2,44
358.3,44
358.4,44
358.5,44
358.6,44
358.7,44
358.8,44
358.9,44
359,45
359.1,45
359.2,46
359.3,46
359.4,45
359.5,45
359.6,44
359.7,44
359.8,44
359.9,43
360,43
360.1,43
360.2,43
360.3,43
360.4,43
360.5,44
360.6,44
360.7,45
360.8,45
360.9,45
361,45
361.1,45
361.2,44
361.3,44
361.4,44
361.5,43
361.6,43
361.7,43
361.8,43
361.9,43
362,43
362.1,43
362.2,43
362.3,44
362.4,45
362.5,45
362.6,45
362.7,45
362.8,44
362.9,44
363,43
363.1,43
363.2,43
363.3,43
363.4,43
363.5,43
363.6,43
363.7,43
363.8,44
363.9,44
364,44
364.1,45
364.2,45
364.3,45
364.4,45
364.5,44
364.6,44
364.7,43
364.8,43
364.9,43
365,43
365.1,43
365.2,43
365.3,43
365.4,43
365.5,43
365.6,44
365.7,44
365.8,45
365.9,45
366,45
366.1,44
366.2,44
366.3,43
366.4,43
366.5,43
366.6,43
366.7,43
366.8,43
366.9,43
367,43
367.1,43
367.2,43
367.3,44
367.4,44
367.5,45
367.6,45
367.7,45
367.8,44
367.9,44
368,43
368.1,43
368.2,43
368.3,43
368.4,43
368.5,43
368.6,43
368.7,43
368.8,43
368.9,44
369,44
369.1,44
369.2,45
369.3,44
369.4,44
369.5,44
369.6,43
369.7,43
369.8,43
369.9,43
370,43
370.1,43
370.2,43
370.3,43
370.4,43
370.5,43
370.6,43
370.7,44
370.8,45
370.9,45
371,45
371.1,44
371.2,43
371.3,43
371.4,43
371.5,43
371.6,43
371.7,43
371.8,43
371.9,43
372,43
372.1,43
372.2,43
372.3,44
372.4,44
372.5,45
372.6,45
372.7,45
372.8,44
372.9,44
373,44
373.1,44
373.2,43
373.3,43
373.4,43
373.5,43
373.6,43
373.7,43
373.8,44
373.9,44
374,45
374.1,45
374.2,45
374.3,45
374.4,45
374.5,44
374.6,44
374.7,44
374.8,44
374.9,43
375,44
375.1,44
375.2,44
375.3,44
375.4,44
375.5,44
375.6,44
375.7,44
375.8,45
375.9,46
376,45
376.1,45
376.2,44
376.3,44
376.4,44
376.5,44
376.6,44
376.7,44
376.8,44
376.9,44
377,44
377.1,44
377.2,44
377.3,45
377.4,45
377.5,45
377.6,46
377.7,45
377.8,45
377.9,44
378,44
378.1,44
378.2,44
378.3,44
378.4,44
378.5,44
378.6,44
378.7,44
378.8,44
378.9,44
379,45
379.1,45
379.2,46
379.3,46
379.4,45
379.5,45
379.6,44
379.7,44
379.8,44
379.9,43
380,44
380.1,44
380.2,44
380.3,44
380.4,44
380.5,44
380.6,44
380.7,45
380.8,46
380.9,46
381,46
381.1,45
381.2,44
381.3,44
381.4,44
381.5,44
381.6,43
381.7,43
381.8,43
381.9,43
382,44
382.1,44
382.2,44
382.3,44
382.4,45
382.5,46
382.6,46
382.7,45
382.8,45
382.9,44
383,44
383.1,44
383.2,44
383.3,43
383.4,43
383.5,43
383.6,43
383.7,44
383.8,44
383.9,44
384,45
384.1,45
384.2,45
384.3,45
384.4,45
384.5,44
384.6,44
384.7,44
384.8,44
384.9,44
385,43
385.1,44
385.2,43
385.3,43
385.4,44
385.5,44
385.6,44
385.7,45
385.8,45
385.9,45
386,45
386.1,44
386.2,44
386.3,44
386.4,44
386.5,44
386.6,43
386.7,44
386.8,44
386.9,44
387,44
387.1,44
387.2,44
387.3,45
387.4,45
387.5,46
387.6,45
387.7,45
387.8,45
387.9,44
388,44
388.1,44
388.2,43
388.3,43
388.4,43
388.5,43
388.6,43
388.7,43
388.8,44
388.9,44
389,45
389.1,45
389.2,46
389.3,46
389.4,45
389.5,45
389.6,44
389.7,44
389.8,44
389.9,43
390,43
390.1,43
390.2,43
390.3,43
390.4,44
390.5,44
390.6,44
390.7,44
390.8,45
390.9,45
391,45
391.1,45
391.2,44
391.3,44
391.4,44
391.5,44
391.6,43
391.7,43
391.8,43
391.9,43
392,43
392.1,44
392.2,44
392.3,44
392.4,45
392.5,45
392.6,45
392.7,45
392.8,44
392.9,44
393,44
393.1,44
393.2,43
393.3,43
393.4,43
393.5,43
393.6,43
393.7,43
393.8,44
393.9,44
394,45
394.1,45
394.2,45
394.3,45
394.4,45
394.5,44
394.6,44
394.7,44
394.8,43
394.9,43
395,43
395.1,43
395.2,43
395.3,43
395.4,43
395.5,43
395.6,44
395.7,45
395.8,45
395.9,45
396,45
396.1,44
396.2,44
396.3,44
396.4,44
396.5,44
396.6,43
396.7,43
396.8,43
396.9,44
397,44
397.1,44
397.2,44
397.3,45
397.4,45
397.5,45
397.6,45
397.7,44
397.8,44
397.9,44
398,44
398.1,43
398.2,43
398.3,43
398.4,43
398.5,43
398.6,43
398.7,43
398.8,43
398.9,44
399,44
399.1,44
399.2,45
399.3,45
399.4,44
399.5,44
399.6,44
399.7,43
399.8,43
399.9,42
400,43
400.1,43
400.2,43
400.3,42
400.4,43
400.5,43
400.6,43
400.7,44
400.8,44
400.9,45
401,44
401.1,44
401.2,43
401.3,43
401.4,43
401.5,43
401.6,43
401.7,43
401.8,43
401.9,42
402,43
402.1,43
402.2,43
402.3,43
402.4,44
402.5,44
402.6,44
402.7,44
402.8,43
402.9,43
403,43
403.1,43
403.2,43
403.3,43
403.4,43
403.5,43
403.6,43
403.7,43
403.8,43
403.9,44
404,44
404.1,45
404.2,45
404.3,44
404.4,44
404.5,43
404.6,43
404.7,43
404.8,43
404.9,43
405,43
405.1,43
405.2,42
405.3,43
405.4,43
405.5,43
405.6,44
405.7,44
405.8,44
405.9,45
406,44
406.1,44
406.2,43
406.3,43
406.4,43
406.5,43
406.6,42
406.7,42
406.8,42
406.9,42
407,42
407.1,42
407.2,43
407.3,43
407.4,44
407.5,44
407.6,44
407.7,43
407.8,43
407.9,42
408,43
408.1,43
408.2,43
408.3,43
408.4,43
408.5,43
408.6,43
408.7,43
408.8,43
408.9,43
409,43
409.1,44
409.2,44
409.3,44
409.4,43
409.5,43
409.6,42
409.7,42
409.8,42
409.9,42
410,42
410.1,42
410.2,42
410.3,42
410.4,43
410.5,43
410.6,43
410.7,44
410.8,44
410.9,44
411,44
411.1,43
411.2,43
411.3,43
411.4,43
411.5,43
411.6,43
411.7,43
411.8,43
411.9,43
412,43
412.1,43
412.2,44
412.3,44
412.4,44
412.5,45
412.6,45
412.7,44
412.8,44
412.9,43
413,43
413.1,43
413.2,43
413.3,43
413.4,43
413.5,43
413.6,43
413.7,43
413.8,44
413.9,44
414,44
414.1,45
414.2,45
414.3,45
414.4,44
414.5,43
414.6,43
414.7,43
414.8,43
414.9,43
415,43
415.1,43
415.2,43
415.3,43
415.4,43
415.5,44
415.6,44
415.7,44
415.8,45
415.9,45
416,44
416.1,43
416.2,43
416.3,43
416.4,42
416.5,42
416.6,42
416.7,42
416.8,42
416.9,42
417,42
417.1,43
417.2,43
417.3,43
417.4,44
417.5,44
417.6,43
417.7,43
417.8,43
417.9,42
418,43
418.1,42
418.2,42
418.3,42
418.4,42
418.5,42
418.6,42
418.7,42
418.8,43
418.9,43
419,43
419.1,44
419.2,44
419.3,43
419.4,43
419.5,42
419.6,42
419.7,42
419.8,42
419.9,42
420,42
420.1,42
420.2,42
420.3,42
420.4,42
420.5,42
420.6,43
420.7,43
420.8,43
420.9,43
421,42
421.1,42
421.2,41
421.3,42
421.4,41
421.5,41
421.6,41
421.7,41
421.8,41
421.9,41
422,41
422.1,42
422.2,42
422.3,43
422.4,43
422.5,43
422.6,43
422.7,42
422.8,42
422.9,42
423,42
423.1,41
423.2,41
423.3,41
423.4,41
423.5,41
423.6,41
423.7,42
423.8,42
423.9,42
424,43
424.1,43
424.2,43
424.3,43
424.4,42
424.5,42
424.6,42
424.7,42
424.8,42
424.9,42
425,42
425.1,42
425.2,41
425.3,41
425.4,42
425.5,42
425.6,43
425.7,43
425.8,43
425.9,43
426,42
426.1,42
426.2,42
426.3,42
426.4,42
426.5,42
426.6,42
426.7,42
426.8,42
426.9,41
427,42
427.1,42
427.2,43
427.3,43
427.4,44
427.5,44
427.6,44
427.7,43
427.8,43
427.9,42
428,42
428.1,42
428.2,42
428.3,42
428.4,42
428.5,42
428.6,42
428.7,42
428.8,42
428.9,43
429,43
429.1,44
429.2,44
429.3,43
429.4,43
429.5,42
429.6,42
429.7,42
429.8,42
429.9,42
430,42
430.1,42
430.2,42
430.3,42
430.4,43
430.5,43
430.6,44
430.7,44
430.8,44
430.9,44
431,43
431.1,43
431.2,43
431.3,43
431.4,43
431.5,43
431.6,43
431.7,43
431.8,43
431.9,43
432,43
432.1,44
432.2,44
432.3,44
432.4,44
432.5,45
432.6,44
432.7,43
432.8,43
432.9,43
433,43
433.1,43
433.2,43
433.3,43
433.4,42
433.5,42
433.6,42
433.7,43
433.8,43
433.9,44
434,44
434.1,45
434.2,44
434.3,44
434.4,43
434.5,43
434.6,43
434.7,43
434.8,43
434.9,43
435,43
435.1,42
435.2,42
435.3,43
435.4,43
435.5,44
435.6,44
435.7,45
435.8,45
435.9,45
436,44
436.1,44
436.2,44
436.3,44
436.4,44
436.5,43
436.6,43
436.7,43
436.8,43
436.9,43
437,44
437.1,44
437.2,45
437.3,46
437.4,46
437.5,46
437.6,45
437.7,45
437.8,45
437.9,45
438,45
438.1,45
438.2,45
438.3,45
438.4,45
438.5,44
438.6,45
438.7,45
438.8,46
438.9,46
439,47
439.1,47
439.2,46
439.3,46
439.4,45
439.5,45
439.6,46
439.7,46
439.8,46
439.9,46
440,46
440.1,45
440.2,45
440.3,46
440.4,46
440.5,47
440.6,47
440.7,47
440.8,47
440.9,47
441,46
441.1,46
441.2,46
441.3,47
441.4,47
441.5,47
441.6,46
441.7,46
441.8,46
441.9,46
442,47
442.1,48
442.2,49
442.3,49
442.4,49
442.5,49
442.6,48
442.7,48
442.8,48
442.9,48
443,48
443.1,48
443.2,48
443.3,48
443.4,47
443.5,47
443.6,48
443.7,48
443.8,49
443.9,50
444,50
444.1,50
444.2,49
444.3,49
444.4,49
444.5,49
444.6,49
444.7,49
444.8,49
444.9,49
445,49
445.1,49
445.2,49
445.3,50
445.4,51
445.5,52
445.6,52
445.7,52
445.8,52
445.9,51
446,50
446.1,50
446.2,51
446.3,51
446.4,51
446.5,51
446.6,50
446.7,51
446.8,51
446.9,51
447,52
447.1,53
447.2,54
447.3,54
447.4,54
447.5,53
447.6,53
447.7,53
447.8,53
447.9,53
448,54
448.1,54
448.2,54
448.3,54
448.4,54
448.5,54
448.6,55
448.7,56
448.8,57
448.9,57
449,57
449.1,57
449.2,56
449.3,56
449.4,56
449.5,56
449.6,57
449.7,57
449.8,57
449.9,57
450,57
450.1,57
450.2,58
450.3,58
450.4,59
450.5,61
450.6,61
450.7,61
450.8,60
450.9,60
451,59
451.1,59
451.2,60
451.3,61
451.4,61
451.5,61
451.6,61
451.7,61
451.8,61
451.9,61
452,62
452.1,64
452.2,64
452.3,64
452.4,64
452.5,64
452.6,64
452.7,64
452.8,64
452.9,64
453,65
453.1,65
453.2,65
453.3,64
453.4,64
453.5,65
453.6,65
453.7,67
453.8,68
453.9,68
454,68
454.1,67
454.2,67
454.3,67
454.4,67
454.5,67
454.6,69
454.7,69
454.8,69
454.9,68
455,68
455.1,69
455.2,69
455.3,70
455.4,72
455.5,73
455.6,73
455.7,73
455.8,72
455.9,72
456,72
456.1,72
456.2,73
456.3,73
456.4,74
456.5,74
456.6,73
456.7,74
456.8,74
456.9,75
457,76
457.1,78
457.2,78
457.3,79
457.4,78
457.5,77
457.6,77
457.7,77
457.8,77
457.9,78
458,79
458.1,79
458.2,79
458.3,79
458.4,79
458.5,80
458.6,81
458.7,82
458.8,83
458.9,84
459,83
459.1,83
459.2,82
459.3,82
459.4,82
459.5,83
459.6,83
459.7,84
459.8,84
459.9,84
460,84
460.1,85
460.2,85
460.3,86
460.4,87
460.5,88
460.6,88
460.7,87
460.8,87
460.9,86
461,86
461.1,86
461.2,87
461.3,88
461.4,88
461.5,88
461.6,88
461.7,88
461.8,89
461.9,89
462,90
462.1,91
462.2,92
462.3,92
462.4,91
462.5,90
462.6,90
462.7,90
462.8,91
462.9,92
463,93
463.1,93
463.2,93
463.3,92
463.4,92
463.5,93
463.6,93
463.7,95
463.8,96
463.9,96
464,96
464.1,95
464.2,95
464.3,95
464.4,95
464.5,96
464.6,96
464.7,97
464.8,96
464.9,96
465,96
465.1,96
465.2,97
465.3,98
465.4,99
465.5,100
465.6,100
465.7,100
465.8,99
465.9,99
466,98
466.1,98
466.2,99
466.3,99
466.4,100
466.5,99
466.6,99
466.7,99
466.8,99
466.9,100
467,101
467.1,102
467.2,103
467.3,103
467.4,102
467.5,101
467.6,101
467.7,100
467.8,101
467.9,101
468,102
468.1,102
468.2,101
468.3,101
468.4,101
468.5,102
468.6,103
468.7,104
468.8,105
468.9,105
469,104
469.1,103
469.2,102
469.3,102
469.4,102
469.5,125
469.6,126
469.7,128
469.8,125
469.9,127
470,125
470.1,124
470.2,111
470.3,99
470.4,99
470.5,98
470.6,91
470.7,94
470.8,95
470.9,92
471,99
471.1,95
471.2,89
471.3,88
471.4,87
471.5,88
471.6,85
471.7,89
471.8,80
471.9,79
472,78
472.1,77
472.2,78
472.3,75
472.4,71
472.5,72
472.6,74
472.7,75
472.8,65
472.9,64
473,62
473.1,67
473.2,66
473.3,62
473.4,63
473.5,64
473.6,68
473.7,77
473.8,78
473.9,74
474,75
474.1,77
474.2,80
474.3,81
474.4,82
474.5,86
474.6,84
474.7,88
474.8,91
474.9,99
475,95
475.1,94
475.2,92
475.3,97
475.4,91
475.5,93
475.6,89
475.7,88
475.8,84
475.9,85
476,86
476.1,88
476.2,84
476.3,88
476.4,85
476.5,82
476.6,84
476.7,88
476.8,85
476.9,81
477,78
477.1,79
477.2,81
477.3,82
477.4,81
477.5,82
477.6,86
477.7,84
477.8,82
477.9,86
478,89
478.1,91
478.2,92
478.3,95
478.4,94
478.5,91
478.6,95
478.7,92
478.8,94
478.9,95
479,92
479.1,91
479.2,94
479.3,95
479.4,92
479.5,94
479.6,97
479.7,95
479.8,95
479.9,99
480,98
480.1,95
480.2,92
480.3,92
480.4,93
480.5,94
480.6,94
480.7,95
480.8,98
480.9,97
481,96
481.1,96
481.2,96
481.3,96
481.4,96
481.5,95
481.6,94
481.7,93
481.8,93
481.9,93
482,93
482.1,93
482.2,92
482.3,92
482.4,91
482.5,90
482.6,89
482.7,88
482.8,88
482.9,89
483,89
483.1,88
483.2,87
483.3,86
483.4,86
483.5,86
483.6,86
483.7,86
483.8,86
483.9,85
484,84
484.1,84
484.2,83
484.3,82
484.4,81
484.5,81
484.6,82
484.7,82
484.8,81
484.9,81
485,80
485.1,80
485.2,79
485.3,80
485.4,80
485.5,80
485.6,79
485.7,78
485.8,77
485.9,77
486,76
486.1,76
486.2,76
486.3,76
486.4,76
486.5,75
486.6,75
486.7,75
486.8,75
486.9,75
487,75
487.1,75
487.2,75
487.3,75
487.4,74
487.5,73
487.6,72
487.7,72
487.8,72
487.9,73
488,73
488.1,72
488.2,72
488.3,71
488.4,71
488.5,71
488.6,72
488.7,72
488.8,72
488.9,72
489,72
489.1,71
489.2,70
489.3,70
489.4,70
489.5,70
489.6,70
489.7,70
489.8,70
489.9,69
490,69
490.1,69
490.2,69
490.3,69
490.4,70
490.5,70
490.6,70
490.7,69
490.8,69
490.9,68
491,68
491.1,67
491.2,68
491.3,68
491.4,68
491.5,67
491.6,67
491.7,67
491.8,67
491.9,67
492,67
492.1,68
492.2,68
492.3,68
492.4,67
492.5,66
492.6,65
492.7,65
492.8,66
492.9,66
493,66
493.1,66
493.2,65
493.3,65
493.4,65
493.5,65
493.6,65
493.7,66
493.8,66
493.9,66
494,65
494.1,65
494.2,64
494.3,64
494.4,64
494.5,64
494.6,65
494.7,65
494.8,64
494.9,64
495,64
495.1,64
495.2,64
495.3,64
495.4,65
495.5,65
495.6,65
495.7,65
495.8,64
495.9,64
496,63
496.1,64
496.2,64
496.3,64
496.4,64
496.5,64
496.6,63
496.7,63
496.8,63
496.9,64
497,64
497.1,65
497.2,65
497.3,65
497.4,64
497.5,64
497.6,63
497.7,63
497.8,64
497.9,64
498,64
498.1,64
498.2,64
498.3,64
498.4,64
498.5,64
498.6,65
498.7,65
498.8,66
498.9,66
499,66
499.1,65
499.2,64
499.3,64
499.4,64
499.5,65
499.6,65
499.7,65
499.8,65
499.9,65
500,65
500.1,65
500.2,65
500.3,66
500.4,66
500.5,66
500.6,66
500.7,66
500.8,65
500.9,65
501,64
501.1,64
501.2,65
501.3,65
501.4,65
501.5,65
501.6,65
501.7,65
501.8,65
501.9,65
502,66
502.1,67
502.2,67
502.3,67
502.4,66
502.5,66
502.6,65
502.7,65
502.8,65
502.9,66
503,66
503.1,66
503.2,66
503.3,66
503.4,66
503.5,66
503.6,67
503.7,67
503.8,67
503.9,67
504,67
504.1,66
504.2,66
504.3,65
504.4,65
504.5,66
504.6,66
504.7,66
504.8,66
504.9,65
505,65
505.1,65
505.2,65
505.3,66
505.4,66
505.5,66
505.6,66
505.7,66
505.8,65
505.9,64
506,64
506.1,64
506.2,65
506.3,65
506.4,65
506.5,64
506.6,64
506.7,64
506.8,64
506.9,64
507,64
507.1,65
507.2,65
507.3,64
507.4,64
507.5,64
507.6,63
507.7,63
507.8,63
507.9,64
508,63
508.1,63
508.2,62
508.3,62
508.4,62
508.5,62
508.6,62
508.7,62
508.8,63
508.9,63
509,63
509.1,62
509.2,61
509.3,60
509.4,60
509.5,60
509.6,60
509.7,60
509.8,59
509.9,59
510,59
510.1,59
510.2,59
510.3,59
510.4,60
510.5,60
510.6,60
510.7,60
510.8,59
510.9,58
511,58
511.1,58
511.2,58
511.3,58
511.4,58
511.5,57
511.6,57
511.7,56
511.8,57
511.9,57
512,58
512.1,58
512.2,59
512.3,59
512.4,58
512.5,58
512.6,57
512.7,57
512.8,57
512.9,57
513,57
513.1,57
513.2,57
513.3,56
513.4,56
513.5,56
513.6,56
513.7,57
513.8,57
513.9,57
514,57
514.1,57
514.2,56
514.3,56
514.4,55
514.5,55
514.6,56
514.7,55
514.8,55
514.9,55
515,54
515.1,54
515.2,54
515.3,55
515.4,55
515.5,55
515.6,55
515.7,55
515.8,55
515.9,54
516,54
516.1,54
516.2,54
516.3,54
516.4,53
516.5,53
516.6,53
516.7,53
516.8,53
516.9,53
517,53
517.1,54
517.2,54
517.3,54
517.4,53
517.5,53
517.6,53
517.7,52
517.8,53
517.9,53
518,53
518.1,53
518.2,53
518.3,52
518.4,52
518.5,52
518.6,52
518.7,53
518.8,53
518.9,53
519,53
519.1,53
519.2,53
519.3,52
519.4,52
519.5,53
519.6,53
519.7,53
519.8,52
519.9,52
520,52
520.1,52
520.2,52
520.3,52
520.4,52
520.5,52
520.6,53
520.7,53
520.8,52
520.9,51
521,51
521.1,51
521.2,51
521.3,51
521.4,51
521.5,51
521.6,50
521.7,50
521.8,50
521.9,50
522,50
522.1,50
522.2,50
522.3,50
522.4,50
522.5,50
522.6,49
522.7,49
522.8,49
522.9,49
523,49
523.1,49
523.2,49
523.3,48
523.4,48
523.5,48
523.6,48
523.7,48
523.8,48
523.9,49
524,49
524.1,49
524.2,48
524.3,48
524.4,48
524.5,48
524.6,48
524.7,48
524.8,48
524.9,48
525,47
525.1,47
525.2,47
525.3,48
525.4,48
525.5,48
525.6,48
525.7,48
525.8,48
525.9,48
526,47
526.1,47
526.2,47
526.3,47
526.4,47
526.5,47
526.6,46
526.7,46
526.8,46
526.9,46
527,46
527.1,47
527.2,47
527.3,47
527.4,47
527.5,47
527.6,46
527.7,46
527.8,46
527.9,46
528,46
528.1,46
528.2,46
528.3,46
528.4,45
528.5,45
528.6,45
528.7,45
528.8,46
528.9,46
529,47
529.1,47
529.2,46
529.3,46
529.4,45
529.5,45
529.6,45
529.7,45
529.8,45
529.9,45
530,45
530.1,45
530.2,45
530.3,45
530.4,45
530.5,46
530.6,46
530.7,47
530.8,47
530.9,46
531,46
531.1,46
531.2,46
531.3,46
531.4,45
531.5,45
531.6,46
531.7,46
531.8,46
531.9,46
532,46
532.1,47
532.2,48
532.3,48
532.4,49
532.5,49
532.6,48
532.7,48
532.8,48
532.9,47
533,47
533.1,47
533.2,48
533.3,48
533.4,49
533.5,49
533.6,49
533.7,49
533.8,50
533.9,51
534,52
534.1,52
534.2,52
534.3,51
534.4,51
534.5,51
534.6,50
534.7,51
534.8,51
534.9,51
535,52
535.1,52
535.2,52
535.3,52
535.4,53
535.5,54
535.6,55
535.7,56
535.8,57
535.9,57
536,56
536.1,56
536.2,55
536.3,55
536.4,55
536.5,56
536.6,57
536.7,57
536.8,58
536.9,58
537,58
537.1,59
537.2,60
537.3,61
537.4,62
537.5,63
537.6,63
537.7,62
537.8,61
537.9,61
538,61
538.1,61
538.2,62
538.3,63
538.4,64
538.5,64
538.6,65
538.7,65
538.8,66
538.9,67
539,68
539.1,69
539.2,69
539.3,69
539.4,68
539.5,68
539.6,67
539.7,67
539.8,68
539.9,69
540,69
540.1,70
540.2,71
540.3,71
540.4,72
540.5,73
540.6,74
540.7,75
540.8,75
540.9,75
541,75
541.1,74
541.2,73
541.3,73
541.4,74
541.5,74
541.6,75
541.7,76
541.8,76
541.9,77
542,77
542.1,78
542.2,79
542.3,81
542.4,82
542.5,82
542.6,82
542.7,81
542.8,80
542.9,80
543,80
543.1,80
543.2,81
543.3,82
543.4,83
543.5,83
543.6,84
543.7,84
543.8,85
543.9,87
544,88
544.1,89
544.2,89
544.3,89
544.4,88
544.5,87
544.6,87
544.7,88
544.8,88
544.9,89
545,90
545.1,88
545.2,87
545.3,85
545.4,84
545.5,83
545.6,82
545.7,81
545.8,79
545.9,78
546,77
546.1,77
546.2,75
546.3,74
546.4,79
546.5,77
546.6,75
546.7,73
546.8,72
546.9,77
547,74
547.1,75
547.2,71
547.3,72
547.4,71
547.5,69
547.6,68
547.7,65
547.8,68
547.9,67
548,64
548.1,65
548.2,62
548.3,64
548.4,63
548.5,61
548.6,60
548.7,61
548.8,62
548.9,64
549,61
549.1,62
549.2,64
549.3,65
549.4,60
549.5,57
549.6,56
549.7,54
549.8,45
549.9,32
550,25
550.1,26
550.2,27
550.3,29
550.4,31
550.5,35
550.6,36
550.7,34
550.8,38
550.9,41
551,45
551.1,42
551.2,43
551.3,41
551.4,42
551.5,45
551.6,42
551.7,41
551.8,41
551.9,42
552,45
552.1,40
552.2,37
552.3,39
552.4,35
552.5,39
552.6,40
552.7,39
552.8,37
552.9,36
553,34
553.1,35
553.2,31
553.3,28
553.4,27
553.5,29
553.6,24
553.7,25
553.8,24
553.9,21
554,25
554.1,23
554.2,21
554.3,25
554.4,24
554.5,21
554.6,23
554.7,24
554.8,21
554.9,19
555,18
555.1,19
555.2,17
555.3,14
555.4,15
555.5,16
555.6,15
555.7,14
555.8,15
555.9,16
556,15
556.1,14
556.2,15
556.3,16
556.4,15
556.5,14
556.6,12
556.7,11
556.8,11
556.9,12
557,14
557.1,15
557.2,17
557.3,15
557.4,21
557.5,25
557.6,26
557.7,24
557.8,31
557.9,35
558,36
558.1,45
558.2,47
558.3,42
558.4,45
558.5,44
558.6,35
558.7,38
558.8,34
558.9,36
559,31
559.1,35
559.2,38
559.3,34
559.4,37
559.5,31
559.6,45
559.7,58
559.8,57
559.9,56
560,54
560.1,52
560.2,53
560.3,48
560.4,45
560.5,42
560.6,45
560.7,47
560.8,45
560.9,48
561,45
561.1,33
561.2,35
561.3,32
561.4,31
561.5,45
561.6,48
561.7,49
561.8,42
561.9,48
562,49
562.1,57
562.2,51
562.3,52
562.4,54
562.5,67
562.6,96
562.7,97
562.8,97
562.9,97
563,96
563.1,96
563.2,96
563.3,96
563.4,97
563.5,98
563.6,98
563.7,99
563.8,80
563.9,80
564,80
564.1,81
564.2,82
564.3,83
564.4,83
564.5,84
564.6,84
564.7,85
564.8,87
564.9,88
565,89
565.1,89
565.2,89
565.3,88
565.4,87
565.5,87
565.6,88
565.7,88
565.8,89
565.9,90
566,91
566.1,92
566.2,92
566.3,93
566.4,94
566.5,95
566.6,96
566.7,97
566.8,97
566.9,97
567,96
567.1,96
567.2,96
567.3,96
567.4,97
567.5,98
567.6,98
567.7,99
567.8,98
567.9,95
568,94
568.1,96
568.2,97
568.3,95
568.4,98
568.5,94
568.6,98
568.7,99
568.8,99
568.9,99
569,98
569.1,98
569.2,97
569.3,96
569.4,95
569.5,94
569.6,93
569.7,92
569.8,91
569.9,91
570,90
570.1,90
570.2,89
570.3,88
570.4,88
570.5,88
570.6,88
570.7,87
570.8,86
570.9,85
571,84
571.1,84
571.2,83
571.3,82
571.4,82
571.5,81
571.6,80
571.7,80
571.8,79
571.9,79
572,79
572.1,78
572.2,78
572.3,77
572.4,77
572.5,76
572.6,75
572.7,75
572.8,75
572.9,74
573,73
573.1,73
573.2,72
573.3,72
573.4,71
573.5,71
573.6,71
573.7,71
573.8,70
573.9,70
574,69
574.1,69
574.2,68
574.3,68
574.4,67
574.5,67
574.6,67
574.7,66
574.8,66
574.9,65
575,65
575.1,64
575.2,64
575.3,64
575.4,64
575.5,64
575.6,64
575.7,64
575.8,63
575.9,62
576,61
576.1,61
576.2,61
576.3,61
576.4,60
576.5,60
576.6,59
576.7,59
576.8,59
576.9,59
577,59
577.1,59
577.2,59
577.3,58
577.4,58
577.5,57
577.6,56
577.7,56
577.8,56
577.9,56
578,56
578.1,56
578.2,55
578.3,54
578.4,54
578.5,54
578.6,54
578.7,54
578.8,54
578.9,54
579,54
579.1,53
579.2,53
579.3,52
579.4,52
579.5,52
579.6,52
579.7,51
579.8,51
579.9,51
580,51
580.1,51
580.2,51
580.3,51
580.4,51
580.5,51
580.6,51
580.7,51
580.8,50
580.9,50
581,49
581.1,50
581.2,50
581.3,49
581.4,49
581.5,48
581.6,48
581.7,48
581.8,48
581.9,48
582,48
582.1,48
582.2,48
582.3,48
582.4,48
582.5,48
582.6,47
582.7,48
582.8,48
582.9,48
583,48
583.1,47
583.2,47
583.3,47
583.4,47
583.5,47
583.6,47
583.7,48
583.8,48
583.9,48
584,47
584.1,46
584.2,46
584.3,46
584.4,47
584.5,48
584.6,47
584.7,47
584.8,47
584.9,47
585,46
585.1,46
585.2,47
585.3,47
585.4,47
585.5,47
585.6,47
585.7,46
585.8,46
585.9,46
586,47
586.1,47
586.2,47
586.3,47
586.4,46
586.5,46
586.6,46
586.7,46
586.8,46
586.9,47
587,48
587.1,48
587.2,48
587.3,47
587.4,46
587.5,46
587.6,46
587.7,47
587.8,47
587.9,48
588,47
588.1,47
588.2,47
588.3,47
588.4,47
588.5,47
588.6,48
588.7,49
588.8,49
588.9,49
589,48
589.1,48
589.2,48
589.3,48
589.4,48
589.5,49
589.6,49
589.7,48
589.8,48
589.9,48
590,48
590.1,49
590.2,49
590.3,50
590.4,50
590.5,50
590.6,50
590.7,49
590.8,49
590.9,48
591,49
591.1,49
591.2,50
591.3,49
591.4,49
591.5,49
591.6,49
591.7,49
591.8,49
591.9,50
592,50
592.1,50
592.2,50
592.3,50
592.4,49
592.5,49
592.6,49
592.7,50
592.8,50
592.9,50
593,49
593.1,49
593.2,49
593.3,49
593.4,49
593.5,49
593.6,50
593.7,50
593.8,50
593.9,50
594,49
594.1,49
594.2,48
594.3,48
594.4,49
594.5,49
594.6,49
594.7,48
594.8,48
594.9,48
595,48
595.1,48
595.2,48
595.3,48
595.4,48
595.5,48
595.6,48
595.7,48
595.8,47
595.9,47
596,47
596.1,47
596.2,47
596.3,47
596.4,46
596.5,46
596.6,46
596.7,46
596.8,46
596.9,46
597,47
597.1,47
597.2,47
597.3,47
597.4,46
597.5,46
597.6,46
597.7,46
597.8,46
597.9,46
598,45
598.1,45
598.2,45
598.3,45
598.4,45
598.5,45
598.6,45
598.7,45
598.8,45
598.9,45
599,45
599.1,44
599.2,44
599.3,44
599.4,44
599.5,44
599.6,44
599.7,44
599.8,44
599.9,44
600,44
600.1,43
600.2,43
600.3,43
600.4,44
600.5,44
600.6,44
600.7,44
600.8,44
600.9,43
601,43
601.1,43
601.2,43
601.3,42
601.4,42
601.5,42
601.6,42
601.7,42
601.8,42
601.9,42
602,42
602.1,43
602.2,43
602.3,43
602.4,42
602.5,42
602.6,42
602.7,42
602.8,42
602.9,42
603,42
603.1,42
603.2,42
603.3,42
603.4,42
603.5,42
603.6,42
603.7,42
603.8,43
603.9,43
604,43
604.1,42
604.2,42
604.3,42
604.4,42
604.5,42
604.6,42
604.7,42
604.8,41
604.9,41
605,41
605.1,41
605.2,41
605.3,41
605.4,42
605.5,42
605.6,42
605.7,42
605.8,41
605.9,41
606,41
606.1,41
606.2,41
606.3,41
606.4,40
606.5,40
606.6,40
606.7,40
606.8,40
606.9,40
607,40
607.1,41
607.2,41
607.3,41
607.4,41
607.5,41
607.6,40
607.7,40
607.8,40
607.9,40
608,40
608.1,40
608.2,40
608.3,40
608.4,40
608.5,40
608.6,40
608.7,40
608.8,41
608.9,41
609,41
609.1,41
609.2,40
609.3,40
609.4,40
609.5,40
609.6,40
609.7,40
609.8,40
609.9,40
610,40
610.1,40
610.2,40
610.3,40
610.4,41
610.5,41
610.6,42
610.7,42
610.8,41
610.9,41
611,41
611.1,41
611.2,40
611.3,41
611.4,41
611.5,41
611.6,41
611.7,41
611.8,41
611.9,41
612,42
612.1,42
612.2,42
612.3,43
612.4,42
612.5,42
612.6,42
612.7,42
612.8,41
612.9,41
613,41
613.1,41
613.2,42
613.3,42
613.4,42
613.5,42
613.6,42
613.7,42
613.8,43
613.9,44
614,44
614.1,44
614.2,43
614.3,42
614.4,42
614.5,42
614.6,42
614.7,42
614.8,43
614.9,43
615,43
615.1,43
615.2,43
615.3,44
615.4,44
615.5,45
615.6,46
615.7,46
615.8,46
615.9,45
616,45
616.1,44
616.2,44
616.3,44
616.4,44
616.5,45
616.6,45
616.7,45
616.8,46
616.9,46
617,46
617.1,47
617.2,47
617.3,47
617.4,47
617.5,47
617.6,47
617.7,46
617.8,46
617.9,46
618,46
618.1,46
618.2,46
618.3,46
618.4,46
618.5,46
618.6,47
618.7,47
618.8,48
618.9,49
619,49
619.1,49
619.2,48
619.3,48
619.4,47
619.5,47
619.6,47
619.7,47
619.8,47
619.9,48
620,48
620.1,48
620.2,48
620.3,49
620.4,49
620.5,50
620.6,51
620.7,51
620.8,51
620.9,50
621,50
621.1,49
621.2,49
621.3,49
621.4,49
621.5,49
621.6,50
621.7,50
621.8,50
621.9,50
622,50
622.1,51
622.2,52
622.3,52
622.4,52
622.5,52
622.6,52
622.7,51
622.8,50
622.9,50
623,50
623.1,51
623.2,51
623.3,51
623.4,52
623.5,52
623.6,52
623.7,53
623.8,53
623.9,54
624,54
624.1,53
624.2,53
624.3,52
624.4,52
624.5,51
624.6,51
624.7,51
624.8,52
624.9,52
625,52
625.1,52
625.2,52
625.3,53
625.4,53
625.5,53
625.6,54
625.7,53
625.8,53
625.9,53
626,52
626.1,51
626.2,51
626.3,51
626.4,51
626.5,51
626.6,51
626.7,51
626.8,51
626.9,51
627,52
627.1,52
627.2,52
627.3,53
627.4,53
627.5,52
627.6,51
627.7,51
627.8,51
627.9,51
628,51
628.1,51
628.2,51
628.3,51
628.4,51
628.5,51
628.6,50
628.7,51
628.8,52
628.9,52
629,52
629.1,52
629.2,51
629.3,51
629.4,50
629.5,50
629.6,50
629.7,50
629.8,50
629.9,50
630,50
630.1,50
630.2,50
630.3,50
630.4,51
630.5,51
630.6,52
630.7,52
630.8,51
630.9,51
631,50
631.1,50
631.2,50
631.3,49
631.4,49
631.5,49
631.6,49
631.7,49
631.8,50
631.9,49
632,50
632.1,51
632.2,51
632.3,51
632.4,51
632.5,50
632.6,49
632.7,49
632.8,49
632.9,48
633,49
633.1,49
633.2,49
633.3,49
633.4,49
633.5,49
633.6,49
633.7,50
633.8,50
633.9,50
634,50
634.1,50
634.2,49
634.3,49
634.4,49
634.5,48
634.6,48
634.7,48
634.8,48
634.9,48
635,49
635.1,49
635.2,49
635.3,49
635.4,50
635.5,51
635.6,50
635.7,50
635.8,49
635.9,49
636,49
636.1,48
636.2,48
636.3,48
636.4,48
636.5,49
636.6,49
636.7,49
636.8,49
636.9,49
637,50
637.1,50
637.2,50
637.3,51
637.4,50
637.5,50
637.6,50
637.7,49
637.8,48
637.9,49
638,49
638.1,49
638.2,49
638.3,49
638.4,49
638.5,49
638.6,49
638.7,50
638.8,51
638.9,51
639,51
639.1,51
639.2,51
639.3,50
639.4,50
639.5,49
639.6,49
639.7,50
639.8,50
639.9,50
640,50
640.1,50
640.2,50
640.3,51
640.4,51
640.5,52
640.6,52
640.7,52
640.8,52
640.9,51
641,51
641.1,50
641.2,50
641.3,50
641.4,50
641.5,50
641.6,50
641.7,51
641.8,51
641.9,51
642,51
642.1,52
642.2,52
642.3,53
642.4,53
642.5,52
642.6,51
642.7,51
642.8,51
642.9,50
643,50
643.1,50
643.2,51
643.3,51
643.4,51
643.5,51
643.6,51
643.7,52
643.8,53
643.9,53
644,53
644.1,52
644.2,52
644.3,51
644.4,51
644.5,51
644.6,50
644.7,50
644.8,51
644.9,51
645,51
645.1,51
645.2,51
645.3,51
645.4,52
645.5,52
645.6,52
645.7,52
645.8,51
645.9,50
646,50
646.1,50
646.2,50
646.3,49
646.4,50
646.5,50
646.6,49
646.7,51
646.8,51
646.9,50
647,51
647.1,51
647.2,51
647.3,51
647.4,50
647.5,49
647.6,49
647.7,48
647.8,48
647.9,48
648,48
648.1,48
648.2,49
648.3,49
648.4,49
648.5,49
648.6,49
648.7,49
648.8,50
648.9,50
649,50
649.1,49
649.2,49
649.3,48
649.4,48
649.5,47
649.6,47
649.7,47
649.8,47
649.9,47
650,47
650.1,47
650.2,47
650.3,48
650.4,48
650.5,49
650.6,49
650.7,48
650.8,48
650.9,48
651,47
651.1,47
651.2,47
651.3,47
651.4,47
651.5,47
651.6,47
651.7,48
651.8,47
651.9,48
652,48
652.1,49
652.2,49
652.3,49
652.4,49
652.5,49
652.6,48
652.7,48
652.8,47
652.9,47
653,47
653.1,47
653.2,48
653.3,48
653.4,48
653.5,48
653.6,49
653.7,50
653.8,51
653.9,51
654,51
654.1,50
654.2,50
654.3,49
654.4,49
654.5,49
654.6,49
654.7,49
654.8,49
654.9,50
655,50
655.1,51
655.2,51
655.3,51
655.4,52
655.5,53
655.6,53
655.7,53
655.8,52
655.9,52
656,51
656.1,51
656.2,50
656.3,51
656.4,51
656.5,52
656.6,53
656.7,53
656.8,53
656.9,53
657,53
657.1,54
657.2,55
657.3,55
657.4,55
657.5,54
657.6,54
657.7,53
657.8,53
657.9,53
658,54
658.1,54
658.2,55
658.3,55
658.4,55
658.5,55
658.6,56
658.7,56
658.8,57
658.9,58
659,57
659.1,57
659.2,57
659.3,56
659.4,56
659.5,55
659.6,55
659.7,55
659.8,56
659.9,56
660,57
660.1,57
660.2,57
660.3,58
660.4,58
660.5,59
660.6,59
660.7,60
660.8,59
660.9,59
661,58
661.1,57
661.2,57
661.3,57
661.4,58
661.5,58
661.6,58
661.7,58
661.8,58
661.9,59
662,59
662.1,60
662.2,60
662.3,61
662.4,60
662.5,59
662.6,59
662.7,58
662.8,58
662.9,58
663,58
663.1,58
663.2,58
663.3,58
663.4,58
663.5,58
663.6,58
663.7,59
663.8,60
663.9,60
664,60
664.1,59
664.2,59
664.3,58
664.4,57
664.5,57
664.6,57
664.7,57
664.8,57
664.9,57
665,57
665.1,57
665.2,58
665.3,58
665.4,59
665.5,59
665.6,60
665.7,59
665.8,58
665.9,58
666,57
666.1,57
666.2,57
666.3,58
666.4,57
666.5,56
666.6,55
666.7,55
666.8,54
666.9,53
667,51
667.1,50
667.2,49
667.3,48
667.4,46
667.5,45
667.6,44
667.7,43
667.8,42
667.9,40
668,39
668.1,38
668.2,37
668.3,36
668.4,35
668.5,34
668.6,34
668.7,33
668.8,32
668.9,30
669,28
669.1,27
669.2,25
669.3,23
669.4,22
669.5,20
669.6,18
669.7,17
669.8,16
669.9,15
670,14
670.1,13
670.2,12
670.3,11
670.4,10
670.5,43
670.6,43
670.7,43
670.8,42
670.9,43
671,43
671.1,43
671.2,44
671.3,44
671.4,45
671.5,44
671.6,44
671.7,43
671.8,43
671.9,43
672,43
672.1,43
672.2,43
672.3,43
672.4,42
672.5,43
672.6,43
672.7,43
672.8,43
672.9,44
673,44
673.1,44
673.2,44
673.3,43
673.4,43
673.5,43
673.6,43
673.7,43
673.8,43
673.9,43
674,43
674.1,43
674.2,43
674.3,43
674.4,44
674.5,44
674.6,45
674.7,45
674.8,44
674.9,44
675,43
675.1,43
675.2,43
675.3,43
675.4,43
675.5,43
675.6,43
675.7,42
675.8,43
675.9,43
676,43
676.1,44
676.2,44
676.3,44
676.4,45
676.5,44
676.6,44
676.7,43
676.8,43
676.9,43
677,43
677.1,42
677.2,42
677.3,42
677.4,42
677.5,42
677.6,42
677.7,43
677.8,43
677.9,44
678,44
678.1,44
678.2,43
678.3,43
678.4,42
678.5,43
678.6,43
678.7,43
678.8,43
678.9,43
679,43
679.1,43
679.2,43
679.3,43
679.4,43
679.5,43
679.6,44
679.7,44
679.8,44
679.9,43
680,43
680.1,42
680.2,42
680.3,42
680.4,42
680.5,42
680.6,42
680.7,42
680.8,42
680.9,43
681,43
681.1,43
681.2,44
681.3,44
681.4,44
681.5,44
681.6,43
681.7,43
681.8,43
681.9,43
682,43
682.1,43
682.2,43
682.3,43
682.4,43
682.5,43
682.6,43
682.7,44
682.8,44
682.9,44
683,45
683.1,45
683.2,44
683.3,44
683.4,43
683.5,43
683.6,43
683.7,43
683.8,43
683.9,43
684,43
684.1,43
684.2,43
684.3,44
684.4,44
684.5,44
684.6,45
684.7,45
684.8,45
684.9,44
685,43
685.1,43
685.2,43
685.3,43
685.4,43
685.5,43
685.6,43
685.7,43
685.8,43
685.9,43
686,44
686.1,44
686.2,44
686.3,45
686.4,45
686.5,44
686.6,43
686.7,43
686.8,43
686.9,42
687,42
687.1,42
687.2,42
687.3,42
687.4,42
687.5,42
687.6,43
687.7,43
687.8,43
687.9,44
688,44
688.1,43
688.2,43
688.3,43
688.4,42
688.5,43
688.6,42
688.7,42
688.8,42
688.9,42
689,42
689.1,42
689.2,42
689.3,43
689.4,43
689.5,43
689.6,44
689.7,44
689.8,43
689.9,43
690,42
690.1,42
690.2,42
690.3,42
690.4,42
690.5,42
690.6,42
690.7,42
690.8,42
690.9,42
691,42
691.1,43
691.2,43
691.3,43
691.4,43
691.5,42
691.6,42
691.7,41
691.8,42
691.9,41
692,41
692.1,41
692.2,41
692.3,41
692.4,41
692.5,41
692.6,42
692.7,42
692.8,43
692.9,43
693,43
693.1,43
693.2,42
693.3,42
693.4,42
693.5,42
693.6,41
693.7,41
693.8,41
693.9,41
694,41
694.1,41
694.2,42
694.3,42
694.4,42
694.5,43
694.6,43
694.7,43
694.8,43
694.9,42
695,42
695.1,42
695.2,42
695.3,42
695.4,42
695.5,42
695.6,42
695.7,41
695.8,41
695.9,42
696,42
696.1,43
696.2,43
696.3,43
696.4,43
696.5,42
696.6,42
696.7,42
696.8,42
696.9,42
697,42
697.1,42
697.2,42
697.3,42
697.4,41
697.5,42
697.6,42
697.7,43
697.8,43
697.9,44
698,44
698.1,44
698.2,43
698.3,43
698.4,42
698.5,42
698.6,42
698.7,42
698.8,42
698.9,42
699,42
699.1,42
699.2,42
699.3,42
699.4,43
699.5,43
699.6,44
699.7,44
699.8,43
699.9,43
700,42
700.1,42
700.2,42
700.3,42
700.4,42
700.5,42
700.6,42
700.7,42
700.8,42
700.9,43
701,43
701.1,44
701.2,44
701.3,44
701.4,44
701.5,43
701.6,43
701.7,43
701.8,43
701.9,43
702,43
702.1,43
702.2,43
702.3,43
702.4,43
702.5,43
702.6,44
702.7,44
702.8,44
702.9,44
703,45
703.1,44
703.2,43
703.3,43
703.4,43
703.5,43
703.6,43
703.7,43
703.8,43
703.9,42
704,42
704.1,42
704.2,43
704.3,43
704.4,44
704.5,44
704.6,45
704.7,44
704.8,44
704.9,43
705,43
705.1,43
705.2,43
705.3,43
705.4,43
705.5,43
705.6,42
705.7,42
705.8,43
705.9,43
706,44
706.1,44
706.2,45
706.3,45
706.4,45
706.5,44
706.6,44
706.7,44
706.8,44
706.9,44
707,43
707.1,43
707.2,43
707.3,43
707.4,43
707.5,44
707.6,44
707.7,45
707.8,46
707.9,46
708,46
708.1,45
708.2,45
708.3,45
708.4,45
708.5,45
708.6,45
708.7,45
708.8,45
708.9,45
709,44
709.1,45
709.2,45
709.3,46
709.4,46
709.5,47
709.6,47
709.7,46
709.8,46
709.9,45
710,45
710.1,46
710.2,46
710.3,46
710.4,46
710.5,46
710.6,45
710.7,45
710.8,46
710.9,46
711,47
711.1,47
711.2,47
711.3,47
711.4,47
711.5,46
711.6,46
711.7,46
711.8,47
711.9,47
712,47
712.1,46
712.2,46
712.3,46
712.4,46
712.5,47
712.6,48
712.7,49
712.8,49
712.9,49
713,49
713.1,48
713.2,48
713.3,48
713.4,48
713.5,48
713.6,48
713.7,48
713.8,48
713.9,47
714,47
714.1,48
714.2,48
714.3,49
714.4,50
714.5,50
714.6,50
714.7,49
714.8,49
714.9,49
715,49
715.1,49
715.2,49
715.3,49
715.4,49
715.5,49
715.6,49
715.7,49
715.8,50
715.9,51
716,52
716.1,52
716.2,52
716.3,52
716.4,51
716.5,50
716.6,50
716.7,51
716.8,51
716.9,51
717,51
717.1,50
717.2,51
717.3,51
717.4,51
717.5,52
717.6,53
717.7,54
717.8,54
717.9,54
718,53
718.1,53
718.2,53
718.3,53
718.4,53
718.5,54
718.6,54
718.7,54
718.8,54
718.9,54
719,54
719.1,55
719.2,56
719.3,57
719.4,57
719.5,57
719.6,57
719.7,56
719.8,56
719.9,56
720,56
720.1,57
720.2,57
720.3,57
720.4,57
720.5,57
720.6,57
720.7,58
720.8,58
720.9,59
721,61
721.1,61
721.2,61
721.3,60
721.4,60
721.5,59
721.6,59
721.7,60
721.8,61
721.9,61
722,61
722.1,61
722.2,61
722.3,61
722.4,61
722.5,62
722.6,64
722.7,64
722.8,64
722.9,64
723,64
723.1,64
723.2,64
723.3,64
723.4,64
723.5,65
723.6,65
723.7,65
723.8,64
723.9,64
724,65
724.1,65
724.2,67
724.3,68
724.4,68
724.5,68
724.6,67
724.7,67
724.8,67
724.9,67
725,67
725.1,69
725.2,69
725.3,69
725.4,68
725.5,68
725.6,69
725.7,69
725.8,70
725.9,72
726,73
726.1,73
726.2,73
726.3,72
726.4,72
726.5,72
726.6,72
726.7,73
726.8,73
726.9,74
727,74
727.1,73
727.2,74
727.3,74
727.4,75
727.5,76
727.6,78
727.7,78
727.8,79
727.9,78
728,77
728.1,77
728.2,77
728.3,77
728.4,78
728.5,79
728.6,79
728.7,79
728.8,79
728.9,79
729,80
729.1,81
729.2,82
729.3,83
729.4,84
729.5,83
729.6,83
729.7,82
729.8,82
729.9,82
730,83
730.1,83
730.2,84
730.3,84
730.4,84
730.5,84
730.6,85
730.7,85
730.8,86
730.9,87
731,88
731.1,88
731.2,87
731.3,87
731.4,86
731.5,86
731.6,86
731.7,87
731.8,88
731.9,88
732,88
732.1,88
732.2,88
732.3,89
732.4,89
732.5,90
732.6,91
732.7,92
732.8,92
732.9,91
733,90
733.1,90
733.2,90
733.3,91
733.4,92
733.5,93
733.6,93
733.7,93
733.8,92
733.9,92
734,93
734.1,93
734.2,95
734.3,96
734.4,96
734.5,96
734.6,95
734.7,95
734.8,95
734.9,95
735,96
735.1,96
735.2,97
735.3,96
735.4,96
735.5,96
735.6,96
735.7,97
735.8,98
735.9,99
736,100
736.1,100
736.2,100
736.3,99
736.4,99
736.5,98
736.6,98
736.7,99
736.8,99
736.9,100
737,99
737.1,99
737.2,99
737.3,99
737.4,100
737.5,101
737.6,102
737.7,103
737.8,103
737.9,102
738,101
738.1,101
738.2,100
738.3,101
738.4,101
738.5,102
738.6,102
738.7,101
738.8,101
738.9,101
739,102
739.1,103
739.2,104
739.3,105
739.4,105
739.5,104
739.6,103
739.7,102
739.8,102
739.9,102
740,111
740.1,109
740.2,108
740.3,109
740.4,111
740.5,112
740.6,113
740.7,111
740.8,99
740.9,99
741,98
741.1,91
741.2,94
741.3,95
741.4,92
741.5,99
741.6,95
741.7,89
741.8,88
741.9,87
742,88
742.1,85
742.2,89
742.3,80
742.4,79
742.5,78
742.6,77
742.7,78
742.8,75
742.9,71
743,72
743.1,74
743.2,75
743.3,65
743.4,64
743.5,62
743.6,67
743.7,66
743.8,62
743.9,63
744,64
744.1,68
744.2,77
744.3,78
744.4,74
744.5,75
744.6,77
744.7,80
744.8,81
744.9,82
745,86
745.1,84
745.2,88
745.3,91
745.4,99
745.5,95
745.6,94
745.7,92
745.8,97
745.9,91
746,93
746.1,89
746.2,88
746.3,84
746.4,85
746.5,86
746.6,88
746.7,84
746.8,88
746.9,85
747,82
747.1,84
747.2,88
747.3,85
747.4,81
747.5,78
747.6,79
747.7,81
747.8,82
747.9,81
748,82
748.1,86
748.2,84
748.3,82
748.4,86
748.5,89
748.6,91
748.7,92
748.8,95
748.9,94
749,91
749.1,95
749.2,92
749.3,94
749.4,95
749.5,92
749.6,91
749.7,94
749.8,95
749.9,92
750,94
750.1,97
750.2,95
750.3,95
750.4,99
750.5,98
750.6,95
750.7,92
750.8,92
750.9,93
751,94
751.1,94
751.2,95
751.3,98
751.4,97
751.5,96
751.6,96
751.7,96
751.8,96
751.9,96
752,95
752.1,94
752.2,93
752.3,93
752.4,93
752.5,93
752.6,93
752.7,92
752.8,92
752.9,91
753,90
753.1,89
753.2,88
753.3,88
753.4,89
753.5,89
753.6,88
753.7,87
753.8,86
753.9,86
754,86
754.1,86
754.2,86
754.3,86
754.4,85
754.5,84
754.6,84
754.7,83
754.8,82
754.9,81
755,81
755.1,82
755.2,82
755.3,81
755.4,81
755.5,80
755.6,80
755.7,79
755.8,80
755.9,80
756,80
756.1,79
756.2,78
756.3,77
756.4,77
756.5,76
756.6,76
756.7,76
756.8,76
756.9,76
757,75
757.1,75
757.2,75
757.3,75
757.4,75
757.5,75
757.6,75
757.7,75
757.8,75
757.9,74
758,73
758.1,72
758.2,72
758.3,72
758.4,73
758.5,73
758.6,72
758.7,72
758.8,71
758.9,71
759,71
759.1,72
759.2,72
759.3,72
759.4,72
759.5,72
759.6,71
759.7,70
759.8,70
759.9,70
760,70
760.1,70
760.2,70
760.3,70
760.4,69
760.5,69
760.6,69
760.7,69
760.8,69
760.9,70
761,70
761.1,70
761.2,69
761.3,69
761.4,68
761.5,68
761.6,67
761.7,68
761.8,68
761.9,68
762,67
762.1,67
762.2,67
762.3,67
762.4,67
762.5,67
762.6,68
762.7,68
762.8,68
762.9,67
763,66
763.1,65
763.2,65
763.3,66
763.4,66
763.5,66
763.6,66
763.7,65
763.8,65
763.9,65
764,65
764.1,65
764.2,66
764.3,66
764.4,66
764.5,65
764.6,65
764.7,64
764.8,64
764.9,64
765,64
765.1,65
765.2,65
765.3,64
765.4,64
765.5,64
765.6,64
765.7,64
765.8,64
765.9,65
766,65
766.1,65
766.2,65
766.3,64
766.4,64
766.5,63
766.6,64
766.7,64
766.8,64
766.9,64
767,64
767.1,63
767.2,63
767.3,63
767.4,64
767.5,64
767.6,65
767.7,65
767.8,65
767.9,64
768,64
768.1,63
768.2,63
768.3,64
768.4,64
768.5,64
768.6,64
768.7,64
768.8,64
768.9,64
769,64
769.1,65
769.2,65
769.3,66
769.4,66
769.5,66
769.6,65
769.7,64
769.8,64
769.9,64
770,65
770.1,65
770.2,65
770.3,65
770.4,65
770.5,65
770.6,87
770.7,88
770.8,84
770.9,88
771,88
771.1,88
771.2,87
771.3,86
771.4,86
771.5,86
771.6,86
771.7,86
771.8,86
771.9,86
772,86
772.1,86
772.2,85
772.3,85
772.4,83
772.5,83
772.6,82
772.7,81
772.8,81
772.9,81
773,81
773.1,81
773.2,81
773.3,81
773.4,81
773.5,81
773.6,82
773.7,82
773.8,82
773.9,81
774,80
774.1,79
774.2,78
774.3,78
774.4,78
774.5,78
774.6,78
774.7,78
774.8,78
774.9,78
775,78
775.1,78
775.2,79
775.3,79
775.4,79
775.5,79
775.6,78
775.7,77
775.8,77
775.9,76
776,76
776.1,75
776.2,75
776.3,75
776.4,75
776.5,75
776.6,75
776.7,75
776.8,76
776.9,76
777,77
777.1,77
777.2,76
777.3,75
777.4,75
777.5,74
777.6,73
777.7,72
777.8,72
777.9,72
778,72
778.1,72
778.2,72
778.3,72
778.4,72
778.5,72
778.6,73
778.7,74
778.8,73
778.9,73
779,72
779.1,71
779.2,70
779.3,70
779.4,70
779.5,70
779.6,70
779.7,70
779.8,70
779.9,70
780,70
780.1,70
780.2,71
780.3,72
780.4,72
780.5,72
780.6,71
780.7,70
780.8,69
780.9,68
781,68
781.1,68
781.2,68
781.3,68
781.4,68
781.5,68
781.6,68
781.7,68
781.8,68
781.9,69
782,69
782.1,70
782.2,69
782.3,68
782.4,68
782.5,67
782.6,66
782.7,66
782.8,66
782.9,66
783,66
783.1,66
783.2,66
783.3,66
783.4,66
783.5,67
783.6,67
783.7,67
783.8,67
783.9,67
784,66
784.1,65
784.2,64
784.3,64
784.4,64
784.5,64
784.6,64
784.7,64
784.8,64
784.9,64
785,64
785.1,64
785.2,65
785.3,65
785.4,65
785.5,64
785.6,64
785.7,63
785.8,62
785.9,62
786,61
786.1,61
786.2,62
786.3,62
786.4,62
786.5,62
786.6,62
786.7,62
786.8,62
786.9,63
787,64
787.1,64
787.2,63
787.3,62
787.4,62
787.5,61
787.6,61
787.7,61
787.8,61
787.9,62
788,62
788.1,62
788.2,63
788.3,63
788.4,63
788.5,64
788.6,64
788.7,64
788.8,64
788.9,63
789,62
789.1,61
789.2,61
789.3,60
789.4,60
789.5,60
789.6,60
789.7,60
789.8,60
789.9,60
790,60
790.1,61
790.2,61
790.3,61
790.4,61
790.5,61
790.6,60
790.7,60
790.8,59
790.9,58
791,58
791.1,58
791.2,58
791.3,58
791.4,59
791.5,59
791.6,59
791.7,59
791.8,60
791.9,61
792,61
792.1,61
792.2,60
792.3,59
792.4,58
792.5,58
792.6,58
792.7,58
792.8,58
792.9,58
793,58
793.1,58
793.2,58
793.3,58
793.4,58
793.5,59
793.6,60
793.7,61
793.8,60
793.9,60
794,59
794.1,58
794.2,58
794.3,57
794.4,58
794.5,58
794.6,58
794.7,58
794.8,58
794.9,58
795,58
795.1,59
795.2,59
795.3,59
795.4,60
795.5,60
795.6,59
795.7,58
795.8,58
795.9,57
796,57
796.1,57
796.2,57
796.3,57
796.4,57
796.5,57
796.6,57
796.7,57
796.8,58
796.9,59
797,59
797.1,59
797.2,58
797.3,57
797.4,56
797.5,56
797.6,56
797.7,56
797.8,56
797.9,56
798,57
798.1,57
798.2,57
798.3,57
798.4,57
798.5,58
798.6,59
798.7,59
798.8,59
798.9,59
799,58
799.1,57
799.2,57
799.3,57
799.4,57
799.5,57
799.6,57
799.7,57
799.8,57
799.9,58
800,58
800.1,58
800.2,59
800.3,59
800.4,59
800.5,58
800.6,58
800.7,57
800.8,56
800.9,56
801,56
801.1,56
801.2,56
801.3,57
801.4,57
801.5,57
801.6,57
801.7,57
801.8,58
801.9,59
802,59
802.1,59
802.2,58
802.3,58
802.4,57
802.5,56
802.6,56
802.7,56
802.8,56
802.9,56
803,56
803.1,56
803.2,56
803.3,56
803.4,57
803.5,58
803.6,59
803.7,59
803.8,59
803.9,58
804,58
804.1,57
804.2,57
804.3,57
804.4,57
804.5,57
804.6,57
804.7,57
804.8,57
804.9,57
805,58
805.1,58
805.2,59
805.3,59
805.4,59
805.5,59
805.6,58
805.7,57
805.8,57
805.9,57
806,56
806.1,56
806.2,57
806.3,57
806.4,57
806.5,57
806.6,57
806.7,57
806.8,58
806.9,59
807,59
807.1,59
807.2,58
807.3,57
807.4,57
807.5,56
807.6,56
807.7,56
807.8,56
807.9,56
808,56
808.1,56
808.2,56
808.3,56
808.4,57
808.5,57
808.6,58
808.7,58
808.8,58
808.9,57
809,57
809.1,56
809.2,55
809.3,55
809.4,56
809.5,56
809.6,56
809.7,56
809.8,56
809.9,56
810,57
810.1,57
810.2,58
810.3,58
810.4,58
810.5,58
810.6,57
810.7,56
810.8,56
810.9,55
811,55
811.1,56
811.2,56
811.3,56
811.4,57
811.5,57
811.6,57
811.7,57
811.8,58
811.9,58
812,58
812.1,58
812.2,57
812.3,56
812.4,55
812.5,55
812.6,55
812.7,55
812.8,55
812.9,56
813,56
813.1,56
813.2,56
813.3,56
813.4,57
813.5,57
813.6,57
813.7,58
813.8,57
813.9,57
814,56
814.1,55
814.2,55
814.3,54
814.4,55
814.5,55
814.6,55
814.7,56
814.8,56
814.9,56
815,56
815.1,57
815.2,57
815.3,58
815.4,58
815.5,57
815.6,57
815.7,56
815.8,56
815.9,55
816,55
816.1,56
816.2,56
816.3,56
816.4,56
816.5,56
816.6,56
816.7,56
816.8,57
816.9,58
817,58
817.1,58
817.2,58
817.3,57
817.4,56
817.5,56
817.6,55
817.7,55
817.8,55
817.9,55
818,56
818.1,56
818.2,56
818.3,56
818.4,57
818.5,57
818.6,58
818.7,59
818.8,58
818.9,57
819,57
819.1,56
819.2,56
819.3,56
819.4,56
819.5,56
819.6,56
819.7,56
819.8,57
819.9,57
820,57
820.1,57
820.2,58
820.3,59
820.4,59
820.5,58
820.6,58
820.7,57
820.8,57
820.9,56
821,56
821.1,56
821.2,57
821.3,57
821.4,57
821.5,57
821.6,57
821.7,58
821.8,59
821.9,60
822,60
822.1,60
822.2,59
822.3,58
822.4,58
822.5,57
822.6,57
822.7,57
822.8,58
822.9,58
823,58
823.1,59
823.2,59
823.3,59
823.4,60
823.5,60
823.6,61
823.7,61
823.8,60
823.9,59
824,59
824.1,58
824.2,58
824.3,58
824.4,58
824.5,58
824.6,59
824.7,59
824.8,59
824.9,59
825,59
825.1,60
825.2,60
825.3,60
825.4,60
825.5,60
825.6,59
825.7,59
825.8,58
825.9,57
826,57
826.1,58
826.2,58
826.3,59
826.4,59
826.5,59
826.6,59
826.7,59
826.8,60
826.9,61
827,61
827.1,61
827.2,61
827.3,60
827.4,59
827.5,59
827.6,59
827.7,59
827.8,59
827.9,59
828,59
828.1,59
828.2,60
828.3,60
828.4,60
828.5,61
828.6,62
828.7,62
828.8,62
828.9,61
829,61
829.1,60
829.2,59
829.3,59
829.4,59
829.5,59
829.6,59
829.7,60
829.8,60
829.9,60
830,60
830.1,61
830.2,61
830.3,62
830.4,62
830.5,62
830.6,61
830.7,60
830.8,59
830.9,59
831,59
831.1,59
831.2,59
831.3,60
831.4,60
831.5,60
831.6,60
831.7,60
831.8,61
831.9,62
832,62
832.1,62
832.2,61
832.3,60
832.4,60
832.5,59
832.6,59
832.7,59
832.8,59
832.9,59
833,60
833.1,60
833.2,60
833.3,60
833.4,60
833.5,61
833.6,61
833.7,61
833.8,60
833.9,60
834,59
834.1,59
834.2,58
834.3,58
834.4,58
834.5,58
834.6,59
834.7,59
834.8,59
834.9,59
835,59
835.1,60
835.2,60
835.3,60
835.4,60
835.5,60
835.6,59
835.7,59
835.8,58
835.9,57
836,58
836.1,58
836.2,58
836.3,58
836.4,58
836.5,58
836.6,58
836.7,59
836.8,59
836.9,60
837,60
837.1,59
837.2,59
837.3,58
837.4,57
837.5,57
837.6,57
837.7,57
837.8,57
837.9,58
838,57
838.1,58
838.2,58
838.3,58
838.4,58
838.5,59
838.6,59
838.7,59
838.8,59
838.9,58
839,58
839.1,57
839.2,56
839.3,56
839.4,56
839.5,56
839.6,56
839.7,56
839.8,56
839.9,56
840,56
840.1,57
840.2,58
840.3,58
840.4,58
840.5,57
840.6,57
840.7,56
840.8,55
840.9,55
841,55
841.1,55
841.2,55
841.3,55
841.4,56
841.5,56
841.6,55
841.7,56
841.8,57
841.9,57
842,57
842.1,57
842.2,56
842.3,55
842.4,55
842.5,54
842.6,54
842.7,55
842.8,55
842.9,55
843,55
843.1,55
843.2,55
843.3,55
843.4,56
843.5,56
843.6,57
843.7,56
843.8,56
843.9,55
844,55
844.1,54
844.2,54
844.3,54
844.4,54
844.5,54
844.6,54
844.7,54
844.8,54
844.9,54
845,55
845.1,55
845.2,55
845.3,55
845.4,55
845.5,54
845.6,53
845.7,53
845.8,53
845.9,52
846,52
846.1,52
846.2,53
846.3,53
846.4,53
846.5,53
846.6,53
846.7,53
846.8,54
846.9,54
847,54
847.1,53
847.2,53
847.3,52
847.4,52
847.5,51
847.6,51
847.7,51
847.8,51
847.9,51
848,51
848.1,51
848.2,51
848.3,52
848.4,52
848.5,53
848.6,53
848.7,53
848.8,53
848.9,52
849,52
849.1,51
849.2,51
849.3,51
849.4,51
849.5,51
849.6,51
849.7,51
849.8,51
849.9,51
850,51
850.1,52
850.2,53
850.3,53
850.4,53
850.5,52
850.6,51
850.7,51
850.8,50
850.9,50
851,50
851.1,50
851.2,50
851.3,50
851.4,50
851.5,51
851.6,51
851.7,51
851.8,52
851.9,52
852,52
852.1,52
852.2,51
852.3,51
852.4,51
852.5,50
852.6,50
852.7,50
852.8,50
852.9,50
853,50
853.1,50
853.2,51
853.3,51
853.4,51
853.5,52
853.6,52
853.7,52
853.8,51
853.9,51
854,51
854.1,50
854.2,50
854.3,50
854.4,50
854.5,50
854.6,50
854.7,50
854.8,50
854.9,50
855,51
855.1,51
855.2,52
855.3,52
855.4,51
855.5,51
855.6,50
855.7,49
855.8,49
855.9,49
856,49
856.1,49
856.2,49
856.3,49
856.4,50
856.5,50
856.6,50
856.7,50
856.8,51
856.9,51
857,51
857.1,50
857.2,50
857.3,49
857.4,49
857.5,49
857.6,49
857.7,49
857.8,49
857.9,49
858,49
858.1,49
858.2,49
858.3,49
858.4,50
858.5,51
858.6,51
858.7,51
858.8,50
858.9,49
859,49
859.1,49
859.2,48
859.3,48
859.4,48
859.5,48
859.6,48
859.7,48
859.8,48
859.9,48
860,49
860.1,50
860.2,50
860.3,50
860.4,50
860.5,49
860.6,49
860.7,49
860.8,48
860.9,48
861,48
861.1,48
861.2,48
861.3,48
861.4,48
861.5,48
861.6,48
861.7,49
861.8,49
861.9,49
862,49
862.1,49
862.2,48
862.3,48
862.4,48
862.5,47
862.6,47
862.7,47
862.8,47
862.9,47
863,47
863.1,47
863.2,48
863.3,48
863.4,48
863.5,49
863.6,49
863.7,48
863.8,48
863.9,48
864,47
864.1,47
864.2,47
864.3,47
864.4,47
864.5,47
864.6,47
864.7,47
864.8,47
864.9,48
865,48
865.1,49
865.2,49
865.3,49
865.4,48
865.5,48
865.6,47
865.7,47
865.8,47
865.9,47
866,47
866.1,47
866.2,47
866.3,47
866.4,47
866.5,47
866.6,48
866.7,48
866.8,48
866.9,49
867,48
867.1,48
867.2,47
867.3,47
867.4,47
867.5,46
867.6,46
867.7,46
867.8,46
867.9,46
868,46
868.1,47
868.2,47
868.3,47
868.4,48
868.5,48
868.6,48
868.7,48
868.8,47
868.9,47
869,46
869.1,46
869.2,46
869.3,46
869.4,46
869.5,46
869.6,46
869.7,46
869.8,46
869.9,46
870,47
870.1,48
870.2,48
870.3,48
870.4,49
870.5,50
870.6,51
870.7,52
870.8,51
870.9,53
871,51
871.1,50
871.2,53
871.3,54
871.4,55
871.5,55
871.6,54
871.7,47
871.8,45
871.9,44
872,43
872.1,42
872.2,41
872.3,40
872.4,41
872.5,45
872.6,46
872.7,47
872.8,45
872.9,46
873,46
873.1,46
873.2,46
873.3,46
873.4,47
873.5,48
873.6,47
873.7,47
873.8,46
873.9,46
874,41
874.1,40
874.2,39
874.3,38
874.4,37
874.5,31
874.6,35
874.7,34
874.8,35
874.9,38
875,34
875.1,35
875.2,31
875.3,32
875.4,35
875.5,31
875.6,34
875.7,35
875.8,37
875.9,35
876,32
876.1,35
876.2,34
876.3,35
876.4,33
876.5,33
876.6,32
876.7,33
876.8,31
876.9,34
877,35
877.1,32
877.2,33
877.3,33
877.4,35
877.5,36
877.6,34
877.7,36
877.8,35
877.9,34
878,31
878.1,35
878.2,36
878.3,38
878.4,39
878.5,41
878.6,42
878.7,45
878.8,42
878.9,41
879,43
879.1,45
879.2,47
879.3,48
879.4,49
879.5,46
879.6,48
879.7,45
879.8,45
879.9,40
880,41
880.1,42
880.2,43
880.3,45
880.4,48
880.5,47
880.6,46
880.7,46
880.8,46
880.9,46
881,46
881.1,45
881.2,45
881.3,45
881.4,45
881.5,46
881.6,46
881.7,47
881.8,48
881.9,48
882,47
882.1,47
882.2,46
882.3,46
882.4,46
882.5,46
882.6,46
882.7,46
882.8,46
882.9,46
883,46
883.1,46
883.2,46
883.3,47
883.4,47
883.5,48
883.6,48
883.7,48
883.8,47
883.9,47
884,46
884.1,46
884.2,46
884.3,46
884.4,46
884.5,46
884.6,46
884.7,46
884.8,46
884.9,46
885,47
885.1,48
885.2,48
885.3,47
885.4,47
885.5,46
885.6,46
885.7,46
885.8,45
885.9,45
886,45
886.1,45
886.2,45
886.3,45
886.4,46
886.5,46
886.6,46
886.7,47
886.8,47
886.9,47
887,47
887.1,46
887.2,46
887.3,45
887.4,45
887.5,45
887.6,45
887.7,45
887.8,45
887.9,46
888,46
888.1,46
888.2,46
888.3,47
888.4,47
888.5,48
888.6,48
888.7,47
888.8,46
888.9,46
889,46
889.1,45
889.2,45
889.3,45
889.4,45
889.5,46
889.6,46
889.7,46
889.8,46
889.9,46
890,47
890.1,47
890.2,47
890.3,47
890.4,47
890.5,46
890.6,46
890.7,45
890.8,45
890.9,45
891,45
891.1,45
891.2,45
891.3,45
891.4,45
891.5,46
891.6,46
891.7,47
891.8,47
891.9,47
892,47
892.1,46
892.2,46
892.3,46
892.4,45
892.5,45
892.6,45
892.7,45
892.8,45
892.9,45
893,45
893.1,45
893.2,45
893.3,46
893.4,46
893.5,47
893.6,47
893.7,47
893.8,46
893.9,45
894,45
894.1,45
894.2,45
894.3,45
894.4,45
894.5,45
894.6,45
894.7,45
894.8,46
894.9,46
895,47
895.1,47
895.2,47
895.3,47
895.4,46
895.5,46
895.6,46
895.7,46
895.8,45
895.9,45
896,45
896.1,45
896.2,45
896.3,45
896.4,46
896.5,46
896.6,46
896.7,47
896.8,47
896.9,47
897,47
897.1,46
897.2,46
897.3,46
897.4,45
897.5,45
897.6,45
897.7,45
897.8,45
897.9,45
898,45
898.1,45
898.2,45
898.3,46
898.4,47
898.5,48
898.6,47
898.7,47
898.8,46
898.9,46
899,45
899.1,45
899.2,45
899.3,45
899.4,45
899.5,45
899.6,45
899.7,46
899.8,46
899.9,46
900,47
900.1,48
900.2,48
900.3,47
900.4,47
900.5,46
900.6,46
900.7,45
900.8,45
900.9,45
901,45
901.1,45
901.2,46
901.3,46
901.4,46
901.5,46
901.6,46
901.7,47
901.8,48
901.9,48
902,47
902.1,47
902.2,46
902.3,46
902.4,45
902.5,45
902.6,45
902.7,45
902.8,45
902.9,46
903,46
903.1,46
903.2,46
903.3,47
903.4,48
903.5,48
903.6,48
903.7,48
903.8,47
903.9,46
904,46
904.1,46
904.2,46
904.3,46
904.4,46
904.5,46
904.6,45
904.7,45
904.8,46
904.9,46
905,47
905.1,47
905.2,48
905.3,48
905.4,47
905.5,46
905.6,46
905.7,46
905.8,45
905.9,45
906,45
906.1,45
906.2,45
906.3,46
906.4,46
906.5,46
906.6,47
906.7,47
906.8,48
906.9,48
907,48
907.1,47
907.2,46
907.3,46
907.4,46
907.5,46
907.6,46
907.7,46
907.8,46
907.9,46
908,46
908.1,46
908.2,46
908.3,47
908.4,48
908.5,48
908.6,48
908.7,47
908.8,47
908.9,46
909,46
909.1,46
909.2,46
909.3,46
909.4,46
909.5,46
909.6,46
909.7,47
909.8,47
909.9,47
910,48
910.1,48
910.2,48
910.3,48
910.4,47
910.5,46
910.6,46
910.7,46
910.8,46
910.9,46
911,46
911.1,46
911.2,46
911.3,46
911.4,47
911.5,47
911.6,47
911.7,48
911.8,48
911.9,48
912,47
912.1,47
912.2,46
912.3,45
912.4,45
912.5,45
912.6,45
912.7,46
912.8,46
912.9,46
913,46
913.1,46
913.2,46
913.3,47
913.4,48
913.5,48
913.6,48
913.7,47
913.8,46
913.9,46
914,46
914.1,45
914.2,45
914.3,45
914.4,45
914.5,45
914.6,46
914.7,46
914.8,46
914.9,46
915,47
915.1,47
915.2,47
915.3,47
915.4,47
915.5,46
915.6,46
915.7,45
915.8,45
915.9,45
916,45
916.1,45
916.2,45
916.3,45
916.4,45
916.5,45
916.6,46
916.7,46
916.8,46
916.9,46
917,46
917.1,45
917.2,45
917.3,45
917.4,45
917.5,45
917.6,44
917.7,44
917.8,44
917.9,44
918,45
918.1,45
918.2,45
918.3,46
918.4,46
918.5,46
918.6,46
918.7,46
918.8,45
918.9,45
919,45
919.1,45
919.2,45
919.3,45
919.4,45
919.5,45
919.6,45
919.7,45
919.8,46
919.9,46
920,46
920.1,47
920.2,47
920.3,47
920.4,46
920.5,45
920.6,45
920.7,45
920.8,45
920.9,45
921,45
921.1,45
921.2,45
921.3,45
921.4,45
921.5,46
921.6,46
921.7,47
921.8,47
921.9,47
922,46
922.1,46
922.2,45
922.3,45
922.4,44
922.5,44
922.6,45
922.7,45
922.8,45
922.9,45
923,45
923.1,45
923.2,46
923.3,46
923.4,47
923.5,47
923.6,47
923.7,46
923.8,45
923.9,45
924,45
924.1,44
924.2,44
924.3,45
924.4,45
924.5,45
924.6,45
924.7,46
924.8,46
924.9,46
925,47
925.1,47
925.2,47
925.3,47
925.4,47
925.5,46
925.6,46
925.7,45
925.8,45
925.9,45
926,45
926.1,45
926.2,45
926.3,45
926.4,45
926.5,46
926.6,46
926.7,47
926.8,47
926.9,47
927,47
927.1,46
927.2,46
927.3,46
927.4,45
927.5,45
927.6,45
927.7,45
927.8,45
927.9,45
928,45
928.1,45
928.2,45
928.3,46
928.4,47
928.5,47
928.6,47
928.7,47
928.8,46
928.9,45
929,45
929.1,45
929.2,45
929.3,45
929.4,45
929.5,45
929.6,45
929.7,46
929.8,46
929.9,46
930,47
930.1,47
930.2,47
930.3,47
930.4,46
930.5,46
930.6,45
930.7,45
930.8,45
930.9,45
931,45
931.1,45
931.2,45
931.3,45
931.4,45
931.5,46
931.6,46
931.7,47
931.8,47
931.9,47
932,47
932.1,46
932.2,45
932.3,45
932.4,45
932.5,45
932.6,45
932.7,45
932.8,45
932.9,45
933,45
933.1,46
933.2,46
933.3,46
933.4,47
933.5,47
933.6,47
933.7,46
933.8,45
933.9,45
934,45
934.1,45
934.2,45
934.3,45
934.4,45
934.5,45
934.6,46
934.7,46
934.8,46
934.9,46
935,47
935.1,47
935.2,48
935.3,47
935.4,46
935.5,46
935.6,46
935.7,45
935.8,45
935.9,45
936,45
936.1,45
936.2,45
936.3,46
936.4,46
936.5,46
936.6,47
936.7,47
936.8,48
936.9,48
937,47
937.1,46
937.2,46
937.3,46
937.4,45
937.5,45
937.6,45
937.7,45
937.8,45
937.9,46
938,46
938.1,46
938.2,46
938.3,47
938.4,47
938.5,47
938.6,47
938.7,47
938.8,47
938.9,46
939,46
939.1,45
939.2,45
939.3,45
939.4,45
939.5,45
939.6,45
939.7,46
939.8,46
939.9,46
940,47
940.1,47
940.2,48
940.3,47
940.4,47
940.5,46
940.6,46
940.7,45
940.8,45
940.9,45
941,45
941.1,45
941.2,45
941.3,46
941.4,46
941.5,46
941.6,47
941.7,47
941.8,48
941.9,48
942,47
942.1,46
942.2,46
942.3,46
942.4,45
942.5,45
942.6,46
942.7,46
942.8,46
942.9,46
943,46
943.1,46
943.2,47
943.3,48
943.4,48
943.5,48
943.6,48
943.7,48
943.8,47
943.9,47
944,46
944.1,46
944.2,46
944.3,46
944.4,46
944.5,46
944.6,46
944.7,47
944.8,47
944.9,48
945,48
945.1,48
945.2,48
945.3,48
945.4,48
945.5,47
945.6,47
945.7,46
945.8,46
945.9,46
946,46
946.1,46
946.2,46
946.3,47
946.4,47
946.5,47
946.6,48
946.7,48
946.8,49
946.9,49
947,48
947.1,47
947.2,47
947.3,47
947.4,47
947.5,47
947.6,47
947.7,47
947.8,48
947.9,48
948,48
948.1,48
948.2,48
948.3,49
948.4,49
948.5,49
948.6,49
948.7,48
948.8,48
948.9,47
949,47
949.1,47
949.2,47
949.3,47
949.4,47
949.5,47
949.6,48
949.7,48
949.8,48
949.9,48
950,49
950.1,49
950.2,49
950.3,49
950.4,48
950.5,48
950.6,47
950.7,47
950.8,47
950.9,47
951,47
951.1,47
951.2,47
951.3,47
951.4,48
951.5,48
951.6,48
951.7,49
951.8,49
951.9,49
952,49
952.1,48
952.2,48
952.3,47
952.4,47
952.5,47
952.6,47
952.7,47
952.8,47
952.9,48
953,48
953.1,48
953.2,48
953.3,49
953.4,49
953.5,49
953.6,49
953.7,48
953.8,48
953.9,47
954,47
954.1,46
954.2,47
954.3,47
954.4,47
954.5,47
954.6,48
954.7,48
954.8,48
954.9,48
955,49
955.1,49
955.2,49
955.3,49
955.4,48
955.5,47
955.6,47
955.7,47
955.8,47
955.9,47
956,47
956.1,47
956.2,47
956.3,47
956.4,47
956.5,48
956.6,48
956.7,49
956.8,49
956.9,49
957,48
957.1,48
957.2,47
957.3,47
957.4,47
957.5,47
957.6,47
957.7,47
957.8,47
957.9,47
958,47
958.1,48
958.2,48
958.3,48
958.4,49
958.5,49
958.6,48
958.7,48
958.8,47
958.9,47
959,46
959.1,46
959.2,46
959.3,46
959.4,47
959.5,47
959.6,47
959.7,48
959.8,48
959.9,48
960,48
960.1,49
960.2,48
960.3,48
960.4,47
960.5,47
960.6,46
960.7,46
960.8,46
960.9,46
961,46
961.1,46
961.2,46
961.3,47
961.4,47
961.5,48
961.6,48
961.7,49
961.8,49
961.9,49
962,48
962.1,48
962.2,47
962.3,47
962.4,46
962.5,46
962.6,46
962.7,46
962.8,46
962.9,47
963,47
963.1,47
963.2,48
963.3,48
963.4,49
963.5,49
963.6,48
963.7,48
963.8,48
963.9,48
964,47
964.1,47
964.2,47
964.3,47
964.4,47
964.5,47
964.6,48
964.7,48
964.8,48
964.9,48
965,49
965.1,49
965.2,49
965.3,48
965.4,48
965.5,47
965.6,47
965.7,47
965.8,46
965.9,47
966,47
966.1,47
966.2,48
966.3,48
966.4,48
966.5,48
966.6,49
966.7,49
966.8,49
966.9,49
967,48
967.1,48
967.2,48
967.3,47
967.4,47
967.5,47
967.6,47
967.7,47
967.8,47
967.9,47
968,48
968.1,48
968.2,48
968.3,49
968.4,49
968.5,49
968.6,49
968.7,48
968.8,48
968.9,48
969,47
969.1,47
969.2,47
969.3,47
969.4,47
969.5,47
969.6,48
969.7,48
969.8,48
969.9,48
970,49
970.1,50
970.2,49
970.3,49
970.4,48
970.5,47
970.6,47
970.7,47
970.8,47
970.9,47
971,47
971.1,48
971.2,48
971.3,48
971.4,48
971.5,49
971.6,49
971.7,49
971.8,49
971.9,49
972,48
972.1,48
972.2,48
972.3,47
972.4,47
972.5,47
972.6,47
972.7,47
972.8,47
972.9,48
973,48
973.1,48
973.2,48
973.3,49
973.4,50
973.5,50
973.6,50
973.7,49
973.8,48
973.9,48
974,47
974.1,47
974.2,47
974.3,47
974.4,47
974.5,47
974.6,48
974.7,48
974.8,48
974.9,49
975,50
975.1,50
975.2,50
975.3,49
975.4,48
975.5,48
975.6,48
975.7,48
975.8,48
975.9,48
976,48
976.1,48
976.2,48
976.3,48
976.4,49
976.5,49
976.6,50
976.7,50
976.8,50
976.9,49
977,49
977.1,48
977.2,48
977.3,47
977.4,47
977.5,47
977.6,48
977.7,48
977.8,48
977.9,48
978,48
978.1,48
978.2,49
978.3,50
978.4,50
978.5,50
978.6,50
978.7,49
978.8,49
978.9,48
979,48
979.1,48
979.2,48
979.3,48
979.4,48
979.5,48
979.6,48
979.7,48
979.8,49
979.9,49
980,50
980.1,50
980.2,50
980.3,50
980.4,49
980.5,48
980.6,48
980.7,48
980.8,48
980.9,48
981,49
981.1,49
981.2,49
981.3,49
981.4,50
981.5,50
981.6,51
981.7,51
981.8,51
981.9,51
982,50
982.1,50
982.2,49
982.3,48
982.4,48
982.5,48
982.6,49
982.7,49
982.8,50
982.9,50
983,50
983.1,50
983.2,51
983.3,51
983.4,52
983.5,52
983.6,51
983.7,51
983.8,50
983.9,49
984,49
984.1,49
984.2,50
984.3,50
984.4,50
984.5,50
984.6,50
984.7,50
984.8,50
984.9,51
985,52
985.1,52
985.2,52
985.3,52
985.4,51
985.5,50
985.6,50
985.7,49
985.8,49
985.9,50
986,50
986.1,50
986.2,50
986.3,50
986.4,50
986.5,51
986.6,52
986.7,52
986.8,52
986.9,52
987,51
987.1,50
987.2,50
987.3,50
987.4,50
987.5,50
987.6,50
987.7,51
987.8,51
987.9,51
988,51
988.1,51
988.2,51
988.3,52
988.4,53
988.5,52
988.6,52
988.7,51
988.8,51
988.9,50
989,50
989.1,50
989.2,50
989.3,50
989.4,50
989.5,50
989.6,51
989.7,51
989.8,51
989.9,52
990,52
990.1,52
990.2,52
990.3,52
990.4,51
990.5,51
990.6,50
990.7,50
990.8,50
990.9,50
991,50
991.1,50
991.2,50
991.3,50
991.4,51
991.5,51
991.6,52
991.7,53
991.8,53
991.9,52
992,52
992.1,51
992.2,51
992.3,50
992.4,50
992.5,50
992.6,51
992.7,51
992.8,51
992.9,51
993,52
993.1,52
993.2,52
993.3,53
993.4,53
993.5,53
993.6,52
993.7,52
993.8,51
993.9,50
994,50
994.1,50
994.2,50
994.3,51
994.4,51
994.5,51
994.6,51
994.7,51
994.8,52
994.9,52
995,53
995.1,53
995.2,53
995.3,52
995.4,52
995.5,51
995.6,51
995.7,51
995.8,51
995.9,51
996,51
996.1,51
996.2,52
996.3,52
996.4,52
996.5,52
996.6,53
996.7,53
996.8,53
996.9,53
997,52
997.1,52
997.2,51
997.3,50
997.4,50
997.5,50
997.6,51
997.7,51
997.8,51
997.9,52
998,52
998.1,52
998.2,52
998.3,53
998.4,54
998.5,54
998.6,53
998.7,52
998.8,51
998.9,51
999,51
999.1,51
999.2,51
999.3,51
999.4,51
999.5,52
999.6,52
999.7,52
999.8,52
999.9,53
1000,54
1000.1,54
1000.2,53
1000.3,53
1000.4,52
1000.5,52
1000.6,51
1000.7,51
1000.8,51
1000.9,51
1001,51
1001.1,51
1001.2,51
1001.3,51
1001.4,51
1001.5,52
1001.6,53
1001.7,53
1001.8,53
1001.9,53
1002,52
1002.1,52
1002.2,51
1002.3,51
1002.4,51
1002.5,51
1002.6,51
1002.7,51
1002.8,51
1002.9,51
1003,51
1003.1,52
1003.2,52
1003.3,53
1003.4,53
1003.5,53
1003.6,53
1003.7,52
1003.8,51
1003.9,51
1004,50
1004.1,50
1004.2,51
1004.3,51
1004.4,51
1004.5,51
1004.6,51
1004.7,51
1004.8,52
1004.9,52
1005,53
1005.1,53
1005.2,53
1005.3,53
1005.4,52
1005.5,51
1005.6,51
1005.7,50
1005.8,51
1005.9,51
1006,51
1006.1,51
1006.2,51
1006.3,51
1006.4,52
1006.5,52
1006.6,53
1006.7,53
1006.8,53
1006.9,53
1007,53
1007.1,52
1007.2,51
1007.3,51
1007.4,51
1007.5,51
1007.6,52
1007.7,52
1007.8,52
1007.9,52
1008,52
1008.1,52
1008.2,53
1008.3,54
1008.4,54
1008.5,54
1008.6,54
1008.7,53
1008.8,52
1008.9,52
1009,51
1009.1,52
1009.2,52
1009.3,52
1009.4,52
1009.5,52
1009.6,53
1009.7,53
1009.8,53
1009.9,54
1010,55
1010.1,55
1010.2,54
1010.3,54
1010.4,54
1010.5,53
1010.6,52
1010.7,52
1010.8,52
1010.9,53
1011,53
1011.1,53
1011.2,53
1011.3,53
1011.4,54
1011.5,54
1011.6,55
1011.7,55
1011.8,56
1011.9,55
1012,55
1012.1,54
1012.2,53
1012.3,53
1012.4,53
1012.5,53
1012.6,53
1012.7,53
1012.8,53
1012.9,54
1013,54
1013.1,54
1013.2,55
1013.3,55
1013.4,55
1013.5,55
1013.6,55
1013.7,54
1013.8,54
1013.9,53
1014,53
1014.1,53
1014.2,53
1014.3,53
1014.4,53
1014.5,53
1014.6,54
1014.7,54
1014.8,54
1014.9,55
1015,56
1015.1,56
1015.2,56
1015.3,55
1015.4,54
1015.5,54
1015.6,53
1015.7,53
1015.8,53
1015.9,53
1016,53
1016.1,53
1016.2,53
1016.3,53
1016.4,54
1016.5,54
1016.6,55
1016.7,55
1016.8,55
1016.9,55
1017,54
1017.1,53
1017.2,53
1017.3,52
1017.4,52
1017.5,53
1017.6,53
1017.7,53
1017.8,53
1017.9,53
1018,53
1018.1,54
1018.2,54
1018.3,55
1018.4,55
1018.5,55
1018.6,54
1018.7,53
1018.8,52
1018.9,52
1019,52
1019.1,52
1019.2,52
1019.3,52
1019.4,52
1019.5,52
1019.6,52
1019.7,52
1019.8,53
1019.9,53
1020,54
1020.1,54
1020.2,53
1020.3,53
1020.4,52
1020.5,52
1020.6,51
1020.7,51
1020.8,51
1020.9,51
1021,51
1021.1,51
1021.2,51
1021.3,52
1021.4,52
1021.5,52
1021.6,53
1021.7,53
1021.8,53
1021.9,53
1022,52
1022.1,51
1022.2,51
1022.3,51
1022.4,51
1022.5,51
1022.6,51
1022.7,51
1022.8,51
1022.9,51
1023,51
1023.1,52
1023.2,52
1023.3,53
1023.4,53
1023.5,53
1023.6,52
1023.7,52
1023.8,51
1023.9,50
1024,50
1024.1,50
1024.2,50
1024.3,51
1024.4,51
1024.5,51
1024.6,51
1024.7,52
1024.8,52
1024.9,53
1025,53
1025.1,53
1025.2,52
1025.3,52
1025.4,51
1025.5,51
1025.6,50
1025.7,50
1025.8,51
1025.9,51
1026,51
1026.1,51
1026.2,51
1026.3,52
1026.4,52
1026.5,53
1026.6,53
1026.7,53
1026.8,53
1026.9,53
1027,52
1027.1,51
1027.2,51
1027.3,50
1027.4,50
1027.5,51
1027.6,51
1027.7,51
1027.8,52
1027.9,52
1028,52
1028.1,52
1028.2,53
1028.3,53
1028.4,53
1028.5,53
1028.6,52
1028.7,52
1028.8,51
1028.9,51
1029,51
1029.1,51
1029.2,51
1029.3,51
1029.4,51
1029.5,51
1029.6,51
1029.7,52
1029.8,52
1029.9,53
1030,53
1030.1,53
1030.2,53
1030.3,52
1030.4,51
1030.5,51
1030.6,50
1030.7,50
1030.8,50
1030.9,51
1031,51
1031.1,51
1031.2,51
1031.3,51
1031.4,51
1031.5,52
1031.6,52
1031.7,52
1031.8,52
1031.9,52
1032,51
1032.1,50
1032.2,50
1032.3,50
1032.4,50
1032.5,50
1032.6,50
1032.7,51
1032.8,51
1032.9,50
1033,51
1033.1,51
1033.2,52
1033.3,52
1033.4,53
1033.5,52
1033.6,51
1033.7,50
1033.8,50
1033.9,50
1034,50
1034.1,50
1034.2,50
1034.3,50
1034.4,50
1034.5,50
1034.6,50
1034.7,51
1034.8,51
1034.9,52
1035,51
1035.1,51
1035.2,51
1035.3,50
1035.4,50
1035.5,49
1035.6,49
1035.7,49
1035.8,49
1035.9,49
1036,49
1036.1,49
1036.2,49
1036.3,50
1036.4,50
1036.5,50
1036.6,51
1036.7,51
1036.8,51
1036.9,50
1037,49
1037.1,49
1037.2,49
1037.3,49
1037.4,49
1037.5,49
1037.6,49
1037.7,49
1037.8,49
1037.9,49
1038,49
1038.1,50
1038.2,50
1038.3,51
1038.4,51
1038.5,51
1038.6,49
1038.7,49
1038.8,49
1038.9,49
1039,49
1039.1,49
1039.2,49
1039.3,49
1039.4,49
1039.5,49
1039.6,49
1039.7,50
1039.8,50
1039.9,50
1040,50
1040.1,50
1040.2,50
1040.3,49
1040.4,50
1040.5,49
1040.6,49
1040.7,48
1040.8,48
1040.9,48
1041,49
1041.1,49
1041.2,49
1041.3,49
1041.4,49
1041.5,50
1041.6,50
1041.7,50
1041.8,50
1041.9,50
1042,49
1042.1,48
1042.2,48
1042.3,48
1042.4,48
1042.5,48
1042.6,48
1042.7,48
1042.8,49
1042.9,49
1043,49
1043.1,49
1043.2,50
1043.3,50
1043.4,50
1043.5,50
1043.6,49
1043.7,49
1043.8,48
1043.9,48
1044,48
1044.1,48
1044.2,48
1044.3,48
1044.4,48
1044.5,48
1044.6,48
1044.7,49
1044.8,49
1044.9,49
1045,50
1045.1,50
1045.2,49
1045.3,48
1045.4,48
1045.5,48
1045.6,47
1045.7,47
1045.8,47
1045.9,47
1046,47
1046.1,48
1046.2,48
1046.3,48
1046.4,48
1046.5,49
1046.6,49
1046.7,49
1046.8,49
1046.9,49
1047,48
1047.1,48
1047.2,47
1047.3,47
1047.4,47
1047.5,47
1047.6,48
1047.7,47
1047.8,48
1047.9,48
1048,48
1048.1,48
1048.2,49
1048.3,49
1048.4,49
1048.5,48
1048.6,48
1048.7,48
1048.8,47
1048.9,47
1049,47
1049.1,47
1049.2,47
1049.3,47
1049.4,47
1049.5,47
1049.6,47
1049.7,48
1049.8,48
1049.9,49
1050,49
1050.1,49
1050.2,48
1050.3,48
1050.4,47
1050.5,47
1050.6,46
1050.7,46
1050.8,46
1050.9,47
1051,47
1051.1,47
1051.2,47
1051.3,47
1051.4,48
1051.5,48
1051.6,49
1051.7,49
1051.8,48
1051.9,48
1052,47
1052.1,47
1052.2,47
1052.3,46
1052.4,47
1052.5,47
1052.6,47
1052.7,47
1052.8,47
1052.9,47
1053,47
1053.1,48
1053.2,48
1053.3,49
1053.4,48
1053.5,48
1053.6,47
1053.7,47
1053.8,47
1053.9,46
1054,46
1054.1,46
1054.2,46
1054.3,47
1054.4,47
1054.5,47
1054.6,47
1054.7,47
1054.8,48
1054.9,49
1055,49
1055.1,49
1055.2,48
1055.3,48
1055.4,47
1055.5,47
1055.6,47
1055.7,47
1055.8,47
1055.9,47
1056,47
1056.1,47
1056.2,47
1056.3,47
1056.4,48
1056.5,49
1056.6,49
1056.7,49
1056.8,48
1056.9,48
1057,47
1057.1,47
1057.2,47
1057.3,46
1057.4,46
1057.5,46
1057.6,47
1057.7,46
1057.8,46
1057.9,47
1058,47
1058.1,48
1058.2,48
1058.3,48
1058.4,48
1058.5,48
1058.6,47
1058.7,46
1058.8,46
1058.9,46
1059,46
1059.1,46
1059.2,46
1059.3,46
1059.4,46
1059.5,46
1059.6,47
1059.7,47
1059.8,47
1059.9,48
1060,48
1060.1,48
1060.2,47
1060.3,47
1060.4,46
1060.5,46
1060.6,45
1060.7,45
1060.8,45
1060.9,45
1061,45
1061.1,45
1061.2,45
1061.3,46
1061.4,46
1061.5,47
1061.6,47
1061.7,47
1061.8,47
1061.9,46
1062,46
1062.1,45
1062.2,45
1062.3,45
1062.4,45
1062.5,45
1062.6,45
1062.7,45
1062.8,45
1062.9,46
1063,46
1063.1,46
1063.2,47
1063.3,47
1063.4,47
1063.5,46
1063.6,46
1063.7,46
1063.8,45
1063.9,45
1064,45
1064.1,44
1064.2,44
1064.3,44
1064.4,44
1064.5,45
1064.6,45
1064.7,45
1064.8,46
1064.9,46
1065,46
1065.1,46
1065.2,45
1065.3,45
1065.4,45
1065.5,44
1065.6,44
1065.7,44
1065.8,44
1065.9,44
1066,44
1066.1,44
1066.2,44
1066.3,44
1066.4,45
1066.5,46
1066.6,46
1066.7,46
1066.8,45
1066.9,44
1067,44
1067.1,44
1067.2,44
1067.3,44
1067.4,44
1067.5,44
1067.6,44
1067.7,44
1067.8,44
1067.9,45
1068,45
1068.1,45
1068.2,45
1068.3,45
1068.4,45
1068.5,44
1068.6,44
1068.7,43
1068.8,43
1068.9,43
1069,43
1069.1,43
1069.2,43
1069.3,43
1069.4,43
1069.5,43
1069.6,44
1069.7,44
1069.8,44
1069.9,45
1070,45
1070.1,44
1070.2,44
1070.3,43
1070.4,43
1070.5,43
1070.6,43
1070.7,43
1070.8,43
1070.9,43
1071,42
1071.1,43
1071.2,43
1071.3,44
1071.4,44
1071.5,45
1071.6,45
1071.7,45
1071.8,44
1071.9,43
1072,43
1072.1,43
1072.2,43
1072.3,43
1072.4,43
1072.5,43
1072.6,43
1072.7,43
1072.8,43
1072.9,43
1073,43
1073.1,44
1073.2,44
1073.3,44
1073.4,43
1073.5,43
1073.6,43
1073.7,42
1073.8,42
1073.9,42
1074,42
1074.1,42
1074.2,42
1074.3,42
1074.4,42
1074.5,42
1074.6,43
1074.7,43
1074.8,43
1074.9,44
1075,44
1075.1,44
1075.2,43
1075.3,42
1075.4,42
1075.5,42
1075.6,42
1075.7,42
1075.8,42
1075.9,41
1076,41
1076.1,41
1076.2,42
1076.3,42
1076.4,43
1076.5,43
1076.6,44
1076.7,44
1076.8,43
1076.9,42
1077,42
1077.1,42
1077.2,42
1077.3,42
1077.4,42
1077.5,42
1077.6,42
1077.7,42
1077.8,42
1077.9,43
1078,43
1078.1,43
1078.2,44
1078.3,44
1078.4,43
1078.5,43
1078.6,43
1078.7,43
1078.8,42
1078.9,42
1079,42
1079.1,42
1079.2,42
1079.3,42
1079.4,42
1079.5,42
1079.6,43
1079.7,43
1079.8,44
1079.9,44
1080,44
1080.1,44
1080.2,43
1080.3,42
1080.4,42
1080.5,42
1080.6,42
1080.7,42
1080.8,42
1080.9,42
1081,42
1081.1,42
1081.2,42
1081.3,43
1081.4,43
1081.5,44
1081.6,44
1081.7,44
1081.8,44
1081.9,43
1082,43
1082.1,43
1082.2,42
1082.3,42
1082.4,42
1082.5,42
1082.6,42
1082.7,42
1082.8,43
1082.9,43
1083,43
1083.1,44
1083.2,45
1083.3,45
1083.4,44
1083.5,44
1083.6,43
1083.7,43
1083.8,43
1083.9,43
1084,43
1084.1,43
1084.2,43
1084.3,43
1084.4,43
1084.5,43
1084.6,44
1084.7,44
1084.8,45
1084.9,45
1085,45
1085.1,45
1085.2,44
1085.3,44
1085.4,43
1085.5,43
1085.6,43
1085.7,43
1085.8,43
1085.9,43
1086,43
1086.1,43
1086.2,44
1086.3,44
1086.4,44
1086.5,45
1086.6,46
1086.7,46
1086.8,45
1086.9,44
1087,44
1087.1,44
1087.2,44
1087.3,44
1087.4,44
1087.5,44
1087.6,44
1087.7,44
1087.8,44
1087.9,44
1088,45
1088.1,45
1088.2,46
1088.3,46
1088.4,46
1088.5,45
1088.6,45
1088.7,45
1088.8,44
1088.9,44
1089,44
1089.1,44
1089.2,44
1089.3,44
1089.4,45
1089.5,45
1089.6,45
1089.7,46
1089.8,46
1089.9,47
1090,47
1090.1,46
1090.2,46
1090.3,45
1090.4,45
1090.5,44
1090.6,44
1090.7,44
1090.8,45
1090.9,45
1091,45
1091.1,45
1091.2,45
1091.3,46
1091.4,46
1091.5,47
1091.6,47
1091.7,47
1091.8,47
1091.9,46
1092,46
1092.1,45
1092.2,45
1092.3,45
1092.4,45
1092.5,45
1092.6,45
1092.7,45
1092.8,46
1092.9,46
1093,46
1093.1,47
1093.2,47
1093.3,48
1093.4,47
1093.5,47
1093.6,46
1093.7,46
1093.8,46
1093.9,46
1094,47
1094.1,47
1094.2,46
1094.3,46
1094.4,46
1094.5,46
1094.6,47
1094.7,47
1094.8,48
1094.9,48
1095,48
1095.1,48
1095.2,47
1095.3,47
1095.4,47
1095.5,46
1095.6,46
1095.7,46
1095.8,46
1095.9,47
1096,47
1096.1,47
1096.2,48
1096.3,48
1096.4,48
1096.5,48
1096.6,49
1096.7,48
1096.8,48
1096.9,47
1097,47
1097.1,46
1097.2,46
1097.3,46
1097.4,46
1097.5,46
1097.6,46
1097.7,46
1097.8,47
1097.9,47
1098,47
1098.1,48
1098.2,48
1098.3,49
1098.4,49
1098.5,48
1098.6,47
1098.7,47
1098.8,47
1098.9,47
1099,47
1099.1,47
1099.2,47
1099.3,47
1099.4,47
1099.5,47
1099.6,48
1099.7,48
1099.8,49
1099.9,49
1100,49
1100.1,49
1100.2,48
1100.3,48
1100.4,49
1100.5,50
1100.6,51
1100.7,52
1100.8,51
1100.9,48
1101,49
1101.1,50
1101.2,51
1101.3,52
1101.4,53
1101.5,54
1101.6,55
1101.7,52
1101.8,51
1101.9,52
1102,55
1102.1,54
1102.2,53
1102.3,55
1102.4,55
1102.5,52
1102.6,51
1102.7,54
1102.8,55
1102.9,52
1103,53
1103.1,54
1103.2,55
1103.3,52
1103.4,51
1103.5,54
1103.6,52
1103.7,51
1103.8,53
1103.9,52
1104,51
1104.1,54
1104.2,53
1104.3,54
1104.4,51
1104.5,48
1104.6,47
1104.7,50
1104.8,51
1104.9,51
1105,50
1105.1,52
1105.2,51
1105.3,52
1105.4,55
1105.5,51
1105.6,52
1105.7,51
1105.8,52
1105.9,51
1106,51
1106.1,52
1106.2,53
1106.3,54
1106.4,51
1106.5,52
1106.6,50
1106.7,51
1106.8,52
1106.9,51
1107,52
1107.1,54
1107.2,52
1107.3,51
1107.4,52
1107.5,50
1107.6,49
1107.7,48
1107.8,48
1107.9,48
1108,48
1108.1,49
1108.2,49
1108.3,49
1108.4,49
1108.5,49
1108.6,48
1108.7,48
1108.8,47
1108.9,47
1109,47
1109.1,47
1109.2,47
1109.3,47
1109.4,47
1109.5,48
1109.6,48
1109.7,48
1109.8,49
1109.9,49
1110,49
1110.1,49
1110.2,48
1110.3,48
1110.4,48
1110.5,48
1110.6,47
1110.7,47
1110.8,47
1110.9,47
1111,47
1111.1,48
1111.2,48
1111.3,48
1111.4,49
1111.5,49
1111.6,49
1111.7,49
1111.8,49
1111.9,48
1112,48
1112.1,47
1112.2,47
1112.3,47
1112.4,47
1112.5,47
1112.6,47
1112.7,47
1112.8,48
1112.9,48
1113,49
1113.1,49
1113.2,50
1113.3,49
1113.4,49
1113.5,48
1113.6,48
1113.7,47
1113.8,47
1113.9,47
1114,47
1114.1,47
1114.2,47
1114.3,47
1114.4,47
1114.5,47
1114.6,47
1114.7,48
1114.8,49
1114.9,49
1115,49
1115.1,49
1115.2,48
1115.3,48
1115.4,48
1115.5,47
1115.6,47
1115.7,47
1115.8,47
1115.9,47
1116,47
1116.1,47
1116.2,47
1116.3,48
1116.4,48
1116.5,48
1116.6,49
1116.7,48
1116.8,48
1116.9,47
1117,47
1117.1,47
1117.2,47
1117.3,47
1117.4,47
1117.5,47
1117.6,47
1117.7,47
1117.8,47
1117.9,48
1118,48
1118.1,49
1118.2,49
1118.3,49
1118.4,48
1118.5,47
1118.6,47
1118.7,47
1118.8,46
1118.9,46
1119,46
1119.1,46
1119.2,46
1119.3,46
1119.4,46
1119.5,46
1119.6,47
1119.7,47
1119.8,48
1119.9,48
1120,48
1120.1,47
1120.2,46
1120.3,46
1120.4,46
1120.5,46
1120.6,46
1120.7,46
1120.8,46
1120.9,46
1121,46
1121.1,46
1121.2,46
1121.3,46
1121.4,47
1121.5,47
1121.6,48
1121.7,47
1121.8,47
1121.9,46
1122,46
1122.1,45
1122.2,45
1122.3,45
1122.4,45
1122.5,45
1122.6,45
1122.7,45
1122.8,45
1122.9,46
1123,46
1123.1,47
1123.2,47
1123.3,47
1123.4,47
1123.5,46
1123.6,45
1123.7,45
1123.8,45
1123.9,45
1124,45
1124.1,45
1124.2,45
1124.3,45
1124.4,45
1124.5,45
1124.6,46
1124.7,46
1124.8,46
1124.9,47
1125,46
1125.1,46
1125.2,45
1125.3,45
1125.4,45
1125.5,45
1125.6,44
1125.7,44
1125.8,44
1125.9,44
1126,45
1126.1,45
1126.2,45
1126.3,46
1126.4,46
1126.5,47
1126.6,47
1126.7,46
1126.8,46
1126.9,45
1127,45
1127.1,44
1127.2,44
1127.3,44
1127.4,45
1127.5,45
1127.6,45
1127.7,45
1127.8,45
1127.9,45
1128,46
1128.1,46
1128.2,46
1128.3,46
1128.4,46
1128.5,45
1128.6,45
1128.7,44
1128.8,44
1128.9,44
1129,44
1129.1,44
1129.2,44
1129.3,44
1129.4,44
1129.5,44
1129.6,45
1129.7,45
1129.8,46
1129.9,46
1130,45
1130.1,45
1130.2,44
1130.3,44
1130.4,44
1130.5,43
1130.6,43
1130.7,43
1130.8,43
1130.9,43
1131,43
1131.1,44
1131.2,44
1131.3,45
1131.4,45
1131.5,45
1131.6,45
1131.7,45
1131.8,44
1131.9,44
1132,44
1132.1,43
1132.2,43
1132.3,43
1132.4,43
1132.5,43
1132.6,43
1132.7,43
1132.8,43
1132.9,44
1133,45
1133.1,45
1133.2,45
1133.3,45
1133.4,44
1133.5,44
1133.6,43
1133.7,43
1133.8,43
1133.9,43
1134,43
1134.1,43
1134.2,43
1134.3,43
1134.4,44
1134.5,44
1134.6,44
1134.7,45
1134.8,45
1134.9,45
1135,45
1135.1,44
1135.2,44
1135.3,43
1135.4,43
1135.5,43
1135.6,43
1135.7,43
1135.8,43
1135.9,43
1136,43
1136.1,43
1136.2,44
1136.3,44
1136.4,45
1136.5,45
1136.6,45
1136.7,44
1136.8,44
1136.9,43
1137,43
1137.1,43
1137.2,43
1137.3,43
1137.4,43
1137.5,43
1137.6,43
1137.7,43
1137.8,43
1137.9,44
1138,44
1138.1,45
1138.2,45
1138.3,45
1138.4,44
1138.5,44
1138.6,43
1138.7,43
1138.8,43
1138.9,43
1139,43
1139.1,43
1139.2,43
1139.3,43
1139.4,43
1139.5,44
1139.6,44
1139.7,44
1139.8,45
1139.9,44
1140,44
1140.1,44
1140.2,43
1140.3,43
1140.4,43
1140.5,43
1140.6,43
1140.7,43
1140.8,43
1140.9,43
1141,43
1141.1,43
1141.2,43
1141.3,44
1141.4,45
1141.5,45
1141.6,45
1141.7,44
1141.8,43
1141.9,43
1142,43
1142.1,43
1142.2,43
1142.3,43
1142.4,43
1142.5,43
1142.6,43
1142.7,43
1142.8,43
1142.9,44
1143,44
1143.1,45
1143.2,45
1143.3,45
1143.4,44
1143.5,44
1143.6,44
1143.7,44
1143.8,43
1143.9,43
1144,43
1144.1,43
1144.2,43
1144.3,43
1144.4,44
1144.5,44
1144.6,45
1144.7,45
1144.8,45
1144.9,45
1145,45
1145.1,44
1145.2,44
1145.3,44
1145.4,44
1145.5,43
1145.6,44
1145.7,44
1145.8,44
1145.9,44
1146,44
1146.1,44
1146.2,44
1146.3,44
1146.4,45
1146.5,46
1146.6,45
1146.7,45
1146.8,44
1146.9,44
1147,44
1147.1,44
1147.2,44
1147.3,44
1147.4,44
1147.5,44
1147.6,44
1147.7,44
1147.8,44
1147.9,45
1148,45
1148.1,45
1148.2,46
1148.3,45
1148.4,45
1148.5,44
1148.6,44
1148.7,44
1148.8,44
1148.9,44
1149,44
1149.1,44
1149.2,44
1149.3,44
1149.4,44
1149.5,44
1149.6,45
1149.7,45
1149.8,46
1149.9,46
1150,45
1150.1,45
1150.2,44
1150.3,44
1150.4,44
1150.5,43
1150.6,44
1150.7,44
1150.8,44
1150.9,44
1151,44
1151.1,44
1151.2,44
1151.3,45
1151.4,46
1151.5,46
1151.6,46
1151.7,45
1151.8,44
1151.9,44
1152,44
1152.1,44
1152.2,43
1152.3,43
1152.4,43
1152.5,43
1152.6,44
1152.7,44
1152.8,44
1152.9,44
1153,45
1153.1,46
1153.2,46
1153.3,45
1153.4,45
1153.5,44
1153.6,44
1153.7,44
1153.8,44
1153.9,43
1154,43
1154.1,43
1154.2,43
1154.3,44
1154.4,44
1154.5,44
1154.6,45
1154.7,45
1154.8,45
1154.9,45
1155,45
1155.1,44
1155.2,44
1155.3,44
1155.4,44
1155.5,44
1155.6,43
1155.7,44
1155.8,43
1155.9,43
1156,44
1156.1,44
1156.2,44
1156.3,45
1156.4,45
1156.5,45
1156.6,45
1156.7,44
1156.8,44
1156.9,44
1157,44
1157.1,44
1157.2,43
1157.3,44
1157.4,44
1157.5,44
1157.6,44
1157.7,44
1157.8,44
1157.9,45
1158,45
1158.1,46
1158.2,45
1158.3,45
1158.4,45
1158.5,44
1158.6,44
1158.7,44
1158.8,43
1158.9,43
1159,43
1159.1,43
1159.2,43
1159.3,43
1159.4,44
1159.5,44
1159.6,45
1159.7,45
1159.8,46
1159.9,46
1160,45
1160.1,45
1160.2,44
1160.3,44
1160.4,44
1160.5,43
1160.6,43
1160.7,43
1160.8,43
1160.9,43
1161,44
1161.1,44
1161.2,44
1161.3,44
1161.4,45
1161.5,45
1161.6,45
1161.7,45
1161.8,44
1161.9,44
1162,44
1162.1,44
1162.2,43
1162.3,43
1162.4,43
1162.5,43
1162.6,43
1162.7,44
1162.8,44
1162.9,44
1163,45
1163.1,45
1163.2,45
1163.3,45
1163.4,44
1163.5,44
1163.6,44
1163.7,44
1163.8,43
1163.9,43
1164,43
1164.1,43
1164.2,43
1164.3,43
1164.4,44
1164.5,44
1164.6,45
1164.7,45
1164.8,45
1164.9,45
1165,45
1165.1,44
1165.2,44
1165.3,44
1165.4,43
1165.5,43
1165.6,43
1165.7,43
1165.8,43
1165.9,43
1166,43
1166.1,43
1166.2,44
1166.3,45
1166.4,45
1166.5,45
1166.6,45
1166.7,44
1166.8,44
1166.9,44
1167,44
1167.1,44
1167.2,43
1167.3,43
1167.4,43
1167.5,44
1167.6,44
1167.7,44
1167.8,44
1167.9,45
1168,45
1168.1,45
1168.2,45
1168.3,44
1168.4,44
1168.5,44
1168.6,44
1168.7,43
1168.8,43
1168.9,43
1169,43
1169.1,43
1169.2,43
1169.3,43
1169.4,43
1169.5,44
1169.6,44
1169.7,44
1169.8,45
1169.9,45
1170,44
1170.1,44
1170.2,44
1170.3,43
1170.4,43
1170.5,42
1170.6,43
1170.7,43
1170.8,43
1170.9,42
1171,43
1171.1,43
1171.2,43
1171.3,44
1171.4,44
1171.5,45
1171.6,44
1171.7,44
1171.8,43
1171.9,43
1172,43
1172.1,43
1172.2,43
1172.3,43
1172.4,43
1172.5,42
1172.6,43
1172.7,43
1172.8,43
1172.9,43
1173,44
1173.1,44
1173.2,44
1173.3,44
1173.4,43
1173.5,43
1173.6,43
1173.7,43
1173.8,43
1173.9,43
1174,43
1174.1,43
1174.2,43
1174.3,43
1174.4,43
1174.5,44
1174.6,44
1174.7,45
1174.8,45
1174.9,44
1175,44
1175.1,43
1175.2,43
1175.3,43
1175.4,43
1175.5,43
1175.6,43
1175.7,43
1175.8,42
1175.9,43
1176,43
1176.1,43
1176.2,44
1176.3,44
1176.4,44
1176.5,45
1176.6,44
1176.7,44
1176.8,43
1176.9,43
1177,43
1177.1,43
1177.2,42
1177.3,42
1177.4,42
1177.5,42
1177.6,42
1177.7,42
1177.8,43
1177.9,43
1178,44
1178.1,44
1178.2,44
1178.3,43
1178.4,43
1178.5,42
1178.6,43
1178.7,43
1178.8,43
1178.9,43
1179,43
1179.1,43
1179.2,43
1179.3,43
1179.4,43
1179.5,43
1179.6,43
1179.7,44
1179.8,44
1179.9,44
1180,43
1180.1,43
1180.2,42
1180.3,42
1180.4,42
1180.5,42
1180.6,42
1180.7,42
1180.8,42
1180.9,42
1181,43
1181.1,43
1181.2,43
1181.3,44
1181.4,44
1181.5,44
1181.6,44
1181.7,43
1181.8,43
1181.9,43
1182,43
1182.1,43
1182.2,43
1182.3,43
1182.4,43
1182.5,43
1182.6,43
1182.7,43
1182.8,44
1182.9,44
1183,44
1183.1,45
1183.2,45
1183.3,44
1183.4,44
1183.5,43
1183.6,43
1183.7,43
1183.8,43
1183.9,43
1184,43
1184.1,43
1184.2,43
1184.3,43
1184.4,44
1184.5,44
1184.6,44
1184.7,45
1184.8,45
1184.9,45
1185,44
1185.1,43
1185.2,43
1185.3,43
1185.4,43
1185.5,43
1185.6,43
1185.7,43
1185.8,43
1185.9,43
1186,43
1186.1,44
1186.2,44
1186.3,44
1186.4,45
1186.5,45
1186.6,44
1186.7,43
1186.8,43
1186.9,43
1187,42
1187.1,42
1187.2,42
1187.3,42
1187.4,42
1187.5,42
1187.6,42
1187.7,43
1187.8,43
1187.9,43
1188,44
1188.1,44
1188.2,43
1188.3,43
1188.4,43
1188.5,42
1188.6,43
1188.7,42
1188.8,42
1188.9,42
1189,42
1189.1,42
1189.2,42
1189.3,42
1189.4,43
1189.5,43
1189.6,43
1189.7,44
1189.8,44
1189.9,43
1190,43
1190.1,42
1190.2,42
1190.3,42
1190.4,42
1190.5,42
1190.6,42
1190.7,42
1190.8,42
1190.9,42
1191,42
1191.1,42
1191.2,43
1191.3,43
1191.4,43
1191.5,43
1191.6,42
1191.7,42
1191.8,41
1191.9,42
1192,41
1192.1,41
1192.2,41
1192.3,41
1192.4,41
1192.5,41
1192.6,41
1192.7,42
1192.8,42
1192.9,43
1193,43
1193.1,43
1193.2,43
1193.3,42
1193.4,42
1193.5,42
1193.6,42
1193.7,41
1193.8,41
1193.9,41
1194,41
1194.1,41
1194.2,41
1194.3,42
1194.4,42
1194.5,42
1194.6,43
1194.7,43
1194.8,43
1194.9,43
1195,42
1195.1,42
1195.2,42
1195.3,42
1195.4,42
1195.5,42
1195.6,42
1195.7,42
1195.8,41
1195.9,41
1196,42
1196.1,42
1196.2,43
1196.3,43
1196.4,43
1196.5,43
1196.6,42
1196.7,42
1196.8,42
1196.9,42
1197,42
1197.1,42
1197.2,42
1197.3,42
1197.4,42
1197.5,41
1197.6,42
1197.7,42
1197.8,43
1197.9,43
1198,44
1198.1,44
1198.2,44
1198.3,43
1198.4,43
1198.5,42
1198.6,42
1198.7,42
1198.8,42
1198.9,42
1199,42
1199.1,42
1199.2,42
1199.3,42
1199.4,42
1199.5,43
1199.6,43
1199.7,44
1199.8,44
1199.9,43
1200,43
1200.1,42
1200.2,42
1200.3,42
1200.4,42
1200.5,42
1200.6,42
1200.7,42
1200.8,42
1200.9,42
1201,43
1201.1,43
1201.2,44
1201.3,44
1201.4,44
1201.5,44
1201.6,43
1201.7,43
1201.8,43
1201.9,43
1202,43
1202.1,43
1202.2,43
1202.3,43
1202.4,43
1202.5,43
1202.6,43
1202.7,44
1202.8,44
1202.9,44
1203,44
1203.1,45
1203.2,44
1203.3,43
1203.4,43
1203.5,43
1203.6,43
1203.7,43
1203.8,43
1203.9,43
1204,42
1204.1,42
1204.2,42
1204.3,43
1204.4,43
1204.5,44
1204.6,44
1204.7,45
1204.8,44
1204.9,44
1205,43
1205.1,43
1205.2,43
1205.3,43
1205.4,43
1205.5,43
1205.6,43
1205.7,42
1205.8,42
1205.9,43
1206,43
1206.1,44
1206.2,44
1206.3,45
1206.4,45
1206.5,45
1206.6,44
1206.7,44
1206.8,44
1206.9,44
1207,44
1207.1,43
1207.2,43
1207.3,43
1207.4,43
1207.5,43
1207.6,44
1207.7,44
1207.8,45
1207.9,46
1208,46
1208.1,46
1208.2,45
1208.3,45
1208.4,45
1208.5,45
1208.6,45
1208.7,45
1208.8,45
1208.9,45
1209,45
1209.1,44
1209.2,45
1209.3,45
1209.4,46
1209.5,46
1209.6,47
1209.7,47
1209.8,46
1209.9,46
1210,45
1210.1,45
1210.2,46
1210.3,46
1210.4,46
1210.5,46
1210.6,46
1210.7,45
1210.8,45
1210.9,46
1211,46
1211.1,47
1211.2,47
1211.3,47
1211.4,47
1211.5,47
1211.6,46
1211.7,46
1211.8,46
1211.9,47
1212,47
1212.1,47
1212.2,46
1212.3,46
1212.4,46
1212.5,46
1212.6,47
1212.7,48
1212.8,49
1212.9,49
1213,49
1213.1,49
1213.2,48
1213.3,48
1213.4,48
1213.5,48
1213.6,48
1213.7,48
1213.8,48
1213.9,48
1214,47
1214.1,47
1214.2,48
1214.3,48
1214.4,49
1214.5,50
1214.6,50
1214.7,50
1214.8,49
1214.9,49
1215,49
1215.1,49
1215.2,49
1215.3,49
1215.4,49
1215.5,49
1215.6,49
1215.7,49
1215.8,49
1215.9,50
1216,51
1216.1,52
1216.2,52
1216.3,52
1216.4,52
1216.5,51
1216.6,50
1216.7,50
1216.8,51
1216.9,51
1217,51
1217.1,51
1217.2,50
1217.3,51
1217.4,51
1217.5,51
1217.6,52
1217.7,53
1217.8,54
1217.9,54
1218,54
1218.1,53
1218.2,53
1218.3,53
1218.4,53
1218.5,53
1218.6,54
1218.7,54
1218.8,54
1218.9,54
1219,54
1219.1,54
1219.2,55
1219.3,56
1219.4,57
1219.5,57
1219.6,57
1219.7,57
1219.8,56
1219.9,56
1220,56
1220.1,56
1220.2,57
1220.3,57
1220.4,57
1220.5,57
1220.6,57
1220.7,57
1220.8,58
1220.9,58
1221,59
1221.1,61
1221.2,61
1221.3,61
1221.4,60
1221.5,60
1221.6,59
1221.7,59
1221.8,60
1221.9,61
1222,61
1222.1,61
1222.2,61
1222.3,61
1222.4,61
1222.5,61
1222.6,62
1222.7,64
1222.8,64
1222.9,64
1223,64
1223.1,64
1223.2,64
1223.3,64
1223.4,64
1223.5,64
1223.6,65
1223.7,65
1223.8,65
1223.9,64
1224,64
1224.1,65
1224.2,65
1224.3,67
1224.4,68
1224.5,68
1224.6,68
1224.7,67
1224.8,67
1224.9,67
1225,67
1225.1,67
1225.2,69
1225.3,69
1225.4,69
1225.5,68
1225.6,68
1225.7,69
1225.8,69
1225.9,70
1226,72
1226.1,73
1226.2,73
1226.3,73
1226.4,72
1226.5,72
1226.6,72
1226.7,72
1226.8,73
1226.9,73
1227,74
1227.1,74
1227.2,73
1227.3,74
1227.4,74
1227.5,75
1227.6,76
1227.7,78
1227.8,78
1227.9,79
1228,78
1228.1,77
1228.2,77
1228.3,77
1228.4,77
1228.5,78
1228.6,79
1228.7,79
1228.8,79
1228.9,79
1229,79
1229.1,80
1229.2,81
1229.3,82
1229.4,83
1229.5,84
1229.6,83
1229.7,83
1229.8,82
1229.9,82
1230,82
1230.1,83
1230.2,83
1230.3,84
1230.4,84
1230.5,84
1230.6,84
1230.7,85
1230.8,85
1230.9,86
1231,87
1231.1,88
1231.2,88
1231.3,87
1231.4,87
1231.5,86
1231.6,86
1231.7,86
1231.8,87
1231.9,88
1232,88
1232.1,88
1232.2,88
1232.3,88
1232.4,89
1232.5,89
1232.6,90
1232.7,91
1232.8,92
1232.9,92
1233,91
1233.1,90
1233.2,90
1233.3,90
1233.4,91
1233.5,92
1233.6,93
1233.7,93
1233.8,93
1233.9,92
1234,92
1234.1,93
1234.2,93
1234.3,95
1234.4,96
1234.5,96
1234.6,96
1234.7,95
1234.8,95
1234.9,95
1235,95
1235.1,96
1235.2,96
1235.3,97
1235.4,96
1235.5,96
1235.6,96
1235.7,96
1235.8,97
1235.9,98
1236,99
1236.1,100
1236.2,100
1236.3,100
1236.4,99
1236.5,99
1236.6,98
1236.7,98
1236.8,99
1236.9,99
1237,100
1237.1,99
1237.2,99
1237.3,99
1237.4,99
1237.5,100
1237.6,101
1237.7,102
1237.8,103
1237.9,103
1238,102
1238.1,101
1238.2,101
1238.3,100
1238.4,101
1238.5,101
1238.6,102
1238.7,102
1238.8,101
1238.9,101
1239,101
1239.1,102
1239.2,103
1239.3,104
1239.4,105
1239.5,105
1239.6,104
1239.7,103
1239.8,102
1239.9,102
1240,102
1240.1,123
1240.2,123
1240.3,122
1240.4,121
1240.5,121
1240.6,123
1240.7,124
1240.8,111
1240.9,99
1241,99
1241.1,98
1241.2,91
1241.3,94
1241.4,95
1241.5,92
1241.6,99
1241.7,95
1241.8,89
1241.9,88
1242,87
1242.1,88
1242.2,85
1242.3,89
1242.4,80
1242.5,79
1242.6,78
1242.7,77
1242.8,78
1242.9,75
1243,71
1243.1,72
1243.2,74
1243.3,75
1243.4,77
1243.5,78
1243.6,75
1243.7,73
1243.8,75
1243.9,74
1244,77
1244.1,78
1244.2,79
1244.3,77
1244.4,78
1244.5,74
1244.6,75
1244.7,77
1244.8,80
1244.9,81
1245,82
1245.1,86
1245.2,84
1245.3,88
1245.4,91
1245.5,99
1245.6,95
1245.7,94
1245.8,92
1245.9,97
1246,91
1246.1,93
1246.2,89
1246.3,88
1246.4,84
1246.5,85
1246.6,86
1246.7,88
1246.8,84
1246.9,88
1247,85
1247.1,82
1247.2,84
1247.3,88
1247.4,85
1247.5,81
1247.6,78
1247.7,79
1247.8,81
1247.9,82
1248,81
1248.1,82
1248.2,86
1248.3,84
1248.4,82
1248.5,86
1248.6,89
1248.7,91
1248.8,92
1248.9,95
1249,94
1249.1,91
1249.2,95
1249.3,92
1249.4,94
1249.5,95
1249.6,92
1249.7,91
1249.8,94
1249.9,95
1250,92
1250.1,94
1250.2,97
1250.3,95
1250.4,95
1250.5,99
1250.6,98
1250.7,95
1250.8,92
1250.9,92
1251,93
1251.1,94
1251.2,94
1251.3,95
1251.4,98
1251.5,97
1251.6,96
1251.7,96
1251.8,96
1251.9,96
1252,96
1252.1,95
1252.2,94
1252.3,93
1252.4,93
1252.5,93
1252.6,93
1252.7,93
1252.8,92
1252.9,92
1253,91
1253.1,90
1253.2,89
1253.3,88
1253.4,88
1253.5,89
1253.6,89
1253.7,88
1253.8,87
1253.9,86
1254,86
1254.1,86
1254.2,86
1254.3,86
1254.4,86
1254.5,85
1254.6,84
1254.7,84
1254.8,83
1254.9,82
1255,81
1255.1,81
1255.2,82
1255.3,82
1255.4,81
1255.5,81
1255.6,80
1255.7,80
1255.8,79
1255.9,80
1256,80
1256.1,80
1256.2,79
1256.3,78
1256.4,77
1256.5,77
1256.6,76
1256.7,76
1256.8,76
1256.9,76
1257,76
1257.1,75
1257.2,75
1257.3,75
1257.4,75
1257.5,75
1257.6,75
1257.7,75
1257.8,75
1257.9,75
1258,74
1258.1,73
1258.2,72
1258.3,72
1258.4,72
1258.5,73
1258.6,73
1258.7,72
1258.8,72
1258.9,71
1259,71
1259.1,71
1259.2,72
1259.3,72
1259.4,72
1259.5,72
1259.6,72
1259.7,71
1259.8,70
1259.9,70
1260,70
1260.1,70
1260.2,70
1260.3,70
1260.4,70
1260.5,69
1260.6,69
1260.7,69
1260.8,69
1260.9,69
1261,70
1261.1,70
1261.2,70
1261.3,69
1261.4,69
1261.5,68
1261.6,68
1261.7,67
1261.8,68
1261.9,68
1262,68
1262.1,67
1262.2,67
1262.3,67
1262.4,67
1262.5,67
1262.6,67
1262.7,68
1262.8,68
1262.9,68
1263,67
1263.1,66
1263.2,65
1263.3,65
1263.4,66
1263.5,66
1263.6,66
1263.7,66
1263.8,65
1263.9,65
1264,65
1264.1,65
1264.2,65
1264.3,66
1264.4,66
1264.5,66
1264.6,65
1264.7,65
1264.8,64
1264.9,64
1265,64
1265.1,64
1265.2,65
1265.3,65
1265.4,64
1265.5,64
1265.6,64
1265.7,64
1265.8,64
1265.9,64
1266,65
1266.1,65
1266.2,65
1266.3,65
1266.4,64
1266.5,64
1266.6,63
1266.7,64
1266.8,64
1266.9,64
1267,64
1267.1,64
1267.2,63
1267.3,63
1267.4,63
1267.5,64
1267.6,64
1267.7,65
1267.8,65
1267.9,65
1268,64
1268.1,64
1268.2,63
1268.3,63
1268.4,64
1268.5,64
1268.6,64
1268.7,64
1268.8,64
1268.9,64
1269,64
1269.1,64
1269.2,65
1269.3,65
1269.4,66
1269.5,66
1269.6,66
1269.7,65
1269.8,64
1269.9,64
1270,64
1270.1,65
1270.2,65
1270.3,65
1270.4,65
1270.5,65
1270.6,65
1270.7,65
1270.8,65
1270.9,66
1271,66
1271.1,66
1271.2,66
1271.3,66
1271.4,65
1271.5,65
1271.6,64
1271.7,64
1271.8,65
1271.9,65
1272,65
1272.1,65
1272.2,65
1272.3,65
1272.4,65
1272.5,65
1272.6,66
1272.7,67
1272.8,67
1272.9,67
1273,66
1273.1,66
1273.2,65
1273.3,65
1273.4,65
1273.5,66
1273.6,66
1273.7,66
1273.8,66
1273.9,66
1274,66
1274.1,66
1274.2,67
1274.3,67
1274.4,67
1274.5,67
1274.6,67
1274.7,66
1274.8,66
1274.9,65
1275,65
1275.1,66
1275.2,66
1275.3,66
1275.4,66
1275.5,65
1275.6,65
1275.7,65
1275.8,65
1275.9,66
1276,66
1276.1,66
1276.2,66
1276.3,66
1276.4,65
1276.5,64
1276.6,64
1276.7,64
1276.8,65
1276.9,65
1277,65
1277.1,64
1277.2,64
1277.3,64
1277.4,64
1277.5,64
1277.6,64
1277.7,65
1277.8,65
1277.9,64
1278,64
1278.1,64
1278.2,63
1278.3,63
1278.4,63
1278.5,64
1278.6,63
1278.7,63
1278.8,62
1278.9,62
1279,62
1279.1,62
1279.2,62
1279.3,62
1279.4,63
1279.5,63
1279.6,63
1279.7,62
1279.8,61
1279.9,60
1280,60
1280.1,60
1280.2,60
1280.3,60
1280.4,59
1280.5,59
1280.6,59
1280.7,59
1280.8,59
1280.9,59
1281,60
1281.1,60
1281.2,60
1281.3,60
1281.4,59
1281.5,58
1281.6,58
1281.7,58
1281.8,58
1281.9,58
1282,58
1282.1,57
1282.2,57
1282.3,56
1282.4,57
1282.5,57
1282.6,58
1282.7,58
1282.8,59
1282.9,59
1283,58
1283.1,58
1283.2,57
1283.3,57
1283.4,57
1283.5,57
1283.6,57
1283.7,57
1283.8,57
1283.9,56
1284,56
1284.1,56
1284.2,56
1284.3,57
1284.4,57
1284.5,57
1284.6,57
1284.7,57
1284.8,56
1284.9,56
1285,55
1285.1,55
1285.2,56
1285.3,55
1285.4,55
1285.5,55
1285.6,54
1285.7,54
1285.8,54
1285.9,55
1286,55
1286.1,55
1286.2,55
1286.3,55
1286.4,55
1286.5,54
1286.6,54
1286.7,54
1286.8,54
1286.9,54
1287,53
1287.1,53
1287.2,53
1287.3,53
1287.4,53
1287.5,53
1287.6,53
1287.7,54
1287.8,54
1287.9,54
1288,53
1288.1,53
1288.2,53
1288.3,52
1288.4,53
1288.5,53
1288.6,53
1288.7,53
1288.8,53
1288.9,52
1289,52
1289.1,52
1289.2,52
1289.3,53
1289.4,53
1289.5,53
1289.6,53
1289.7,53
1289.8,53
1289.9,52
1290,52
1290.1,53
1290.2,53
1290.3,53
1290.4,52
1290.5,52
1290.6,52
1290.7,52
1290.8,52
1290.9,52
1291,52
1291.1,52
1291.2,53
1291.3,53
1291.4,52
1291.5,51
1291.6,51
1291.7,51
1291.8,51
1291.9,51
1292,51
1292.1,51
1292.2,50
1292.3,50
1292.4,50
1292.5,50
1292.6,50
1292.7,50
1292.8,50
1292.9,50
1293,50
1293.1,50
1293.2,49
1293.3,49
1293.4,49
1293.5,49
1293.6,49
1293.7,49
1293.8,49
1293.9,48
1294,48
1294.1,48
1294.2,48
1294.3,48
1294.4,48
1294.5,49
1294.6,49
1294.7,49
1294.8,48
1294.9,48
1295,48
1295.1,48
1295.2,48
1295.3,48
1295.4,48
1295.5,48
1295.6,47
1295.7,47
1295.8,47
1295.9,48
1296,48
1296.1,48
1296.2,48
1296.3,48
1296.4,48
1296.5,48
1296.6,47
1296.7,47
1296.8,47
1296.9,47
1297,47
1297.1,47
1297.2,46
1297.3,46
1297.4,46
1297.5,46
1297.6,46
1297.7,47
1297.8,47
1297.9,47
1298,47
1298.1,47
1298.2,46
1298.3,46
1298.4,46
1298.5,46
1298.6,46
1298.7,46
1298.8,46
1298.9,46
1299,45
1299.1,45
1299.2,45
1299.3,45
1299.4,46
1299.5,46
1299.6,47
1299.7,47
1299.8,46
1299.9,46
1300,45
1300.1,45
1300.2,45
1300.3,45
1300.4,45
1300.5,45
1300.6,45
1300.7,45
1300.8,45
1300.9,45
1301,45
1301.1,46
1301.2,46
1301.3,47
1301.4,47
1301.5,46
1301.6,46
1301.7,46
1301.8,46
1301.9,46
1302,45
1302.1,45
1302.2,46
1302.3,46
1302.4,46
1302.5,46
1302.6,46
1302.7,47
1302.8,48
1302.9,48
1303,49
1303.1,49
1303.2,48
1303.3,48
1303.4,48
1303.5,47
1303.6,47
1303.7,47
1303.8,48
1303.9,48
1304,49
1304.1,49
1304.2,49
1304.3,49
1304.4,50
1304.5,51
1304.6,52
1304.7,52
1304.8,52
1304.9,51
1305,51
1305.1,51
1305.2,50
1305.3,51
1305.4,51
1305.5,51
1305.6,52
1305.7,52
1305.8,52
1305.9,52
1306,53
1306.1,54
1306.2,55
1306.3,56
1306.4,57
1306.5,57
1306.6,56
1306.7,56
1306.8,55
1306.9,55
1307,55
1307.1,56
1307.2,57
1307.3,57
1307.4,58
1307.5,58
1307.6,58
1307.7,59
1307.8,60
1307.9,61
1308,62
1308.1,63
1308.2,63
1308.3,62
1308.4,61
1308.5,61
1308.6,61
1308.7,61
1308.8,62
1308.9,63
1309,64
1309.1,64
1309.2,65
1309.3,65
1309.4,66
1309.5,67
1309.6,68
1309.7,69
1309.8,69
1309.9,69
1310,68
1310.1,68
1310.2,67
1310.3,67
1310.4,68
1310.5,69
1310.6,69
1310.7,70
1310.8,71
1310.9,71
1311,72
1311.1,73
1311.2,74
1311.3,75
1311.4,75
1311.5,75
1311.6,75
1311.7,74
1311.8,73
1311.9,73
1312,74
1312.1,74
1312.2,75
1312.3,76
1312.4,76
1312.5,77
1312.6,77
1312.7,78
1312.8,79
1312.9,81
1313,82
1313.1,82
1313.2,82
1313.3,81
1313.4,80
1313.5,80
1313.6,80
1313.7,80
1313.8,81
1313.9,82
1314,83
1314.1,83
1314.2,84
1314.3,84
1314.4,85
1314.5,87
1314.6,88
1314.7,89
1314.8,89
1314.9,89
1315,88
1315.1,87
1315.2,87
1315.3,88
1315.4,88
1315.5,89
1315.6,90
1315.7,88
1315.8,87
1315.9,85
1316,84
1316.1,83
1316.2,82
1316.3,81
1316.4,79
1316.5,78
1316.6,77
1316.7,77
1316.8,75
1316.9,74
1317,79
1317.1,77
1317.2,75
1317.3,73
1317.4,72
1317.5,77
1317.6,74
1317.7,75
1317.8,71
1317.9,72
1318,71
1318.1,69
1318.2,68
1318.3,65
1318.4,68
1318.5,67
1318.6,64
1318.7,65
1318.8,62
1318.9,64
1319,63
1319.1,61
1319.2,60
1319.3,61
1319.4,62
1319.5,64
1319.6,61
1319.7,62
1319.8,64
1319.9,65
1320,60
1320.1,57
1320.2,56
1320.3,54
1320.4,45
1320.5,32
1320.6,25
1320.7,26
1320.8,27
1320.9,29
1321,31
1321.1,35
1321.2,36
1321.3,34
1321.4,38
1321.5,41
1321.6,45
1321.7,42
1321.8,43
1321.9,41
1322,42
1322.1,45
1322.2,42
1322.3,41
1322.4,41
1322.5,42
1322.6,45
1322.7,40
1322.8,37
1322.9,39
1323,35
1323.1,39
1323.2,40
1323.3,39
1323.4,37
1323.5,36
1323.6,34
1323.7,35
1323.8,31
1323.9,32
1324,33
1324.1,35
1324.2,32
1324.3,31
1324.4,34
1324.5,32
1324.6,31
1324.7,32
1324.8,35
1324.9,33
1325,33
1325.1,32
1325.2,31
1325.3,31
1325.4,35
1325.5,32
1325.6,28
1325.7,29
1325.8,28
1325.9,27
1326,28
1326.1,29
1326.2,27
1326.3,28
1326.4,29
1326.5,27
1326.6,28
1326.7,25
1326.8,26
1326.9,24
1327,25
1327.1,26
1327.2,29
1327.3,28
1327.4,27
1327.5,25
1327.6,24
1327.7,26
1327.8,29
1327.9,27
1328,25
1328.1,26
1328.2,29
1328.3,27
1328.4,25
1328.5,28
1328.6,36
1328.7,45
1328.8,47
1328.9,42
1329,45
1329.1,44
1329.2,35
1329.3,38
1329.4,34
1329.5,36
1329.6,31
1329.7,35
1329.8,38
1329.9,34
1330,37
1330.1,31
1330.2,45
1330.3,58
1330.4,57
1330.5,56
1330.6,54
1330.7,52
1330.8,53
1330.9,48
1331,45
1331.1,42
1331.2,45
1331.3,47
1331.4,45
1331.5,48
1331.6,45
1331.7,33
1331.8,35
1331.9,32
1332,31
1332.1,45
1332.2,48
1332.3,49
1332.4,42
1332.5,48
1332.6,49
1332.7,57
1332.8,51
1332.9,52
1333,54
1333.1,67
1333.2,96
1333.3,97
1333.4,97
1333.5,97
1333.6,96
1333.7,96
1333.8,96
1333.9,96
1334,97
1334.1,98
1334.2,98
1334.3,99
1334.4,80
1334.5,80
1334.6,80
1334.7,81
1334.8,82
1334.9,83
1335,83
1335.1,84
1335.2,84
1335.3,85
1335.4,87
1335.5,88
1335.6,89
1335.7,89
1335.8,89
1335.9,88
1336,87
1336.1,87
1336.2,88
1336.3,88
1336.4,89
1336.5,90
1336.6,91
1336.7,92
1336.8,92
1336.9,93
1337,94
1337.1,95
1337.2,96
1337.3,97
1337.4,97
1337.5,97
1337.6,96
1337.7,96
1337.8,96
1337.9,96
1338,97
1338.1,98
1338.2,98
1338.3,99
1338.4,98
1338.5,95
1338.6,94
1338.7,96
1338.8,97
1338.9,95
1339,98
1339.1,94
1339.2,98
1339.3,99
1339.4,99
1339.5,99
1339.6,98
1339.7,98
1339.8,97
1339.9,96
1340,95
1340.1,94
1340.2,93
1340.3,92
1340.4,91
1340.5,91
1340.6,90
1340.7,90
1340.8,89
1340.9,88
1341,88
1341.1,88
1341.2,88
1341.3,87
1341.4,86
1341.5,85
1341.6,84
1341.7,84
1341.8,83
1341.9,82
1342,82
1342.1,81
1342.2,80
1342.3,80
1342.4,79
1342.5,79
1342.6,79
1342.7,78
1342.8,78
1342.9,77
1343,77
1343.1,76
1343.2,75
1343.3,75
1343.4,75
1343.5,74
1343.6,73
1343.7,73
1343.8,72
1343.9,72
1344,71
1344.1,71
1344.2,71
1344.3,71
1344.4,70
1344.5,70
1344.6,69
1344.7,69
1344.8,68
1344.9,68
1345,67
1345.1,67
1345.2,67
1345.3,66
1345.4,66
1345.5,65
1345.6,65
1345.7,64
1345.8,64
1345.9,64
1346,64
1346.1,64
1346.2,64
1346.3,64
1346.4,63
1346.5,62
1346.6,61
1346.7,61
1346.8,61
1346.9,61
1347,60
1347.1,60
1347.2,59
1347.3,59
1347.4,59
1347.5,59
1347.6,59
1347.7,59
1347.8,59
1347.9,58
1348,58
1348.1,57
1348.2,56
1348.3,56
1348.4,56
1348.5,56
1348.6,56
1348.7,56
1348.8,55
1348.9,54
1349,54
1349.1,54
1349.2,54
1349.3,54
1349.4,54
1349.5,54
1349.6,54
1349.7,53
1349.8,53
1349.9,52
1350,52
1350.1,52
1350.2,52
1350.3,51
1350.4,51
1350.5,51
1350.6,51
1350.7,51
1350.8,51
1350.9,51
1351,51
1351.1,51
1351.2,51
1351.3,51
1351.4,50
1351.5,50
1351.6,49
1351.7,50
1351.8,50
1351.9,49
1352,49
1352.1,48
1352.2,48
1352.3,48
1352.4,48
1352.5,48
1352.6,48
1352.7,48
1352.8,48
1352.9,48
1353,48
1353.1,48
1353.2,47
1353.3,48
1353.4,48
1353.5,48
1353.6,48
1353.7,47
1353.8,47
1353.9,47
1354,47
1354.1,47
1354.2,47
1354.3,48
1354.4,48
1354.5,48
1354.6,47
1354.7,46
1354.8,46
1354.9,46
1355,47
1355.1,48
1355.2,47
1355.3,47
1355.4,47
1355.5,47
1355.6,46
1355.7,46
1355.8,47
1355.9,47
1356,47
1356.1,47
1356.2,47
1356.3,46
1356.4,46
1356.5,46
1356.6,47
1356.7,47
1356.8,47
1356.9,47
1357,46
1357.1,46
1357.2,46
1357.3,46
1357.4,46
1357.5,47
1357.6,48
1357.7,48
1357.8,48
1357.9,47
1358,46
1358.1,46
1358.2,46
1358.3,47
1358.4,47
1358.5,48
1358.6,47
1358.7,47
1358.8,47
1358.9,47
1359,47
1359.1,47
1359.2,48
1359.3,49
1359.4,49
1359.5,49
1359.6,48
1359.7,48
1359.8,48
1359.9,48
1360,48
1360.1,49
1360.2,49
1360.3,48
1360.4,48
1360.5,48
1360.6,48
1360.7,49
1360.8,49
1360.9,50
1361,50
1361.1,50
1361.2,50
1361.3,49
1361.4,49
1361.5,48
1361.6,49
1361.7,49
1361.8,50
1361.9,49
1362,49
1362.1,49
1362.2,49
1362.3,49
1362.4,49
1362.5,50
1362.6,50
1362.7,50
1362.8,50
1362.9,50
1363,49
1363.1,49
1363.2,49
1363.3,50
1363.4,50
1363.5,50
1363.6,49
1363.7,49
1363.8,49
1363.9,49
1364,49
1364.1,49
1364.2,50
1364.3,50
1364.4,50
1364.5,50
1364.6,49
1364.7,49
1364.8,48
1364.9,48
1365,49
1365.1,49
1365.2,49
1365.3,48
1365.4,48
1365.5,48
1365.6,48
1365.7,48
1365.8,48
1365.9,48
1366,48
1366.1,48
1366.2,48
1366.3,48
1366.4,47
1366.5,47
1366.6,47
1366.7,47
1366.8,47
1366.9,47
1367,46
1367.1,46
1367.2,46
1367.3,46
1367.4,46
1367.5,46
1367.6,47
1367.7,47
1367.8,47
1367.9,47
1368,46
1368.1,46
1368.2,46
1368.3,46
1368.4,46
1368.5,46
1368.6,45
1368.7,45
1368.8,45
1368.9,45
1369,45
1369.1,45
1369.2,45
1369.3,45
1369.4,45
1369.5,45
1369.6,45
1369.7,44
1369.8,44
1369.9,44
1370,44
1370.1,44
1370.2,44
1370.3,44
1370.4,44
1370.5,44
1370.6,44
1370.7,43
1370.8,43
1370.9,43
1371,44
1371.1,44
1371.2,44
1371.3,44
1371.4,44
1371.5,43
1371.6,43
1371.7,43
1371.8,43
1371.9,42
1372,42
1372.1,42
1372.2,42
1372.3,42
1372.4,42
1372.5,42
1372.6,42
1372.7,43
1372.8,43
1372.9,43
1373,42
1373.1,42
1373.2,42
1373.3,42
1373.4,42
1373.5,42
1373.6,42
1373.7,42
1373.8,42
1373.9,42
1374,42
1374.1,42
1374.2,42
1374.3,42
1374.4,43
1374.5,43
1374.6,43
1374.7,42
1374.8,42
1374.9,42
1375,42
1375.1,42
1375.2,42
1375.3,42
1375.4,41
1375.5,41
1375.6,41
1375.7,41
1375.8,41
1375.9,41
1376,42
1376.1,42
1376.2,42
1376.3,42
1376.4,41
1376.5,41
1376.6,41
1376.7,41
1376.8,41
1376.9,41
1377,40
1377.1,40
1377.2,40
1377.3,40
1377.4,40
1377.5,40
1377.6,40
1377.7,41
1377.8,41
1377.9,41
1378,41
1378.1,41
1378.2,40
1378.3,40
1378.4,40
1378.5,40
1378.6,40
1378.7,40
1378.8,40
1378.9,40
1379,40
1379.1,40
1379.2,40
1379.3,40
1379.4,41
1379.5,41
1379.6,41
1379.7,41
1379.8,40
1379.9,40
1380,40
1380.1,40
1380.2,40
1380.3,40
1380.4,40
1380.5,40
1380.6,40
1380.7,40
1380.8,40
1380.9,40
1381,41
1381.1,41
1381.2,42
1381.3,42
1381.4,41
1381.5,41
1381.6,41
1381.7,41
1381.8,40
1381.9,41
1382,41
1382.1,41
1382.2,41
1382.3,41
1382.4,41
1382.5,41
1382.6,42
1382.7,42
1382.8,42
1382.9,43
1383,42
1383.1,42
1383.2,42
1383.3,42
1383.4,41
1383.5,41
1383.6,41
1383.7,41
1383.8,42
1383.9,42
1384,42
1384.1,42
1384.2,42
1384.3,42
1384.4,43
1384.5,44
1384.6,44
1384.7,44
1384.8,43
1384.9,42
1385,42
1385.1,42
1385.2,42
1385.3,42
1385.4,43
1385.5,43
1385.6,43
1385.7,43
1385.8,43
1385.9,44
1386,44
1386.1,45
1386.2,46
1386.3,46
1386.4,46
1386.5,45
1386.6,45
1386.7,44
1386.8,44
1386.9,44
1387,44
1387.1,45
1387.2,45
1387.3,45
1387.4,46
1387.5,46
1387.6,46
1387.7,47
1387.8,47
1387.9,47
1388,47
1388.1,47
1388.2,47
1388.3,46
1388.4,46
1388.5,46
1388.6,46
1388.7,46
1388.8,46
1388.9,46
1389,46
1389.1,46
1389.2,47
1389.3,47
1389.4,48
1389.5,49
1389.6,49
1389.7,49
1389.8,48
1389.9,48
1390,47
1390.1,47
1390.2,47
1390.3,47
1390.4,47
1390.5,48
1390.6,48
1390.7,48
1390.8,48
1390.9,49
1391,49
1391.1,50
1391.2,51
1391.3,51
1391.4,51
1391.5,50
1391.6,50
1391.7,49
1391.8,49
1391.9,49
1392,49
1392.1,49
1392.2,50
1392.3,50
1392.4,50
1392.5,50
1392.6,50
1392.7,51
1392.8,52
1392.9,52
1393,52
1393.1,52
1393.2,52
1393.3,51
1393.4,50
1393.5,50
1393.6,50
1393.7,51
1393.8,51
1393.9,51
1394,52
1394.1,52
1394.2,52
1394.3,53
1394.4,53
1394.5,54
1394.6,54
1394.7,53
1394.8,53
1394.9,52
1395,52
1395.1,51
1395.2,51
1395.3,51
1395.4,52
1395.5,52
1395.6,52
1395.7,52
1395.8,52
1395.9,53
1396,53
1396.1,53
1396.2,54
1396.3,53
1396.4,53
1396.5,53
1396.6,52
1396.7,51
1396.8,51
1396.9,51
1397,51
1397.1,51
1397.2,51
1397.3,51
1397.4,51
1397.5,51
1397.6,52
1397.7,52
1397.8,52
1397.9,53
1398,53
1398.1,52
1398.2,51
1398.3,51
1398.4,51
1398.5,51
1398.6,51
1398.7,51
1398.8,51
1398.9,51
1399,51
1399.1,51
1399.2,50
1399.3,51
1399.4,52
1399.5,52
1399.6,52
1399.7,52
1399.8,51
1399.9,51
1400,50
1400.1,50
1400.2,50
1400.3,50
1400.4,50
1400.5,50
1400.6,50
1400.7,50
1400.8,50
1400.9,50
1401,51
1401.1,51
1401.2,52
1401.3,52
1401.4,51
1401.5,51
1401.6,50
1401.7,50
1401.8,50
1401.9,49
1402,49
1402.1,49
1402.2,49
1402.3,49
1402.4,50
1402.5,49
1402.6,50
1402.7,51
1402.8,51
1402.9,51
1403,51
1403.1,50
1403.2,49
1403.3,49
1403.4,49
1403.5,48
1403.6,49
1403.7,49
1403.8,49
1403.9,49
1404,49
1404.1,49
1404.2,49
1404.3,50
1404.4,50
1404.5,50
1404.6,50
1404.7,50
1404.8,49
1404.9,49
1405,49
1405.1,48
1405.2,48
1405.3,48
1405.4,48
1405.5,48
1405.6,49
1405.7,49
1405.8,49
1405.9,49
1406,50
1406.1,51
1406.2,50
1406.3,50
1406.4,49
1406.5,49
1406.6,49
1406.7,48
1406.8,48
1406.9,48
1407,48
1407.1,49
1407.2,49
1407.3,49
1407.4,49
1407.5,49
1407.6,50
1407.7,50
1407.8,50
1407.9,51
1408,50
1408.1,50
1408.2,50
1408.3,49
1408.4,48
1408.5,49
1408.6,49
1408.7,49
1408.8,49
1408.9,49
1409,49
1409.1,49
1409.2,49
1409.3,50
1409.4,51
1409.5,51
1409.6,51
1409.7,51
1409.8,51
1409.9,50
1410,50
1410.1,49
1410.2,49
1410.3,50
1410.4,50
1410.5,50
1410.6,50
1410.7,50
1410.8,50
1410.9,51
1411,51
1411.1,52
1411.2,52
1411.3,52
1411.4,52
1411.5,51
1411.6,51
1411.7,50
1411.8,50
1411.9,50
1412,50
1412.1,50
1412.2,50
1412.3,51
1412.4,51
1412.5,51
1412.6,51
1412.7,52
1412.8,52
1412.9,53
1413,53
1413.1,52
1413.2,51
1413.3,51
1413.4,51
1413.5,50
1413.6,50
1413.7,50
1413.8,51
1413.9,51
1414,51
1414.1,51
1414.2,51
1414.3,52
1414.4,53
1414.5,53
1414.6,53
1414.7,52
1414.8,52
1414.9,51
1415,51
1415.1,51
1415.2,50
1415.3,50
1415.4,51
1415.5,51
1415.6,51
1415.7,51
1415.8,51
1415.9,51
1416,52
1416.1,52
1416.2,52
1416.3,52
1416.4,51
1416.5,50
1416.6,50
1416.7,50
1416.8,50
1416.9,49
1417,50
1417.1,50
1417.2,49
1417.3,51
1417.4,51
1417.5,50
1417.6,51
1417.7,51
1417.8,51
1417.9,51
1418,50
1418.1,49
1418.2,49
1418.3,48
1418.4,48
1418.5,48
1418.6,48
1418.7,48
1418.8,49
1418.9,49
1419,49
1419.1,49
1419.2,49
1419.3,49
1419.4,50
1419.5,50
1419.6,50
1419.7,49
1419.8,49
1419.9,48
1420,48
1420.1,47
1420.2,47
1420.3,47
1420.4,47
1420.5,47
1420.6,47
1420.7,47
1420.8,47
1420.9,48
1421,48
1421.1,49
1421.2,49
1421.3,48
1421.4,48
1421.5,48
1421.6,47
1421.7,47
1421.8,47
1421.9,47
1422,47
1422.1,47
1422.2,47
1422.3,48
1422.4,47
1422.5,48
1422.6,48
1422.7,49
1422.8,49
1422.9,49
1423,49
1423.1,49
1423.2,48
1423.3,48
1423.4,47
1423.5,47
1423.6,47
1423.7,47
1423.8,48
1423.9,48
1424,48
1424.1,48
1424.2,49
1424.3,50
1424.4,51
1424.5,51
1424.6,51
1424.7,50
1424.8,50
1424.9,49
1425,49
1425.1,49
1425.2,49
1425.3,49
1425.4,49
1425.5,50
1425.6,50
1425.7,51
1425.8,51
1425.9,51
1426,52
1426.1,53
1426.2,53
1426.3,53
1426.4,52
1426.5,52
1426.6,51
1426.7,51
1426.8,50
1426.9,51
1427,51
1427.1,52
1427.2,53
1427.3,53
1427.4,53
1427.5,53
1427.6,53
1427.7,54
1427.8,55
1427.9,55
1428,55
1428.1,54
1428.2,54
1428.3,53
1428.4,53
1428.5,53
1428.6,54
1428.7,54
1428.8,55
1428.9,55
1429,55
1429.1,55
1429.2,56
1429.3,56
1429.4,57
1429.5,58
1429.6,57
1429.7,57
1429.8,57
1429.9,56
1430,56
1430.1,55
1430.2,55
1430.3,55
1430.4,56
1430.5,56
1430.6,57
1430.7,57
1430.8,57
1430.9,58
1431,58
1431.1,59
1431.2,59
1431.3,60
1431.4,59
1431.5,59
1431.6,58
1431.7,57
1431.8,57
1431.9,57
1432,58
1432.1,58
1432.2,58
1432.3,58
1432.4,58
1432.5,59
1432.6,59
1432.7,60
1432.8,60
1432.9,61
1433,60
1433.1,59
1433.2,59
1433.3,58
1433.4,58
1433.5,58
1433.6,58
1433.7,58
1433.8,58
1433.9,58
1434,58
1434.1,58
1434.2,58
1434.3,59
1434.4,60
1434.5,60
1434.6,60
1434.7,59
1434.8,59
1434.9,58
1435,57
1435.1,57
1435.2,57
1435.3,57
1435.4,57
1435.5,57
1435.6,57
1435.7,57
1435.8,58
1435.9,58
1436,59
1436.1,59
1436.2,60
1436.3,59
1436.4,58
1436.5,58
1436.6,57
1436.7,57
1436.8,57
1436.9,58
1437,57
1437.1,56
1437.2,55
1437.3,55
1437.4,54
1437.5,53
1437.6,51
1437.7,50
1437.8,49
1437.9,48
1438,46
1438.1,45
1438.2,44
1438.3,43
1438.4,42
1438.5,40
1438.6,39
1438.7,38
1438.8,37
1438.9,36
1439,35
1439.1,34
1439.2,34
1439.3,33
1439.4,32
1439.5,30
1439.6,33
1439.7,35
1439.8,36
1439.9,34
1440,37
1440.1,35
1440.2,36
1440.3,31
1440.4,32
1440.5,35
1440.6,34
1440.7,36
1440.8,35
1440.9,34
1441,35
1441.1,38
1441.2,40
1441.3,43
1441.4,42
1441.5,43
1441.6,43
1441.7,43
1441.8,44
1441.9,44
1442,45
1442.1,44
1442.2,44
1442.3,43
1442.4,43
1442.5,43
1442.6,43
1442.7,43
1442.8,43
1442.9,43
1443,42
1443.1,43
1443.2,43
1443.3,43
1443.4,43
1443.5,44
1443.6,44
1443.7,44
1443.8,44
1443.9,43
1444,43
1444.1,43
1444.2,43
1444.3,43
1444.4,43
1444.5,43
1444.6,43
1444.7,43
1444.8,43
1444.9,43
1445,44
1445.1,44
1445.2,45
1445.3,45
1445.4,44
1445.5,44
1445.6,43
1445.7,43
1445.8,43
1445.9,43
1446,43
1446.1,43
1446.2,43
1446.3,42
1446.4,43
1446.5,43
1446.6,43
1446.7,44
1446.8,44
1446.9,44
1447,45
1447.1,44
1447.2,44
1447.3,43
1447.4,43
1447.5,43
1447.6,43
1447.7,42
1447.8,42
1447.9,42
1448,42
1448.1,42
1448.2,42
1448.3,43
1448.4,43
1448.5,44
1448.6,44
1448.7,44
1448.8,43
1448.9,43
1449,42
1449.1,43
1449.2,43
1449.3,43
1449.4,43
1449.5,43
1449.6,43
1449.7,43
1449.8,43
1449.9,43
1450,43
1450.1,43
1450.2,44
1450.3,44
1450.4,44
1450.5,43
1450.6,43
1450.7,42
1450.8,42
1450.9,42
1451,42
1451.1,42
1451.2,42
1451.3,42
1451.4,42
1451.5,43
1451.6,43
1451.7,43
1451.8,44
1451.9,44
1452,44
1452.1,44
1452.2,43
1452.3,43
1452.4,43
1452.5,43
1452.6,43
1452.7,43
1452.8,43
1452.9,43
1453,43
1453.1,43
1453.2,43
1453.3,44
1453.4,44
1453.5,44
1453.6,45
1453.7,45
1453.8,44
1453.9,44
1454,43
1454.1,43
1454.2,43
1454.3,43
1454.4,43
1454.5,43
1454.6,43
1454.7,43
1454.8,43
1454.9,44
1455,44
1455.1,44
1455.2,45
1455.3,45
1455.4,45
1455.5,44
1455.6,43
1455.7,43
1455.8,43
1455.9,43
1456,43
1456.1,43
1456.2,43
1456.3,43
1456.4,43
1456.5,43
1456.6,44
1456.7,44
1456.8,44
1456.9,45
1457,45
1457.1,44
1457.2,43
1457.3,43
1457.4,43
1457.5,42
1457.6,42
1457.7,42
1457.8,42
1457.9,42
1458,42
1458.1,42
1458.2,43
1458.3,43
1458.4,43
1458.5,44
1458.6,44
1458.7,43
1458.8,43
1458.9,43
1459,42
1459.1,43
1459.2,42
1459.3,42
1459.4,42
1459.5,42
1459.6,42
1459.7,42
1459.8,42
1459.9,43
1460,43
1460.1,43
1460.2,44
1460.3,44
1460.4,43
1460.5,43
1460.6,42
1460.7,42
1460.8,42
1460.9,42
1461,42
1461.1,42
1461.2,42
1461.3,42
1461.4,42
1461.5,42
1461.6,42
1461.7,43
1461.8,43
1461.9,43
1462,43
1462.1,42
1462.2,42
1462.3,41
1462.4,42
1462.5,41
1462.6,41
1462.7,41
1462.8,41
1462.9,41
1463,41
1463.1,41
1463.2,42
1463.3,42
1463.4,43
1463.5,43
1463.6,43
1463.7,43
1463.8,42
1463.9,42
1464,42
1464.1,42
1464.2,41
1464.3,41
1464.4,41
1464.5,41
1464.6,41
1464.7,41
1464.8,42
1464.9,42
1465,42
1465.1,43
1465.2,43
1465.3,43
1465.4,43
1465.5,42
1465.6,42
1465.7,42
1465.8,42
1465.9,42
1466,42
1466.1,42
1466.2,42
1466.3,41
1466.4,41
1466.5,42
1466.6,42
1466.7,43
1466.8,43
1466.9,43
1467,43
1467.1,42
1467.2,42
1467.3,42
1467.4,42
1467.5,42
1467.6,42
1467.7,42
1467.8,42
1467.9,42
1468,41
1468.1,42
1468.2,42
1468.3,43
1468.4,43
1468.5,44
1468.6,44
1468.7,44
1468.8,43
1468.9,43
1469,42
1469.1,42
1469.2,42
1469.3,42
1469.4,42
1469.5,42
1469.6,42
1469.7,42
1469.8,42
1469.9,42
1470,43
1470.1,43
1470.2,44
1470.3,44
1470.4,43
1470.5,43
1470.6,42
1470.7,42
1470.8,42
1470.9,42
1471,42
1471.1,42
1471.2,42
1471.3,42
1471.4,42
1471.5,43
1471.6,43
1471.7,44
1471.8,44
1471.9,44
1472,44
1472.1,43
1472.2,43
1472.3,43
1472.4,43
1472.5,43
1472.6,43
1472.7,43
1472.8,43
1472.9,43
1473,43
1473.1,43
1473.2,44
1473.3,44
1473.4,44
1473.5,44
1473.6,45
1473.7,44
1473.8,43
1473.9,43
1474,43
1474.1,43
1474.2,43
1474.3,43
1474.4,43
1474.5,42
1474.6,42
1474.7,42
1474.8,43
1474.9,43
1475,44
1475.1,44
1475.2,45
1475.3,44
1475.4,44
1475.5,43
1475.6,43
1475.7,43
1475.8,43
1475.9,43
1476,43
1476.1,43
1476.2,42
1476.3,42
1476.4,43
1476.5,43
1476.6,44
1476.7,44
1476.8,45
1476.9,45
1477,45
1477.1,44
1477.2,44
1477.3,44
1477.4,44
1477.5,44
1477.6,43
1477.7,43
1477.8,43
1477.9,43
1478,43
1478.1,44
1478.2,44
1478.3,45
1478.4,46
1478.5,46
1478.6,46
1478.7,45
1478.8,45
1478.9,45
1479,45
1479.1,45
1479.2,45
1479.3,45
1479.4,45
1479.5,45
1479.6,44
1479.7,45
1479.8,45
1479.9,46
1480,46
1480.1,47
1480.2,47
1480.3,46
1480.4,46
1480.5,45
1480.6,45
1480.7,46
1480.8,46
1480.9,46
1481,46
1481.1,46
1481.2,45
1481.3,45
1481.4,46
1481.5,46
1481.6,47
1481.7,47
1481.8,47
1481.9,47
1482,47
1482.1,46
1482.2,46
1482.3,46
1482.4,47
1482.5,47
1482.6,47
1482.7,46
1482.8,46
1482.9,46
1483,46
1483.1,47
1483.2,48
1483.3,49
1483.4,49
1483.5,49
1483.6,49
1483.7,48
1483.8,48
1483.9,48
1484,48
1484.1,48
1484.2,48
1484.3,48
1484.4,48
1484.5,47
1484.6,47
1484.7,48
1484.8,48
1484.9,49
1485,50
1485.1,50
1485.2,50
1485.3,49
1485.4,49
1485.5,49
1485.6,49
1485.7,49
1485.8,49
1485.9,49
1486,49
1486.1,49
1486.2,49
1486.3,49
1486.4,50
1486.5,51
1486.6,52
1486.7,52
1486.8,52
1486.9,52
1487,51
1487.1,50
1487.2,50
1487.3,51
1487.4,51
1487.5,51
1487.6,51
1487.7,50
1487.8,51
1487.9,51
1488,51
1488.1,52
1488.2,53
1488.3,54
1488.4,54
1488.5,54
1488.6,53
1488.7,53
1488.8,53
1488.9,53
1489,53
1489.1,54
1489.2,54
1489.3,54
1489.4,54
1489.5,54
1489.6,54
1489.7,55
1489.8,56
1489.9,57
1490,57
1490.1,57
1490.2,57
1490.3,56
1490.4,56
1490.5,56
1490.6,56
1490.7,57
1490.8,57
1490.9,57
1491,57
1491.1,57
1491.2,57
1491.3,58
1491.4,58
1491.5,59
1491.6,61
1491.7,61
1491.8,61
1491.9,60
1492,60
1492.1,59
1492.2,59
1492.3,60
1492.4,61
1492.5,61
1492.6,61
1492.7,61
1492.8,61
1492.9,61
1493,61
1493.1,62
1493.2,64
1493.3,64
1493.4,64
1493.5,64
1493.6,64
1493.7,64
1493.8,64
1493.9,64
1494,64
1494.1,65
1494.2,65
1494.3,65
1494.4,64
1494.5,64
1494.6,65
1494.7,65
1494.8,67
1494.9,68
1495,68
1495.1,68
1495.2,67
1495.3,67
1495.4,67
1495.5,67
1495.6,67
1495.7,69
1495.8,69
1495.9,69
1496,68
1496.1,68
1496.2,69
1496.3,69
1496.4,70
1496.5,72
1496.6,73
1496.7,73
1496.8,73
1496.9,72
1497,72
1497.1,72
1497.2,72
1497.3,73
1497.4,73
1497.5,74
1497.6,74
1497.7,73
1497.8,74
1497.9,74
1498,75
1498.1,76
1498.2,78
1498.3,78
1498.4,79
1498.5,78
1498.6,77
1498.7,77
1498.8,77
1498.9,77
1499,78
1499.1,79
1499.2,79
1499.3,79
1499.4,79
1499.5,79
1499.6,80
1499.7,81
1499.8,82
1499.9,83
1500,84
1500.1,83
1500.2,83
1500.3,82
1500.4,82
1500.5,82
1500.6,83
1500.7,83
1500.8,84
1500.9,84
1501,84
1501.1,84
1501.2,85
1501.3,85
1501.4,86
1501.5,87
1501.6,88
1501.7,88
