0,132
0.1,158
0.2,169
0.3,172
0.4,177
0.5,175
0.6,175
0.7,176
0.8,173
0.9,172
1,169
1.1,168
1.2,167
1.3,166
1.4,167
1.5,165
1.6,168
1.7,169
1.8,171
1.9,173
2,173
2.1,176
2.2,174
2.3,176
2.4,174
2.5,174
2.6,171
2.7,168
2.8,168
2.9,166
3,166
3.1,166
3.2,166
3.3,168
3.4,170
3.5,172
3.6,173
3.7,175
3.8,175
3.9,174
4,176
4.1,173
4.2,173
4.3,170
4.4,168
4.5,167
4.6,167
4.7,167
4.8,165
4.9,168
5,167
5.1,170
5.2,173
5.3,172
5.4,175
5.5,174
5.6,175
5.7,175
5.8,173
5.9,172
6,169
6.1,168
6.2,164
6.3,165
6.4,166
6.5,165
6.6,168
6.7,169
6.8,172
6.9,173
7,174
7.1,176
7.2,173
7.3,175
7.4,173
7.5,173
7.6,170
7.7,168
7.8,168
7.9,166
8,167
8.1,166
8.2,166
8.3,168
8.4,170
8.5,172
8.6,173
8.7,175
8.8,175
8.9,174
9,175
9.1,172
9.2,172
9.3,169
9.4,168
9.5,168
9.6,166
9.7,167
9.8,165
9.9,167
10,168
10.1,171
10.2,172
10.3,173
10.4,176
10.5,174
10.6,175
10.7,175
10.8,173
10.9,171
11,169
11.1,167
11.2,166
11.3,165
11.4,166
11.5,165
11.6,167
11.7,169
11.8,171
11.9,173
12,174
12.1,175
12.2,173
12.3,175
12.4,173
12.5,173
12.6,170
12.7,168
12.8,168
12.9,166
13,166
13.1,165
13.2,166
13.3,168
13.4,169
13.5,172
13.6,173
13.7,174
13.8,174
13.9,173
14,175
14.1,173
14.2,172
14.3,170
14.4,167
14.5,167
14.6,166
14.7,166
14.8,165
14.9,167
15,168
15.1,171
15.2,173
15.3,172
15.4,175
15.5,173
15.6,175
15.7,174
15.8,173
15.9,171
16,168
16.1,167
16.2,166
16.3,166
16.4,166
16.5,166
16.6,168
16.7,168
16.8,171
16.9,173
17,174
17.1,175
17.2,173
17.3,175
17.4,173
17.5,172
17.6,169
17.7,168
17.8,167
17.9,165
18,166
18.1,165
18.2,167
18.3,168
18.4,170
18.5,172
18.6,172
18.7,174
18.8,174
18.9,174
19,175
19.1,173
19.2,172
19.3,169
19.4,168
19.5,167
19.6,165
19.7,166
19.8,165
19.9,167
20,168
20.1,170
20.2,173
20.3,174
20.4,176
20.5,173
20.6,175
20.7,174
20.8,173
20.9,171
21,168
21.1,167
21.2,165
21.3,165
21.4,165
21.5,165
21.6,167
21.7,169
21.8,171
21.9,173
22,173
22.1,175
22.2,173
22.3,175
22.4,173
22.5,172
22.6,169
22.7,167
22.8,167
22.9,165
23,166
23.1,164
23.2,166
23.3,168
23.4,169
23.5,172
23.6,173
23.7,175
23.8,174
23.9,174
24,175
24.1,173
24.2,171
24.3,168
24.4,167
24.5,166
24.6,165
24.7,165
24.8,164
24.9,167
25,168
25.1,171
25.2,173
25.3,173
25.4,176
25.5,173
25.6,174
25.7,174
25.8,173
25.9,170
26,168
26.1,167
26.2,165
26.3,166
26.4,165
26.5,166
26.6,167
26.7,169
26.8,170
26.9,172
27,174
27.1,175
27.2,173
27.3,175
27.4,173
27.5,172
27.6,169
27.7,167
27.8,167
27.9,165
28,166
28.1,164
28.2,167
28.3,168
28.4,170
28.5,172
28.6,173
28.7,175
28.8,174
28.9,174
29,174
29.1,172
29.2,171
29.3,169
29.4,167
29.5,167
29.6,165
29.7,166
29.8,165
29.9,167
30,168
30.1,171
30.2,173
30.3,174
30.4,176
30.5,173
30.6,175
30.7,173
30.8,172
30.9,170
31,168
31.1,167
31.2,166
31.3,166
31.4,165
31.5,166
31.6,167
31.7,169
31.8,171
31.9,173
32,173
32.1,174
32.2,173
32.3,175
32.4,172
32.5,172
32.6,170
32.7,168
32.8,167
32.9,165
33,166
33.1,164
33.2,167
33.3,167
33.4,170
33.5,172
33.6,172
33.7,175
33.8,173
33.9,174
34,174
34.1,173
34.2,171
34.3,169
34.4,168
34.5,166
34.6,165
34.7,165
34.8,165
34.9,167
35,169
35.1,171
35.2,173
35.3,172
35.4,175
35.5,173
35.6,175
35.7,173
35.8,173
35.9,169
36,168
36.1,167
36.2,164
36.3,165
36.4,165
36.5,166
36.6,168
36.7,169
36.8,172
36.9,173
37,174
37.1,175
37.2,173
37.3,175
37.4,172
37.5,172
37.6,169
37.7,167
37.8,167
37.9,165
38,166
38.1,164
38.2,167
38.3,168
38.4,170
38.5,172
38.6,172
38.7,176
38.8,173
38.9,175
39,174
39.1,172
39.2,170
39.3,168
39.4,167
39.5,166
39.6,165
39.7,165
39.8,165
39.9,167
40,168
40.1,171
40.2,172
40.3,173
40.4,175
40.5,173
40.6,174
40.7,173
40.8,173
40.9,169
41,167
41.1,167
41.2,165
41.3,166
41.4,165
41.5,166
41.6,167
41.7,169
41.8,172
41.9,173
42,173
42.1,174
42.2,173
42.3,174
42.4,172
42.5,171
42.6,169
42.7,167
42.8,166
42.9,164
43,166
43.1,165
43.2,167
43.3,168
43.4,170
43.5,172
43.6,172
43.7,175
43.8,172
43.9,175
44,173
44.1,173
44.2,170
44.3,168
44.4,167
44.5,165
44.6,165
44.7,165
44.8,165
44.9,167
45,168
45.1,171
45.2,173
45.3,173
45.4,176
45.5,174
45.6,175
45.7,172
45.8,173
45.9,170
46,168
46.1,167
46.2,165
46.3,166
46.4,164
46.5,166
46.6,167
46.7,169
46.8,171
46.9,172
47,174
47.1,173
47.2,173
47.3,174
47.4,172
47.5,171
47.6,168
47.7,167
47.8,166
47.9,165
48,166
48.1,164
48.2,167
48.3,168
48.4,171
48.5,173
48.6,173
48.7,175
48.8,173
48.9,175
49,174
49.1,173
49.2,170
49.3,167
49.4,167
49.5,165
49.6,165
49.7,165
49.8,165
49.9,167
50,169
50.1,171
50.2,172
50.3,173
50.4,174
50.5,172
50.6,175
50.7,172
50.8,172
50.9,169
51,167
51.1,167
51.2,163
51.3,165
51.4,164
51.5,167
51.6,168
51.7,169
51.8,172
51.9,172
52,175
52.1,173
52.2,174
52.3,174
52.4,172
52.5,171
52.6,168
52.7,166
52.8,166
52.9,165
53,165
53.1,164
53.2,167
53.3,168
53.4,171
53.5,173
53.6,173
53.7,175
53.8,173
53.9,175
54,173
54.1,172
54.2,168
54.3,167
54.4,167
54.5,165
54.6,166
54.7,165
54.8,165
54.9,167
55,168
55.1,171
55.2,172
55.3,173
55.4,174
55.5,173
55.6,174
55.7,173
55.8,172
55.9,168
56,167
56.1,167
56.2,164
56.3,166
56.4,164
56.5,166
56.6,167
56.7,169
56.8,172
56.9,172
57,175
57.1,173
57.2,174
57.3,174
57.4,172
57.5,171
57.6,168
57.7,166
57.8,165
57.9,165
58,165
58.1,164
58.2,167
58.3,168
58.4,171
58.5,172
58.6,172
58.7,174
58.8,172
58.9,174
59,172
59.1,172
59.2,169
59.3,168
59.4,166
59.5,162
59.6,164
59.7,164
59.8,165
59.9,167
60,169
60.1,171
60.2,172
60.3,173
60.4,174
60.5,172
60.6,174
60.7,172
60.8,171
60.9,168
61,167
61.1,167
61.2,164
61.3,166
61.4,164
61.5,166
61.6,167
61.7,170
61.8,172
61.9,172
62,174
62.1,172
62.2,174
62.3,173
62.4,172
62.5,169
62.6,168
62.7,168
62.8,167
62.9,165
63,165
63.1,164
63.2,167
63.3,168
63.4,171
63.5,172
63.6,172
63.7,175
63.8,173
63.9,175
64,172
64.1,172
64.2,169
64.3,167
64.4,166
64.5,164
64.6,165
64.7,164
64.8,165
64.9,167
65,169
65.1,172
65.2,172
65.3,173
65.4,174
65.5,174
65.6,174
65.7,173
65.8,171
65.9,168
66,166
66.1,166
66.2,164
66.3,165
66.4,164
66.5,166
66.6,168
66.7,170
66.8,173
66.9,173
67,175
67.1,173
67.2,174
67.3,173
67.4,172
67.5,170
67.6,167
67.7,166
67.8,167
67.9,166
68,165
68.1,165
68.2,167
68.3,168
68.4,171
68.5,172
68.6,172
68.7,174
68.8,172
68.9,174
69,172
69.1,172
69.2,169
69.3,167
69.4,167
69.5,165
69.6,166
69.7,164
69.8,166
69.9,167
70,169
70.1,171
70.2,172
70.3,174
70.4,173
70.5,173
70.6,174
70.7,172
70.8,171
70.9,169
71,167
71.1,165
71.2,164
71.3,165
71.4,164
71.5,166
71.6,167
71.7,170
71.8,172
71.9,172
72,175
72.1,173
72.2,174
72.3,173
72.4,172
72.5,169
72.6,167
72.7,166
72.8,164
72.9,165
73,164
73.1,165
73.2,167
73.3,168
73.4,171
73.5,172
73.6,173
73.7,174
73.8,172
73.9,174
74,172
74.1,172
74.2,169
74.3,167
74.4,167
74.5,163
74.6,166
74.7,164
74.8,167
74.9,167
75,169
75.1,171
75.2,171
75.3,173
75.4,173
75.5,173
75.6,174
75.7,172
75.8,171
75.9,169
76,168
76.1,166
76.2,165
76.3,165
76.4,164
76.5,166
76.6,168
76.7,171
76.8,172
76.9,174
77,175
77.1,172
77.2,174
77.3,173
77.4,173
77.5,170
77.6,168
77.7,168
77.8,166
77.9,166
78,165
78.1,166
78.2,168
78.3,169
78.4,172
78.5,172
78.6,174
78.7,174
78.8,172
78.9,175
79,172
79.1,172
79.2,169
79.3,167
79.4,167
79.5,165
79.6,166
79.7,165
79.8,167
79.9,168
80,170
80.1,172
80.2,171
80.3,175
80.4,173
80.5,174
80.6,174
80.7,172
80.8,171
80.9,169
81,167
81.1,165
81.2,165
81.3,166
81.4,165
81.5,167
81.6,168
81.7,170
81.8,172
81.9,172
82,174
82.1,173
82.2,175
82.3,172
82.4,173
82.5,170
82.6,168
82.7,167
82.8,165
82.9,166
83,165
83.1,166
83.2,167
83.3,169
83.4,171
83.5,172
83.6,174
83.7,174
83.8,173
83.9,174
84,172
84.1,172
84.2,169
84.3,167
84.4,167
84.5,166
84.6,166
84.7,164
84.8,166
84.9,167
85,169
85.1,172
85.2,173
85.3,176
85.4,173
85.5,174
85.6,173
85.7,172
85.8,170
85.9,169
86,168
86.1,167
86.2,167
86.3,167
86.4,167
86.5,169
86.6,170
86.7,173
86.8,175
86.9,176
87,177
87.1,174
87.2,176
87.3,174
87.4,174
87.5,171
87.6,169
87.7,168
87.8,166
87.9,167
88,166
88.1,167
88.2,168
88.3,171
88.4,172
88.5,173
88.6,175
88.7,176
88.8,175
88.9,176
89,174
89.1,173
89.2,169
89.3,168
89.4,169
89.5,166
89.6,167
89.7,166
89.8,168
89.9,169
90,172
90.1,174
90.2,174
90.3,177
90.4,175
90.5,176
90.6,175
90.7,174
90.8,171
90.9,169
91,168
91.1,168
91.2,168
91.3,170
91.4,168
91.5,170
91.6,171
91.7,172
91.8,174
91.9,174
92,175
92.1,173
92.2,176
92.3,174
92.4,173
92.5,171
92.6,168
92.7,168
92.8,166
92.9,168
93,166
93.1,168
93.2,169
93.3,171
93.4,173
93.5,174
93.6,174
93.7,174
93.8,175
93.9,175
94,173
94.1,172
94.2,169
94.3,168
94.4,168
94.5,167
94.6,168
94.7,166
94.8,169
94.9,170
95,172
95.1,174
95.2,174
95.3,176
95.4,175
95.5,176
95.6,174
95.7,174
95.8,171
95.9,169
96,168
96.1,169
96.2,168
96.3,167
96.4,167
96.5,170
96.6,171
96.7,173
96.8,174
96.9,175
97,175
97.1,175
97.2,176
97.3,174
97.4,173
97.5,170
97.6,169
97.7,169
97.8,167
97.9,167
98,166
98.1,168
98.2,170
98.3,172
98.4,174
98.5,174
98.6,176
98.7,175
98.8,175
98.9,175
99,173
99.1,172
99.2,170
99.3,169
99.4,168
99.5,167
99.6,167
99.7,166
99.8,169
99.9,170
100,172
100.1,174
100.2,175
100.3,176
100.4,174
100.5,176
100.6,173
100.7,173
100.8,171
100.9,170
101,168
101.1,167
101.2,168
101.3,167
101.4,167
101.5,169
101.6,171
101.7,172
101.8,173
101.9,175
102,175
102.1,174
102.2,175
102.3,173
102.4,172
102.5,169
102.6,168
102.7,169
102.8,166
102.9,167
103,166
103.1,168
103.2,169
103.3,171
103.4,174
103.5,174
103.6,176
103.7,175
103.8,175
103.9,174
104,174
104.1,172
104.2,170
104.3,168
104.4,168
104.5,166
104.6,167
104.7,167
104.8,169
104.9,170
105,172
105.1,174
105.2,173
105.3,176
105.4,174
105.5,176
105.6,173
105.7,174
105.8,171
105.9,169
106,168
106.1,166
106.2,167
106.3,166
106.4,168
106.5,169
106.6,171
106.7,173
106.8,175
106.9,175
107,174
107.1,174
107.2,175
107.3,173
107.4,173
107.5,171
107.6,169
107.7,170
107.8,167
107.9,167
108,166
108.1,169
108.2,170
108.3,171
108.4,174
108.5,174
108.6,176
108.7,174
108.8,175
108.9,174
109,173
109.1,171
109.2,169
109.3,168
109.4,167
109.5,167
109.6,167
109.7,167
109.8,168
109.9,169
110,171
110.1,173
110.2,174
110.3,176
110.4,174
110.5,176
110.6,174
110.7,173
110.8,170
110.9,168
111,168
111.1,167
111.2,168
111.3,166
111.4,168
111.5,169
111.6,171
111.7,172
111.8,173
111.9,175
112,174
112.1,174
112.2,174
112.3,173
112.4,172
112.5,170
112.6,168
112.7,169
112.8,166
112.9,167
113,166
113.1,168
113.2,169
113.3,172
113.4,174
113.5,174
113.6,176
113.7,173
113.8,175
113.9,173
114,173
114.1,170
114.2,169
114.3,167
114.4,166
114.5,165
114.6,166
114.7,166
114.8,168
114.9,169
115,172
115.1,173
115.2,174
115.3,175
115.4,174
115.5,176
115.6,173
115.7,173
115.8,170
115.9,168
116,167
116.1,165
116.2,167
116.3,166
116.4,168
116.5,168
116.6,170
116.7,172
116.8,173
116.9,176
117,174
117.1,175
117.2,174
117.3,174
117.4,172
117.5,170
117.6,168
117.7,168
117.8,166
117.9,166
118,165
118.1,168
118.2,169
118.3,171
118.4,173
118.5,173
118.6,176
118.7,174
118.8,175
118.9,174
119,173
119.1,170
119.2,168
119.3,167
119.4,166
119.5,166
119.6,166
119.7,167
119.8,168
119.9,170
120,172
120.1,174
120.2,174
120.3,175
120.4,174
120.5,175
120.6,173
120.7,172
120.8,169
120.9,167
121,166
121.1,165
121.2,166
121.3,165
121.4,168
121.5,169
121.6,170
121.7,172
121.8,173
121.9,176
122,175
122.1,175
122.2,174
122.3,173
122.4,171
122.5,169
122.6,167
122.7,167
122.8,165
122.9,167
123,166
123.1,168
123.2,168
123.3,171
123.4,173
123.5,174
123.6,176
123.7,173
123.8,175
123.9,173
124,174
124.1,170
124.2,169
124.3,168
124.4,167
124.5,166
124.6,166
124.7,166
124.8,168
124.9,169
125,172
125.1,173
125.2,174
125.3,175
125.4,174
125.5,175
125.6,173
125.7,172
125.8,169
125.9,168
126,167
126.1,165
126.2,166
126.3,165
126.4,168
126.5,168
126.6,171
126.7,173
126.8,174
126.9,176
127,175
127.1,174
127.2,174
127.3,174
127.4,172
127.5,169
127.6,168
127.7,168
127.8,166
127.9,166
128,166
128.1,168
128.2,169
128.3,171
128.4,173
128.5,174
128.6,176
128.7,174
128.8,176
128.9,173
129,173
129.1,170
129.2,168
129.3,168
129.4,166
129.5,166
129.6,166
129.7,167
129.8,168
129.9,170
130,172
130.1,174
130.2,174
130.3,175
130.4,175
130.5,175
130.6,171
130.7,171
130.8,170
130.9,168
131,168
131.1,166
131.2,167
131.3,165
131.4,167
131.5,169
131.6,170
131.7,174
131.8,172
131.9,175
132,173
132.1,175
132.2,174
132.3,172
132.4,171
132.5,169
132.6,168
132.7,168
132.8,167
132.9,166
133,167
133.1,168
133.2,169
133.3,171
133.4,174
133.5,173
133.6,174
133.7,173
133.8,175
133.9,173
134,173
134.1,170
134.2,168
134.3,170
134.4,167
134.5,167
134.6,165
134.7,166
134.8,168
134.9,170
135,172
135.1,173
135.2,175
135.3,175
135.4,174
135.5,175
135.6,173
135.7,172
135.8,170
135.9,168
136,167
136.1,165
136.2,167
136.3,166
136.4,168
136.5,169
136.6,172
136.7,174
136.8,173
136.9,176
137,174
137.1,176
137.2,173
137.3,173
137.4,170
137.5,168
137.6,167
137.7,166
137.8,167
137.9,167
138,167
138.1,168
138.2,170
138.3,172
138.4,174
138.5,173
138.6,175
138.7,174
138.8,174
138.9,174
139,171
139.1,171
139.2,170
139.3,186
139.4,246
139.5,64
139.6,141
139.7,218
139.8,38
139.9,110
140,172
140.1,194
140.2,202
140.3,205
140.4,205
140.5,205
140.6,205
140.7,205
140.8,205
140.9,205
141,205
141.1,206
141.2,206
141.3,206
141.4,206
141.5,206
141.6,206
141.7,206
141.8,206
141.9,206
142,205
142.1,205
142.2,205
142.3,205
142.4,205
142.5,205
142.6,205
142.7,206
142.8,206
142.9,206
143,206
143.1,206
143.2,206
143.3,206
143.4,206
143.5,206
143.6,205
143.7,205
143.8,205
143.9,205
144,205
144.1,205
144.2,206
144.3,206
144.4,206
144.5,206
144.6,206
144.7,206
144.8,206
144.9,206
145,206
145.1,206
145.2,206
145.3,205
145.4,205
145.5,205
145.6,205
145.7,205
145.8,205
145.9,206
146,206
146.1,206
146.2,206
146.3,206
146.4,206
146.5,206
146.6,206
146.7,206
146.8,206
146.9,206
147,205
147.1,205
147.2,205
147.3,205
147.4,205
147.5,205
147.6,206
147.7,206
147.8,206
147.9,206
148,206
148.1,206
148.2,206
148.3,206
148.4,206
148.5,206
148.6,206
148.7,206
148.8,205
148.9,205
149,205
149.1,205
149.2,206
149.3,206
149.4,206
149.5,206
149.6,206
149.7,206
149.8,206
149.9,206
150,206
150.1,206
150.2,206
150.3,205
150.4,205
150.5,205
150.6,205
150.7,205
150.8,205
150.9,206
151,206
151.1,206
151.2,206
151.3,206
151.4,206
151.5,206
151.6,206
151.7,206
151.8,206
151.9,206
152,206
152.1,205
152.2,205
152.3,205
152.4,205
152.5,206
152.6,206
152.7,206
152.8,206
152.9,206
153,206
153.1,206
153.2,206
153.3,206
153.4,206
153.5,206
153.6,205
153.7,205
153.8,205
153.9,205
154,205
154.1,206
154.2,206
154.3,206
154.4,206
154.5,206
154.6,206
154.7,206
154.8,206
154.9,206
155,206
155.1,206
155.2,206
155.3,206
155.4,205
155.5,205
155.6,205
155.7,205
155.8,205
155.9,206
156,206
156.1,206
156.2,206
156.3,206
156.4,206
156.5,206
156.6,206
156.7,206
156.8,206
156.9,206
157,205
157.1,205
157.2,205
157.3,205
157.4,205
157.5,206
157.6,206
157.7,206
157.8,206
157.9,206
158,206
158.1,206
158.2,206
158.3,206
158.4,206
158.5,206
158.6,206
158.7,205
158.8,205
158.9,205
159,205
159.1,205
159.2,206
159.3,206
159.4,206
159.5,206
159.6,206
159.7,206
159.8,206
159.9,206
160,206
160.1,206
160.2,206
160.3,206
160.4,205
160.5,205
160.6,205
160.7,205
160.8,206
160.9,206
161,206
161.1,206
161.2,206
161.3,206
161.4,206
161.5,206
161.6,206
161.7,206
161.8,205
161.9,205
162,205
162.1,205
162.2,205
162.3,205
162.4,205
162.5,206
162.6,206
162.7,206
162.8,206
162.9,206
163,206
163.1,206
163.2,206
163.3,206
163.4,206
163.5,205
163.6,205
163.7,205
163.8,205
163.9,205
164,205
164.1,205
164.2,206
164.3,206
164.4,206
164.5,206
164.6,206
164.7,206
164.8,206
164.9,206
165,206
165.1,206
165.2,206
165.3,206
165.4,205
165.5,205
165.6,205
165.7,206
165.8,206
165.9,206
166,206
166.1,206
166.2,206
166.3,206
166.4,206
166.5,206
166.6,206
166.7,206
166.8,206
166.9,206
167,206
167.1,206
167.2,205
167.3,205
167.4,205
167.5,205
167.6,206
167.7,206
167.8,206
167.9,206
168,206
168.1,206
168.2,206
168.3,206
168.4,206
168.5,205
168.6,206
168.7,205
168.8,205
168.9,205
169,205
169.1,206
169.2,206
169.3,206
169.4,206
169.5,206
169.6,206
169.7,206
169.8,206
169.9,206
170,206
170.1,206
170.2,205
170.3,205
170.4,205
170.5,206
170.6,205
170.7,205
170.8,205
170.9,206
171,206
171.1,206
171.2,206
171.3,206
171.4,206
171.5,206
171.6,206
171.7,206
171.8,206
171.9,206
172,206
172.1,206
172.2,205
172.3,206
172.4,206
172.5,206
172.6,206
172.7,206
172.8,206
172.9,206
173,206
173.1,206
173.2,206
173.3,206
173.4,206
173.5,206
173.6,206
173.7,205
173.8,205
173.9,205
174,206
174.1,206
174.2,206
174.3,206
174.4,206
174.5,206
174.6,206
174.7,206
174.8,206
174.9,206
175,206
175.1,206
175.2,205
175.3,205
175.4,205
175.5,205
175.6,205
175.7,206
175.8,206
175.9,206
176,206
176.1,206
176.2,206
176.3,206
176.4,206
176.5,206
176.6,206
176.7,206
176.8,206
176.9,206
177,205
177.1,205
177.2,205
177.3,205
177.4,205
177.5,206
177.6,206
177.7,206
177.8,206
177.9,207
178,206
178.1,206
178.2,206
178.3,206
178.4,206
178.5,206
178.6,205
178.7,205
178.8,205
178.9,205
179,205
179.1,206
179.2,206
179.3,206
179.4,206
179.5,206
179.6,206
179.7,206
179.8,206
179.9,206
180,206
180.1,206
180.2,206
180.3,206
180.4,205
180.5,205
180.6,205
180.7,205
180.8,205
180.9,206
181,206
181.1,206
181.2,206
181.3,206
181.4,206
181.5,206
181.6,206
181.7,206
181.8,206
181.9,206
182,205
182.1,205
182.2,205
182.3,205
182.4,205
182.5,205
182.6,206
182.7,206
182.8,206
182.9,206
183,206
183.1,206
183.2,206
183.3,206
183.4,206
183.5,206
183.6,206
183.7,205
183.8,205
183.9,205
184,205
184.1,206
184.2,206
184.3,206
184.4,206
184.5,206
184.6,206
184.7,206
184.8,206
184.9,206
185,206
185.1,206
185.2,206
185.3,206
185.4,205
185.5,205
185.6,205
185.7,205
185.8,206
185.9,206
186,206
186.1,207
186.2,206
186.3,206
186.4,206
186.5,206
186.6,206
186.7,206
186.8,206
186.9,206
187,205
187.1,205
187.2,205
187.3,205
187.4,206
187.5,206
187.6,206
187.7,206
187.8,206
187.9,207
188,206
188.1,206
188.2,206
188.3,206
188.4,206
188.5,206
188.6,206
188.7,205
188.8,205
188.9,205
189,205
189.1,206
189.2,206
189.3,206
189.4,206
189.5,206
189.6,206
189.7,206
189.8,206
189.9,206
190,206
190.1,206
190.2,206
190.3,205
190.4,206
190.5,206
190.6,206
190.7,206
190.8,206
190.9,206
191,206
191.1,206
191.2,206
191.3,206
191.4,206
191.5,206
191.6,206
191.7,206
191.8,206
191.9,205
192,206
192.1,205
192.2,205
192.3,206
192.4,206
192.5,206
192.6,206
192.7,206
192.8,206
192.9,206
193,206
193.1,206
193.2,206
193.3,206
193.4,206
193.5,206
193.6,206
193.7,206
193.8,205
193.9,205
194,205
194.1,206
194.2,206
194.3,206
194.4,206
194.5,206
194.6,206
194.7,206
194.8,206
194.9,206
195,206
195.1,205
195.2,205
195.3,205
195.4,205
195.5,205
195.6,205
195.7,206
195.8,206
195.9,206
196,206
196.1,206
196.2,206
196.3,206
196.4,206
196.5,206
196.6,206
196.7,206
196.8,205
196.9,205
197,205
197.1,205
197.2,205
197.3,205
197.4,206
197.5,206
197.6,206
197.7,206
197.8,206
197.9,206
198,206
198.1,206
198.2,206
198.3,206
198.4,206
198.5,206
198.6,205
198.7,205
198.8,205
198.9,205
199,205
199.1,205
199.2,206
199.3,206
199.4,206
199.5,206
199.6,206
199.7,206
199.8,206
199.9,206
200,206
200.1,206
200.2,205
200.3,205
200.4,205
200.5,205
200.6,206
200.7,206
200.8,206
200.9,206
201,206
201.1,206
201.2,206
201.3,206
201.4,206
201.5,206
201.6,206
201.7,206
201.8,205
201.9,205
202,205
202.1,205
202.2,205
202.3,205
202.4,206
202.5,206
202.6,206
202.7,206
202.8,206
202.9,206
203,206
203.1,206
203.2,206
203.3,206
203.4,206
203.5,206
203.6,206
203.7,205
203.8,205
203.9,205
204,205
204.1,206
204.2,206
204.3,206
204.4,206
204.5,206
204.6,206
204.7,206
204.8,206
204.9,206
205,206
205.1,206
205.2,206
205.3,205
205.4,205
205.5,205
205.6,205
205.7,206
205.8,206
205.9,206
206,206
206.1,206
206.2,206
206.3,206
206.4,206
206.5,206
206.6,206
206.7,206
206.8,206
206.9,205
207,205
207.1,205
207.2,205
207.3,205
207.4,205
207.5,206
207.6,206
207.7,206
207.8,206
207.9,207
208,206
208.1,206
208.2,206
208.3,206
208.4,206
208.5,206
208.6,206
208.7,205
208.8,205
208.9,205
209,205
209.1,205
209.2,206
209.3,206
209.4,205
209.5,203
209.6,200
209.7,196
209.8,194
209.9,190
210,187
210.1,184
210.2,181
210.3,178
210.4,175
210.5,172
210.6,170
210.7,166
210.8,164
210.9,161
211,159
211.1,156
211.2,153
211.3,150
211.4,147
211.5,144
211.6,141
211.7,138
211.8,135
211.9,132
212,130
212.1,127
212.2,124
212.3,121
212.4,119
212.5,117
212.6,114
212.7,111
212.8,109
212.9,107
213,104
213.1,101
213.2,98
213.3,96
213.4,93
213.5,90
213.6,87
213.7,85
213.8,83
213.9,80
214,78
214.1,75
214.2,73
214.3,71
214.4,69
214.5,67
214.6,64
214.7,62
214.8,59
214.9,56
215,54
215.1,51
215.2,48
215.3,46
215.4,44
215.5,42
215.6,40
215.7,37
215.8,35
215.9,33
216,31
216.1,28
216.2,26
216.3,24
216.4,22
216.5,19
216.6,17
216.7,14
216.8,12
216.9,10
217,8
217.1,6
217.2,4
217.3,1
217.4,255
217.5,253
217.6,251
217.7,249
217.8,247
217.9,245
218,243
218.1,240
218.2,238
218.3,236
218.4,234
218.5,231
218.6,230
218.7,227
218.8,225
218.9,223
219,221
219.1,219
219.2,218
219.3,215
219.4,213
219.5,211
219.6,209
219.7,207
219.8,205
219.9,203
220,201
220.1,199
220.2,197
220.3,195
220.4,193
220.5,191
220.6,189
220.7,187
220.8,185
220.9,183
221,181
221.1,180
221.2,178
221.3,176
221.4,174
221.5,173
221.6,170
221.7,168
221.8,165
221.9,164
222,162
222.1,161
222.2,159
222.3,156
222.4,155
222.5,153
222.6,151
222.7,149
222.8,147
222.9,146
223,144
223.1,142
223.2,140
223.3,138
223.4,136
223.5,135
223.6,132
223.7,130
223.8,129
223.9,127
224,125
224.1,124
224.2,123
224.3,121
224.4,119
224.5,117
224.6,115
224.7,113
224.8,111
224.9,110
225,107
225.1,104
225.2,103
225.3,102
225.4,100
225.5,99
225.6,97
225.7,96
225.8,94
225.9,92
226,91
226.1,90
226.2,88
226.3,86
226.4,85
226.5,83
226.6,81
226.7,80
226.8,78
226.9,76
227,74
227.1,72
227.2,71
227.3,69
227.4,67
227.5,65
227.6,64
227.7,63
227.8,62
227.9,61
228,59
228.1,58
228.2,56
228.3,53
228.4,52
228.5,50
228.6,48
228.7,46
228.8,44
228.9,43
229,41
229.1,41
229.2,40
229.3,39
229.4,36
229.5,34
229.6,33
229.7,32
229.8,30
229.9,28
230,27
230.1,26
230.2,24
230.3,22
230.4,20
230.5,18
230.6,17
230.7,16
230.8,15
230.9,13
231,12
231.1,11
231.2,9
231.3,8
231.4,6
231.5,4
231.6,3
231.7,1
231.8,0
231.9,254
232,252
232.1,251
232.2,249
232.3,248
232.4,247
232.5,246
232.6,244
232.7,242
232.8,242
232.9,240
233,239
233.1,237
233.2,235
233.3,234
233.4,236
233.5,233
233.6,231
233.7,229
233.8,227
233.9,226
234,225
234.1,223
234.2,223
234.3,222
234.4,220
234.5,219
234.6,218
234.7,216
234.8,215
234.9,213
235,211
235.1,210
235.2,208
235.3,207
235.4,206
235.5,204
235.6,204
235.7,203
235.8,202
235.9,200
236,199
236.1,198
236.2,197
236.3,195
236.4,194
236.5,193
236.6,191
236.7,189
236.8,189
236.9,187
237,185
237.1,184
237.2,183
237.3,182
237.4,181
237.5,181
237.6,179
237.7,178
237.8,177
237.9,176
238,175
238.1,174
238.2,172
238.3,171
238.4,170
238.5,168
238.6,167
238.7,179
238.8,183
238.9,183
239,182
239.1,180
239.2,179
239.3,178
239.4,177
239.5,176
239.6,175
239.7,173
239.8,171
239.9,169
240,181
240.1,186
240.2,187
240.3,187
240.4,186
240.5,184
240.6,182
240.7,181
240.8,180
240.9,179
241,177
241.1,176
241.2,174
241.3,173
241.4,171
241.5,170
241.6,186
241.7,189
241.8,189
241.9,187
242,186
242.1,184
242.2,183
242.3,181
242.4,180
242.5,179
242.6,177
242.7,176
242.8,174
242.9,172
243,171
243.1,178
243.2,186
243.3,187
243.4,187
243.5,185
243.6,183
243.7,181
243.8,179
243.9,178
244,177
244.1,175
244.2,173
244.3,172
244.4,176
244.5,178
244.6,177
244.7,175
244.8,180
244.9,184
245,185
245.1,184
245.2,183
245.3,181
245.4,179
245.5,183
245.6,183
245.7,182
245.8,181
245.9,180
246,178
246.1,177
246.2,175
246.3,174
246.4,173
246.5,185
246.6,187
246.7,187
246.8,186
246.9,184
247,183
247.1,181
247.2,179
247.3,177
247.4,176
247.5,174
247.6,172
247.7,177
247.8,178
247.9,178
248,177
248.1,177
248.2,186
248.3,188
248.4,187
248.5,185
248.6,183
248.7,181
248.8,179
248.9,178
249,179
249.1,178
249.2,176
249.3,175
249.4,173
249.5,177
249.6,175
249.7,180
249.8,179
249.9,183
250,183
250.1,182
250.2,182
250.3,182
250.4,182
250.5,179
250.6,179
250.7,177
250.8,177
250.9,176
251,176
251.1,176
251.2,176
251.3,178
251.4,179
251.5,181
251.6,182
251.7,183
251.8,183
251.9,183
252,183
252.1,182
252.2,181
252.3,179
252.4,176
252.5,177
252.6,175
252.7,177
252.8,175
252.9,178
253,178
253.1,180
253.2,182
253.3,183
253.4,185
253.5,183
253.6,184
253.7,182
253.8,182
253.9,179
254,178
254.1,176
254.2,175
254.3,175
254.4,175
254.5,175
254.6,178
254.7,179
254.8,181
254.9,184
255,183
255.1,185
255.2,183
255.3,183
255.4,183
255.5,180
255.6,179
255.7,176
255.8,179
255.9,177
256,177
256.1,176
256.2,177
256.3,178
256.4,180
256.5,182
256.6,182
256.7,184
256.8,183
256.9,183
257,183
257.1,182
257.2,181
257.3,179
257.4,177
257.5,177
257.6,175
257.7,177
257.8,175
257.9,177
258,178
258.1,180
258.2,183
258.3,183
258.4,185
258.5,183
258.6,184
258.7,183
258.8,182
258.9,179
259,178
259.1,177
259.2,175
259.3,176
259.4,176
259.5,176
259.6,178
259.7,179
259.8,181
259.9,182
260,182
260.1,185
260.2,183
260.3,184
260.4,182
260.5,181
260.6,178
260.7,177
260.8,176
260.9,175
261,176
261.1,175
261.2,176
261.3,178
261.4,180
261.5,181
261.6,182
261.7,184
261.8,184
261.9,182
262,184
262.1,182
262.2,181
262.3,178
262.4,176
262.5,176
262.6,175
262.7,176
262.8,176
262.9,178
263,178
263.1,181
263.2,183
263.3,184
263.4,185
263.5,182
263.6,184
263.7,182
263.8,181
263.9,179
264,178
264.1,177
264.2,175
264.3,175
264.4,175
264.5,176
264.6,177
264.7,179
264.8,180
264.9,183
265,183
265.1,184
265.2,183
265.3,184
265.4,181
265.5,181
265.6,178
265.7,177
265.8,177
265.9,175
266,176
266.1,174
266.2,177
266.3,177
266.4,180
266.5,181
266.6,182
266.7,184
266.8,182
266.9,183
267,183
267.1,182
267.2,180
267.3,177
267.4,175
267.5,176
267.6,173
267.7,176
267.8,174
267.9,177
268,178
268.1,181
268.2,182
268.3,182
268.4,184
268.5,181
268.6,184
268.7,182
268.8,181
268.9,178
269,177
269.1,175
269.2,175
269.3,175
269.4,175
269.5,175
269.6,177
269.7,179
269.8,181
269.9,182
270,182
270.1,183
270.2,181
270.3,183
270.4,181
270.5,181
270.6,178
270.7,176
270.8,176
270.9,174
271,175
271.1,174
271.2,176
271.3,177
271.4,179
271.5,181
271.6,182
271.7,184
271.8,183
271.9,181
272,183
272.1,181
272.2,178
272.3,177
272.4,174
272.5,175
272.6,173
272.7,176
272.8,174
272.9,176
273,178
273.1,180
273.2,181
273.3,181
273.4,183
273.5,181
273.6,183
273.7,181
273.8,180
273.9,178
274,177
274.1,175
274.2,174
274.3,175
274.4,174
274.5,175
274.6,177
274.7,178
274.8,180
274.9,182
275,182
275.1,182
275.2,181
275.3,182
275.4,180
275.5,180
275.6,177
275.7,176
275.8,175
275.9,173
276,175
276.1,173
276.2,176
276.3,177
276.4,179
276.5,180
276.6,181
276.7,182
276.8,182
276.9,182
277,181
277.1,180
277.2,178
277.3,176
277.4,175
277.5,175
277.6,173
277.7,175
277.8,174
277.9,177
278,177
278.1,180
278.2,181
278.3,182
278.4,183
278.5,181
278.6,182
278.7,180
278.8,180
278.9,177
279,177
279.1,175
279.2,174
279.3,175
279.4,174
279.5,175
279.6,176
279.7,178
279.8,180
279.9,181
280,182
280.1,183
280.2,182
280.3,182
280.4,180
280.5,179
280.6,177
280.7,175
280.8,175
280.9,173
281,175
281.1,174
281.2,176
281.3,176
281.4,178
281.5,180
281.6,179
281.7,182
281.8,181
281.9,182
282,181
282.1,180
282.2,178
282.3,175
282.4,175
282.5,174
282.6,174
282.7,174
282.8,175
282.9,177
283,179
283.1,180
283.2,181
283.3,181
283.4,182
283.5,181
283.6,182
283.7,180
283.8,180
283.9,177
284,175
284.1,174
284.2,174
284.3,174
284.4,174
284.5,175
284.6,177
284.7,178
284.8,180
284.9,181
285,182
285.1,182
285.2,182
285.3,181
285.4,180
285.5,179
285.6,177
285.7,175
285.8,175
285.9,173
286,174
286.1,173
286.2,175
286.3,177
286.4,178
286.5,181
286.6,182
286.7,183
286.8,181
286.9,182
287,181
287.1,180
287.2,177
287.3,177
287.4,175
287.5,175
287.6,174
287.7,174
287.8,174
287.9,176
288,177
288.1,180
288.2,180
288.3,181
288.4,182
288.5,180
288.6,182
288.7,179
288.8,179
288.9,177
289,176
289.1,175
289.2,173
289.3,175
289.4,173
289.5,175
289.6,176
289.7,178
289.8,180
289.9,181
290,182
290.1,181
290.2,181
290.3,181
290.4,180
290.5,178
290.6,176
290.7,175
290.8,175
290.9,174
291,174
291.1,173
291.2,176
291.3,176
291.4,179
291.5,181
291.6,181
291.7,183
291.8,180
291.9,182
292,180
292.1,180
292.2,177
292.3,175
292.4,175
292.5,175
292.6,175
292.7,174
292.8,174
292.9,176
293,177
293.1,179
293.2,180
293.3,181
293.4,182
293.5,181
293.6,182
293.7,180
293.8,179
293.9,176
294,174
294.1,175
294.2,173
294.3,174
294.4,173
294.5,175
294.6,176
294.7,177
294.8,179
294.9,180
295,181
295.1,181
295.2,182
295.3,181
295.4,179
295.5,177
295.6,175
295.7,174
295.8,175
295.9,173
296,174
296.1,173
296.2,176
296.3,176
296.4,179
296.5,181
296.6,180
296.7,182
296.8,180
296.9,182
297,180
297.1,180
297.2,178
297.3,176
297.4,175
297.5,173
297.6,174
297.7,172
297.8,174
297.9,175
298,177
298.1,179
298.2,181
298.3,182
298.4,183
298.5,181
298.6,182
298.7,179
298.8,179
298.9,176
299,175
299.1,174
299.2,172
299.3,174
299.4,173
299.5,175
299.6,175
299.7,178
299.8,179
299.9,181
300,181
300.1,180
300.2,181
300.3,180
300.4,180
300.5,178
300.6,175
300.7,174
300.8,174
300.9,173
301,174
301.1,173
301.2,175
301.3,176
301.4,178
301.5,180
301.6,180
301.7,182
301.8,180
301.9,182
302,180
302.1,179
302.2,176
302.3,175
302.4,173
302.5,172
302.6,173
302.7,173
302.8,174
302.9,176
303,177
303.1,179
303.2,180
303.3,180
303.4,181
303.5,180
303.6,182
303.7,179
303.8,179
303.9,176
304,174
304.1,174
304.2,172
304.3,174
304.4,173
304.5,175
304.6,177
304.7,179
304.8,181
304.9,181
305,183
305.1,181
305.2,182
305.3,181
305.4,179
305.5,177
305.6,176
305.7,175
305.8,174
305.9,172
306,173
306.1,173
306.2,175
306.3,177
306.4,179
306.5,181
306.6,182
306.7,182
306.8,180
306.9,181
307,179
307.1,179
307.2,176
307.3,175
307.4,175
307.5,173
307.6,174
307.7,174
307.8,174
307.9,176
308,177
308.1,180
308.2,181
308.3,181
308.4,181
308.5,181
308.6,182
308.7,179
308.8,178
308.9,175
309,175
309.1,173
309.2,173
309.3,174
309.4,173
309.5,175
309.6,176
309.7,178
309.8,180
309.9,180
310,182
310.1,180
310.2,182
310.3,180
310.4,179
310.5,177
310.6,176
310.7,174
310.8,173
310.9,173
311,173
311.1,173
311.2,176
311.3,177
311.4,179
311.5,181
311.6,180
311.7,182
311.8,180
311.9,182
312,180
312.1,180
312.2,177
312.3,175
312.4,174
312.5,173
312.6,174
312.7,172
312.8,175
312.9,176
313,178
313.1,180
313.2,181
313.3,183
313.4,182
313.5,181
313.6,181
313.7,180
313.8,178
313.9,176
314,175
314.1,174
314.2,172
314.3,174
314.4,173
314.5,175
314.6,176
314.7,178
314.8,181
314.9,180
315,183
315.1,181
315.2,182
315.3,180
315.4,179
315.5,176
315.6,175
315.7,174
315.8,173
315.9,173
316,173
316.1,174
316.2,176
316.3,177
316.4,178
316.5,180
316.6,181
316.7,182
316.8,180
316.9,182
317,181
317.1,179
317.2,176
317.3,175
317.4,175
317.5,173
317.6,174
317.7,172
317.8,175
317.9,176
318,178
318.1,179
318.2,180
318.3,182
318.4,181
318.5,181
318.6,180
318.7,180
318.8,178
318.9,176
319,175
319.1,174
319.2,173
319.3,173
319.4,173
319.5,175
319.6,176
319.7,178
319.8,180
319.9,180
320,182
320.1,179
320.2,181
320.3,179
320.4,179
320.5,176
320.6,176
320.7,175
320.8,173
320.9,173
321,173
321.1,173
321.2,175
321.3,177
321.4,179
321.5,180
321.6,181
321.7,182
321.8,180
321.9,181
322,179
322.1,178
322.2,176
322.3,175
322.4,174
322.5,172
322.6,173
322.7,172
322.8,175
322.9,175
323,177
323.1,180
323.2,180
323.3,182
323.4,182
323.5,184
323.6,181
323.7,179
323.8,177
323.9,175
324,174
324.1,173
324.2,172
324.3,173
324.4,172
324.5,175
324.6,176
324.7,178
324.8,180
324.9,180
325,180
325.1,179
325.2,181
325.3,179
325.4,179
325.5,176
325.6,174
325.7,173
325.8,172
325.9,173
326,172
326.1,173
326.2,174
326.3,176
326.4,179
326.5,180
326.6,180
326.7,180
326.8,179
326.9,181
327,179
327.1,178
327.2,175
327.3,173
327.4,174
327.5,172
327.6,173
327.7,172
327.8,174
327.9,175
328,178
328.1,179
328.2,179
328.3,181
328.4,180
328.5,181
328.6,180
328.7,178
328.8,176
328.9,175
329,173
329.1,173
329.2,172
329.3,172
329.4,173
329.5,174
329.6,175
329.7,177
329.8,180
329.9,180
330,182
330.1,180
330.2,181
330.3,179
330.4,179
330.5,176
330.6,174
330.7,173
330.8,171
330.9,173
331,171
331.1,173
331.2,174
331.3,176
331.4,178
331.5,179
331.6,180
331.7,180
331.8,179
331.9,180
332,179
332.1,178
332.2,176
332.3,174
332.4,173
332.5,172
332.6,173
332.7,172
332.8,175
332.9,175
333,178
333.1,178
333.2,179
333.3,181
333.4,179
333.5,181
333.6,180
333.7,179
333.8,177
333.9,175
334,173
334.1,172
334.2,172
334.3,172
334.4,172
334.5,175
334.6,176
334.7,177
334.8,179
334.9,179
335,181
335.1,179
335.2,181
335.3,179
335.4,178
335.5,175
335.6,174
335.7,174
335.8,173
335.9,173
336,172
336.1,173
336.2,174
336.3,176
336.4,178
336.5,179
336.6,181
336.7,180
336.8,180
336.9,180
337,178
337.1,177
337.2,175
337.3,173
337.4,174
337.5,172
337.6,173
337.7,172
337.8,174
337.9,174
338,177
338.1,179
338.2,179
338.3,181
338.4,179
338.5,180
338.6,179
338.7,178
338.8,176
338.9,174
339,173
339.1,171
339.2,171
339.3,172
339.4,172
339.5,176
339.6,176
339.7,178
339.8,179
339.9,180
340,181
340.1,179
340.2,180
340.3,178
340.4,177
340.5,175
340.6,174
340.7,173
340.8,171
340.9,173
341,171
341.1,173
341.2,175
341.3,177
341.4,178
341.5,179
341.6,180
341.7,179
341.8,180
341.9,180
342,178
342.1,176
342.2,174
342.3,172
342.4,173
342.5,171
342.6,172
342.7,171
342.8,174
342.9,175
343,177
343.1,179
343.2,179
343.3,181
343.4,179
343.5,181
343.6,178
343.7,178
343.8,175
343.9,174
344,173
344.1,172
344.2,172
344.3,172
344.4,172
344.5,174
344.6,175
344.7,177
344.8,178
344.9,179
345,180
345.1,179
345.2,180
345.3,178
345.4,177
345.5,175
345.6,172
345.7,172
345.8,171
345.9,172
346,171
346.1,173
346.2,174
346.3,176
346.4,179
346.5,178
346.6,180
346.7,178
346.8,180
346.9,179
347,178
347.1,176
347.2,174
347.3,172
347.4,172
347.5,171
347.6,172
347.7,171
347.8,173
347.9,175
348,177
348.1,178
348.2,179
348.3,181
348.4,178
348.5,180
348.6,178
348.7,178
348.8,175
348.9,174
349,173
349.1,172
349.2,172
349.3,171
349.4,172
349.5,173
349.6,176
349.7,177
349.8,179
349.9,179
350,179
350.1,179
350.2,180
350.3,178
350.4,177
350.5,175
350.6,173
350.7,173
350.8,171
350.9,172
351,171
351.1,173
351.2,174
351.3,176
351.4,177
351.5,179
351.6,180
351.7,178
351.8,180
351.9,179
352,178
352.1,176
352.2,174
352.3,172
352.4,172
352.5,171
352.6,172
352.7,172
352.8,174
352.9,175
353,177
353.1,179
353.2,178
353.3,180
353.4,178
353.5,180
353.6,178
353.7,177
353.8,174
353.9,173
354,172
354.1,171
354.2,171
354.3,171
354.4,172
354.5,174
354.6,176
354.7,178
354.8,179
354.9,180
355,180
355.1,178
355.2,179
355.3,176
355.4,176
355.5,173
355.6,172
355.7,172
355.8,171
355.9,172
356,171
356.1,173
356.2,173
356.3,176
356.4,178
356.5,177
356.6,180
356.7,178
356.8,180
356.9,178
357,177
357.1,175
357.2,174
357.3,173
357.4,171
357.5,171
357.6,171
357.7,172
357.8,173
357.9,174
358,176
358.1,178
358.2,178
358.3,180
358.4,178
358.5,180
358.6,177
358.7,177
358.8,174
358.9,173
359,172
359.1,170
359.2,172
359.3,171
359.4,173
359.5,174
359.6,175
359.7,177
359.8,178
359.9,179
360,179
360.1,178
360.2,179
360.3,178
360.4,177
360.5,173
360.6,172
360.7,171
360.8,171
360.9,171
361,171
361.1,173
361.2,174
361.3,177
361.4,179
361.5,178
361.6,180
361.7,178
361.8,179
361.9,177
362,177
362.1,175
362.2,173
362.3,172
362.4,173
362.5,172
362.6,171
362.7,171
362.8,173
362.9,175
363,177
363.1,178
363.2,178
363.3,178
363.4,177
363.5,179
363.6,177
363.7,177
363.8,174
363.9,173
364,171
364.1,170
364.2,171
364.3,170
364.4,172
364.5,173
364.6,175
364.7,177
364.8,178
364.9,179
365,179
365.1,178
365.2,178
365.3,177
365.4,175
365.5,174
365.6,171
365.7,171
365.8,170
365.9,171
366,171
366.1,172
366.2,174
366.3,175
366.4,177
366.5,177
366.6,179
366.7,177
366.8,179
366.9,176
367,177
367.1,173
367.2,172
367.3,171
367.4,172
367.5,172
367.6,170
367.7,172
367.8,173
367.9,174
368,175
368.1,177
368.2,179
368.3,180
368.4,177
368.5,179
368.6,177
368.7,176
368.8,173
368.9,172
369,170
369.1,169
369.2,170
369.3,169
369.4,172
369.5,173
369.6,175
369.7,177
369.8,177
369.9,180
370,178
370.1,178
370.2,177
370.3,176
370.4,175
370.5,172
370.6,172
370.7,170
370.8,170
370.9,170
371,170
371.1,173
371.2,173
371.3,175
371.4,177
371.5,177
371.6,179
371.7,177
371.8,179
371.9,176
372,177
372.1,174
372.2,171
372.3,171
372.4,170
372.5,171
372.6,170
372.7,171
372.8,172
372.9,174
373,176
373.1,177
373.2,177
373.3,179
373.4,177
373.5,178
373.6,176
373.7,176
373.8,174
373.9,172
374,172
374.1,170
374.2,171
374.3,170
374.4,172
374.5,173
374.6,175
374.7,177
374.8,177
374.9,179
375,178
375.1,179
375.2,178
375.3,176
375.4,174
375.5,172
375.6,171
375.7,170
375.8,170
375.9,170
376,170
376.1,172
376.2,173
376.3,175
376.4,178
376.5,177
376.6,179
376.7,177
376.8,179
376.9,177
377,176
377.1,173
377.2,172
377.3,172
377.4,170
377.5,171
377.6,170
377.7,171
377.8,172
377.9,174
378,177
378.1,178
378.2,177
378.3,178
378.4,178
378.5,178
378.6,176
378.7,175
378.8,172
378.9,171
379,171
379.1,171
379.2,172
379.3,170
379.4,172
379.5,173
379.6,175
379.7,177
379.8,177
379.9,177
380,177
380.1,178
380.2,177
380.3,177
380.4,174
380.5,172
380.6,171
380.7,168
380.8,169
380.9,170
381,170
381.1,172
381.2,174
381.3,175
381.4,177
381.5,177
381.6,179
381.7,177
381.8,178
381.9,176
382,176
382.1,173
382.2,172
382.3,171
382.4,169
382.5,170
382.6,169
382.7,171
382.8,172
382.9,174
383,176
383.1,177
383.2,179
383.3,178
383.4,177
383.5,178
383.6,176
383.7,175
383.8,172
383.9,171
384,170
384.1,169
384.2,170
384.3,170
384.4,172
384.5,172
384.6,174
384.7,176
384.8,177
384.9,178
385,176
385.1,178
385.2,176
385.3,176
385.4,173
385.5,171
385.6,171
385.7,170
385.8,170
385.9,170
386,170
386.1,172
386.2,173
386.3,175
386.4,177
386.5,178
386.6,178
386.7,177
386.8,178
386.9,176
387,175
387.1,172
387.2,171
387.3,170
387.4,169
387.5,170
387.6,169
387.7,171
387.8,171
387.9,174
388,176
388.1,177
388.2,178
388.3,177
388.4,178
388.5,177
388.6,176
388.7,174
388.8,172
388.9,170
389,171
389.1,169
389.2,170
389.3,169
389.4,172
389.5,173
389.6,175
389.7,177
389.8,176
389.9,178
390,176
390.1,178
390.2,176
390.3,176
390.4,173
390.5,172
390.6,171
390.7,170
390.8,169
390.9,169
391,170
391.1,172
391.2,173
391.3,175
391.4,176
391.5,177
391.6,178
391.7,176
391.8,177
391.9,176
392,176
392.1,173
392.2,172
392.3,171
392.4,169
392.5,171
392.6,169
392.7,171
392.8,171
392.9,173
393,175
393.1,176
393.2,178
393.3,177
393.4,177
393.5,177
393.6,176
393.7,174
393.8,172
393.9,170
394,170
394.1,169
394.2,170
394.3,169
394.4,171
394.5,172
394.6,175
394.7,176
394.8,177
394.9,179
395,176
395.1,178
395.2,176
395.3,176
395.4,173
395.5,171
395.6,169
395.7,169
395.8,169
395.9,169
396,170
396.1,172
396.2,174
396.3,175
396.4,176
396.5,175
396.6,175
396.7,175
396.8,177
396.9,175
397,175
397.1,172
397.2,171
397.3,169
397.4,168
397.5,170
397.6,169
397.7,171
397.8,172
397.9,174
398,175
398.1,176
398.2,177
398.3,177
398.4,178
398.5,176
398.6,175
398.7,174
398.8,172
398.9,170
399,170
399.1,169
399.2,170
399.3,169
399.4,171
399.5,173
399.6,175
399.7,177
399.8,177
399.9,179
400,176
400.1,177
400.2,176
400.3,175
400.4,172
400.5,171
400.6,170
400.7,169
400.8,170
400.9,169
401,170
401.1,172
401.2,173
401.3,175
401.4,177
401.5,178
401.6,178
401.7,176
401.8,177
401.9,175
402,174
402.1,171
402.2,170
402.3,170
402.4,169
402.5,170
402.6,169
402.7,171
402.8,172
402.9,174
403,176
403.1,176
403.2,178
403.3,177
403.4,177
403.5,176
403.6,176
403.7,174
403.8,172
403.9,170
404,170
404.1,169
404.2,168
404.3,169
404.4,171
404.5,172
404.6,175
404.7,177
404.8,176
404.9,178
405,175
405.1,177
405.2,175
405.3,175
405.4,172
405.5,171
405.6,171
405.7,169
405.8,169
405.9,169
406,170
406.1,171
406.2,173
406.3,175
406.4,176
406.5,177
406.6,178
406.7,177
406.8,177
406.9,175
407,174
407.1,172
407.2,171
407.3,170
407.4,168
407.5,170
407.6,169
407.7,171
407.8,171
407.9,174
408,176
408.1,176
408.2,177
408.3,176
408.4,177
408.5,176
408.6,175
408.7,172
408.8,170
408.9,169
409,170
409.1,169
409.2,169
409.3,169
409.4,171
409.5,172
409.6,174
409.7,176
409.8,176
409.9,178
410,176
410.1,178
410.2,175
410.3,175
410.4,172
410.5,170
410.6,168
410.7,169
410.8,169
410.9,169
411,170
411.1,171
411.2,173
411.3,175
411.4,175
411.5,177
411.6,177
411.7,176
411.8,176
411.9,174
412,173
412.1,171
412.2,169
412.3,170
412.4,169
412.5,170
412.6,168
412.7,171
412.8,172
412.9,174
413,176
413.1,176
413.2,177
413.3,175
413.4,177
413.5,175
413.6,175
413.7,172
413.8,171
413.9,169
414,169
414.1,169
414.2,169
414.3,170
414.4,171
414.5,172
414.6,174
414.7,176
414.8,176
414.9,177
415,175
415.1,177
415.2,175
415.3,175
415.4,171
415.5,170
415.6,170
415.7,168
415.8,169
415.9,168
416,170
416.1,171
416.2,173
416.3,175
416.4,176
416.5,176
416.6,176
416.7,176
416.8,176
416.9,175
417,173
417.1,171
417.2,169
417.3,169
417.4,167
417.5,169
417.6,168
417.7,170
417.8,171
417.9,174
418,176
418.1,176
418.2,177
418.3,176
418.4,177
418.5,175
418.6,174
418.7,172
418.8,171
418.9,169
419,169
419.1,169
419.2,168
419.3,169
419.4,171
419.5,173
419.6,175
419.7,176
419.8,175
419.9,177
420,175
420.1,176
420.2,174
420.3,174
420.4,171
420.5,170
420.6,168
420.7,167
420.8,170
420.9,169
421,170
421.1,171
421.2,173
421.3,175
421.4,176
421.5,177
421.6,176
421.7,176
421.8,175
421.9,175
422,173
422.1,171
422.2,169
422.3,169
422.4,168
422.5,169
422.6,168
422.7,170
422.8,171
422.9,173
423,176
423.1,176
423.2,178
423.3,176
423.4,177
423.5,175
423.6,175
423.7,171
423.8,171
423.9,169
424,168
424.1,168
424.2,168
424.3,169
424.4,170
424.5,172
424.6,174
424.7,176
424.8,176
424.9,176
425,175
425.1,176
425.2,174
425.3,174
425.4,171
425.5,170
425.6,169
425.7,168
425.8,169
425.9,168
426,170
426.1,171
426.2,173
426.3,175
426.4,176
426.5,177
426.6,176
426.7,176
426.8,175
426.9,174
427,172
427.1,170
427.2,169
427.3,169
427.4,169
427.5,169
427.6,169
427.7,170
427.8,171
427.9,173
428,175
428.1,176
428.2,178
428.3,175
428.4,177
428.5,174
428.6,175
428.7,171
428.8,170
428.9,169
429,168
429.1,168
429.2,168
429.3,170
429.4,171
429.5,173
429.6,174
429.7,176
429.8,176
429.9,177
430,176
430.1,176
430.2,175
430.3,173
430.4,171
430.5,169
430.6,171
430.7,168
430.8,169
430.9,167
431,170
431.1,171
431.2,173
431.3,174
431.4,175
431.5,176
431.6,175
431.7,177
431.8,175
431.9,174
432,172
432.1,170
432.2,169
432.3,169
432.4,168
432.5,168
432.6,168
432.7,170
432.8,172
432.9,174
433,175
433.1,175
433.2,177
433.3,174
433.4,176
433.5,174
433.6,174
433.7,171
433.8,170
433.9,169
434,167
434.1,169
434.2,167
434.3,169
434.4,170
434.5,172
434.6,174
434.7,176
434.8,175
434.9,176
435,174
435.1,175
435.2,174
435.3,173
435.4,171
435.5,169
435.6,169
435.7,167
435.8,169
435.9,168
436,171
436.1,171
436.2,173
436.3,175
436.4,175
436.5,178
436.6,175
436.7,176
436.8,174
436.9,174
437,172
437.1,170
437.2,168
437.3,168
437.4,168
437.5,168
437.6,168
437.7,170
437.8,172
437.9,173
438,176
438.1,176
438.2,179
438.3,175
438.4,177
438.5,175
438.6,174
438.7,171
438.8,170
438.9,169
439,166
439.1,167
439.2,167
439.3,169
439.4,170
439.5,172
439.6,174
439.7,175
439.8,178
439.9,176
440,176
440.1,175
440.2,174
440.3,173
440.4,171
440.5,169
440.6,169
440.7,167
440.8,168
440.9,167
441,169
441.1,171
441.2,173
441.3,175
441.4,175
441.5,177
441.6,175
441.7,176
441.8,175
441.9,174
442,171
442.1,170
442.2,169
442.3,166
442.4,168
442.5,168
442.6,169
442.7,170
442.8,172
442.9,174
443,176
443.1,176
443.2,177
443.3,175
443.4,177
443.5,174
443.6,174
443.7,171
443.8,170
443.9,169
444,167
444.1,169
444.2,167
444.3,169
444.4,170
444.5,172
444.6,176
444.7,175
444.8,176
444.9,175
445,176
445.1,175
445.2,174
445.3,173
445.4,170
445.5,169
445.6,168
445.7,167
445.8,168
445.9,167
446,170
446.1,171
446.2,173
446.3,175
446.4,175
446.5,177
446.6,175
446.7,176
446.8,174
446.9,175
447,172
447.1,170
447.2,169
447.3,168
447.4,168
447.5,168
447.6,168
447.7,170
447.8,172
447.9,174
448,175
448.1,175
448.2,176
448.3,175
448.4,176
448.5,174
448.6,173
448.7,171
448.8,169
448.9,169
449,168
449.1,169
449.2,168
449.3,169
449.4,170
449.5,173
449.6,174
449.7,175
449.8,177
449.9,175
450,176
450.1,175
450.2,174
450.3,172
450.4,170
450.5,169
450.6,169
450.7,168
450.8,169
450.9,168
451,170
451.1,171
451.2,173
451.3,175
451.4,175
451.5,175
451.6,174
451.7,176
451.8,174
451.9,174
452,171
452.1,170
452.2,169
452.3,167
452.4,168
452.5,168
452.6,169
452.7,170
452.8,172
452.9,174
453,175
453.1,176
453.2,176
453.3,175
453.4,176
453.5,174
453.6,173
453.7,171
453.8,169
453.9,168
454,167
454.1,168
454.2,167
454.3,169
454.4,170
454.5,173
454.6,175
454.7,175
454.8,177
454.9,175
455,176
455.1,175
455.2,174
455.3,172
455.4,171
455.5,169
455.6,169
455.7,168
455.8,168
455.9,168
456,170
456.1,171
456.2,173
456.3,175
456.4,176
456.5,177
456.6,175
456.7,176
456.8,174
456.9,175
457,171
457.1,170
457.2,169
457.3,168
457.4,168
457.5,168
457.6,169
457.7,171
457.8,172
457.9,174
458,175
458.1,176
458.2,177
458.3,176
458.4,176
458.5,174
458.6,173
458.7,171
458.8,169
458.9,170
459,167
459.1,169
459.2,168
459.3,171
459.4,171
459.5,173
459.6,175
459.7,175
459.8,177
459.9,175
460,176
460.1,175
460.2,175
460.3,172
460.4,171
460.5,169
460.6,167
460.7,167
460.8,168
460.9,168
461,170
461.1,172
461.2,174
461.3,176
461.4,175
461.5,177
461.6,175
461.7,176
461.8,174
461.9,174
462,171
462.1,170
462.2,169
462.3,167
462.4,168
462.5,167
462.6,169
462.7,171
462.8,172
462.9,175
463,175
463.1,176
463.2,177
463.3,176
463.4,176
463.5,175
463.6,173
463.7,171
463.8,169
463.9,169
464,168
464.1,169
464.2,168
464.3,170
464.4,171
464.5,173
464.6,175
464.7,175
464.8,177
464.9,175
465,176
465.1,175
465.2,175
465.3,172
465.4,170
465.5,169
465.6,168
465.7,167
465.8,168
465.9,169
466,170
466.1,172
466.2,173
466.3,175
466.4,175
466.5,176
466.6,175
466.7,177
466.8,174
466.9,174
467,171
467.1,170
467.2,169
467.3,167
467.4,168
467.5,167
467.6,169
467.7,171
467.8,172
467.9,175
468,176
468.1,177
468.2,176
468.3,176
468.4,175
468.5,175
468.6,173
468.7,171
468.8,169
468.9,169
469,167
469.1,168
469.2,168
469.3,170
469.4,171
469.5,173
469.6,175
469.7,177
469.8,178
469.9,175
470,177
470.1,175
470.2,174
470.3,172
470.4,171
470.5,169
470.6,168
470.7,168
470.8,168
470.9,169
471,171
471.1,172
471.2,174
471.3,175
471.4,176
471.5,177
471.6,176
471.7,177
471.8,175
471.9,174
472,171
472.1,170
472.2,169
472.3,167
472.4,169
472.5,168
472.6,170
472.7,170
472.8,172
472.9,174
473,175
473.1,176
473.2,175
473.3,176
473.4,176
473.5,175
473.6,173
473.7,170
473.8,169
473.9,169
474,167
474.1,168
474.2,168
474.3,170
474.4,171
474.5,173
474.6,175
474.7,175
474.8,177
474.9,174
475,176
475.1,174
475.2,175
475.3,172
475.4,170
475.5,169
475.6,168
475.7,168
475.8,167
475.9,168
476,170
476.1,172
476.2,174
476.3,175
476.4,176
476.5,176
476.6,175
476.7,176
476.8,174
476.9,174
477,171
477.1,169
477.2,167
477.3,166
477.4,169
477.5,168
477.6,170
477.7,171
477.8,173
477.9,175
478,175
478.1,177
478.2,175
478.3,176
478.4,175
478.5,175
478.6,173
478.7,171
478.8,169
478.9,169
479,168
479.1,169
479.2,168
479.3,170
479.4,171
479.5,173
479.6,175
479.7,175
479.8,177
479.9,175
480,176
480.1,174
480.2,174
480.3,171
480.4,170
480.5,169
480.6,168
480.7,168
480.8,167
480.9,169
481,171
481.1,172
481.2,173
481.3,175
481.4,175
481.5,176
481.6,175
481.7,176
481.8,174
481.9,173
482,171
482.1,170
482.2,169
482.3,167
482.4,168
482.5,168
482.6,169
482.7,170
482.8,173
482.9,174
483,175
483.1,177
483.2,175
483.3,176
483.4,175
483.5,175
483.6,173
483.7,171
483.8,169
483.9,169
484,169
484.1,169
484.2,168
484.3,170
484.4,171
484.5,173
484.6,175
484.7,175
484.8,177
484.9,174
485,176
485.1,174
485.2,174
485.3,171
485.4,170
485.5,168
485.6,167
485.7,169
485.8,167
485.9,169
486,170
486.1,172
486.2,174
486.3,176
486.4,176
486.5,176
486.6,175
486.7,175
486.8,174
486.9,173
487,170
487.1,169
487.2,169
487.3,167
487.4,169
487.5,168
487.6,170
487.7,171
487.8,173
487.9,175
488,175
488.1,177
488.2,174
488.3,176
488.4,175
488.5,176
488.6,172
488.7,171
488.8,169
488.9,168
489,168
489.1,168
489.2,168
489.3,170
489.4,172
489.5,173
489.6,175
489.7,175
489.8,175
489.9,174
490,176
490.1,174
490.2,174
490.3,171
490.4,169
490.5,169
490.6,167
490.7,168
490.8,167
490.9,169
491,168
491.1,172
491.2,175
491.3,174
491.4,176
491.5,176
491.6,175
491.7,175
491.8,174
491.9,172
492,171
492.1,169
492.2,169
492.3,168
492.4,169
492.5,168
492.6,170
492.7,171
492.8,173
492.9,175
493,175
493.1,176
493.2,175
493.3,177
493.4,175
493.5,174
493.6,171
493.7,169
493.8,168
493.9,167
494,167
494.1,168
494.2,169
494.3,170
494.4,172
494.5,173
494.6,175
494.7,176
494.8,177
494.9,175
495,176
495.1,174
495.2,174
495.3,171
495.4,170
495.5,169
495.6,168
495.7,168
495.8,167
495.9,169
496,170
496.1,172
496.2,174
496.3,175
496.4,176
496.5,176
496.6,176
496.7,176
496.8,174
496.9,173
497,170
497.1,170
497.2,169
497.3,169
497.4,169
497.5,168
497.6,170
497.7,170
497.8,173
497.9,175
498,175
498.1,178
498.2,174
498.3,176
498.4,174
498.5,172
498.6,170
498.7,169
498.8,169
498.9,167
499,168
499.1,168
499.2,168
499.3,170
499.4,171
499.5,173
499.6,175
499.7,176
499.8,177
499.9,175
500,176
500.1,174
500.2,173
500.3,170
500.4,169
500.5,169
500.6,167
500.7,168
500.8,167
500.9,169
501,170
501.1,173
501.2,174
501.3,175
501.4,176
501.5,175
501.6,176
501.7,175
501.8,174
501.9,172
502,170
502.1,169
502.2,168
502.3,167
502.4,168
502.5,168
502.6,170
502.7,171
502.8,173
502.9,175
503,175
503.1,177
503.2,175
503.3,177
503.4,174
503.5,175
503.6,171
503.7,170
503.8,168
503.9,167
504,168
504.1,168
504.2,169
504.3,170
504.4,172
504.5,174
504.6,175
504.7,175
504.8,176
504.9,175
505,176
505.1,174
505.2,172
505.3,170
505.4,170
505.5,169
505.6,167
505.7,169
505.8,168
505.9,169
506,170
506.1,172
506.2,174
506.3,175
506.4,176
506.5,175
506.6,176
506.7,175
506.8,174
506.9,172
507,170
507.1,168
507.2,168
507.3,167
507.4,168
507.5,167
507.6,170
507.7,171
507.8,173
507.9,175
508,175
508.1,177
508.2,174
508.3,176
508.4,174
508.5,174
508.6,171
508.7,170
508.8,169
508.9,167
509,168
509.1,167
509.2,169
509.3,170
509.4,171
509.5,173
509.6,175
509.7,176
509.8,175
509.9,175
510,175
510.1,174
510.2,173
510.3,171
510.4,169
510.5,168
510.6,166
510.7,168
510.8,167
510.9,170
511,170
511.1,172
511.2,175
511.3,175
511.4,177
511.5,175
511.6,176
511.7,174
511.8,174
511.9,171
512,171
512.1,168
512.2,167
512.3,166
512.4,168
512.5,168
512.6,170
512.7,171
512.8,174
512.9,175
513,174
513.1,177
513.2,175
513.3,176
513.4,174
513.5,175
513.6,170
513.7,169
513.8,168
513.9,167
514,168
514.1,167
514.2,169
514.3,169
514.4,172
514.5,174
514.6,175
514.7,176
514.8,176
514.9,175
515,176
515.1,174
515.2,173
515.3,170
515.4,168
515.5,168
515.6,167
515.7,168
515.8,167
515.9,169
516,170
516.1,173
516.2,175
516.3,175
516.4,176
516.5,174
516.6,176
516.7,174
516.8,174
516.9,171
517,170
517.1,168
517.2,168
517.3,167
517.4,167
517.5,168
517.6,169
517.7,171
517.8,173
517.9,175
518,175
518.1,176
518.2,174
518.3,176
518.4,174
518.5,174
518.6,170
518.7,169
518.8,168
518.9,167
519,168
519.1,167
519.2,169
519.3,170
519.4,172
519.5,174
519.6,175
519.7,176
519.8,176
519.9,175
520,175
520.1,174
520.2,173
520.3,170
520.4,169
520.5,168
520.6,167
520.7,168
520.8,167
520.9,169
521,170
521.1,173
521.2,175
521.3,175
521.4,176
521.5,175
521.6,176
521.7,174
521.8,174
521.9,171
522,169
522.1,168
522.2,168
522.3,168
522.4,168
522.5,168
522.6,170
522.7,171
522.8,173
522.9,174
523,175
523.1,176
523.2,174
523.3,176
523.4,173
523.5,173
523.6,169
523.7,168
523.8,169
523.9,167
524,168
524.1,167
524.2,169
524.3,170
524.4,172
524.5,174
524.6,175
524.7,176
524.8,175
524.9,175
525,174
525.1,174
525.2,172
525.3,170
525.4,168
525.5,168
525.6,167
525.7,168
525.8,167
525.9,169
526,170
526.1,173
526.2,175
526.3,174
526.4,177
526.5,174
526.6,176
526.7,174
526.8,174
526.9,171
527,169
527.1,168
527.2,167
527.3,167
527.4,167
527.5,168
527.6,170
527.7,171
527.8,173
527.9,174
528,174
528.1,175
528.2,174
528.3,175
528.4,173
528.5,173
528.6,170
528.7,169
528.8,166
528.9,166
529,168
529.1,167
529.2,169
529.3,170
529.4,172
529.5,173
529.6,174
529.7,176
529.8,175
529.9,175
530,175
530.1,173
530.2,172
530.3,170
530.4,168
530.5,168
530.6,167
530.7,168
530.8,167
530.9,169
531,171
531.1,173
531.2,175
531.3,175
531.4,176
531.5,174
531.6,176
531.7,174
531.8,174
531.9,171
532,170
532.1,170
532.2,168
532.3,168
532.4,167
532.5,168
532.6,170
532.7,172
532.8,173
532.9,175
533,176
533.1,176
533.2,175
533.3,175
533.4,174
533.5,172
533.6,170
533.7,169
533.8,168
533.9,166
534,167
534.1,167
534.2,169
534.3,170
534.4,172
534.5,174
534.6,175
534.7,176
534.8,174
534.9,176
535,174
535.1,172
535.2,170
535.3,169
535.4,167
535.5,167
535.6,167
535.7,168
535.8,167
535.9,169
536,171
536.1,172
536.2,174
536.3,174
536.4,176
536.5,174
536.6,176
536.7,174
536.8,174
536.9,170
537,169
537.1,168
537.2,166
537.3,167
537.4,167
537.5,169
537.6,170
537.7,172
537.8,173
537.9,173
538,175
538.1,175
538.2,174
538.3,175
538.4,173
538.5,172
538.6,170
538.7,168
538.8,167
538.9,164
539,166
539.1,166
539.2,169
539.3,170
539.4,172
539.5,174
539.6,174
539.7,176
539.8,174
539.9,175
540,174
540.1,174
540.2,171
540.3,170
540.4,168
540.5,168
540.6,167
540.7,167
540.8,167
540.9,169
541,170
541.1,172
541.2,174
541.3,176
541.4,177
541.5,174
541.6,176
541.7,173
541.8,172
541.9,168
542,168
542.1,167
542.2,166
542.3,168
542.4,167
542.5,169
542.6,170
542.7,172
542.8,173
542.9,174
543,175
543.1,175
543.2,174
543.3,174
543.4,173
543.5,172
543.6,169
543.7,168
543.8,168
543.9,167
544,168
544.1,167
544.2,169
544.3,170
544.4,172
544.5,174
544.6,175
544.7,177
544.8,174
544.9,175
545,174
545.1,174
545.2,171
545.3,169
545.4,168
545.5,166
545.6,167
545.7,167
545.8,167
545.9,169
546,171
546.1,173
546.2,174
546.3,174
546.4,176
546.5,173
546.6,175
546.7,172
546.8,173
546.9,170
547,169
547.1,168
547.2,167
547.3,167
547.4,166
547.5,168
547.6,169
547.7,171
547.8,173
547.9,175
548,175
548.1,175
548.2,175
548.3,174
548.4,172
548.5,171
548.6,169
548.7,168
548.8,167
548.9,167
549,167
549.1,167
549.2,169
549.3,170
549.4,172
549.5,174
549.6,174
549.7,176
549.8,174
549.9,175
550,173
550.1,173
550.2,170
550.3,169
550.4,167
550.5,167
550.6,167
550.7,167
550.8,168
550.9,169
551,171
551.1,172
551.2,174
551.3,172
551.4,174
551.5,174
551.6,175
551.7,173
551.8,172
551.9,170
552,168
552.1,168
552.2,166
552.3,167
552.4,166
552.5,168
552.6,169
552.7,172
552.8,173
552.9,175
553,175
553.1,174
553.2,175
553.3,174
553.4,173
553.5,171
553.6,170
553.7,168
553.8,169
553.9,167
554,169
554.1,167
554.2,169
554.3,170
554.4,172
554.5,174
554.6,174
554.7,175
554.8,174
554.9,175
555,173
555.1,173
555.2,170
555.3,169
555.4,168
555.5,168
555.6,167
555.7,167
555.8,168
555.9,169
556,170
556.1,172
556.2,174
556.3,175
556.4,176
556.5,174
556.6,175
556.7,173
556.8,172
556.9,169
557,168
557.1,167
557.2,166
557.3,167
557.4,166
557.5,168
557.6,169
557.7,172
557.8,173
557.9,174
558,175
558.1,174
558.2,175
558.3,174
558.4,173
558.5,171
558.6,169
558.7,168
558.8,168
558.9,166
559,167
559.1,167
559.2,169
559.3,170
559.4,172
559.5,174
559.6,174
559.7,175
559.8,173
559.9,176
560,173
560.1,174
560.2,170
560.3,169
560.4,167
560.5,166
560.6,167
560.7,166
560.8,168
560.9,169
561,171
561.1,172
561.2,175
561.3,174
561.4,175
561.5,174
561.6,175
561.7,172
561.8,171
561.9,169
562,168
562.1,168
562.2,167
562.3,168
562.4,167
562.5,169
562.6,169
562.7,172
562.8,173
562.9,173
563,176
563.1,174
563.2,175
563.3,174
563.4,173
563.5,171
563.6,169
563.7,167
563.8,165
563.9,166
564,166
564.1,167
564.2,169
564.3,170
564.4,172
564.5,174
564.6,174
564.7,176
564.8,173
564.9,175
565,173
565.1,173
565.2,169
565.3,168
565.4,167
565.5,165
565.6,166
565.7,166
565.8,168
565.9,168
566,171
566.1,173
566.2,174
566.3,175
566.4,175
566.5,174
566.6,174
566.7,173
566.8,172
566.9,169
567,168
567.1,168
567.2,166
567.3,168
567.4,167
567.5,169
567.6,169
567.7,172
567.8,174
567.9,173
568,175
568.1,173
568.2,174
568.3,173
568.4,173
568.5,171
568.6,169
568.7,168
568.8,168
568.9,167
569,167
569.1,167
569.2,169
569.3,170
569.4,172
569.5,174
569.6,173
569.7,175
569.8,173
569.9,175
570,172
570.1,172
570.2,169
570.3,168
570.4,167
570.5,165
570.6,167
570.7,166
570.8,167
570.9,169
571,171
571.1,173
571.2,174
571.3,175
571.4,175
571.5,174
571.6,174
571.7,173
571.8,171
571.9,169
572,168
572.1,170
572.2,167
572.3,168
572.4,167
572.5,169
572.6,170
572.7,172
572.8,173
572.9,171
573,174
573.1,173
573.2,175
573.3,173
573.4,173
573.5,170
573.6,168
573.7,167
573.8,166
573.9,167
574,166
574.1,167
574.2,169
574.3,170
574.4,172
574.5,174
574.6,174
574.7,176
574.8,173
574.9,175
575,172
575.1,172
575.2,169
575.3,168
575.4,167
575.5,166
575.6,167
575.7,166
575.8,168
575.9,169
576,171
576.1,173
576.2,174
576.3,175
576.4,174
576.5,174
576.6,174
576.7,172
576.8,171
576.9,169
577,167
577.1,167
577.2,166
577.3,167
577.4,166
577.5,169
577.6,169
577.7,171
577.8,173
577.9,173
578,175
578.1,173
578.2,175
578.3,172
578.4,172
578.5,169
578.6,168
578.7,167
578.8,166
578.9,167
579,166
579.1,168
579.2,170
579.3,171
579.4,172
579.5,174
579.6,174
579.7,175
579.8,174
579.9,175
580,172
580.1,172
580.2,169
580.3,168
580.4,167
580.5,165
580.6,167
580.7,166
580.8,168
580.9,169
581,171
581.1,173
581.2,174
581.3,174
581.4,174
581.5,174
581.6,174
581.7,173
581.8,171
581.9,169
582,167
582.1,167
582.2,166
582.3,167
582.4,167
582.5,169
582.6,169
582.7,171
582.8,174
582.9,173
583,175
583.1,173
583.2,175
583.3,173
583.4,173
583.5,170
583.6,168
583.7,167
583.8,166
583.9,166
584,166
584.1,167
584.2,169
584.3,170
584.4,172
584.5,173
584.6,173
584.7,174
584.8,173
584.9,174
585,173
585.1,172
585.2,169
585.3,167
585.4,167
585.5,165
585.6,167
585.7,166
585.8,168
585.9,168
586,171
586.1,172
586.2,173
586.3,175
586.4,173
586.5,174
586.6,174
586.7,173
586.8,170
586.9,168
587,167
587.1,168
587.2,166
587.3,167
587.4,165
587.5,170
587.6,170
587.7,172
587.8,174
587.9,174
588,176
588.1,173
588.2,175
588.3,173
588.4,173
588.5,170
588.6,169
588.7,168
588.8,167
588.9,167
589,166
589.1,167
589.2,169
589.3,171
589.4,173
589.5,174
589.6,174
589.7,175
589.8,174
589.9,175
590,173
590.1,172
590.2,169
590.3,169
590.4,167
590.5,166
590.6,167
590.7,166
590.8,168
590.9,169
591,171
591.1,173
591.2,174
591.3,176
591.4,174
591.5,175
591.6,174
591.7,174
591.8,171
591.9,169
592,168
592.1,168
592.2,167
592.3,167
592.4,167
592.5,170
592.6,170
592.7,173
592.8,175
592.9,175
593,176
593.1,174
593.2,175
593.3,173
593.4,173
593.5,170
593.6,169
593.7,168
593.8,166
593.9,167
594,166
594.1,168
594.2,169
594.3,172
594.4,174
594.5,174
594.6,175
594.7,175
594.8,174
594.9,175
595,173
595.1,173
595.2,170
595.3,169
595.4,168
595.5,167
595.6,168
595.7,166
595.8,168
595.9,170
596,172
596.1,175
596.2,174
596.3,175
596.4,174
596.5,175
596.6,174
596.7,174
596.8,171
596.9,169
597,168
597.1,168
597.2,167
597.3,168
597.4,168
597.5,167
597.6,170
597.7,172
597.8,174
597.9,174
598,176
598.1,174
598.2,175
598.3,173
598.4,174
598.5,170
598.6,169
598.7,167
598.8,166
598.9,168
599,167
599.1,168
599.2,169
599.3,171
599.4,173
599.5,174
599.6,175
599.7,175
599.8,174
599.9,175
600,173
600.1,172
600.2,170
600.3,169
600.4,168
600.5,167
600.6,168
600.7,167
600.8,169
600.9,170
601,172
601.1,174
601.2,175
601.3,176
601.4,175
601.5,176
601.6,175
601.7,174
601.8,171
601.9,170
602,168
602.1,168
602.2,167
602.3,167
602.4,167
602.5,169
602.6,171
602.7,173
602.8,175
602.9,175
603,176
603.1,174
603.2,176
603.3,174
603.4,173
603.5,170
603.6,169
603.7,169
603.8,168
603.9,168
604,167
604.1,168
604.2,169
604.3,172
604.4,174
604.5,175
604.6,176
604.7,174
604.8,175
604.9,175
605,175
605.1,173
605.2,170
605.3,168
605.4,168
605.5,167
605.6,168
605.7,167
605.8,169
605.9,170
606,173
606.1,175
606.2,174
606.3,178
606.4,175
606.5,176
606.6,174
606.7,174
606.8,171
606.9,169
607,168
607.1,167
607.2,168
607.3,167
607.4,168
607.5,169
607.6,171
607.7,173
607.8,175
607.9,175
608,176
608.1,174
608.2,176
608.3,173
608.4,173
608.5,171
608.6,169
608.7,168
608.8,167
608.9,168
609,167
609.1,168
609.2,170
609.3,172
609.4,174
609.5,175
609.6,176
609.7,175
609.8,175
609.9,175
610,173
610.1,171
610.2,170
610.3,168
610.4,168
610.5,167
610.6,168
610.7,167
610.8,170
610.9,171
611,172
611.1,174
611.2,174
611.3,177
611.4,174
611.5,176
611.6,174
611.7,174
611.8,171
611.9,169
612,169
612.1,166
612.2,168
612.3,167
612.4,169
612.5,170
612.6,172
612.7,173
612.8,175
612.9,175
613,176
613.1,174
613.2,175
613.3,174
613.4,173
613.5,170
613.6,168
613.7,166
613.8,167
613.9,168
614,167
614.1,169
614.2,170
614.3,173
614.4,174
614.5,174
614.6,176
614.7,176
614.8,176
614.9,175
615,174
615.1,172
615.2,170
615.3,169
615.4,168
615.5,167
615.6,168
615.7,167
615.8,169
615.9,171
616,173
616.1,175
616.2,177
616.3,176
616.4,175
616.5,176
616.6,174
616.7,174
616.8,170
616.9,169
617,169
617.1,168
617.2,169
617.3,168
617.4,168
617.5,170
617.6,172
617.7,174
617.8,175
617.9,176
618,177
618.1,175
618.2,176
618.3,173
618.4,173
618.5,170
618.6,169
618.7,168
618.8,167
618.9,168
619,167
619.1,169
619.2,170
619.3,173
619.4,174
619.5,175
619.6,177
619.7,175
619.8,176
619.9,175
620,173
620.1,171
620.2,170
620.3,168
620.4,168
620.5,167
620.6,168
620.7,167
620.8,170
620.9,170
621,173
621.1,174
621.2,175
621.3,176
621.4,175
621.5,176
621.6,174
621.7,174
621.8,170
621.9,169
622,169
622.1,168
622.2,168
622.3,166
622.4,168
622.5,170
622.6,172
622.7,174
622.8,176
622.9,175
623,175
623.1,175
623.2,175
623.3,174
623.4,173
623.5,171
623.6,169
623.7,169
623.8,167
623.9,169
624,167
624.1,170
624.2,171
624.3,173
624.4,175
624.5,175
624.6,177
624.7,174
624.8,176
624.9,175
625,174
625.1,172
625.2,171
625.3,169
625.4,168
625.5,167
625.6,167
625.7,167
625.8,169
625.9,170
626,172
626.1,175
626.2,175
626.3,177
626.4,175
626.5,176
626.6,174
626.7,174
626.8,170
626.9,169
627,167
627.1,166
627.2,168
627.3,167
627.4,169
627.5,170
627.6,173
627.7,174
627.8,175
627.9,176
628,176
628.1,175
628.2,175
628.3,173
628.4,172
628.5,171
628.6,169
628.7,168
628.8,166
628.9,168
629,166
629.1,170
629.2,170
629.3,172
629.4,175
629.5,174
629.6,174
629.7,173
629.8,175
629.9,174
630,174
630.1,171
630.2,170
630.3,168
630.4,168
630.5,168
630.6,168
630.7,168
630.8,170
630.9,171
631,173
631.1,174
631.2,175
631.3,176
631.4,175
631.5,175
631.6,173
631.7,173
631.8,170
631.9,170
632,168
632.1,167
632.2,168
632.3,167
632.4,169
632.5,170
632.6,172
632.7,174
632.8,175
632.9,176
633,175
633.1,176
633.2,175
633.3,174
633.4,172
633.5,170
633.6,168
633.7,168
633.8,166
633.9,168
634,167
634.1,168
634.2,170
634.3,172
634.4,175
634.5,175
634.6,177
634.7,177
634.8,176
634.9,175
635,175
635.1,178
635.2,216
635.3,20
635.4,88
635.5,156
635.6,224
635.7,34
635.8,98
635.9,160
636,190
636.1,201
636.2,204
636.3,205
636.4,205
636.5,205
636.6,205
636.7,205
636.8,205
636.9,205
637,206
637.1,206
637.2,206
637.3,206
637.4,206
637.5,206
637.6,206
637.7,206
637.8,206
637.9,206
638,206
638.1,205
638.2,205
638.3,205
638.4,205
638.5,206
638.6,206
638.7,206
638.8,206
638.9,206
639,206
639.1,206
639.2,206
639.3,206
639.4,206
639.5,206
639.6,206
639.7,205
639.8,205
639.9,205
640,205
640.1,205
640.2,205
640.3,206
640.4,206
640.5,206
640.6,206
640.7,207
640.8,207
640.9,206
641,206
641.1,206
641.2,205
641.3,206
641.4,206
641.5,205
641.6,205
641.7,205
641.8,205
641.9,206
642,206
642.1,206
642.2,206
642.3,206
642.4,206
642.5,206
642.6,206
642.7,206
642.8,206
642.9,205
643,206
643.1,205
643.2,205
643.3,205
643.4,205
643.5,206
643.6,206
643.7,206
643.8,206
643.9,206
644,206
644.1,206
644.2,206
644.3,206
644.4,206
644.5,206
644.6,205
644.7,205
644.8,205
644.9,205
645,205
645.1,205
645.2,206
645.3,206
645.4,206
645.5,206
645.6,206
645.7,206
645.8,206
645.9,206
646,206
646.1,206
646.2,206
646.3,206
646.4,206
646.5,206
646.6,205
646.7,205
646.8,205
646.9,206
647,206
647.1,206
647.2,206
647.3,207
647.4,206
647.5,206
647.6,206
647.7,206
647.8,206
647.9,206
648,205
648.1,205
648.2,205
648.3,205
648.4,205
648.5,206
648.6,206
648.7,206
648.8,206
648.9,206
649,206
649.1,206
649.2,206
649.3,206
649.4,206
649.5,206
649.6,206
649.7,205
649.8,205
649.9,205
650,205
650.1,205
650.2,205
650.3,205
650.4,206
650.5,206
650.6,206
650.7,206
650.8,206
650.9,206
651,206
651.1,206
651.2,206
651.3,205
651.4,205
651.5,205
651.6,205
651.7,205
651.8,205
651.9,205
652,206
652.1,206
652.2,206
652.3,206
652.4,206
652.5,206
652.6,206
652.7,206
652.8,206
652.9,205
653,205
653.1,205
653.2,205
653.3,205
653.4,205
653.5,206
653.6,206
653.7,206
653.8,206
653.9,206
654,206
654.1,206
654.2,206
654.3,206
654.4,206
654.5,206
654.6,206
654.7,206
654.8,206
654.9,205
655,205
655.1,205
655.2,206
655.3,206
655.4,206
655.5,206
655.6,206
655.7,206
655.8,206
655.9,206
656,206
656.1,206
656.2,206
656.3,206
656.4,206
656.5,205
656.6,205
656.7,205
656.8,205
656.9,206
657,206
657.1,206
657.2,206
657.3,206
657.4,206
657.5,206
657.6,206
657.7,205
657.8,205
657.9,205
658,205
658.1,205
658.2,205
658.3,205
658.4,206
658.5,206
658.6,206
658.7,206
658.8,206
658.9,206
659,206
659.1,206
659.2,206
659.3,206
659.4,206
659.5,206
659.6,206
659.7,205
659.8,205
659.9,205
660,205
660.1,206
660.2,206
660.3,206
660.4,206
660.5,206
660.6,206
660.7,206
660.8,206
660.9,206
661,206
661.1,206
661.2,205
661.3,205
661.4,205
661.5,205
661.6,205
661.7,205
661.8,206
661.9,206
662,206
662.1,206
662.2,206
662.3,206
662.4,206
662.5,206
662.6,206
662.7,206
662.8,206
662.9,206
663,205
663.1,205
663.2,205
663.3,205
663.4,205
663.5,205
663.6,206
663.7,206
663.8,206
663.9,206
664,206
664.1,206
664.2,206
664.3,206
664.4,206
664.5,206
664.6,206
664.7,205
664.8,206
664.9,206
665,206
665.1,206
665.2,206
665.3,206
665.4,206
665.5,206
665.6,206
665.7,206
665.8,206
665.9,206
666,206
666.1,206
666.2,206
666.3,206
666.4,206
666.5,206
666.6,205
666.7,205
666.8,205
666.9,206
667,206
667.1,206
667.2,206
667.3,206
667.4,206
667.5,206
667.6,206
667.7,206
667.8,205
667.9,206
668,206
668.1,205
668.2,205
668.3,205
668.4,205
668.5,206
668.6,206
668.7,206
668.8,206
668.9,206
669,206
669.1,206
669.2,206
669.3,206
669.4,206
669.5,206
669.6,206
669.7,205
669.8,205
669.9,205
670,205
670.1,206
670.2,206
670.3,206
670.4,206
670.5,206
670.6,206
670.7,206
670.8,206
670.9,206
671,206
671.1,206
671.2,205
671.3,206
671.4,205
671.5,205
671.6,205
671.7,205
671.8,205
671.9,205
672,206
672.1,206
672.2,206
672.3,206
672.4,206
672.5,206
672.6,206
672.7,206
672.8,206
672.9,206
673,206
673.1,205
673.2,205
673.3,205
673.4,206
673.5,206
673.6,206
673.7,206
673.8,206
673.9,206
674,206
674.1,206
674.2,206
674.3,206
674.4,206
674.5,206
674.6,206
674.7,205
674.8,205
674.9,205
675,205
675.1,205
675.2,205
675.3,206
675.4,206
675.5,206
675.6,206
675.7,206
675.8,206
675.9,206
676,206
676.1,206
676.2,206
676.3,206
676.4,205
676.5,205
676.6,205
676.7,205
676.8,206
676.9,206
677,205
677.1,206
677.2,206
677.3,206
677.4,206
677.5,206
677.6,206
677.7,206
677.8,206
677.9,206
678,205
678.1,205
678.2,205
678.3,205
678.4,206
678.5,206
678.6,206
678.7,206
678.8,206
678.9,206
679,206
679.1,206
679.2,206
679.3,206
679.4,206
679.5,206
679.6,206
679.7,205
679.8,205
679.9,205
680,205
680.1,205
680.2,206
680.3,206
680.4,206
680.5,206
680.6,206
680.7,206
680.8,206
680.9,206
681,206
681.1,206
681.2,206
681.3,206
681.4,206
681.5,205
681.6,205
681.7,205
681.8,206
681.9,206
682,206
682.1,206
682.2,206
682.3,206
682.4,206
682.5,206
682.6,206
682.7,206
682.8,206
682.9,206
683,206
683.1,205
683.2,205
683.3,205
683.4,205
683.5,206
683.6,206
683.7,206
683.8,206
683.9,206
684,206
684.1,206
684.2,206
684.3,206
684.4,206
684.5,206
684.6,206
684.7,205
684.8,205
684.9,205
685,205
685.1,206
685.2,206
685.3,206
685.4,206
685.5,206
685.6,206
685.7,206
685.8,206
685.9,206
686,206
686.1,206
686.2,205
686.3,206
686.4,205
686.5,205
686.6,205
686.7,205
686.8,206
686.9,206
687,206
687.1,206
687.2,206
687.3,206
687.4,206
687.5,206
687.6,206
687.7,206
687.8,206
687.9,206
688,205
688.1,205
688.2,205
688.3,205
688.4,206
688.5,205
688.6,206
688.7,206
688.8,206
688.9,206
689,206
689.1,206
689.2,206
689.3,206
689.4,206
689.5,206
689.6,205
689.7,206
689.8,205
689.9,205
690,205
690.1,205
690.2,206
690.3,206
690.4,206
690.5,206
690.6,206
690.7,207
690.8,206
690.9,206
691,206
691.1,206
691.2,205
691.3,205
691.4,205
691.5,205
691.6,205
691.7,205
691.8,205
691.9,206
692,206
692.1,206
692.2,206
692.3,206
692.4,206
692.5,206
692.6,206
692.7,206
692.8,206
692.9,206
693,205
693.1,205
693.2,205
693.3,205
693.4,205
693.5,205
693.6,206
693.7,206
693.8,206
693.9,206
694,206
694.1,206
694.2,206
694.3,206
694.4,206
694.5,206
694.6,206
694.7,205
694.8,205
694.9,205
695,206
695.1,206
695.2,206
695.3,206
695.4,206
695.5,206
695.6,206
695.7,206
695.8,206
695.9,206
696,206
696.1,206
696.2,206
696.3,205
696.4,205
696.5,205
696.6,205
696.7,205
696.8,206
696.9,206
697,206
697.1,206
697.2,206
697.3,206
697.4,206
697.5,206
697.6,206
697.7,206
697.8,206
697.9,206
698,206
698.1,205
698.2,205
698.3,205
698.4,205
698.5,206
698.6,206
698.7,206
698.8,207
698.9,206
699,206
699.1,206
699.2,206
699.3,206
699.4,206
699.5,206
699.6,205
699.7,205
699.8,205
699.9,205
700,205
700.1,205
700.2,206
700.3,206
700.4,204
700.5,202
700.6,199
700.7,196
700.8,193
700.9,190
701,187
701.1,184
701.2,180
701.3,177
701.4,174
701.5,172
701.6,169
701.7,166
701.8,163
701.9,160
702,157
702.1,155
702.2,152
702.3,149
702.4,146
702.5,144
702.6,140
702.7,138
702.8,135
702.9,132
703,129
703.1,126
703.2,123
703.3,120
703.4,119
703.5,116
703.6,113
703.7,110
703.8,108
703.9,106
704,103
704.1,100
704.2,98
704.3,95
704.4,91
704.5,89
704.6,87
704.7,84
704.8,82
704.9,79
705,76
705.1,74
705.2,72
705.3,69
705.4,67
705.5,65
705.6,63
705.7,60
705.8,57
705.9,55
706,53
706.1,49
706.2,46
706.3,45
706.4,42
706.5,40
706.6,38
706.7,36
706.8,33
706.9,31
707,29
707.1,27
707.2,24
707.3,22
707.4,20
707.5,17
707.6,15
707.7,13
707.8,10
707.9,8
708,5
708.1,3
708.2,1
708.3,255
708.4,253
708.5,250
708.6,249
708.7,247
708.8,245
708.9,243
709,240
709.1,238
709.2,235
709.3,233
709.4,231
709.5,228
709.6,226
709.7,224
709.8,222
709.9,222
710,219
710.1,217
710.2,215
710.3,213
710.4,211
710.5,209
710.6,207
710.7,205
710.8,202
710.9,200
711,198
711.1,196
711.2,194
711.3,192
711.4,189
711.5,188
711.6,186
711.7,184
711.8,182
711.9,180
712,179
712.1,177
712.2,175
712.3,173
712.4,171
712.5,169
712.6,168
712.7,165
712.8,163
712.9,161
713,159
713.1,157
713.2,155
713.3,153
713.4,151
713.5,150
713.6,148
713.7,146
713.8,144
713.9,142
714,140
714.1,139
714.2,137
714.3,135
714.4,133
714.5,131
714.6,128
714.7,127
714.8,125
714.9,123
715,121
715.1,120
715.2,119
715.3,117
715.4,117
715.5,114
715.6,112
715.7,110
715.8,108
715.9,106
716,104
716.1,102
716.2,100
716.3,99
716.4,96
716.5,95
716.6,93
716.7,92
716.8,90
716.9,88
717,88
717.1,85
717.2,84
717.3,82
717.4,80
717.5,78
717.6,78
717.7,75
717.8,74
717.9,72
718,69
718.1,68
718.2,69
718.3,65
718.4,64
718.5,62
718.6,60
718.7,59
718.8,57
718.9,56
719,54
719.1,52
719.2,51
719.3,49
719.4,47
719.5,46
719.6,44
719.7,42
719.8,40
719.9,39
720,37
720.1,36
720.2,34
720.3,34
720.4,32
720.5,30
720.6,28
720.7,27
720.8,26
720.9,24
721,23
721.1,21
721.2,19
721.3,18
721.4,16
721.5,15
721.6,13
721.7,11
721.8,10
721.9,9
722,5
722.1,5
722.2,4
722.3,3
722.4,255
722.5,255
722.6,253
722.7,252
722.8,251
722.9,250
723,248
723.1,247
723.2,245
723.3,244
723.4,242
723.5,241
723.6,240
723.7,239
723.8,238
723.9,237
724,235
724.1,233
724.2,232
724.3,230
724.4,229
724.5,227
724.6,226
724.7,224
724.8,223
724.9,221
725,220
725.1,219
725.2,218
725.3,216
725.4,215
725.5,214
725.6,213
725.7,212
725.8,210
725.9,208
726,207
726.1,206
726.2,204
726.3,203
726.4,202
726.5,201
726.6,199
726.7,198
726.8,197
726.9,195
727,195
727.1,194
727.2,193
727.3,191
727.4,190
727.5,188
727.6,186
727.7,185
727.8,184
727.9,183
728,181
728.1,180
728.2,178
728.3,178
728.4,177
728.5,176
728.6,176
728.7,174
728.8,172
728.9,171
729,170
729.1,169
729.2,167
729.3,166
729.4,164
729.5,171
729.6,180
729.7,181
729.8,181
729.9,180
730,179
730.1,178
730.2,178
730.3,176
730.4,175
730.5,174
730.6,172
730.7,170
730.8,169
730.9,168
731,177
731.1,185
731.2,186
731.3,185
731.4,183
731.5,181
731.6,180
731.7,179
731.8,178
731.9,177
732,175
732.1,174
732.2,173
732.3,171
732.4,169
732.5,167
732.6,183
732.7,186
732.8,186
732.9,185
733,183
733.1,182
733.2,180
733.3,179
733.4,177
733.5,175
733.6,174
733.7,173
733.8,172
733.9,169
734,168
734.1,181
734.2,183
734.3,183
734.4,182
734.5,180
734.6,178
734.7,177
734.8,178
734.9,182
735,182
735.1,181
735.2,180
735.3,178
735.4,176
735.5,175
735.6,174
735.7,172
735.8,170
735.9,184
736,188
736.1,188
736.2,188
736.3,185
736.4,183
736.5,181
736.6,179
736.7,178
736.8,176
736.9,175
737,173
737.1,172
737.2,170
737.3,171
737.4,181
737.5,182
737.6,182
737.7,181
737.8,179
737.9,177
738,185
738.1,186
738.2,186
738.3,185
738.4,183
738.5,181
738.6,179
738.7,178
738.8,176
738.9,174
739,172
739.1,170
739.2,183
739.3,188
739.4,189
739.5,188
739.6,186
739.7,184
739.8,181
739.9,179
740,178
740.1,176
740.2,174
740.3,172
740.4,171
740.5,174
740.6,178
740.7,178
740.8,177
740.9,175
741,188
741.1,191
741.2,190
741.3,188
741.4,185
741.5,183
741.6,182
741.7,179
741.8,177
741.9,176
742,175
742.1,172
742.2,170
742.3,172
742.4,181
742.5,184
742.6,183
742.7,181
742.8,178
742.9,177
743,185
743.1,186
743.2,183
743.3,183
743.4,182
743.5,181
743.6,179
743.7,177
743.8,175
743.9,173
744,171
744.1,173
744.2,184
744.3,187
744.4,187
744.5,185
744.6,183
744.7,180
744.8,178
744.9,176
745,178
745.1,179
745.2,179
745.3,178
745.4,176
745.5,174
745.6,172
745.7,170
745.8,183
745.9,185
746,185
746.1,183
746.2,181
746.3,179
746.4,177
746.5,185
746.6,186
746.7,186
746.8,184
746.9,182
747,181
747.1,178
747.2,176
747.3,174
747.4,172
747.5,172
747.6,186
747.7,188
747.8,188
747.9,187
748,185
748.1,184
748.2,181
748.3,179
748.4,177
748.5,175
748.6,173
748.7,171
748.8,170
748.9,178
749,179
749.1,178
749.2,176
749.3,179
749.4,187
749.5,188
749.6,188
749.7,186
749.8,184
749.9,182
750,179
750.1,178
750.2,176
750.3,174
750.4,172
750.5,170
750.6,178
750.7,182
750.8,181
750.9,180
751,177
751.1,180
751.2,189
751.3,190
751.4,189
751.5,186
751.6,184
751.7,182
751.8,180
751.9,179
752,177
752.1,175
752.2,173
752.3,171
752.4,174
752.5,184
752.6,186
752.7,185
752.8,183
752.9,181
753,179
753.1,177
753.2,185
753.3,186
753.4,185
753.5,183
753.6,181
753.7,178
753.8,177
753.9,175
754,173
754.1,171
754.2,183
754.3,188
754.4,188
754.5,188
754.6,186
754.7,183
754.8,181
754.9,179
755,177
755.1,175
755.2,173
755.3,170
755.4,177
755.5,179
755.6,178
755.7,176
755.8,174
755.9,185
756,190
756.1,190
756.2,189
756.3,186
756.4,184
756.5,181
756.6,179
756.7,178
756.8,175
756.9,171
757,171
757.1,169
757.2,178
757.3,179
757.4,178
757.5,176
757.6,176
757.7,186
757.8,189
757.9,188
758,186
758.1,184
758.2,182
758.3,179
758.4,177
758.5,175
758.6,172
758.7,171
758.8,170
758.9,180
759,181
759.1,180
759.2,178
759.3,175
759.4,187
759.5,190
759.6,189
759.7,187
759.8,185
759.9,182
760,180
760.1,178
760.2,176
760.3,174
760.4,172
760.5,170
760.6,178
760.7,183
760.8,182
760.9,180
761,178
761.1,178
761.2,187
761.3,189
761.4,188
761.5,186
761.6,184
761.7,182
761.8,180
761.9,178
762,175
762.1,173
762.2,170
762.3,169
762.4,184
762.5,187
762.6,187
762.7,183
762.8,182
762.9,179
763,177
763.1,182
763.2,186
763.3,186
763.4,184
763.5,183
763.6,181
763.7,178
763.8,176
763.9,173
764,171
764.1,169
764.2,185
764.3,188
764.4,187
764.5,186
764.6,184
764.7,182
764.8,179
764.9,176
765,174
765.1,173
765.2,177
765.3,179
765.4,176
765.5,174
765.6,172
765.7,178
765.8,185
765.9,185
766,184
766.1,181
766.2,179
766.3,176
766.4,186
766.5,187
766.6,186
766.7,184
766.8,182
766.9,180
767,177
767.1,175
767.2,173
767.3,171
767.4,170
767.5,185
767.6,188
767.7,187
767.8,185
767.9,182
768,180
768.1,177
768.2,175
768.3,181
768.4,181
768.5,179
768.6,177
768.7,175
768.8,174
768.9,171
769,168
769.1,184
769.2,187
769.3,187
769.4,184
769.5,182
769.6,179
769.7,176
769.8,178
769.9,184
770,184
770.1,183
770.2,181
770.3,179
770.4,177
770.5,174
770.6,172
770.7,170
770.8,183
770.9,187
771,188
771.1,185
771.2,183
771.3,181
771.4,178
771.5,176
771.6,176
771.7,179
771.8,178
771.9,178
772,176
772.1,174
772.2,172
772.3,169
772.4,183
772.5,185
772.6,185
772.7,183
772.8,180
772.9,178
773,176
773.1,184
773.2,186
773.3,185
773.4,183
773.5,180
773.6,177
773.7,176
773.8,174
773.9,172
774,170
774.1,181
774.2,186
774.3,187
774.4,183
774.5,182
774.6,180
774.7,177
774.8,175
774.9,180
775,181
775.1,180
775.2,178
775.3,176
775.4,174
775.5,172
775.6,169
775.7,181
775.8,184
775.9,184
776,182
776.1,180
776.2,177
776.3,179
776.4,184
776.5,185
776.6,184
776.7,182
776.8,179
776.9,178
777,176
777.1,174
777.2,171
777.3,169
777.4,182
777.5,186
777.6,186
777.7,184
777.8,182
777.9,179
778,177
778.1,176
778.2,182
778.3,184
778.4,183
778.5,181
778.6,180
778.7,178
778.8,175
778.9,173
779,170
779.1,177
779.2,185
779.3,186
779.4,185
779.5,182
779.6,180
779.7,178
779.8,176
779.9,176
780,179
780.1,178
780.2,177
780.3,175
780.4,173
780.5,171
780.6,169
780.7,182
780.8,184
780.9,183
781,181
781.1,179
781.2,176
781.3,180
781.4,186
781.5,186
781.6,185
781.7,183
781.8,181
781.9,179
782,176
782.1,174
782.2,171
782.3,169
782.4,176
782.5,184
782.6,185
782.7,185
782.8,183
782.9,180
783,177
783.1,175
783.2,182
783.3,182
783.4,182
783.5,180
783.6,178
783.7,175
783.8,173
783.9,171
784,168
784.1,182
784.2,185
784.3,185
784.4,182
784.5,181
784.6,179
784.7,176
784.8,178
784.9,182
785,183
785.1,181
785.2,178
785.3,176
785.4,175
785.5,173
785.6,170
785.7,169
785.8,183
785.9,185
786,184
786.1,182
786.2,180
786.3,178
786.4,175
786.5,179
786.6,182
786.7,181
786.8,179
786.9,178
787,176
787.1,173
787.2,171
787.3,169
787.4,177
787.5,185
787.6,186
787.7,185
787.8,182
787.9,180
788,177
788.1,175
788.2,181
788.3,182
788.4,181
788.5,179
788.6,176
788.7,174
788.8,172
788.9,170
789,171
789.1,182
789.2,184
789.3,184
789.4,182
789.5,179
789.6,177
789.7,174
789.8,182
789.9,183
790,183
790.1,181
790.2,179
790.3,176
790.4,174
790.5,172
790.6,169
790.7,171
790.8,183
790.9,185
791,184
791.1,182
791.2,180
791.3,177
791.4,175
791.5,184
791.6,184
791.7,183
791.8,181
791.9,178
792,176
792.1,174
792.2,172
792.3,169
792.4,174
792.5,184
792.6,185
792.7,184
792.8,182
792.9,180
793,177
793.1,175
793.2,182
793.3,182
793.4,181
793.5,179
793.6,176
793.7,174
793.8,172
793.9,170
794,171
794.1,183
794.2,186
794.3,185
794.4,183
794.5,180
794.6,177
794.7,175
794.8,182
794.9,183
795,183
795.1,181
795.2,179
795.3,177
795.4,175
795.5,172
795.6,170
795.7,170
795.8,182
795.9,185
796,185
796.1,182
796.2,180
796.3,177
796.4,174
796.5,182
796.6,183
796.7,181
796.8,180
796.9,178
797,175
797.1,173
797.2,171
797.3,168
797.4,182
797.5,185
797.6,184
797.7,182
797.8,180
797.9,178
798,176
798.1,183
798.2,184
798.3,183
798.4,181
798.5,180
798.6,178
798.7,175
798.8,173
798.9,170
799,168
799.1,183
799.2,185
799.3,184
799.4,182
799.5,180
799.6,177
799.7,174
799.8,183
799.9,185
800,183
800.1,181
800.2,180
800.3,177
800.4,175
800.5,172
800.6,170
800.7,168
800.8,183
800.9,186
801,185
801.1,183
801.2,181
801.3,178
801.4,176
801.5,173
801.6,179
801.7,180
801.8,178
801.9,177
802,174
802.1,172
802.2,169
802.3,176
802.4,183
802.5,183
802.6,182
802.7,180
802.8,177
802.9,176
803,184
803.1,185
803.2,184
803.3,181
803.4,180
803.5,178
803.6,176
803.7,173
803.8,170
803.9,168
804,178
804.1,184
804.2,184
804.3,183
804.4,181
804.5,178
804.6,176
804.7,181
804.8,184
804.9,184
805,182
805.1,180
805.2,178
805.3,175
805.4,174
805.5,171
805.6,169
805.7,177
805.8,184
805.9,185
806,183
806.1,181
806.2,179
806.3,177
806.4,174
806.5,182
806.6,182
806.7,181
806.8,179
806.9,177
807,174
807.1,173
807.2,171
807.3,168
807.4,183
807.5,186
807.6,185
807.7,183
807.8,181
807.9,178
808,176
808.1,179
808.2,182
808.3,182
808.4,181
808.5,179
808.6,177
808.7,174
808.8,172
808.9,169
809,170
809.1,182
809.2,184
809.3,184
809.4,182
809.5,180
809.6,177
809.7,174
809.8,182
809.9,184
810,182
810.1,181
810.2,179
810.3,176
810.4,174
810.5,172
810.6,169
810.7,170
810.8,183
810.9,186
811,185
811.1,183
811.2,180
811.3,178
811.4,176
811.5,173
811.6,178
811.7,179
811.8,177
811.9,175
812,174
812.1,171
812.2,169
812.3,174
812.4,183
812.5,183
812.6,182
812.7,180
812.8,178
812.9,176
813,178
813.1,181
813.2,183
813.3,182
813.4,180
813.5,178
813.6,177
813.7,174
813.8,172
813.9,169
814,167
814.1,183
814.2,186
814.3,184
814.4,182
814.5,180
814.6,177
814.7,175
814.8,174
814.9,179
815,179
815.1,178
815.2,176
815.3,174
815.4,172
815.5,169
815.6,167
815.7,180
815.8,183
815.9,182
816,181
816.1,178
816.2,175
816.3,182
816.4,184
816.5,184
816.6,183
816.7,181
816.8,178
816.9,176
817,174
817.1,172
817.2,170
817.3,167
817.4,181
817.5,184
817.6,184
817.7,181
817.8,179
817.9,177
818,174
818.1,180
818.2,183
818.3,182
818.4,180
818.5,178
818.6,176
818.7,174
818.8,172
818.9,169
819,168
819.1,182
819.2,185
819.3,184
819.4,180
819.5,179
819.6,177
819.7,174
819.8,176
819.9,180
820,180
820.1,178
820.2,176
820.3,174
820.4,172
820.5,169
820.6,167
820.7,182
820.8,185
820.9,184
821,182
821.1,179
821.2,177
821.3,174
821.4,180
821.5,183
821.6,183
821.7,181
821.8,180
821.9,177
822,174
822.1,172
822.2,170
822.3,168
822.4,181
822.5,186
822.6,186
822.7,184
822.8,181
822.9,179
823,176
823.1,173
823.2,180
823.3,180
823.4,179
823.5,177
823.6,175
823.7,172
823.8,170
823.9,168
824,180
824.1,184
824.2,183
824.3,182
824.4,179
824.5,176
824.6,174
824.7,183
824.8,185
824.9,185
825,182
825.1,180
825.2,177
825.3,175
825.4,173
825.5,171
825.6,169
825.7,174
825.8,184
825.9,185
826,182
826.1,180
826.2,178
826.3,176
826.4,173
826.5,180
826.6,181
826.7,179
826.8,178
826.9,176
827,174
827.1,171
827.2,169
827.3,172
827.4,183
827.5,184
827.6,183
827.7,181
827.8,178
827.9,176
828,173
828.1,181
828.2,183
828.3,182
828.4,179
828.5,177
828.6,175
828.7,173
828.8,171
828.9,168
829,170
829.1,182
829.2,185
829.3,183
829.4,181
829.5,179
829.6,176
829.7,174
829.8,179
829.9,181
830,180
830.1,178
830.2,177
830.3,174
830.4,172
830.5,169
830.6,167
830.7,182
830.8,185
830.9,184
831,182
831.1,179
831.2,177
831.3,174
831.4,181
831.5,183
831.6,183
831.7,181
831.8,178
831.9,176
832,174
832.1,172
832.2,170
832.3,167
832.4,182
832.5,184
832.6,185
832.7,181
832.8,179
832.9,177
833,174
833.1,175
833.2,181
833.3,181
833.4,180
833.5,177
833.6,175
833.7,172
833.8,171
833.9,168
834,175
834.1,183
834.2,184
834.3,183
834.4,181
834.5,178
834.6,175
834.7,173
834.8,182
834.9,183
835,181
835.1,181
835.2,177
835.3,176
835.4,173
835.5,171
835.6,168
835.7,174
835.8,183
835.9,185
836,183
836.1,182
836.2,179
836.3,177
836.4,174
836.5,176
836.6,179
836.7,178
836.8,177
836.9,175
837,172
837.1,170
837.2,168
837.3,177
837.4,183
837.5,184
837.6,182
837.7,178
837.8,177
837.9,175
838,180
838.1,184
838.2,184
838.3,183
838.4,181
838.5,178
838.6,176
838.7,174
838.8,171
838.9,169
839,167
839.1,182
839.2,186
839.3,185
839.4,183
839.5,180
839.6,177
839.7,175
839.8,173
839.9,179
840,180
840.1,178
840.2,175
840.3,174
840.4,171
840.5,169
840.6,167
840.7,181
840.8,184
840.9,184
841,182
841.1,179
841.2,177
841.3,174
841.4,182
841.5,184
841.6,183
841.7,181
841.8,179
841.9,177
842,174
842.1,172
842.2,169
842.3,167
842.4,181
842.5,185
842.6,184
842.7,183
842.8,181
842.9,178
843,176
843.1,174
843.2,176
843.3,178
843.4,178
843.5,176
843.6,174
843.7,172
843.8,170
843.9,167
844,181
844.1,185
844.2,184
844.3,182
844.4,179
844.5,177
844.6,175
844.7,181
844.8,185
844.9,184
845,182
845.1,178
845.2,177
845.3,175
845.4,173
845.5,170
845.6,167
845.7,176
845.8,184
845.9,185
846,184
846.1,181
846.2,179
846.3,176
846.4,173
846.5,178
846.6,180
846.7,179
846.8,177
846.9,175
847,173
847.1,170
847.2,168
847.3,177
847.4,184
847.5,185
847.6,183
847.7,181
847.8,178
847.9,175
848,178
848.1,183
848.2,183
848.3,183
848.4,181
848.5,180
848.6,177
848.7,174
848.8,172
848.9,168
849,166
849.1,183
849.2,186
849.3,185
849.4,183
849.5,182
849.6,179
849.7,176
849.8,174
849.9,171
850,174
850.1,176
850.2,175
850.3,173
850.4,171
850.5,169
850.6,179
850.7,183
850.8,182
850.9,180
851,178
851.1,174
851.2,179
851.3,184
851.4,184
851.5,183
851.6,181
851.7,178
851.8,176
851.9,173
852,171
852.1,169
852.2,166
852.3,180
852.4,184
852.5,183
852.6,181
852.7,179
852.8,176
852.9,173
853,182
853.1,184
853.2,184
853.3,182
853.4,180
853.5,177
853.6,175
853.7,172
853.8,170
853.9,167
854,177
854.1,183
854.2,185
854.3,185
854.4,182
854.5,178
854.6,177
854.7,173
854.8,178
854.9,180
855,179
855.1,178
855.2,175
855.3,173
855.4,171
855.5,168
855.6,169
855.7,182
855.8,184
855.9,184
856,181
856.1,179
856.2,176
856.3,174
856.4,183
856.5,184
856.6,182
856.7,180
856.8,178
856.9,176
857,173
857.1,172
857.2,169
857.3,167
857.4,182
857.5,186
857.6,185
857.7,184
857.8,181
857.9,179
858,176
858.1,175
858.2,171
858.3,175
858.4,176
858.5,175
858.6,173
858.7,171
858.8,168
858.9,173
859,182
859.1,184
859.2,182
859.3,179
859.4,176
859.5,174
859.6,181
859.7,185
859.8,185
859.9,183
860,181
860.1,176
860.2,175
860.3,174
860.4,171
860.5,169
860.6,167
860.7,180
860.8,185
860.9,185
861,183
861.1,181
861.2,178
861.3,176
861.4,173
861.5,179
861.6,179
861.7,179
861.8,177
861.9,174
862,172
862.1,170
862.2,168
862.3,180
862.4,184
862.5,184
862.6,181
862.7,179
862.8,177
862.9,174
863,181
863.1,184
863.2,184
863.3,182
863.4,180
863.5,178
863.6,175
863.7,173
863.8,171
863.9,166
864,170
864.1,183
864.2,186
864.3,185
864.4,183
864.5,181
864.6,178
864.7,175
864.8,173
864.9,176
865,176
865.1,176
865.2,174
865.3,172
865.4,169
865.5,167
865.6,181
865.7,184
865.8,183
865.9,181
866,179
866.1,176
866.2,176
866.3,183
866.4,185
866.5,184
866.6,182
866.7,179
866.8,177
866.9,175
867,172
867.1,170
867.2,169
867.3,171
867.4,183
867.5,185
867.6,186
867.7,183
867.8,180
867.9,177
868,174
868.1,173
868.2,179
868.3,179
868.4,178
868.5,176
868.6,174
868.7,172
868.8,169
868.9,167
869,181
869.1,184
869.2,183
869.3,182
869.4,180
869.5,177
869.6,174
869.7,181
869.8,183
869.9,183
870,181
870.1,179
870.2,178
870.3,176
870.4,173
870.5,170
870.6,167
870.7,178
870.8,185
870.9,185
871,185
871.1,183
871.2,180
871.3,178
871.4,175
871.5,173
871.6,171
871.7,175
871.8,177
871.9,175
872,173
872.1,171
872.2,169
872.3,179
872.4,185
872.5,185
872.6,184
872.7,181
872.8,178
872.9,176
873,173
873.1,181
873.2,183
873.3,182
873.4,180
873.5,178
873.6,176
873.7,173
873.8,170
873.9,167
874,174
874.1,184
874.2,185
874.3,185
874.4,182
874.5,179
874.6,177
874.7,174
874.8,171
874.9,178
875,178
875.1,177
875.2,175
875.3,173
875.4,170
875.5,168
875.6,175
875.7,183
875.8,184
875.9,183
876,181
876.1,178
876.2,176
876.3,174
876.4,182
876.5,183
876.6,182
876.7,180
876.8,178
876.9,176
877,173
877.1,171
877.2,169
877.3,167
877.4,183
877.5,187
877.6,185
877.7,184
877.8,181
877.9,178
878,176
878.1,174
878.2,172
878.3,175
878.4,175
878.5,174
878.6,172
878.7,170
878.8,167
878.9,180
879,183
879.1,182
879.2,180
879.3,177
879.4,174
879.5,183
879.6,185
879.7,184
879.8,182
879.9,181
880,178
880.1,175
880.2,173
880.3,171
880.4,169
880.5,166
880.6,179
880.7,184
880.8,184
880.9,182
881,179
881.1,177
881.2,175
881.3,180
881.4,184
881.5,183
881.6,182
881.7,181
881.8,178
881.9,176
882,173
882.1,171
882.2,169
882.3,166
882.4,183
882.5,186
882.6,186
882.7,185
882.8,182
882.9,179
883,176
883.1,174
883.2,171
883.3,169
883.4,175
883.5,175
883.6,174
883.7,172
883.8,170
883.9,169
884,182
884.1,185
884.2,183
884.3,182
884.4,179
884.5,176
884.6,174
884.7,182
884.8,184
884.9,182
885,181
885.1,180
885.2,177
885.3,175
885.4,172
885.5,170
885.6,167
885.7,181
885.8,186
885.9,186
886,184
886.1,182
886.2,180
886.3,177
886.4,174
886.5,172
886.6,171
886.7,175
886.8,176
886.9,174
887,172
887.1,169
887.2,170
887.3,181
887.4,183
887.5,183
887.6,181
887.7,178
887.8,175
887.9,180
888,184
888.1,185
888.2,183
888.3,181
888.4,179
888.5,177
888.6,175
888.7,173
888.8,170
888.9,167
889,181
889.1,186
889.2,187
889.3,185
889.4,183
889.5,180
889.6,178
889.7,175
889.8,172
889.9,176
890,176
890.1,175
890.2,173
890.3,171
890.4,168
890.5,172
890.6,181
890.7,182
890.8,181
890.9,179
891,176
891.1,176
891.2,184
891.3,185
891.4,184
891.5,182
891.6,180
891.7,177
891.8,175
891.9,172
892,171
892.1,168
892.2,166
892.3,181
892.4,185
892.5,185
892.6,182
892.7,179
892.8,177
892.9,174
893,178
893.1,183
893.2,184
893.3,182
893.4,180
893.5,177
893.6,175
893.7,173
893.8,170
893.9,167
894,173
894.1,185
894.2,187
894.3,186
894.4,184
894.5,181
894.6,178
894.7,175
894.8,173
894.9,171
895,173
895.1,177
895.2,175
895.3,173
895.4,171
895.5,169
895.6,178
895.7,184
895.8,184
895.9,182
896,180
896.1,178
896.2,175
896.3,179
896.4,183
896.5,184
896.6,183
896.7,180
896.8,178
896.9,176
897,174
897.1,171
897.2,168
897.3,170
897.4,183
897.5,186
897.6,185
897.7,181
897.8,180
897.9,177
898,175
898.1,173
898.2,176
898.3,178
898.4,177
898.5,175
898.6,172
898.7,170
898.8,168
898.9,180
899,184
899.1,183
899.2,182
899.3,179
899.4,176
899.5,173
899.6,183
899.7,185
899.8,184
899.9,182
900,180
900.1,178
900.2,176
900.3,173
900.4,171
900.5,168
900.6,168
900.7,182
900.8,185
900.9,184
901,182
901.1,180
901.2,177
901.3,175
901.4,172
901.5,178
901.6,179
901.7,178
901.8,176
901.9,174
902,171
902.1,169
902.2,167
902.3,182
902.4,185
902.5,184
902.6,182
902.7,179
902.8,177
902.9,174
903,180
903.1,183
903.2,182
903.3,180
903.4,178
903.5,176
903.6,174
903.7,172
903.8,169
903.9,167
904,182
904.1,186
904.2,186
904.3,183
904.4,180
904.5,178
904.6,175
904.7,173
904.8,177
904.9,179
905,178
905.1,176
905.2,174
905.3,172
905.4,170
905.5,167
905.6,181
905.7,185
905.8,184
905.9,183
906,180
906.1,177
906.2,174
906.3,179
906.4,183
906.5,183
906.6,182
906.7,180
906.8,178
906.9,175
907,173
907.1,171
907.2,168
907.3,172
907.4,183
907.5,186
907.6,185
907.7,183
907.8,180
907.9,177
908,172
908.1,171
908.2,174
908.3,175
908.4,175
908.5,174
908.6,172
908.7,169
908.8,167
908.9,180
909,183
909.1,182
909.2,178
909.3,177
909.4,174
909.5,184
909.6,185
909.7,184
909.8,182
909.9,180
910,177
910.1,175
910.2,173
910.3,171
910.4,169
910.5,166
910.6,181
910.7,185
910.8,184
910.9,182
911,179
911.1,176
911.2,174
911.3,179
911.4,183
911.5,184
911.6,182
911.7,180
911.8,177
911.9,174
912,172
912.1,170
912.2,167
912.3,173
912.4,183
912.5,185
912.6,184
912.7,182
912.8,180
912.9,177
913,174
913.1,172
913.2,173
913.3,175
913.4,175
913.5,173
913.6,171
913.7,168
913.8,169
913.9,179
914,181
914.1,180
914.2,178
914.3,175
914.4,179
914.5,184
914.6,184
914.7,183
914.8,181
914.9,178
915,176
915.1,174
915.2,172
915.3,170
915.4,168
915.5,171
915.6,181
915.7,183
915.8,181
915.9,179
916,178
916.1,175
916.2,181
916.3,185
916.4,185
916.5,183
916.6,181
916.7,178
916.8,175
916.9,173
917,171
917.1,169
917.2,167
917.3,181
917.4,185
917.5,186
917.6,183
917.7,181
917.8,178
917.9,176
918,173
918.1,179
918.2,180
918.3,179
918.4,177
918.5,174
918.6,172
918.7,170
918.8,168
918.9,173
919,183
919.1,185
919.2,183
919.3,180
919.4,177
919.5,176
919.6,173
919.7,181
919.8,182
919.9,181
920,180
920.1,177
920.2,175
920.3,173
920.4,171
920.5,165
920.6,168
920.7,182
920.8,185
920.9,184
921,183
921.1,180
921.2,177
921.3,174
921.4,172
921.5,176
921.6,177
921.7,175
921.8,174
921.9,172
922,170
922.1,167
922.2,180
922.3,183
922.4,183
922.5,180
922.6,180
922.7,177
922.8,174
922.9,184
923,184
923.1,183
923.2,181
923.3,178
923.4,176
923.5,174
923.6,172
923.7,170
923.8,167
923.9,169
924,183
924.1,184
924.2,183
924.3,180
924.4,177
924.5,175
924.6,173
924.7,177
924.8,180
924.9,179
925,178
925.1,176
925.2,174
925.3,172
925.4,169
925.5,167
925.6,179
925.7,184
925.8,184
925.9,182
926,180
926.1,178
926.2,175
926.3,172
926.4,180
926.5,181
926.6,179
926.7,178
926.8,175
926.9,173
927,171
927.1,169
927.2,166
927.3,181
927.4,184
927.5,184
927.6,182
927.7,180
927.8,177
927.9,175
928,172
928.1,179
928.2,179
928.3,178
928.4,176
928.5,174
928.6,172
928.7,170
928.8,167
928.9,176
929,183
929.1,184
929.2,183
929.3,179
929.4,177
929.5,175
929.6,172
929.7,181
929.8,182
929.9,181
930,179
930.1,174
930.2,173
930.3,172
930.4,170
930.5,167
930.6,171
930.7,182
930.8,184
930.9,183
931,183
931.1,179
931.2,176
931.3,174
931.4,171
931.5,177
931.6,177
931.7,176
931.8,175
931.9,172
932,169
932.1,167
932.2,176
932.3,182
932.4,183
932.5,181
932.6,179
932.7,176
932.8,174
932.9,179
933,184
933.1,183
933.2,181
933.3,180
933.4,177
933.5,176
933.6,173
933.7,170
933.8,169
933.9,165
934,181
934.1,185
934.2,185
934.3,183
934.4,180
934.5,177
934.6,174
934.7,172
934.8,175
934.9,177
935,176
935.1,174
935.2,172
935.3,170
935.4,168
935.5,171
935.6,181
935.7,182
935.8,181
935.9,179
936,177
936.1,174
936.2,175
936.3,182
936.4,183
936.5,182
936.6,180
936.7,178
936.8,175
936.9,173
937,170
937.1,168
937.2,166
937.3,181
937.4,185
937.5,186
937.6,183
937.7,180
937.8,178
937.9,175
938,173
938.1,171
938.2,176
938.3,176
938.4,175
938.5,173
938.6,171
938.7,168
938.8,166
938.9,180
939,183
939.1,182
939.2,180
939.3,180
939.4,175
939.5,179
939.6,184
939.7,184
939.8,182
939.9,181
940,178
940.1,176
940.2,174
940.3,171
940.4,169
940.5,166
940.6,172
940.7,182
940.8,184
940.9,183
941,181
941.1,178
941.2,176
941.3,173
941.4,171
941.5,177
941.6,177
941.7,175
941.8,174
941.9,172
942,169
942.1,167
942.2,174
942.3,183
942.4,183
942.5,181
942.6,179
942.7,177
942.8,174
942.9,174
943,182
943.1,183
943.2,181
943.3,179
943.4,177
943.5,175
943.6,173
943.7,170
943.8,168
943.9,166
944,181
944.1,184
944.2,184
944.3,181
944.4,179
944.5,177
944.6,174
944.7,172
944.8,170
944.9,174
945,174
945.1,174
945.2,171
945.3,169
945.4,167
945.5,175
945.6,181
945.7,181
945.8,180
945.9,178
946,175
946.1,173
946.2,183
946.3,184
946.4,183
946.5,181
946.6,179
946.7,177
946.8,175
946.9,172
947,169
947.1,167
947.2,164
947.3,181
947.4,184
947.5,184
947.6,182
947.7,179
947.8,176
947.9,173
948,171
948.1,177
948.2,178
948.3,176
948.4,175
948.5,173
948.6,170
948.7,168
948.8,166
948.9,180
949,184
949.1,183
949.2,181
949.3,179
949.4,176
949.5,173
949.6,180
949.7,183
949.8,182
949.9,180
950,178
950.1,176
950.2,174
950.3,171
950.4,169
950.5,166
950.6,175
950.7,183
950.8,184
950.9,183
951,180
951.1,177
951.2,175
951.3,172
951.4,171
951.5,176
951.6,176
951.7,175
951.8,174
951.9,172
952,169
952.1,166
952.2,179
952.3,183
952.4,183
952.5,181
952.6,178
952.7,176
952.8,173
952.9,181
953,183
953.1,183
953.2,181
953.3,178
953.4,177
953.5,174
953.6,172
953.7,169
953.8,167
953.9,166
954,181
954.1,184
954.2,184
954.3,182
954.4,179
954.5,176
954.6,174
954.7,171
954.8,174
954.9,176
955,174
955.1,174
955.2,172
955.3,169
955.4,167
955.5,174
955.6,181
955.7,182
955.8,180
955.9,178
956,176
956.1,173
956.2,180
956.3,184
956.4,183
956.5,181
956.6,179
956.7,176
956.8,174
956.9,172
957,170
957.1,168
957.2,165
957.3,181
957.4,184
957.5,184
957.6,182
957.7,180
957.8,177
957.9,174
958,170
958.1,173
958.2,176
958.3,176
958.4,174
958.5,172
958.6,170
958.7,168
958.8,165
958.9,180
959,182
959.1,182
959.2,179
959.3,177
959.4,175
959.5,172
959.6,181
959.7,182
959.8,182
959.9,180
960,178
960.1,176
960.2,173
960.3,170
960.4,168
960.5,165
960.6,177
960.7,183
960.8,184
960.9,182
961,179
961.1,177
961.2,174
961.3,172
961.4,174
961.5,177
961.6,176
961.7,175
961.8,173
961.9,171
962,169
962.1,166
962.2,178
962.3,183
962.4,183
962.5,180
962.6,178
962.7,175
962.8,173
962.9,174
963,180
963.1,181
963.2,181
963.3,178
963.4,176
963.5,174
963.6,171
963.7,169
963.8,167
963.9,170
964,182
964.1,184
964.2,183
964.3,181
964.4,179
964.5,176
964.6,174
964.7,171
964.8,171
964.9,174
965,174
965.1,173
965.2,171
965.3,169
965.4,166
965.5,179
965.6,181
965.7,181
965.8,180
965.9,177
966,174
966.1,178
966.2,183
966.3,183
966.4,181
966.5,179
966.6,177
966.7,175
966.8,173
966.9,171
967,168
967.1,165
967.2,174
967.3,182
967.4,183
967.5,182
967.6,180
967.7,177
967.8,174
967.9,172
968,180
968.1,181
968.2,180
968.3,178
968.4,175
968.5,173
968.6,171
968.7,168
968.8,166
968.9,176
969,183
969.1,183
969.2,182
969.3,180
969.4,177
969.5,175
969.6,172
969.7,177
969.8,179
969.9,177
970,175
970.1,173
970.2,171
970.3,169
970.4,167
970.5,173
970.6,180
970.7,182
970.8,181
970.9,179
971,177
971.1,174
971.2,172
971.3,180
971.4,181
971.5,180
971.6,179
971.7,177
971.8,175
971.9,173
972,171
972.1,168
972.2,166
972.3,179
972.4,185
972.5,184
972.6,183
972.7,181
972.8,178
972.9,176
973,174
973.1,172
973.2,170
973.3,169
973.4,166
973.5,174
973.6,174
973.7,173
973.8,172
973.9,170
974,179
974.1,185
974.2,184
974.3,184
974.4,182
974.5,180
974.6,177
974.7,175
974.8,173
974.9,171
975,169
975.1,167
975.2,168
975.3,174
975.4,175
975.5,173
975.6,171
975.7,171
975.8,183
975.9,185
976,184
976.1,183
976.2,180
976.3,178
976.4,176
976.5,175
976.6,172
976.7,169
976.8,168
976.9,165
977,173
977.1,177
977.2,176
977.3,175
977.4,172
977.5,179
977.6,186
977.7,186
977.8,184
977.9,182
978,180
978.1,178
978.2,175
978.3,173
978.4,169
978.5,168
978.6,166
978.7,164
978.8,176
978.9,181
979,181
979.1,179
979.2,178
979.3,175
979.4,172
979.5,182
979.6,183
979.7,182
979.8,180
979.9,178
980,178
980.1,175
980.2,172
980.3,169
980.4,167
980.5,166
980.6,179
980.7,184
980.8,184
980.9,182
981,179
981.1,177
981.2,174
981.3,172
981.4,170
981.5,174
981.6,174
981.7,173
981.8,170
981.9,169
982,166
982.1,173
982.2,180
982.3,180
982.4,179
982.5,177
982.6,174
982.7,172
982.8,181
982.9,182
983,181
983.1,179
983.2,177
983.3,174
983.4,173
983.5,171
983.6,168
983.7,166
983.8,166
983.9,180
984,182
984.1,182
984.2,180
984.3,177
984.4,175
984.5,172
984.6,177
984.7,180
984.8,180
984.9,178
985,177
985.1,175
985.2,173
985.3,170
985.4,167
985.5,165
985.6,180
985.7,184
985.8,182
985.9,183
986,180
986.1,177
986.2,175
986.3,172
986.4,169
986.5,175
986.6,175
986.7,174
986.8,172
986.9,169
987,167
987.1,169
987.2,179
987.3,180
987.4,180
987.5,179
987.6,176
987.7,173
987.8,181
987.9,183
988,183
988.1,181
988.2,179
988.3,176
988.4,174
988.5,172
988.6,170
988.7,168
988.8,165
988.9,179
989,183
989.1,183
989.2,181
989.3,179
989.4,177
989.5,174
989.6,172
989.7,174
989.8,177
989.9,176
990,174
990.1,172
990.2,170
990.3,168
990.4,166
990.5,174
990.6,181
990.7,182
990.8,183
990.9,180
991,177
991.1,174
991.2,171
991.3,180
991.4,181
991.5,180
991.6,178
991.7,176
991.8,173
991.9,171
992,169
992.1,166
992.2,167
992.3,181
992.4,183
992.5,185
992.6,182
992.7,179
992.8,176
992.9,174
993,171
993.1,171
993.2,175
993.3,176
993.4,173
993.5,171
993.6,168
993.7,165
993.8,177
993.9,181
994,181
994.1,178
994.2,177
994.3,174
994.4,171
994.5,181
994.6,183
994.7,182
994.8,179
994.9,176
995,175
995.1,173
995.2,170
995.3,168
995.4,166
995.5,171
995.6,182
995.7,183
995.8,181
995.9,179
996,177
996.1,175
996.2,172
996.3,172
996.4,178
996.5,178
996.6,177
996.7,174
996.8,172
996.9,170
997,168
997.1,166
997.2,179
997.3,183
997.4,183
997.5,181
997.6,178
997.7,176
997.8,173
997.9,171
998,178
998.1,180
998.2,179
998.3,177
998.4,174
998.5,172
998.6,170
998.7,168
998.8,165
998.9,179
999,183
999.1,183
999.2,181
999.3,180
999.4,177
999.5,174
999.6,172
999.7,170
999.8,175
999.9,175
1000,175
1000.1,172
1000.2,170
1000.3,168
1000.4,165
1000.5,178
1000.6,182
1000.7,182
1000.8,180
1000.9,177
1001,175
1001.1,172
1001.2,179
1001.3,182
1001.4,181
1001.5,180
1001.6,178
1001.7,175
1001.8,173
1001.9,171
1002,168
1002.1,166
1002.2,167
1002.3,180
1002.4,184
1002.5,183
1002.6,180
1002.7,177
1002.8,175
1002.9,173
1003,170
1003.1,168
1003.2,167
1003.3,171
1003.4,171
1003.5,170
1003.6,168
1003.7,166
1003.8,165
1003.9,177
1004,180
1004.1,179
1004.2,177
1004.3,173
1004.4,171
1004.5,169
1004.6,176
1004.7,178
1004.8,178
1004.9,176
1005,176
1005.1,173
1005.2,169
1005.3,167
1005.4,167
1005.5,163
1005.6,178
1005.7,182
1005.8,182
1005.9,180
1006,177
1006.1,174
1006.2,172
1006.3,169
1006.4,167
1006.5,164
1006.6,167
1006.7,170
1006.8,170
1006.9,169
1007,167
1007.1,164
1007.2,171
1007.3,179
1007.4,180
1007.5,178
1007.6,176
1007.7,174
1007.8,171
1007.9,169
1008,168
1008.1,173
1008.2,174
1008.3,172
1008.4,169
1008.5,167
1008.6,165
1008.7,163
1008.8,164
1008.9,177
1009,180
1009.1,179
1009.2,176
1009.3,174
1009.4,172
1009.5,169
1009.6,170
1009.7,176
1009.8,176
1009.9,174
1010,172
1010.1,170
1010.2,167
1010.3,165
1010.4,163
1010.5,166
1010.6,178
1010.7,180
1010.8,179
1010.9,177
1011,174
1011.1,172
1011.2,169
1011.3,167
1011.4,173
1011.5,174
1011.6,172
1011.7,170
1011.8,168
1011.9,166
1012,164
1012.1,164
1012.2,177
1012.3,180
1012.4,179
1012.5,177
1012.6,174
1012.7,172
1012.8,169
1012.9,169
1013,176
1013.1,176
1013.2,175
1013.3,173
1013.4,171
1013.5,169
1013.6,167
1013.7,164
1013.8,162
1013.9,176
1014,180
1014.1,181
1014.2,179
1014.3,176
1014.4,174
1014.5,171
1014.6,168
1014.7,167
1014.8,169
1014.9,170
1015,170
1015.1,168
1015.2,166
1015.3,164
1015.4,165
1015.5,176
1015.6,178
1015.7,177
1015.8,175
1015.9,172
1016,169
1016.1,172
1016.2,179
1016.3,180
1016.4,178
1016.5,176
1016.6,174
1016.7,172
1016.8,169
1016.9,167
1017,164
1017.1,162
1017.2,165
1017.3,178
1017.4,181
1017.5,180
1017.6,178
1017.7,175
1017.8,172
1017.9,170
1018,168
1018.1,165
1018.2,164
1018.3,171
1018.4,170
1018.5,169
1018.6,166
1018.7,164
1018.8,162
1018.9,177
1019,179
1019.1,179
1019.2,177
1019.3,174
1019.4,171
1019.5,169
1019.6,166
1019.7,173
1019.8,174
1019.9,172
1020,172
1020.1,170
1020.2,167
1020.3,164
1020.4,161
1020.5,174
1020.6,179
1020.7,179
1020.8,178
1020.9,175
1021,172
1021.1,170
1021.2,167
1021.3,176
1021.4,177
1021.5,175
1021.6,174
1021.7,172
1021.8,169
1021.9,167
1022,164
1022.1,162
1022.2,173
1022.3,180
1022.4,181
1022.5,179
1022.6,176
1022.7,173
1022.8,171
1022.9,169
1023,166
1023.1,173
1023.2,173
1023.3,172
1023.4,169
1023.5,167
1023.6,164
1023.7,162
1023.8,172
1023.9,178
1024,179
1024.1,177
1024.2,174
1024.3,172
1024.4,170
1024.5,167
1024.6,177
1024.7,178
1024.8,177
1024.9,175
1025,174
1025.1,171
1025.2,168
1025.3,165
1025.4,163
1025.5,160
1025.6,177
1025.7,181
1025.8,180
1025.9,179
1026,176
1026.1,174
1026.2,171
1026.3,169
1026.4,166
1026.5,164
1026.6,167
1026.7,170
1026.8,169
1026.9,168
1027,166
1027.1,163
1027.2,176
1027.3,180
1027.4,179
1027.5,177
1027.6,175
1027.7,173
1027.8,170
1027.9,168
1028,173
1028.1,174
1028.2,173
1028.3,171
1028.4,169
1028.5,167
1028.6,165
1028.7,162
1028.8,169
1028.9,178
1029,179
1029.1,178
1029.2,176
1029.3,173
1029.4,170
1029.5,168
1029.6,175
1029.7,177
1029.8,176
1029.9,174
1030,172
1030.1,170
1030.2,167
1030.3,165
1030.4,162
1030.5,168
1030.6,178
1030.7,180
1030.8,179
1030.9,179
1031,175
1031.1,172
1031.2,169
1031.3,167
1031.4,172
1031.5,172
1031.6,171
1031.7,170
1031.8,168
1031.9,165
1032,163
1032.1,164
1032.2,176
1032.3,178
1032.4,178
1032.5,176
1032.6,173
1032.7,171
1032.8,168
1032.9,174
1033,177
1033.1,177
1033.2,176
1033.3,173
1033.4,171
1033.5,168
1033.6,167
1033.7,164
1033.8,161
1033.9,176
1034,180
1034.1,180
1034.2,178
1034.3,176
1034.4,174
1034.5,171
1034.6,169
1034.7,166
1034.8,164
1034.9,170
1035,170
1035.1,169
1035.2,166
1035.3,164
1035.4,162
1035.5,176
1035.6,179
1035.7,179
1035.8,177
1035.9,174
1036,172
1036.1,169
1036.2,167
1036.3,175
1036.4,176
1036.5,175
1036.6,173
1036.7,170
1036.8,168
1036.9,166
1037,163
1037.1,162
1037.2,175
1037.3,179
1037.4,180
1037.5,178
1037.6,176
1037.7,173
1037.8,170
1037.9,168
1038,165
1038.1,171
1038.2,172
1038.3,170
1038.4,168
1038.5,166
1038.6,164
1038.7,161
1038.8,174
1038.9,179
1039,178
1039.1,176
1039.2,174
1039.3,171
1039.4,169
1039.5,168
1039.6,176
1039.7,177
1039.8,176
1039.9,174
1040,172
1040.1,170
1040.2,168
1040.3,165
1040.4,162
1040.5,165
1040.6,178
1040.7,180
1040.8,179
1040.9,178
1041,175
1041.1,172
1041.2,170
1041.3,168
1041.4,165
1041.5,163
1041.6,170
1041.7,171
1041.8,169
1041.9,167
1042,164
1042.1,161
1042.2,176
1042.3,179
1042.4,178
1042.5,177
1042.6,175
1042.7,171
1042.8,169
1042.9,166
1043,173
1043.1,174
1043.2,173
1043.3,172
1043.4,170
1043.5,166
1043.6,164
1043.7,162
1043.8,170
1043.9,178
1044,179
1044.1,177
1044.2,175
1044.3,173
1044.4,170
1044.5,168
1044.6,172
1044.7,175
1044.8,175
1044.9,173
1045,170
1045.1,168
1045.2,166
1045.3,164
1045.4,161
1045.5,175
1045.6,180
1045.7,180
1045.8,178
1045.9,175
1046,173
1046.1,169
1046.2,167
1046.3,171
1046.4,173
1046.5,173
1046.6,171
1046.7,168
1046.8,167
1046.9,165
1047,162
1047.1,164
1047.2,177
1047.3,179
1047.4,178
1047.5,176
1047.6,173
1047.7,171
1047.8,168
1047.9,171
1048,176
1048.1,175
1048.2,174
1048.3,172
1048.4,170
1048.5,167
1048.6,165
1048.7,162
1048.8,161
1048.9,176
1049,180
1049.1,179
1049.2,177
1049.3,174
1049.4,172
1049.5,169
1049.6,166
1049.7,167
1049.8,171
1049.9,170
1050,168
1050.1,167
1050.2,165
1050.3,162
1050.4,164
1050.5,175
1050.6,177
1050.7,176
1050.8,173
1050.9,172
1051,169
1051.1,166
1051.2,176
1051.3,178
1051.4,177
1051.5,175
1051.6,173
1051.7,170
1051.8,168
1051.9,166
1052,164
1052.1,160
1052.2,171
1052.3,179
1052.4,180
1052.5,179
1052.6,176
1052.7,174
1052.8,171
1052.9,168
1053,166
1053.1,163
1053.2,169
1053.3,169
1053.4,168
1053.5,166
1053.6,164
1053.7,161
1053.8,174
1053.9,178
1054,178
1054.1,176
1054.2,173
1054.3,171
1054.4,168
1054.5,167
1054.6,175
1054.7,177
1054.8,175
1054.9,173
1055,172
1055.1,169
1055.2,166
1055.3,164
1055.4,162
1055.5,165
1055.6,177
1055.7,179
1055.8,177
1055.9,176
1056,174
1056.1,171
1056.2,169
1056.3,166
1056.4,165
1056.5,169
1056.6,170
1056.7,167
1056.8,165
1056.9,163
1057,160
1057.1,174
1057.2,177
1057.3,176
1057.4,174
1057.5,172
1057.6,169
1057.7,167
1057.8,176
1057.9,178
1058,177
1058.1,175
1058.2,174
1058.3,172
1058.4,168
1058.5,166
1058.6,164
1058.7,162
1058.8,161
1058.9,176
1059,179
1059.1,180
1059.2,177
1059.3,174
1059.4,171
1059.5,169
1059.6,166
1059.7,164
1059.8,170
1059.9,169
1060,167
1060.1,165
1060.2,163
1060.3,162
1060.4,172
1060.5,176
1060.6,176
1060.7,173
1060.8,171
1060.9,169
1061,168
1061.1,177
1061.2,178
1061.3,177
1061.4,175
1061.5,173
1061.6,171
1061.7,170
1061.8,167
1061.9,164
1062,161
1062.1,160
1062.2,175
1062.3,178
1062.4,177
1062.5,174
1062.6,172
1062.7,171
1062.8,168
1062.9,166
1063,170
1063.1,172
1063.2,172
1063.3,170
1063.4,167
1063.5,165
1063.6,163
1063.7,160
1063.8,174
1063.9,178
1064,178
1064.1,176
1064.2,173
1064.3,171
1064.4,168
1064.5,166
1064.6,174
1064.7,175
1064.8,174
1064.9,172
1065,170
1065.1,168
1065.2,165
1065.3,163
1065.4,160
1065.5,170
1065.6,178
1065.7,179
1065.8,176
1065.9,175
1066,173
1066.1,170
1066.2,167
1066.3,165
1066.4,169
1066.5,170
1066.6,169
1066.7,167
1066.8,165
1066.9,163
1067,160
1067.1,175
1067.2,177
1067.3,176
1067.4,174
1067.5,171
1067.6,169
1067.7,167
1067.8,177
1067.9,178
1068,178
1068.1,175
1068.2,173
1068.3,171
1068.4,169
1068.5,166
1068.6,164
1068.7,162
1068.8,159
1068.9,175
1069,180
1069.1,179
1069.2,177
1069.3,174
1069.4,172
1069.5,170
1069.6,167
1069.7,165
1069.8,162
1069.9,168
1070,169
1070.1,168
1070.2,166
1070.3,164
1070.4,162
1070.5,175
1070.6,178
1070.7,178
1070.8,175
1070.9,173
1071,171
1071.1,167
1071.2,165
1071.3,173
1071.4,173
1071.5,172
1071.6,171
1071.7,168
1071.8,166
1071.9,163
1072,161
1072.1,168
1072.2,177
1072.3,178
1072.4,177
1072.5,175
1072.6,172
1072.7,169
1072.8,166
1072.9,170
1073,174
1073.1,173
1073.2,171
1073.3,170
1073.4,168
1073.5,166
1073.6,163
1073.7,161
1073.8,170
1073.9,177
1074,178
1074.1,177
1074.2,174
1074.3,172
1074.4,169
1074.5,167
1074.6,164
1074.7,171
1074.8,172
1074.9,173
1075,169
1075.1,166
1075.2,164
1075.3,162
1075.4,161
1075.5,175
1075.6,178
1075.7,176
1075.8,175
1075.9,172
1076,169
1076.1,167
1076.2,166
1076.3,173
1076.4,174
1076.5,172
1076.6,170
1076.7,168
1076.8,166
1076.9,164
1077,162
1077.1,160
1077.2,175
1077.3,178
1077.4,177
1077.5,176
1077.6,173
1077.7,170
1077.8,168
1077.9,166
1078,169
1078.1,171
1078.2,171
1078.3,170
1078.4,167
1078.5,165
1078.6,162
1078.7,160
1078.8,175
1078.9,178
1079,177
1079.1,176
1079.2,173
1079.3,170
1079.4,167
1079.5,166
1079.6,173
1079.7,174
1079.8,174
1079.9,171
1080,169
1080.1,167
1080.2,164
1080.3,162
1080.4,160
1080.5,173
1080.6,178
1080.7,178
1080.8,176
1080.9,174
1081,171
1081.1,169
1081.2,167
1081.3,164
1081.4,170
1081.5,170
1081.6,169
1081.7,166
1081.8,164
1081.9,162
1082,159
1082.1,174
1082.2,177
1082.3,176
1082.4,174
1082.5,170
1082.6,168
1082.7,166
1082.8,174
1082.9,177
1083,177
1083.1,175
1083.2,172
1083.3,170
1083.4,168
1083.5,165
1083.6,163
1083.7,159
1083.8,159
1083.9,175
1084,179
1084.1,178
1084.2,176
1084.3,174
1084.4,171
1084.5,169
1084.6,166
1084.7,163
1084.8,162
1084.9,166
1085,168
1085.1,168
1085.2,166
1085.3,163
1085.4,161
1085.5,173
1085.6,178
1085.7,177
1085.8,175
1085.9,173
1086,171
1086.1,168
1086.2,166
1086.3,167
1086.4,171
1086.5,170
1086.6,169
1086.7,167
1086.8,164
1086.9,162
1087,160
1087.1,172
1087.2,178
1087.3,178
1087.4,177
1087.5,174
1087.6,171
1087.7,168
1087.8,165
1087.9,173
1088,174
1088.1,173
1088.2,171
1088.3,169
1088.4,167
1088.5,165
1088.6,162
1088.7,160
1088.8,170
1088.9,177
1089,178
1089.1,177
1089.2,175
1089.3,172
1089.4,169
1089.5,167
1089.6,164
1089.7,170
1089.8,170
1089.9,169
1090,167
1090.1,165
1090.2,163
1090.3,160
1090.4,172
1090.5,176
1090.6,176
1090.7,176
1090.8,173
1090.9,171
1091,167
1091.1,167
1091.2,175
1091.3,176
1091.4,176
1091.5,173
1091.6,171
1091.7,169
1091.8,167
1091.9,164
1092,162
1092.1,159
1092.2,174
1092.3,180
1092.4,181
1092.5,179
1092.6,176
1092.7,173
1092.8,170
1092.9,168
1093,165
1093.1,163
1093.2,160
1093.3,165
1093.4,169
1093.5,168
1093.6,167
1093.7,164
1093.8,162
1093.9,176
1094,179
1094.1,179
1094.2,177
1094.3,174
1094.4,171
1094.5,169
1094.6,167
1094.7,165
1094.8,162
1094.9,163
1095,167
1095.1,167
1095.2,165
1095.3,164
1095.4,161
1095.5,175
1095.6,178
1095.7,177
1095.8,175
1095.9,173
1096,170
1096.1,167
1096.2,165
1096.3,171
1096.4,173
1096.5,171
1096.6,169
1096.7,167
1096.8,165
1096.9,162
1097,160
1097.1,171
1097.2,177
1097.3,178
1097.4,174
1097.5,173
1097.6,170
1097.7,168
1097.8,165
1097.9,169
1098,172
1098.1,171
1098.2,170
1098.3,168
1098.4,166
1098.5,164
1098.6,161
1098.7,158
1098.8,174
1098.9,178
1099,177
1099.1,175
1099.2,172
1099.3,170
1099.4,167
1099.5,164
1099.6,170
1099.7,172
1099.8,171
1099.9,169
1100,167
1100.1,165
1100.2,163
1100.3,160
1100.4,160
1100.5,174
1100.6,176
1100.7,173
1100.8,173
1100.9,171
1101,169
1101.1,166
1101.2,164
1101.3,171
1101.4,171
1101.5,171
1101.6,169
1101.7,167
1101.8,164
1101.9,162
1102,160
1102.1,168
1102.2,175
1102.3,177
1102.4,178
1102.5,174
1102.6,171
1102.7,168
1102.8,166
1102.9,163
1103,170
1103.1,171
1103.2,169
1103.3,168
1103.4,165
1103.5,163
1103.6,161
1103.7,159
1103.8,174
1103.9,178
1104,177
1104.1,174
1104.2,172
1104.3,169
1104.4,167
1104.5,164
1104.6,170
1104.7,171
1104.8,171
1104.9,169
1105,166
1105.1,165
1105.2,162
1105.3,160
1105.4,165
1105.5,175
1105.6,177
1105.7,176
1105.8,174
1105.9,171
1106,168
1106.1,165
1106.2,166
1106.3,171
1106.4,172
1106.5,171
1106.6,169
1106.7,166
1106.8,164
1106.9,162
1107,159
1107.1,172
1107.2,177
1107.3,177
1107.4,178
1107.5,174
1107.6,171
1107.7,168
1107.8,166
1107.9,167
1108,171
1108.1,171
1108.2,170
1108.3,168
1108.4,165
1108.5,164
1108.6,161
1108.7,159
1108.8,174
1108.9,177
1109,177
1109.1,174
1109.2,172
1109.3,170
1109.4,168
1109.5,165
1109.6,171
1109.7,173
1109.8,171
1109.9,169
1110,167
1110.1,165
1110.2,162
1110.3,160
1110.4,165
1110.5,176
1110.6,178
1110.7,176
1110.8,174
1110.9,171
1111,169
1111.1,166
1111.2,167
1111.3,172
1111.4,172
1111.5,171
1111.6,168
1111.7,166
1111.8,164
1111.9,162
1112,160
1112.1,170
1112.2,177
1112.3,178
1112.4,176
1112.5,174
1112.6,171
1112.7,168
1112.8,166
1112.9,166
1113,171
1113.1,171
1113.2,170
1113.3,169
1113.4,166
1113.5,164
1113.6,161
1113.7,159
1113.8,174
1113.9,177
1114,176
1114.1,175
1114.2,172
1114.3,170
1114.4,167
1114.5,165
1114.6,172
1114.7,172
1114.8,171
1114.9,170
1115,167
1115.1,164
1115.2,162
1115.3,160
1115.4,165
1115.5,175
1115.6,177
1115.7,176
1115.8,173
1115.9,171
1116,168
1116.1,166
1116.2,167
1116.3,172
1116.4,172
1116.5,170
1116.6,169
1116.7,166
1116.8,164
1116.9,162
1117,159
1117.1,172
1117.2,177
1117.3,177
1117.4,175
1117.5,173
1117.6,171
1117.7,168
1117.8,165
1117.9,166
1118,171
1118.1,171
1118.2,169
1118.3,167
1118.4,165
1118.5,163
1118.6,160
1118.7,160
1118.8,174
1118.9,177
1119,176
1119.1,174
1119.2,172
1119.3,169
1119.4,166
1119.5,164
1119.6,171
1119.7,172
1119.8,171
1119.9,169
1120,167
1120.1,165
1120.2,163
1120.3,160
1120.4,167
1120.5,176
1120.6,177
1120.7,176
1120.8,174
1120.9,171
1121,169
1121.1,166
1121.2,164
1121.3,170
1121.4,172
1121.5,170
1121.6,167
1121.7,165
1121.8,164
1121.9,162
1122,159
1122.1,173
1122.2,178
1122.3,177
1122.4,176
1122.5,173
1122.6,171
1122.7,168
1122.8,165
1122.9,167
1123,172
1123.1,171
1123.2,169
1123.3,167
1123.4,165
1123.5,163
1123.6,160
1123.7,160
1123.8,174
1123.9,178
1124,177
1124.1,175
1124.2,172
1124.3,169
1124.4,166
1124.5,164
1124.6,171
1124.7,172
1124.8,171
1124.9,170
1125,167
1125.1,165
1125.2,163
1125.3,160
1125.4,166
1125.5,176
1125.6,177
1125.7,175
1125.8,174
1125.9,171
1126,169
1126.1,166
1126.2,164
1126.3,171
1126.4,171
1126.5,169
1126.6,169
1126.7,166
1126.8,164
1126.9,162
1127,159
1127.1,174
1127.2,178
1127.3,177
1127.4,175
1127.5,173
1127.6,170
1127.7,168
1127.8,165
1127.9,169
1128,173
1128.1,172
1128.2,170
1128.3,168
1128.4,165
1128.5,163
1128.6,161
1128.7,160
1128.8,174
1128.9,177
1129,177
1129.1,175
1129.2,172
1129.3,169
1129.4,167
1129.5,164
1129.6,171
1129.7,172
1129.8,170
1129.9,168
1130,166
1130.1,164
1130.2,162
1130.3,160
1130.4,171
1130.5,177
1130.6,177
1130.7,176
1130.8,171
1130.9,169
1131,167
1131.1,165
1131.2,169
1131.3,172
1131.4,171
1131.5,170
1131.6,169
1131.7,166
1131.8,164
1131.9,161
1132,159
1132.1,174
1132.2,178
1132.3,177
1132.4,175
1132.5,173
1132.6,170
1132.7,167
1132.8,165
1132.9,172
1133,173
1133.1,172
1133.2,170
1133.3,167
1133.4,165
1133.5,163
1133.6,160
1133.7,163
1133.8,175
1133.9,177
1134,175
1134.1,174
1134.2,171
1134.3,169
1134.4,166
1134.5,164
1134.6,171
1134.7,172
1134.8,171
1134.9,168
1135,166
1135.1,164
1135.2,162
1135.3,159
1135.4,172
1135.5,177
1135.6,178
1135.7,176
1135.8,173
1135.9,170
1136,168
1136.1,165
1136.2,168
1136.3,172
1136.4,172
1136.5,170
1136.6,168
1136.7,165
1136.8,163
1136.9,161
1137,158
1137.1,174
1137.2,177
1137.3,177
1137.4,176
1137.5,173
1137.6,170
1137.7,167
1137.8,165
1137.9,171
1138,172
1138.1,171
1138.2,170
1138.3,168
1138.4,165
1138.5,163
1138.6,160
1138.7,164
1138.8,175
1138.9,177
1139,176
1139.1,174
1139.2,172
1139.3,169
1139.4,166
1139.5,164
1139.6,171
1139.7,172
1139.8,170
1139.9,169
1140,166
1140.1,164
1140.2,162
1140.3,159
1140.4,171
1140.5,177
1140.6,177
1140.7,175
1140.8,173
1140.9,170
1141,168
1141.1,166
1141.2,167
1141.3,172
1141.4,171
1141.5,169
1141.6,168
1141.7,165
1141.8,163
1141.9,161
1142,160
1142.1,174
1142.2,177
1142.3,176
1142.4,174
1142.5,172
1142.6,170
1142.7,166
1142.8,165
1142.9,172
1143,173
1143.1,172
1143.2,169
1143.3,167
1143.4,165
1143.5,163
1143.6,160
1143.7,159
1143.8,174
1143.9,178
1144,177
1144.1,175
1144.2,173
1144.3,170
1144.4,167
1144.5,165
1144.6,166
1144.7,170
1144.8,169
1144.9,168
1145,166
1145.1,163
1145.2,161
1145.3,159
1145.4,174
1145.5,177
1145.6,176
1145.7,175
1145.8,172
1145.9,169
1146,167
1146.1,165
1146.2,173
1146.3,174
1146.4,173
1146.5,171
1146.6,169
1146.7,167
1146.8,165
1146.9,162
1147,159
1147.1,169
1147.2,177
1147.3,178
1147.4,178
1147.5,175
1147.6,172
1147.7,170
1147.8,167
1147.9,165
1148,162
1148.1,165
1148.2,168
1148.3,167
1148.4,165
1148.5,163
1148.6,161
1148.7,169
1148.8,176
1148.9,177
1149,175
1149.1,173
1149.2,171
1149.3,168
1149.4,166
1149.5,173
1149.6,174
1149.7,173
1149.8,171
1149.9,169
1150,167
1150.1,164
1150.2,162
1150.3,160
1150.4,167
1150.5,176
1150.6,178
1150.7,177
1150.8,175
1150.9,173
1151,169
1151.1,166
1151.2,164
1151.3,163
1151.4,168
1151.5,168
1151.6,166
1151.7,164
1151.8,161
1151.9,159
1152,172
1152.1,176
1152.2,175
1152.3,174
1152.4,171
1152.5,168
1152.6,166
1152.7,174
1152.8,177
1152.9,175
1153,174
1153.1,172
1153.2,170
1153.3,168
1153.4,166
1153.5,164
1153.6,161
1153.7,158
1153.8,174
1153.9,179
1154,176
1154.1,176
1154.2,174
1154.3,172
1154.4,169
1154.5,167
1154.6,164
1154.7,162
1154.8,163
1154.9,167
1155,167
1155.1,165
1155.2,164
1155.3,162
1155.4,168
1155.5,176
1155.6,177
1155.7,175
1155.8,173
1155.9,171
1156,168
1156.1,166
1156.2,170
1156.3,172
1156.4,171
1156.5,169
1156.6,166
1156.7,164
1156.8,162
1156.9,160
1157,161
1157.1,174
1157.2,177
1157.3,177
1157.4,174
1157.5,172
1157.6,169
1157.7,167
1157.8,165
1157.9,172
1158,173
1158.1,172
1158.2,170
1158.3,167
1158.4,165
1158.5,163
1158.6,160
1158.7,166
1158.8,176
1158.9,178
1159,177
1159.1,174
1159.2,172
1159.3,169
1159.4,167
1159.5,164
1159.6,171
1159.7,172
1159.8,171
1159.9,169
1160,167
1160.1,165
1160.2,162
1160.3,159
1160.4,173
1160.5,178
1160.6,178
1160.7,176
1160.8,173
1160.9,171
1161,168
1161.1,166
1161.2,165
1161.3,171
1161.4,171
1161.5,169
1161.6,167
1161.7,165
1161.8,163
1161.9,161
1162,164
1162.1,176
1162.2,178
1162.3,176
1162.4,174
1162.5,171
1162.6,169
1162.7,167
1162.8,169
1162.9,174
1163,174
1163.1,173
1163.2,170
1163.3,168
1163.4,166
1163.5,164
1163.6,161
1163.7,160
1163.8,175
1163.9,179
1164,178
1164.1,176
1164.2,174
1164.3,171
1164.4,169
1164.5,167
1164.6,164
1164.7,167
1164.8,169
1164.9,168
1165,166
1165.1,164
1165.2,161
1165.3,166
1165.4,175
1165.5,176
1165.6,176
1165.7,176
1165.8,172
1165.9,169
1166,165
1166.1,175
1166.2,177
1166.3,177
1166.4,175
1166.5,172
1166.6,170
1166.7,167
1166.8,165
1166.9,162
1167,160
1167.1,173
1167.2,179
1167.3,179
1167.4,178
1167.5,175
1167.6,173
1167.7,170
1167.8,167
1167.9,165
1168,162
1168.1,168
1168.2,169
1168.3,168
1168.4,166
1168.5,164
1168.6,162
1168.7,173
1168.8,178
1168.9,178
1169,176
1169.1,173
1169.2,171
1169.3,168
1169.4,165
1169.5,175
1169.6,176
1169.7,174
1169.8,173
1169.9,170
1170,168
1170.1,165
1170.2,163
1170.3,160
1170.4,171
1170.5,178
1170.6,179
1170.7,178
1170.8,176
1170.9,173
1171,170
1171.1,168
1171.2,165
1171.3,169
1171.4,171
1171.5,170
1171.6,168
1171.7,166
1171.8,163
1171.9,160
1172,174
1172.1,177
1172.2,176
1172.3,174
1172.4,172
1172.5,169
1172.6,168
1172.7,177
1172.8,178
1172.9,177
1173,175
1173.1,173
1173.2,171
1173.3,168
1173.4,166
1173.5,164
1173.6,161
1173.7,168
1173.8,178
1173.9,180
1174,178
1174.1,176
1174.2,173
1174.3,171
1174.4,168
1174.5,166
1174.6,173
1174.7,173
1174.8,172
1174.9,170
1175,168
1175.1,166
1175.2,163
1175.3,160
1175.4,176
1175.5,180
1175.6,179
1175.7,177
1175.8,174
1175.9,172
1176,169
1176.1,167
1176.2,175
1176.3,175
1176.4,173
1176.5,172
1176.6,170
1176.7,167
1176.8,164
1176.9,162
1177,167
1177.1,178
1177.2,180
1177.3,178
1177.4,176
1177.5,174
1177.6,171
1177.7,169
1177.8,171
1177.9,176
1178,176
1178.1,175
1178.2,172
1178.3,169
1178.4,167
1178.5,165
1178.6,162
1178.7,172
1178.8,179
1178.9,181
1179,178
1179.1,177
1179.2,174
1179.3,172
1179.4,170
1179.5,166
1179.6,173
1179.7,173
1179.8,173
1179.9,171
1180,168
1180.1,166
1180.2,164
1180.3,167
1180.4,178
1180.5,180
1180.6,179
1180.7,174
1180.8,173
1180.9,171
1181,168
1181.1,175
1181.2,177
1181.3,177
1181.4,175
1181.5,175
1181.6,172
1181.7,169
1181.8,167
1181.9,163
1182,165
1182.1,178
1182.2,181
1182.3,180
1182.4,178
1182.5,175
1182.6,172
1182.7,170
1182.8,167
1182.9,173
1183,175
1183.1,174
1183.2,172
1183.3,169
1183.4,167
1183.5,165
1183.6,163
1183.7,177
1183.8,180
1183.9,180
1184,177
1184.1,175
1184.2,172
1184.3,170
1184.4,176
1184.5,179
1184.6,179
1184.7,178
1184.8,176
1184.9,174
1185,171
1185.1,168
1185.2,166
1185.3,163
1185.4,176
1185.5,181
1185.6,182
1185.7,180
1185.8,178
1185.9,175
1186,172
1186.1,170
1186.2,170
1186.3,176
1186.4,176
1186.5,175
1186.6,172
1186.7,170
1186.8,168
1186.9,165
1187,171
1187.1,180
1187.2,181
1187.3,180
1187.4,178
1187.5,176
1187.6,173
1187.7,171
1187.8,175
1187.9,178
1188,178
1188.1,174
1188.2,171
1188.3,170
1188.4,169
1188.5,167
1188.6,164
1188.7,177
1188.8,183
1188.9,183
1189,180
1189.1,178
1189.2,175
1189.3,173
1189.4,170
1189.5,174
1189.6,177
1189.7,175
1189.8,174
1189.9,172
1190,170
1190.1,167
1190.2,165
1190.3,173
1190.4,180
1190.5,180
1190.6,179
1190.7,176
1190.8,174
1190.9,171
1191,175
1191.1,180
1191.2,181
1191.3,179
1191.4,177
1191.5,174
1191.6,172
1191.7,170
1191.8,167
1191.9,165
1192,170
1192.1,181
1192.2,181
1192.3,180
1192.4,179
1192.5,177
1192.6,174
1192.7,171
1192.8,168
1192.9,176
1193,176
1193.1,175
1193.2,173
1193.3,171
1193.4,169
1193.5,166
1193.6,163
1193.7,179
1193.8,182
1193.9,182
1194,180
1194.1,177
1194.2,174
1194.3,172
1194.4,169
1194.5,177
1194.6,178
1194.7,177
1194.8,174
1194.9,172
1195,170
1195.1,168
1195.2,166
1195.3,165
1195.4,180
1195.5,183
1195.6,183
1195.7,181
1195.8,178
1195.9,175
1196,172
1196.1,169
1196.2,175
1196.3,177
1196.4,176
1196.5,173
1196.6,171
1196.7,169
1196.8,166
1196.9,164
1197,178
1197.1,181
1197.2,181
1197.3,178
1197.4,176
1197.5,174
1197.6,171
1197.7,181
1197.8,182
1197.9,180
1198,179
1198.1,176
1198.2,174
1198.3,172
1198.4,170
1198.5,167
1198.6,165
1198.7,173
1198.8,182
1198.9,183
1199,182
1199.1,179
1199.2,177
1199.3,175
1199.4,172
1199.5,170
1199.6,171
1199.7,173
1199.8,172
1199.9,171
1200,169
1200.1,166
1200.2,165
1200.3,177
1200.4,179
1200.5,178
1200.6,176
1200.7,174
1200.8,171
1200.9,182
1201,183
1201.1,183
1201.2,181
1201.3,179
1201.4,176
1201.5,172
1201.6,170
1201.7,168
1201.8,166
1201.9,164
1202,177
1202.1,182
1202.2,182
1202.3,178
1202.4,177
1202.5,175
1202.6,173
1202.7,170
1202.8,175
1202.9,178
1203,177
1203.1,176
1203.2,173
1203.3,171
1203.4,169
1203.5,166
1203.6,164
1203.7,179
1203.8,182
1203.9,181
1204,178
1204.1,176
1204.2,174
1204.3,171
1204.4,177
1204.5,180
1204.6,180
1204.7,179
1204.8,176
1204.9,173
1205,171
1205.1,169
1205.2,166
1205.3,164
1205.4,179
1205.5,183
1205.6,182
1205.7,181
1205.8,178
1205.9,176
1206,173
1206.1,170
1206.2,176
1206.3,176
1206.4,175
1206.5,173
1206.6,171
1206.7,169
1206.8,167
1206.9,165
1207,179
1207.1,183
1207.2,183
1207.3,182
1207.4,179
1207.5,177
1207.6,174
1207.7,172
1207.8,170
1207.9,176
1208,177
1208.1,175
1208.2,173
1208.3,171
1208.4,168
1208.5,166
1208.6,164
1208.7,179
1208.8,183
1208.9,182
1209,180
1209.1,177
1209.2,174
1209.3,172
1209.4,173
1209.5,178
1209.6,178
1209.7,177
1209.8,175
1209.9,173
1210,171
1210.1,168
1210.2,166
1210.3,170
1210.4,181
1210.5,183
1210.6,182
1210.7,179
1210.8,177
1210.9,174
1211,172
1211.1,171
1211.2,176
1211.3,176
1211.4,175
1211.5,173
1211.6,171
1211.7,168
1211.8,166
1211.9,165
1212,180
1212.1,183
1212.2,182
1212.3,180
1212.4,177
1212.5,175
1212.6,172
1212.7,171
1212.8,178
1212.9,179
1213,178
1213.1,176
1213.2,173
1213.3,172
1213.4,169
1213.5,166
1213.6,164
1213.7,180
1213.8,183
1213.9,183
1214,181
1214.1,178
1214.2,176
1214.3,173
1214.4,171
1214.5,173
1214.6,176
1214.7,175
1214.8,173
1214.9,172
1215,169
1215.1,167
1215.2,167
1215.3,178
1215.4,182
1215.5,182
1215.6,179
1215.7,178
1215.8,176
1215.9,173
1216,171
1216.1,179
1216.2,180
1216.3,179
1216.4,177
1216.5,174
1216.6,172
1216.7,169
1216.8,167
1216.9,165
1217,176
1217.1,181
1217.2,181
1217.3,179
1217.4,178
1217.5,175
1217.6,173
1217.7,171
1217.8,177
1217.9,178
1218,177
1218.1,176
1218.2,174
1218.3,171
1218.4,169
1218.5,166
1218.6,164
1218.7,179
1218.8,182
1218.9,181
1219,179
1219.1,177
1219.2,175
1219.3,172
1219.4,177
1219.5,179
1219.6,179
1219.7,177
1219.8,175
1219.9,173
1220,171
1220.1,168
1220.2,165
1220.3,168
1220.4,180
1220.5,182
1220.6,182
1220.7,179
1220.8,176
1220.9,173
1221,171
1221.1,170
1221.2,177
1221.3,178
1221.4,176
1221.5,175
1221.6,173
1221.7,171
1221.8,168
1221.9,165
1222,167
1222.1,180
1222.2,183
1222.3,182
1222.4,180
1222.5,178
1222.6,175
1222.7,173
1222.8,171
1222.9,169
1223,172
1223.1,173
1223.2,171
1223.3,168
1223.4,166
1223.5,165
1223.6,176
1223.7,179
1223.8,177
1223.9,176
1224,173
1224.1,173
1224.2,182
1224.3,182
1224.4,180
1224.5,178
1224.6,177
1224.7,175
1224.8,173
1224.9,170
1225,168
1225.1,166
1225.2,163
1225.3,178
1225.4,182
1225.5,181
1225.6,179
1225.7,177
1225.8,174
1225.9,171
1226,175
1226.1,180
1226.2,180
1226.3,178
1226.4,176
1226.5,174
1226.6,172
1226.7,170
1226.8,168
1226.9,165
1227,174
1227.1,183
1227.2,183
1227.3,181
1227.4,179
1227.5,176
1227.6,174
1227.7,172
1227.8,170
1227.9,168
1228,172
1228.1,172
1228.2,170
1228.3,168
1228.4,166
1228.5,166
1228.6,177
1228.7,179
1228.8,178
1228.9,176
1229,173
1229.1,172
1229.2,180
1229.3,181
1229.4,179
1229.5,178
1229.6,176
1229.7,174
1229.8,171
1229.9,169
1230,166
1230.1,164
1230.2,172
1230.3,178
1230.4,179
1230.5,178
1230.6,175
1230.7,173
1230.8,170
1230.9,180
1231,181
1231.1,180
1231.2,178
1231.3,175
1231.4,173
1231.5,172
1231.6,169
1231.7,166
1231.8,165
1231.9,171
1232,180
1232.1,180
1232.2,178
1232.3,177
1232.4,175
1232.5,172
1232.6,170
1232.7,180
1232.8,181
1232.9,180
1233,178
1233.1,176
1233.2,174
1233.3,172
1233.4,169
1233.5,167
1233.6,164
1233.7,177
1233.8,182
1233.9,183
1234,181
1234.1,178
1234.2,176
1234.3,174
1234.4,171
1234.5,168
1234.6,169
1234.7,172
1234.8,173
1234.9,171
1235,168
1235.1,166
1235.2,164
1235.3,178
1235.4,181
1235.5,181
1235.6,181
1235.7,178
1235.8,174
1235.9,171
1236,179
1236.1,181
1236.2,180
1236.3,178
1236.4,175
1236.5,175
1236.6,172
1236.7,169
1236.8,167
1236.9,164
1237,175
1237.1,182
1237.2,183
1237.3,181
1237.4,179
1237.5,176
1237.6,173
1237.7,171
1237.8,168
1237.9,175
1238,175
1238.1,174
1238.2,171
1238.3,169
1238.4,167
1238.5,164
1238.6,176
1238.7,180
1238.8,180
1238.9,178
1239,176
1239.1,174
1239.2,171
1239.3,178
1239.4,181
1239.5,181
1239.6,179
1239.7,177
1239.8,175
1239.9,172
1240,170
1240.1,168
1240.2,165
1240.3,163
1240.4,179
1240.5,183
1240.6,183
1240.7,180
1240.8,178
1240.9,175
1241,172
1241.1,170
1241.2,168
1241.3,171
1241.4,171
1241.5,171
1241.6,169
1241.7,167
1241.8,165
1241.9,174
1242,179
1242.1,179
1242.2,178
1242.3,176
1242.4,173
1242.5,172
1242.6,181
1242.7,182
1242.8,181
1242.9,179
1243,176
1243.1,174
1243.2,172
1243.3,170
1243.4,167
1243.5,164
1243.6,164
1243.7,178
1243.8,182
1243.9,180
1244,179
1244.1,177
1244.2,174
1244.3,171
1244.4,168
1244.5,176
1244.6,176
1244.7,175
1244.8,173
1244.9,171
1245,169
1245.1,167
1245.2,164
1245.3,177
1245.4,182
1245.5,182
1245.6,179
1245.7,177
1245.8,175
1245.9,173
1246,170
1246.1,177
1246.2,178
1246.3,177
1246.4,176
1246.5,174
1246.6,171
1246.7,168
1246.8,165
1246.9,161
1247,178
1247.1,181
1247.2,181
1247.3,179
1247.4,176
1247.5,174
1247.6,171
1247.7,175
1247.8,180
1247.9,180
1248,179
1248.1,176
1248.2,174
1248.3,172
1248.4,169
1248.5,166
1248.6,164
1248.7,179
1248.8,183
1248.9,183
1249,181
1249.1,178
1249.2,176
1249.3,173
1249.4,171
1249.5,168
1249.6,170
1249.7,172
1249.8,171
1249.9,170
1250,168
1250.1,166
1250.2,175
1250.3,178
1250.4,178
1250.5,176
1250.6,174
1250.7,171
1250.8,180
1250.9,182
1251,181
1251.1,179
1251.2,177
1251.3,175
1251.4,170
1251.5,169
1251.6,168
1251.7,165
1251.8,163
1251.9,177
1252,180
1252.1,180
1252.2,178
1252.3,175
1252.4,173
1252.5,171
1252.6,181
1252.7,182
1252.8,182
1252.9,180
1253,177
1253.1,174
1253.2,171
1253.3,170
1253.4,167
1253.5,165
1253.6,164
1253.7,180
1253.8,182
1253.9,181
1254,179
1254.1,177
1254.2,174
1254.3,172
1254.4,169
1254.5,175
1254.6,176
1254.7,175
1254.8,173
1254.9,171
1255,168
1255.1,166
1255.2,163
1255.3,179
1255.4,182
1255.5,181
1255.6,179
1255.7,177
1255.8,174
1255.9,172
1256,170
1256.1,178
1256.2,179
1256.3,178
1256.4,176
1256.5,174
1256.6,171
1256.7,169
1256.8,165
1256.9,164
1257,177
1257.1,183
1257.2,183
1257.3,179
1257.4,178
1257.5,176
1257.6,174
1257.7,171
1257.8,169
1257.9,168
1258,172
1258.1,172
1258.2,170
1258.3,168
1258.4,166
1258.5,167
1258.6,178
1258.7,180
1258.8,179
1258.9,177
1259,174
1259.1,171
1259.2,174
1259.3,181
1259.4,181
1259.5,180
1259.6,177
1259.7,176
1259.8,174
1259.9,171
1260,168
1260.1,166
1260.2,164
1260.3,178
1260.4,182
1260.5,182
1260.6,180
1260.7,178
1260.8,175
1260.9,173
1261,170
1261.1,170
1261.2,176
1261.3,176
1261.4,175
1261.5,173
1261.6,171
1261.7,168
1261.8,166
1261.9,166
1262,180
1262.1,182
1262.2,181
1262.3,179
1262.4,176
1262.5,174
1262.6,171
1262.7,175
1262.8,178
1262.9,178
1263,176
1263.1,174
1263.2,172
1263.3,170
1263.4,167
1263.5,164
1263.6,172
1263.7,181
1263.8,182
1263.9,181
1264,179
1264.1,176
1264.2,173
1264.3,170
1264.4,168
1264.5,175
1264.6,175
1264.7,175
1264.8,173
1264.9,171
1265,168
1265.1,166
1265.2,165
1265.3,178
1265.4,180
1265.5,180
1265.6,178
1265.7,176
1265.8,173
1265.9,171
1266,179
1266.1,181
1266.2,181
1266.3,179
1266.4,179
1266.5,174
1266.6,172
1266.7,169
1266.8,167
1266.9,165
1267,177
1267.1,182
1267.2,183
1267.3,181
1267.4,178
1267.5,176
1267.6,174
1267.7,171
1267.8,169
1267.9,171
1268,173
1268.1,172
1268.2,170
1268.3,168
1268.4,165
1268.5,171
1268.6,178
1268.7,179
1268.8,177
1268.9,175
1269,173
1269.1,171
1269.2,180
1269.3,181
1269.4,179
1269.5,178
1269.6,176
1269.7,174
1269.8,172
1269.9,170
1270,167
1270.1,164
1270.2,166
1270.3,178
1270.4,181
1270.5,180
1270.6,179
1270.7,176
1270.8,173
1270.9,171
1271,174
1271.1,179
1271.2,179
1271.3,179
1271.4,177
1271.5,177
1271.6,173
1271.7,170
1271.8,167
1271.9,164
1272,176
1272.1,183
1272.2,183
1272.3,181
1272.4,178
1272.5,176
1272.6,173
1272.7,171
1272.8,168
1272.9,171
1273,172
1273.1,171
1273.2,169
1273.3,167
1273.4,164
1273.5,175
1273.6,179
1273.7,178
1273.8,176
1273.9,173
1274,171
1274.1,179
1274.2,181
1274.3,180
1274.4,179
1274.5,176
1274.6,174
1274.7,169
1274.8,168
1274.9,167
1275,165
1275.1,162
1275.2,176
1275.3,180
1275.4,179
1275.5,176
1275.6,174
1275.7,172
1275.8,177
1275.9,181
1276,182
1276.1,179
1276.2,177
1276.3,175
1276.4,173
1276.5,171
1276.6,168
1276.7,166
1276.8,163
1276.9,176
1277,182
1277.1,182
1277.2,179
1277.3,177
1277.4,176
1277.5,173
1277.6,170
1277.7,176
1277.8,179
1277.9,178
1278,176
1278.1,174
1278.2,172
1278.3,170
1278.4,168
1278.5,165
1278.6,167
1278.7,180
1278.8,182
1278.9,181
1279,179
1279.1,176
1279.2,174
1279.3,170
1279.4,168
1279.5,175
1279.6,176
1279.7,175
1279.8,173
1279.9,170
1280,168
1280.1,166
1280.2,166
1280.3,178
1280.4,181
1280.5,180
1280.6,178
1280.7,176
1280.8,173
1280.9,170
1281,179
1281.1,180
1281.2,180
1281.3,177
1281.4,175
1281.5,173
1281.6,171
1281.7,168
1281.8,165
1281.9,164
1282,179
1282.1,183
1282.2,182
1282.3,180
1282.4,178
1282.5,175
1282.6,172
1282.7,170
1282.8,172
1282.9,175
1283,175
1283.1,173
1283.2,171
1283.3,169
1283.4,167
1283.5,165
1283.6,178
1283.7,181
1283.8,180
1283.9,178
1284,175
1284.1,173
1284.2,171
1284.3,180
1284.4,181
1284.5,181
1284.6,179
1284.7,177
1284.8,175
1284.9,172
1285,170
1285.1,168
1285.2,166
1285.3,171
1285.4,182
1285.5,183
1285.6,182
1285.7,179
1285.8,178
1285.9,175
1286,173
1286.1,170
1286.2,168
1286.3,172
1286.4,173
1286.5,171
1286.6,169
1286.7,167
1286.8,165
1286.9,178
1287,181
1287.1,180
1287.2,178
1287.3,175
1287.4,173
1287.5,174
1287.6,180
1287.7,181
1287.8,180
1287.9,178
1288,176
1288.1,173
1288.2,171
1288.3,169
1288.4,166
1288.5,163
1288.6,178
1288.7,182
1288.8,182
1288.9,179
1289,177
1289.1,175
1289.2,172
1289.3,170
1289.4,177
1289.5,178
1289.6,177
1289.7,175
1289.8,172
1289.9,170
1290,167
1290.1,165
1290.2,169
1290.3,180
1290.4,181
1290.5,180
1290.6,178
1290.7,175
1290.8,173
1290.9,170
1291,178
1291.1,180
1291.2,179
1291.3,177
1291.4,173
1291.5,172
1291.6,171
1291.7,168
1291.8,166
1291.9,163
1292,179
1292.1,182
1292.2,181
1292.3,179
1292.4,177
1292.5,175
1292.6,172
1292.7,169
1292.8,176
1292.9,177
1293,174
1293.1,172
1293.2,170
1293.3,168
1293.4,166
1293.5,170
1293.6,179
1293.7,181
1293.8,179
1293.9,179
1294,175
1294.1,171
1294.2,181
1294.3,183
1294.4,182
1294.5,180
1294.6,178
1294.7,174
1294.8,172
1294.9,170
1295,167
1295.1,165
1295.2,168
1295.3,180
1295.4,182
1295.5,181
1295.6,179
1295.7,175
1295.8,172
1295.9,171
1296,179
1296.1,180
1296.2,179
1296.3,177
1296.4,175
1296.5,173
1296.6,171
1296.7,168
1296.8,165
1296.9,169
1297,181
1297.1,183
1297.2,182
1297.3,180
1297.4,176
1297.5,174
1297.6,171
1297.7,176
1297.8,179
1297.9,178
1298,176
1298.1,174
1298.2,171
1298.3,169
1298.4,166
1298.5,163
1298.6,179
1298.7,183
1298.8,182
1298.9,180
1299,177
1299.1,174
1299.2,171
1299.3,175
1299.4,180
1299.5,180
1299.6,178
1299.7,176
1299.8,173
1299.9,172
1300,169
1300.1,166
1300.2,164
1300.3,180
1300.4,184
1300.5,184
1300.6,179
1300.7,177
1300.8,175
1300.9,172
1301,170
1301.1,177
1301.2,178
1301.3,176
1301.4,174
1301.5,173
1301.6,169
1301.7,167
1301.8,164
1301.9,179
1302,183
1302.1,183
1302.2,180
1302.3,178
1302.4,175
1302.5,172
1302.6,170
1302.7,178
1302.8,180
1302.9,179
1303,177
1303.1,175
1303.2,172
1303.3,170
1303.4,167
1303.5,165
1303.6,175
1303.7,182
1303.8,183
1303.9,182
1304,180
1304.1,177
1304.2,174
1304.3,174
1304.4,170
1304.5,176
1304.6,176
1304.7,174
1304.8,172
1304.9,169
1305,167
1305.1,165
1305.2,178
1305.3,182
1305.4,181
1305.5,179
1305.6,176
1305.7,174
1305.8,171
1305.9,181
1306,184
1306.1,182
1306.2,179
1306.3,176
1306.4,173
1306.5,172
1306.6,170
1306.7,167
1306.8,164
1306.9,176
1307,182
1307.1,183
1307.2,181
1307.3,178
1307.4,175
1307.5,172
1307.6,170
1307.7,179
1307.8,179
1307.9,178
1308,176
1308.1,174
1308.2,172
1308.3,169
1308.4,167
1308.5,164
1308.6,179
1308.7,183
1308.8,182
1308.9,180
1309,178
1309.1,175
1309.2,172
1309.3,170
1309.4,178
1309.5,179
1309.6,177
1309.7,175
1309.8,173
1309.9,171
1310,168
1310.1,166
1310.2,167
1310.3,180
1310.4,182
1310.5,181
1310.6,179
1310.7,176
1310.8,174
1310.9,171
1311,173
1311.1,178
1311.2,178
1311.3,177
1311.4,175
1311.5,173
1311.6,170
1311.7,168
1311.8,166
1311.9,170
1312,181
1312.1,182
1312.2,183
1312.3,181
1312.4,177
1312.5,175
1312.6,172
1312.7,170
1312.8,174
1312.9,176
1313,175
1313.1,173
1313.2,171
1313.3,168
1313.4,166
1313.5,173
1313.6,181
1313.7,181
1313.8,180
1313.9,177
1314,174
1314.1,172
1314.2,177
1314.3,182
1314.4,182
1314.5,181
1314.6,179
1314.7,177
1314.8,174
1314.9,171
1315,169
1315.1,166
1315.2,164
1315.3,179
1315.4,184
1315.5,184
1315.6,182
1315.7,180
1315.8,176
1315.9,173
1316,171
1316.1,168
1316.2,173
1316.3,174
1316.4,173
1316.5,171
1316.6,168
1316.7,166
1316.8,171
1316.9,179
1317,179
1317.1,178
1317.2,176
1317.3,173
1317.4,170
1317.5,180
1317.6,183
1317.7,182
1317.8,179
1317.9,177
1318,174
1318.1,172
1318.2,170
1318.3,167
1318.4,165
1318.5,166
1318.6,180
1318.7,182
1318.8,180
1318.9,179
1319,177
1319.1,174
1319.2,172
1319.3,169
1319.4,177
1319.5,178
1319.6,177
1319.7,175
1319.8,172
1319.9,170
1320,167
1320.1,165
1320.2,169
1320.3,179
1320.4,182
1320.5,181
1320.6,179
1320.7,176
1320.8,174
1320.9,171
1321,172
1321.1,177
1321.2,178
1321.3,177
1321.4,175
1321.5,172
1321.6,170
1321.7,167
1321.8,165
1321.9,175
1322,181
1322.1,183
1322.2,182
1322.3,179
1322.4,177
1322.5,173
1322.6,171
1322.7,173
1322.8,176
1322.9,177
1323,176
1323.1,173
1323.2,171
1323.3,168
1323.4,165
1323.5,165
1323.6,179
1323.7,181
1323.8,181
1323.9,179
1324,177
1324.1,173
1324.2,171
1324.3,178
1324.4,180
1324.5,180
1324.6,177
1324.7,176
1324.8,174
1324.9,171
1325,169
1325.1,166
1325.2,164
1325.3,180
1325.4,183
1325.5,182
1325.6,180
1325.7,177
1325.8,175
1325.9,172
1326,170
1326.1,169
1326.2,175
1326.3,176
1326.4,174
1326.5,171
1326.6,168
1326.7,166
1326.8,165
1326.9,178
1327,181
1327.1,181
1327.2,177
1327.3,176
1327.4,173
1327.5,171
1327.6,179
1327.7,182
1327.8,181
1327.9,180
1328,177
1328.1,175
1328.2,173
1328.3,170
1328.4,167
1328.5,165
1328.6,171
1328.7,182
1328.8,184
1328.9,183
1329,180
1329.1,177
1329.2,175
1329.3,172
1329.4,170
1329.5,167
1329.6,171
1329.7,172
1329.8,171
1329.9,169
1330,167
1330.1,166
1330.2,178
1330.3,180
1330.4,179
1330.5,176
1330.6,172
1330.7,171
1330.8,179
1330.9,182
1331,182
1331.1,179
1331.2,177
1331.3,175
1331.4,173
1331.5,171
1331.6,168
1331.7,165
1331.8,164
1331.9,179
1332,182
1332.1,182
1332.2,180
1332.3,177
1332.4,174
1332.5,172
1332.6,170
1332.7,178
1332.8,179
1332.9,178
1333,175
1333.1,173
1333.2,170
1333.3,168
1333.4,166
1333.5,163
1333.6,178
1333.7,182
1333.8,182
1333.9,180
1334,177
1334.1,175
1334.2,172
1334.3,169
1334.4,176
1334.5,177
1334.6,176
1334.7,174
1334.8,172
1334.9,170
1335,167
1335.1,165
1335.2,173
1335.3,181
1335.4,183
1335.5,182
1335.6,178
1335.7,176
1335.8,173
1335.9,171
1336,176
1336.1,178
1336.2,178
1336.3,176
1336.4,174
1336.5,172
1336.6,169
1336.7,167
1336.8,164
1336.9,179
1337,183
1337.1,182
1337.2,181
1337.3,178
1337.4,175
1337.5,173
1337.6,170
1337.7,174
1337.8,177
1337.9,176
1338,175
1338.1,172
1338.2,170
1338.3,168
1338.4,165
1338.5,169
1338.6,180
1338.7,182
1338.8,181
1338.9,178
1339,175
1339.1,173
1339.2,170
1339.3,177
1339.4,180
1339.5,179
1339.6,177
1339.7,175
1339.8,173
1339.9,171
1340,168
1340.1,166
1340.2,166
1340.3,180
1340.4,183
1340.5,182
1340.6,179
1340.7,177
1340.8,175
1340.9,171
1341,169
1341.1,175
1341.2,176
1341.3,174
1341.4,172
1341.5,171
1341.6,168
1341.7,165
1341.8,164
1341.9,178
1342,180
1342.1,180
1342.2,177
1342.3,175
1342.4,172
1342.5,170
1342.6,180
1342.7,181
1342.8,181
1342.9,178
1343,176
1343.1,173
1343.2,171
1343.3,169
1343.4,167
1343.5,164
1343.6,179
1343.7,183
1343.8,182
1343.9,181
1344,178
1344.1,176
1344.2,173
1344.3,170
1344.4,168
1344.5,174
1344.6,174
1344.7,172
1344.8,170
1344.9,168
1345,165
1345.1,169
1345.2,178
1345.3,179
1345.4,178
1345.5,179
1345.6,175
1345.7,171
1345.8,179
1345.9,182
1346,181
1346.1,179
1346.2,177
1346.3,175
1346.4,173
1346.5,170
1346.6,168
1346.7,166
1346.8,162
1346.9,179
1347,182
1347.1,182
1347.2,179
1347.3,177
1347.4,175
1347.5,172
1347.6,169
1347.7,177
1347.8,177
1347.9,176
1348,174
1348.1,172
1348.2,170
1348.3,167
1348.4,165
1348.5,168
1348.6,179
1348.7,182
1348.8,180
1348.9,178
1349,176
1349.1,174
1349.2,171
1349.3,175
1349.4,178
1349.5,178
1349.6,176
1349.7,174
1349.8,172
1349.9,170
1350,167
1350.1,165
1350.2,175
1350.3,182
1350.4,182
1350.5,180
1350.6,176
1350.7,175
1350.8,173
1350.9,170
1351,174
1351.1,177
1351.2,176
1351.3,175
1351.4,172
1351.5,170
1351.6,168
1351.7,165
1351.8,166
1351.9,179
1352,182
1352.1,181
1352.2,179
1352.3,177
1352.4,174
1352.5,171
1352.6,178
1352.7,181
1352.8,180
1352.9,179
1353,177
1353.1,174
1353.2,172
1353.3,169
1353.4,166
1353.5,164
1353.6,180
1353.7,184
1353.8,184
1353.9,181
1354,179
1354.1,176
1354.2,174
1354.3,171
1354.4,169
1354.5,168
1354.6,172
1354.7,172
1354.8,170
1354.9,168
1355,167
1355.1,166
1355.2,178
1355.3,180
1355.4,180
1355.5,178
1355.6,175
1355.7,172
1355.8,171
1355.9,180
1356,181
1356.1,180
1356.2,177
1356.3,175
1356.4,172
1356.5,170
1356.6,168
1356.7,166
1356.8,163
1356.9,179
1357,183
1357.1,182
1357.2,179
1357.3,177
1357.4,175
1357.5,172
1357.6,170
1357.7,175
1357.8,177
1357.9,176
1358,174
1358.1,172
1358.2,169
1358.3,167
1358.4,165
1358.5,172
1358.6,180
1358.7,182
1358.8,180
1358.9,178
1359,175
1359.1,172
1359.2,170
1359.3,179
1359.4,179
1359.5,178
1359.6,177
1359.7,174
1359.8,172
1359.9,170
1360,168
1360.1,165
1360.2,170
1360.3,180
1360.4,182
1360.5,181
1360.6,178
1360.7,176
1360.8,173
1360.9,171
1361,169
1361.1,174
1361.2,175
1361.3,174
1361.4,172
1361.5,170
1361.6,168
1361.7,166
1361.8,165
1361.9,179
1362,181
1362.1,180
1362.2,179
1362.3,176
1362.4,174
1362.5,171
1362.6,175
1362.7,179
1362.8,178
1362.9,177
1363,174
1363.1,172
1363.2,170
1363.3,169
1363.4,166
1363.5,165
1363.6,179
1363.7,182
1363.8,182
1363.9,180
1364,177
1364.1,174
1364.2,172
1364.3,169
1364.4,174
1364.5,175
1364.6,174
1364.7,173
1364.8,170
1364.9,168
1365,166
1365.1,165
1365.2,178
1365.3,181
1365.4,180
1365.5,177
1365.6,175
1365.7,172
1365.8,170
1365.9,180
1366,181
1366.1,180
1366.2,178
1366.3,176
1366.4,173
1366.5,171
1366.6,169
1366.7,166
1366.8,163
1366.9,178
1367,182
1367.1,182
1367.2,180
1367.3,177
1367.4,175
1367.5,172
1367.6,170
1367.7,175
1367.8,176
1367.9,175
1368,172
1368.1,170
1368.2,168
1368.3,166
1368.4,164
1368.5,178
1368.6,181
1368.7,180
1368.8,180
1368.9,176
1369,173
1369.1,170
1369.2,181
1369.3,182
1369.4,181
1369.5,178
1369.6,175
1369.7,173
1369.8,171
1369.9,169
1370,167
1370.1,165
1370.2,172
1370.3,181
1370.4,182
1370.5,180
1370.6,176
1370.7,174
1370.8,173
1370.9,170
1371,172
1371.1,176
1371.2,176
1371.3,174
1371.4,172
1371.5,169
1371.6,167
1371.7,165
1371.8,173
1371.9,180
1372,182
1372.1,180
1372.2,178
1372.3,174
1372.4,171
1372.5,172
1372.6,179
1372.7,180
1372.8,179
1372.9,177
1373,175
1373.1,173
1373.2,170
1373.3,168
1373.4,165
1373.5,166
1373.6,179
1373.7,182
1373.8,180
1373.9,177
1374,176
1374.1,173
1374.2,171
1374.3,168
1374.4,175
1374.5,175
1374.6,174
1374.7,173
1374.8,170
1374.9,168
1375,165
1375.1,165
1375.2,179
1375.3,182
1375.4,180
1375.5,177
1375.6,176
1375.7,173
1375.8,170
1375.9,179
1376,181
1376.1,179
1376.2,177
1376.3,175
1376.4,173
1376.5,171
1376.6,168
1376.7,166
1376.8,163
1376.9,179
1377,182
1377.1,182
1377.2,182
1377.3,178
1377.4,174
1377.5,172
1377.6,169
1377.7,174
1377.8,176
1377.9,174
1378,173
1378.1,171
1378.2,168
1378.3,166
1378.4,163
1378.5,178
1378.6,181
1378.7,181
1378.8,179
1378.9,176
1379,174
1379.1,171
1379.2,176
1379.3,179
1379.4,180
1379.5,178
1379.6,175
1379.7,173
1379.8,171
1379.9,169
1380,167
1380.1,164
1380.2,175
1380.3,181
1380.4,182
1380.5,178
1380.6,177
1380.7,175
1380.8,173
1380.9,171
1381,169
1381.1,174
1381.2,174
1381.3,171
1381.4,169
1381.5,168
1381.6,167
1381.7,164
1381.8,176
1381.9,180
1382,180
1382.1,178
1382.2,176
1382.3,173
1382.4,170
1382.5,176
1382.6,180
1382.7,180
1382.8,179
1382.9,176
1383,176
1383.1,173
1383.2,170
1383.3,167
1383.4,165
1383.5,165
1383.6,178
1383.7,181
1383.8,180
1383.9,177
1384,175
1384.1,173
1384.2,170
1384.3,168
1384.4,175
1384.5,175
1384.6,174
1384.7,172
1384.8,170
1384.9,167
1385,164
1385.1,169
1385.2,178
1385.3,179
1385.4,178
1385.5,176
1385.6,173
1385.7,170
1385.8,178
1385.9,182
1386,181
1386.1,179
1386.2,177
1386.3,175
1386.4,172
1386.5,170
1386.6,168
1386.7,165
1386.8,163
1386.9,178
1387,181
1387.1,180
1387.2,178
1387.3,176
1387.4,174
1387.5,171
1387.6,168
1387.7,175
1387.8,175
1387.9,174
1388,173
1388.1,170
1388.2,168
1388.3,165
1388.4,163
1388.5,177
1388.6,180
1388.7,179
1388.8,178
1388.9,175
1389,173
1389.1,170
1389.2,179
1389.3,181
1389.4,180
1389.5,178
1389.6,176
1389.7,173
1389.8,170
1389.9,168
1390,166
1390.1,163
1390.2,176
1390.3,182
1390.4,182
1390.5,180
1390.6,178
1390.7,175
1390.8,172
1390.9,169
1391,172
1391.1,175
1391.2,175
1391.3,174
1391.4,171
1391.5,168
1391.6,166
1391.7,163
1391.8,175
1391.9,180
1392,180
1392.1,178
1392.2,175
1392.3,173
1392.4,171
1392.5,179
1392.6,180
1392.7,180
1392.8,179
1392.9,176
1393,174
1393.1,172
1393.2,169
1393.3,167
1393.4,165
1393.5,169
1393.6,179
1393.7,181
1393.8,180
1393.9,177
1394,175
1394.1,173
1394.2,170
1394.3,168
1394.4,174
1394.5,175
1394.6,176
1394.7,173
1394.8,170
1394.9,167
1395,165
1395.1,166
1395.2,178
1395.3,180
1395.4,179
1395.5,177
1395.6,175
1395.7,172
1395.8,169
1395.9,178
1396,179
1396.1,179
1396.2,177
1396.3,174
1396.4,172
1396.5,170
1396.6,168
1396.7,165
1396.8,164
1396.9,179
1397,181
1397.1,181
1397.2,180
1397.3,176
1397.4,173
1397.5,171
1397.6,169
1397.7,175
1397.8,176
1397.9,174
1398,171
1398.1,170
1398.2,168
1398.3,165
1398.4,162
1398.5,177
1398.6,180
1398.7,180
1398.8,178
1398.9,176
1399,173
1399.1,170
1399.2,178
1399.3,180
1399.4,179
1399.5,178
1399.6,173
1399.7,172
1399.8,170
1399.9,168
1400,166
1400.1,164
1400.2,177
1400.3,182
1400.4,182
1400.5,180
1400.6,177
1400.7,175
1400.8,173
1400.9,172
1401,171
1401.1,174
1401.2,174
1401.3,173
1401.4,172
1401.5,169
1401.6,166
1401.7,163
1401.8,177
1401.9,180
1402,179
1402.1,177
1402.2,174
1402.3,171
1402.4,172
1402.5,180
1402.6,181
1402.7,179
1402.8,178
1402.9,175
1403,173
1403.1,170
1403.2,168
1403.3,166
1403.4,164
1403.5,174
1403.6,181
1403.7,181
1403.8,180
1403.9,178
1404,175
1404.1,172
1404.2,171
1404.3,177
1404.4,177
1404.5,176
1404.6,174
1404.7,172
1404.8,170
1404.9,168
1405,165
1405.1,166
1405.2,178
1405.3,180
1405.4,180
1405.5,178
1405.6,175
1405.7,172
1405.8,170
1405.9,178
1406,180
1406.1,178
1406.2,176
1406.3,174
1406.4,171
1406.5,169
1406.6,167
1406.7,165
1406.8,164
1406.9,179
1407,182
1407.1,180
1407.2,178
1407.3,176
1407.4,174
1407.5,171
1407.6,167
1407.7,174
1407.8,176
1407.9,174
1408,172
1408.1,170
1408.2,167
1408.3,165
1408.4,164
1408.5,177
1408.6,180
1408.7,180
1408.8,178
1408.9,175
1409,172
1409.1,169
1409.2,179
1409.3,180
1409.4,179
1409.5,177
1409.6,175
1409.7,172
1409.8,170
1409.9,168
1410,165
1410.1,162
1410.2,178
1410.3,182
1410.4,181
1410.5,179
1410.6,177
1410.7,174
1410.8,171
1410.9,169
1411,175
1411.1,175
1411.2,175
1411.3,173
1411.4,171
1411.5,168
1411.6,166
1411.7,164
1411.8,177
1411.9,180
1412,180
1412.1,178
1412.2,176
1412.3,173
1412.4,170
1412.5,176
1412.6,179
1412.7,179
1412.8,178
1412.9,177
1413,174
1413.1,172
1413.2,169
1413.3,166
1413.4,164
1413.5,172
1413.6,181
1413.7,182
1413.8,180
1413.9,177
1414,175
1414.1,173
1414.2,169
1414.3,172
1414.4,175
1414.5,175
1414.6,173
1414.7,171
1414.8,168
1414.9,166
1415,164
1415.1,170
1415.2,179
1415.3,181
1415.4,179
1415.5,176
1415.6,174
1415.7,172
1415.8,170
1415.9,178
1416,179
1416.1,178
1416.2,176
1416.3,176
1416.4,173
1416.5,170
1416.6,168
1416.7,165
1416.8,164
1416.9,179
1417,181
1417.1,181
1417.2,178
1417.3,176
1417.4,174
1417.5,171
1417.6,168
1417.7,175
1417.8,176
1417.9,174
1418,172
1418.1,170
1418.2,168
1418.3,165
1418.4,164
1418.5,177
1418.6,180
1418.7,179
1418.8,177
1418.9,175
1419,172
1419.1,169
1419.2,179
1419.3,180
1419.4,179
1419.5,177
1419.6,175
1419.7,173
1419.8,170
1419.9,167
1420,166
1420.1,163
1420.2,179
1420.3,183
1420.4,181
1420.5,178
1420.6,176
1420.7,174
1420.8,171
1420.9,169
1421,175
1421.1,175
1421.2,174
1421.3,172
1421.4,169
1421.5,168
1421.6,166
1421.7,162
1421.8,178
1421.9,180
1422,180
1422.1,178
1422.2,176
1422.3,173
1422.4,170
1422.5,175
1422.6,179
1422.7,179
1422.8,178
1422.9,176
1423,173
1423.1,171
1423.2,168
1423.3,166
1423.4,163
1423.5,175
1423.6,181
1423.7,181
1423.8,179
1423.9,177
1424,175
1424.1,172
1424.2,168
1424.3,172
1424.4,175
1424.5,175
1424.6,174
1424.7,171
1424.8,169
1424.9,167
1425,164
1425.1,172
1425.2,179
1425.3,180
1425.4,178
1425.5,176
1425.6,173
1425.7,171
1425.8,170
1425.9,178
1426,179
1426.1,178
1426.2,176
1426.3,174
1426.4,171
1426.5,169
1426.6,166
1426.7,164
1426.8,167
1426.9,179
1427,181
1427.1,180
1427.2,178
1427.3,175
1427.4,173
1427.5,170
1427.6,168
1427.7,174
1427.8,175
1427.9,174
1428,172
1428.1,170
1428.2,166
1428.3,164
1428.4,168
1428.5,178
1428.6,179
1428.7,178
1428.8,176
1428.9,174
1429,171
1429.1,173
1429.2,179
1429.3,180
1429.4,179
1429.5,177
1429.6,175
1429.7,172
1429.8,170
1429.9,167
1430,164
1430.1,162
1430.2,178
1430.3,181
1430.4,182
1430.5,179
1430.6,176
1430.7,173
1430.8,171
1430.9,168
1431,175
1431.1,175
1431.2,174
1431.3,174
1431.4,170
1431.5,167
1431.6,165
1431.7,162
1431.8,177
1431.9,181
1432,180
1432.1,179
1432.2,176
1432.3,173
1432.4,170
1432.5,177
1432.6,180
1432.7,179
1432.8,178
1432.9,175
1433,172
1433.1,170
1433.2,168
1433.3,166
1433.4,164
1433.5,177
1433.6,181
1433.7,181
1433.8,179
1433.9,176
1434,173
1434.1,171
1434.2,169
1434.3,175
1434.4,175
1434.5,174
1434.6,172
1434.7,170
1434.8,168
1434.9,165
1435,163
1435.1,174
1435.2,179
1435.3,180
1435.4,178
1435.5,175
1435.6,173
1435.7,170
1435.8,172
1435.9,178
1436,178
1436.1,177
1436.2,175
1436.3,173
1436.4,171
1436.5,168
1436.6,166
1436.7,163
1436.8,171
1436.9,179
1437,180
1437.1,179
1437.2,177
1437.3,174
1437.4,171
1437.5,169
1437.6,172
1437.7,175
1437.8,174
1437.9,173
1438,171
1438.1,169
1438.2,167
1438.3,164
1438.4,167
1438.5,178
1438.6,180
1438.7,179
1438.8,176
1438.9,174
1439,171
1439.1,168
1439.2,178
1439.3,179
1439.4,178
1439.5,176
1439.6,174
1439.7,172
1439.8,169
1439.9,167
1440,164
1440.1,162
1440.2,177
1440.3,181
1440.4,180
1440.5,178
1440.6,176
1440.7,173
1440.8,171
1440.9,168
1441,175
1441.1,175
1441.2,174
1441.3,172
1441.4,169
1441.5,168
1441.6,165
1441.7,163
1441.8,176
1441.9,180
1442,180
1442.1,176
1442.2,174
1442.3,172
1442.4,169
1442.5,178
1442.6,180
1442.7,179
1442.8,176
1442.9,174
1443,172
1443.1,170
1443.2,167
1443.3,164
1443.4,163
1443.5,177
1443.6,182
1443.7,181
1443.8,177
1443.9,176
1444,173
1444.1,171
1444.2,168
1444.3,173
1444.4,175
1444.5,174
1444.6,172
1444.7,172
1444.8,168
1444.9,166
1445,161
1445.1,176
1445.2,180
1445.3,179
1445.4,177
1445.5,175
1445.6,172
1445.7,169
1445.8,179
1445.9,181
1446,180
1446.1,177
1446.2,175
1446.3,172
1446.4,170
1446.5,168
1446.6,165
1446.7,163
1446.8,172
1446.9,180
1447,180
1447.1,179
1447.2,177
1447.3,175
1447.4,172
1447.5,169
1447.6,171
1447.7,174
1447.8,174
1447.9,173
1448,171
1448.1,168
1448.2,166
1448.3,163
1448.4,171
1448.5,178
1448.6,179
1448.7,178
1448.8,176
1448.9,173
1449,171
1449.1,172
1449.2,178
1449.3,179
1449.4,178
1449.5,175
1449.6,173
1449.7,171
1449.8,168
1449.9,166
1450,164
1450.1,164
1450.2,177
1450.3,180
1450.4,180
1450.5,178
1450.6,175
1450.7,173
1450.8,170
1450.9,168
1451,174
1451.1,175
1451.2,174
1451.3,172
1451.4,169
1451.5,167
1451.6,164
1451.7,163
1451.8,176
1451.9,179
1452,179
1452.1,177
1452.2,174
1452.3,171
1452.4,168
1452.5,178
1452.6,179
1452.7,178
1452.8,176
1452.9,174
1453,172
1453.1,169
1453.2,167
1453.3,164
1453.4,162
1453.5,178
1453.6,181
1453.7,181
1453.8,178
1453.9,176
1454,173
1454.1,170
1454.2,167
1454.3,174
1454.4,175
1454.5,174
1454.6,171
1454.7,170
1454.8,168
1454.9,165
1455,162
1455.1,176
1455.2,179
1455.3,178
1455.4,176
1455.5,174
1455.6,171
1455.7,168
1455.8,178
1455.9,180
1456,179
1456.1,176
1456.2,175
1456.3,172
1456.4,170
1456.5,168
1456.6,165
1456.7,162
1456.8,173
1456.9,180
1457,180
1457.1,178
1457.2,176
1457.3,173
1457.4,171
1457.5,168
1457.6,173
1457.7,175
1457.8,174
1457.9,172
1458,170
1458.1,168
1458.2,165
1458.3,163
1458.4,171
1458.5,178
1458.6,179
1458.7,178
1458.8,175
1458.9,172
1459,170
1459.1,172
1459.2,178
1459.3,179
1459.4,177
1459.5,175
1459.6,174
1459.7,171
1459.8,169
1459.9,166
1460,164
1460.1,164
1460.2,178
1460.3,181
1460.4,179
1460.5,177
1460.6,175
1460.7,172
1460.8,169
1460.9,167
1461,174
1461.1,174
1461.2,173
1461.3,170
1461.4,168
1461.5,167
1461.6,164
1461.7,164
1461.8,177
1461.9,179
1462,178
1462.1,176
1462.2,174
1462.3,171
1462.4,169
1462.5,178
1462.6,180
1462.7,179
1462.8,177
1462.9,174
1463,174
1463.1,171
1463.2,168
1463.3,166
1463.4,163
1463.5,177
1463.6,182
1463.7,182
1463.8,181
1463.9,178
1464,175
1464.1,172
1464.2,169
1464.3,167
1464.4,173
1464.5,174
1464.6,172
1464.7,170
1464.8,167
1464.9,165
1465,162
1465.1,176
1465.2,180
1465.3,179
1465.4,177
1465.5,174
1465.6,172
1465.7,170
1465.8,179
1465.9,181
1466,180
1466.1,177
1466.2,175
1466.3,173
1466.4,171
1466.5,168
1466.6,165
1466.7,163
1466.8,173
1466.9,181
1467,182
1467.1,178
1467.2,177
1467.3,175
1467.4,173
1467.5,169
1467.6,168
1467.7,174
1467.8,174
1467.9,173
1468,171
1468.1,169
1468.2,167
1468.3,164
1468.4,172
1468.5,180
1468.6,180
1468.7,178
1468.8,176
1468.9,174
1469,171
1469.1,169
1469.2,177
1469.3,179
1469.4,178
1469.5,176
1469.6,174
1469.7,172
1469.8,169
1469.9,167
1470,164
1470.1,164
1470.2,177
1470.3,180
1470.4,180
1470.5,178
1470.6,175
1470.7,172
1470.8,170
1470.9,167
1471,174
1471.1,175
1471.2,173
1471.3,171
1471.4,169
1471.5,167
1471.6,165
1471.7,162
1471.8,177
1471.9,180
1472,180
1472.1,178
1472.2,175
1472.3,172
1472.4,169
1472.5,167
1472.6,173
1472.7,173
1472.8,172
1472.9,169
1473,167
1473.1,165
1473.2,163
1473.3,161
1473.4,164
1473.5,175
1473.6,177
1473.7,176
1473.8,174
1473.9,172
1474,169
1474.1,167
1474.2,168
1474.3,173
1474.4,173
1474.5,172
1474.6,170
1474.7,168
1474.8,165
1474.9,163
1475,161
1475.1,163
1475.2,175
1475.3,177
1475.4,176
1475.5,174
1475.6,172
1475.7,169
1475.8,167
1475.9,164
1476,170
1476.1,171
1476.2,169
1476.3,168
1476.4,165
1476.5,163
1476.6,161
1476.7,161
1476.8,175
1476.9,177
1477,177
1477.1,174
1477.2,171
1477.3,169
1477.4,166
1477.5,164
1477.6,172
1477.7,173
1477.8,172
1477.9,170
1478,168
1478.1,166
1478.2,163
1478.3,161
1478.4,158
1478.5,174
1478.6,178
1478.7,177
1478.8,175
1478.9,173
1479,170
1479.1,168
1479.2,165
1479.3,163
1479.4,169
1479.5,170
1479.6,168
1479.7,166
1479.8,164
1479.9,161
1480,159
1480.1,172
1480.2,176
1480.3,176
1480.4,174
1480.5,172
1480.6,170
1480.7,166
1480.8,163
1480.9,172
1481,173
1481.1,172
1481.2,170
1481.3,168
1481.4,166
1481.5,163
1481.6,161
1481.7,159
1481.8,160
1481.9,173
1482,175
1482.1,175
1482.2,173
1482.3,171
1482.4,168
1482.5,165
1482.6,163
1482.7,161
1482.8,158
1482.9,164
1483,165
1483.1,164
1483.2,161
1483.3,159
1483.4,157
1483.5,160
1483.6,171
1483.7,173
1483.8,173
1483.9,171
1484,168
1484.1,165
1484.2,163
1484.3,161
1484.4,159
1484.5,157
1484.6,154
1484.7,162
1484.8,162
1484.9,161
1485,159
1485.1,157
1485.2,166
1485.3,173
1485.4,174
1485.5,172
1485.6,170
1485.7,168
1485.8,165
1485.9,163
1486,161
1486.1,158
1486.2,156
1486.3,156
1486.4,163
1486.5,163
1486.6,161
1486.7,159
1486.8,157
1486.9,167
1487,173
1487.1,174
1487.2,173
1487.3,171
1487.4,168
1487.5,166
1487.6,163
1487.7,161
1487.8,159
1487.9,159
1488,155
1488.1,154
1488.2,162
1488.3,163
1488.4,162
1488.5,160
1488.6,157
1488.7,170
1488.8,173
1488.9,173
1489,171
1489.1,169
1489.2,166
1489.3,164
1489.4,162
1489.5,159
1489.6,157
1489.7,155
1489.8,153
1489.9,160
1490,165
1490.1,165
1490.2,164
1490.3,161
1490.4,159
1490.5,172
1490.6,175
1490.7,174
1490.8,172
1490.9,170
1491,167
1491.1,165
1491.2,162
1491.3,161
1491.4,158
1491.5,155
1491.6,153
1491.7,151
1491.8,168
1491.9,171
1492,171
1492.1,169
1492.2,167
1492.3,164
1492.4,162
1492.5,159
1492.6,165
1492.7,167
1492.8,166
1492.9,165
1493,162
1493.1,160
1493.2,158
1493.3,156
1493.4,153
1493.5,168
1493.6,173
1493.7,172
1493.8,171
1493.9,169
1494,165
1494.1,163
1494.2,160
1494.3,158
1494.4,157
1494.5,162
1494.6,161
1494.7,160
1494.8,158
1494.9,156
1495,153
1495.1,167
1495.2,172
1495.3,172
1495.4,171
1495.5,167
1495.6,164
1495.7,161
1495.8,159
1495.9,167
1496,169
1496.1,168
1496.2,166
1496.3,164
1496.4,161
1496.5,159
1496.6,156
1496.7,154
1496.8,154
1496.9,170
1497,174
1497.1,174
1497.2,172
1497.3,169
1497.4,166
1497.5,163
1497.6,161
1497.7,159
1497.8,157
1497.9,155
1498,153
1498.1,160
1498.2,161
1498.3,160
1498.4,158
1498.5,155
1498.6,171
1498.7,175
1498.8,175
1498.9,172
1499,170
1499.1,167
1499.2,165
1499.3,163
1499.4,161
1499.5,158
1499.6,156
1499.7,154
1499.8,152
1499.9,161
1500,164
1500.1,164
1500.2,162
1500.3,160
1500.4,159
1500.5,172
1500.6,174
1500.7,173
1500.8,171
1500.9,169
1501,167
1501.1,164
1501.2,162
1501.3,160
1501.4,157
1501.5,155
1501.6,153
1501.7,150
1501.8,168
1501.9,172
1502,172
1502.1,170
1502.2,167
1502.3,164
1502.4,162
1502.5,160
1502.6,157
1502.7,164
1502.8,164
1502.9,163
1503,161
1503.1,159
1503.2,156
1503.3,154
1503.4,153
1503.5,168
1503.6,172
1503.7,171
1503.8,170
1503.9,167
1504,164
1504.1,161
1504.2,158
1504.3,157
1504.4,162
1504.5,162
1504.6,161
1504.7,160
1504.8,158
1504.9,156
1505,153
1505.1,168
1505.2,172
1505.3,172
1505.4,169
1505.5,167
1505.6,165
1505.7,162
1505.8,159
1505.9,168
1506,170
1506.1,169
1506.2,167
1506.3,165
1506.4,163
1506.5,161
1506.6,158
1506.7,156
1506.8,153
1506.9,172
1507,177
1507.1,178
1507.2,177
1507.3,174
1507.4,172
1507.5,170
1507.6,167
1507.7,164
1507.8,162
1507.9,160
1508,157
1508.1,155
1508.2,153
1508.3,160
1508.4,168
1508.5,169
1508.6,168
1508.7,165
1508.8,162
1508.9,171
1509,179
1509.1,180
1509.2,178
1509.3,176
1509.4,175
1509.5,172
1509.6,170
1509.7,168
1509.8,165
1509.9,162
1510,160
1510.1,157
1510.2,154
1510.3,152
1510.4,150
1510.5,149
1510.6,171
1510.7,216
1510.8,23
1510.9,103
1511,197
1511.1,47
1511.2,151
1511.3,188
1511.4,201
1511.5,205
1511.6,206
1511.7,207
1511.8,206
1511.9,206
1512,206
1512.1,206
1512.2,206
1512.3,206
1512.4,206
1512.5,206
1512.6,207
1512.7,207
1512.8,207
1512.9,207
1513,208
1513.1,208
1513.2,208
1513.3,208
1513.4,207
1513.5,207
1513.6,207
1513.7,207
1513.8,207
1513.9,207
1514,207
1514.1,207
1514.2,207
1514.3,207
1514.4,207
1514.5,207
1514.6,208
1514.7,208
1514.8,208
1514.9,208
1515,208
1515.1,208
1515.2,207
1515.3,207
1515.4,207
1515.5,207
1515.6,207
1515.7,207
1515.8,207
1515.9,207
1516,207
1516.1,207
1516.2,207
1516.3,207
1516.4,208
1516.5,208
1516.6,208
1516.7,208
1516.8,208
1516.9,207
1517,207
1517.1,207
1517.2,207
1517.3,207
1517.4,207
1517.5,207
1517.6,207
1517.7,207
1517.8,207
1517.9,207
1518,207
1518.1,208
1518.2,208
1518.3,208
1518.4,208
1518.5,207
1518.6,207
1518.7,207
1518.8,207
1518.9,207
1519,207
1519.1,207
1519.2,206
1519.3,207
1519.4,207
1519.5,207
1519.6,208
1519.7,208
1519.8,208
1519.9,208
1520,208
1520.1,207
1520.2,207
1520.3,207
1520.4,207
1520.5,207
1520.6,207
1520.7,207
1520.8,206
1520.9,207
1521,207
1521.1,207
1521.2,207
1521.3,208
1521.4,208
1521.5,208
1521.6,208
1521.7,208
1521.8,208
1521.9,207
1522,207
1522.1,207
1522.2,207
1522.3,206
1522.4,207
1522.5,207
1522.6,207
1522.7,207
1522.8,207
1522.9,208
1523,208
1523.1,208
1523.2,208
1523.3,208
1523.4,208
1523.5,207
1523.6,207
1523.7,207
1523.8,207
1523.9,207
1524,207
1524.1,207
1524.2,207
1524.3,207
1524.4,207
1524.5,207
1524.6,208
1524.7,208
1524.8,208
1524.9,208
1525,208
1525.1,208
1525.2,208
1525.3,207
1525.4,207
1525.5,207
1525.6,207
1525.7,207
1525.8,207
1525.9,207
1526,207
1526.1,207
1526.2,207
1526.3,207
1526.4,208
1526.5,208
1526.6,208
1526.7,208
1526.8,208
1526.9,207
1527,207
1527.1,207
1527.2,207
1527.3,207
1527.4,207
1527.5,207
1527.6,207
1527.7,207
1527.8,207
1527.9,207
1528,208
1528.1,208
1528.2,208
1528.3,208
1528.4,208
1528.5,208
1528.6,207
1528.7,207
1528.8,207
1528.9,207
1529,207
1529.1,207
1529.2,207
1529.3,207
1529.4,207
1529.5,207
1529.6,208
1529.7,208
1529.8,208
1529.9,208
1530,208
1530.1,208
1530.2,208
1530.3,207
1530.4,207
1530.5,207
1530.6,207
1530.7,207
1530.8,207
1530.9,207
1531,207
1531.1,207
1531.2,208
1531.3,208
1531.4,208
1531.5,208
1531.6,208
1531.7,208
1531.8,208
1531.9,207
1532,207
1532.1,207
1532.2,207
1532.3,207
1532.4,207
1532.5,207
1532.6,207
1532.7,207
1532.8,207
1532.9,207
1533,208
1533.1,208
1533.2,208
1533.3,208
1533.4,208
1533.5,207
1533.6,207
1533.7,207
1533.8,207
1533.9,207
1534,207
1534.1,207
1534.2,207
1534.3,207
1534.4,207
1534.5,208
1534.6,208
1534.7,208
1534.8,208
1534.9,208
1535,208
1535.1,208
1535.2,208
1535.3,208
1535.4,207
1535.5,207
1535.6,207
1535.7,207
1535.8,207
1535.9,207
1536,207
1536.1,207
1536.2,207
1536.3,208
1536.4,208
1536.5,208
1536.6,208
1536.7,208
1536.8,208
1536.9,207
1537,207
1537.1,207
1537.2,207
1537.3,207
1537.4,207
1537.5,207
1537.6,207
1537.7,207
1537.8,207
1537.9,207
1538,208
1538.1,208
1538.2,208
1538.3,208
1538.4,208
1538.5,207
1538.6,207
1538.7,207
1538.8,207
1538.9,207
1539,207
1539.1,207
1539.2,207
1539.3,207
1539.4,207
1539.5,207
1539.6,208
1539.7,208
1539.8,208
1539.9,208
1540,208
1540.1,208
1540.2,207
1540.3,207
1540.4,207
1540.5,207
1540.6,207
1540.7,207
1540.8,207
1540.9,207
1541,207
1541.1,207
1541.2,207
1541.3,208
1541.4,208
1541.5,208
1541.6,208
1541.7,208
1541.8,208
1541.9,207
1542,207
1542.1,207
1542.2,207
1542.3,207
1542.4,207
1542.5,207
1542.6,207
1542.7,207
1542.8,207
1542.9,208
1543,208
1543.1,208
1543.2,208
1543.3,208
1543.4,208
1543.5,208
1543.6,207
1543.7,207
1543.8,207
1543.9,207
1544,207
1544.1,207
1544.2,207
1544.3,207
1544.4,207
1544.5,208
1544.6,208
1544.7,208
1544.8,207
1544.9,207
1545,207
1545.1,207
1545.2,207
1545.3,207
1545.4,207
1545.5,206
1545.6,206
1545.7,206
1545.8,206
1545.9,206
1546,207
1546.1,207
1546.2,207
1546.3,207
1546.4,207
1546.5,207
1546.6,207
1546.7,207
1546.8,207
1546.9,207
1547,206
1547.1,206
1547.2,206
1547.3,206
1547.4,206
1547.5,206
1547.6,206
1547.7,206
1547.8,207
1547.9,207
1548,207
1548.1,207
1548.2,207
1548.3,207
1548.4,207
1548.5,207
1548.6,207
1548.7,206
1548.8,206
1548.9,206
1549,206
1549.1,206
1549.2,206
1549.3,206
1549.4,206
1549.5,207
1549.6,207
1549.7,207
1549.8,207
1549.9,207
1550,207
1550.1,207
1550.2,206
1550.3,206
1550.4,206
1550.5,206
1550.6,206
1550.7,206
1550.8,206
1550.9,206
1551,206
1551.1,206
1551.2,206
1551.3,207
1551.4,207
1551.5,207
1551.6,207
1551.7,207
1551.8,206
1551.9,206
1552,206
1552.1,206
1552.2,206
1552.3,206
1552.4,206
1552.5,206
1552.6,206
1552.7,206
1552.8,207
1552.9,207
1553,207
1553.1,207
1553.2,207
1553.3,207
1553.4,207
1553.5,207
1553.6,206
1553.7,206
1553.8,206
1553.9,206
1554,206
1554.1,206
1554.2,206
1554.3,206
1554.4,207
1554.5,207
1554.6,207
1554.7,207
1554.8,207
1554.9,207
1555,207
1555.1,207
1555.2,207
1555.3,206
1555.4,206
1555.5,206
1555.6,206
1555.7,206
1555.8,206
1555.9,206
1556,206
1556.1,206
1556.2,206
1556.3,207
1556.4,207
1556.5,207
1556.6,207
1556.7,207
1556.8,207
1556.9,206
1557,206
1557.1,206
1557.2,206
1557.3,206
1557.4,205
1557.5,206
1557.6,206
1557.7,206
1557.8,206
1557.9,206
1558,207
1558.1,207
1558.2,207
1558.3,207
1558.4,207
1558.5,207
1558.6,207
1558.7,206
1558.8,206
1558.9,206
1559,206
1559.1,206
1559.2,206
1559.3,206
1559.4,206
1559.5,206
1559.6,207
1559.7,207
1559.8,207
1559.9,207
1560,207
1560.1,207
1560.2,207
1560.3,206
1560.4,206
1560.5,206
1560.6,206
1560.7,206
1560.8,206
1560.9,206
1561,206
1561.1,206
1561.2,207
1561.3,207
1561.4,207
1561.5,207
1561.6,207
1561.7,207
1561.8,207
1561.9,206
1562,206
1562.1,206
1562.2,206
1562.3,206
1562.4,205
1562.5,206
1562.6,206
1562.7,206
1562.8,206
1562.9,207
1563,207
1563.1,207
1563.2,207
1563.3,207
1563.4,207
1563.5,206
1563.6,206
1563.7,206
1563.8,206
1563.9,206
1564,206
1564.1,206
1564.2,206
1564.3,206
1564.4,206
1564.5,206
1564.6,207
1564.7,207
1564.8,207
1564.9,207
1565,207
1565.1,207
1565.2,207
1565.3,206
1565.4,206
1565.5,206
1565.6,206
1565.7,205
1565.8,206
1565.9,206
1566,206
1566.1,206
1566.2,207
1566.3,207
1566.4,207
1566.5,207
1566.6,207
1566.7,207
1566.8,207
1566.9,207
1567,206
1567.1,206
1567.2,206
1567.3,206
1567.4,206
1567.5,206
1567.6,206
1567.7,206
1567.8,206
1567.9,207
1568,207
1568.1,207
1568.2,207
1568.3,207
1568.4,207
1568.5,207
1568.6,206
1568.7,206
1568.8,206
1568.9,206
1569,206
1569.1,206
1569.2,206
1569.3,206
1569.4,206
1569.5,206
1569.6,207
1569.7,207
1569.8,207
1569.9,207
1570,207
1570.1,207
1570.2,206
1570.3,206
1570.4,206
1570.5,206
1570.6,206
1570.7,206
1570.8,206
1570.9,206
1571,206
1571.1,206
1571.2,207
1571.3,207
1571.4,207
1571.5,207
1571.6,207
1571.7,207
1571.8,207
1571.9,206
1572,206
1572.1,206
1572.2,206
1572.3,206
1572.4,206
1572.5,206
1572.6,206
1572.7,206
1572.8,207
1572.9,207
1573,207
1573.1,207
1573.2,207
1573.3,207
1573.4,207
1573.5,207
1573.6,206
1573.7,206
1573.8,206
1573.9,206
1574,206
1574.1,205
1574.2,206
1574.3,206
1574.4,206
1574.5,207
1574.6,207
1574.7,207
1574.8,207
1574.9,207
1575,207
1575.1,207
1575.2,207
1575.3,206
1575.4,206
1575.5,206
1575.6,206
1575.7,206
1575.8,206
1575.9,206
1576,206
1576.1,206
1576.2,207
1576.3,207
1576.4,207
1576.5,207
1576.6,207
1576.7,207
1576.8,207
1576.9,207
1577,206
1577.1,206
1577.2,206
1577.3,206
1577.4,206
1577.5,206
1577.6,206
1577.7,206
1577.8,206
1577.9,207
1578,207
1578.1,207
1578.2,207
1578.3,207
1578.4,207
1578.5,207
1578.6,206
1578.7,206
1578.8,206
1578.9,206
1579,206
1579.1,206
1579.2,206
1579.3,206
1579.4,206
1579.5,206
1579.6,207
1579.7,207
1579.8,207
1579.9,207
1580,207
1580.1,207
1580.2,207
1580.3,207
1580.4,206
1580.5,206
1580.6,206
1580.7,206
1580.8,206
1580.9,206
1581,206
1581.1,206
1581.2,206
1581.3,207
1581.4,207
1581.5,207
1581.6,207
1581.7,207
1581.8,206
1581.9,206
1582,206
1582.1,206
1582.2,206
1582.3,206
1582.4,206
1582.5,206
1582.6,206
1582.7,206
1582.8,206
1582.9,206
1583,207
1583.1,207
1583.2,207
1583.3,207
1583.4,206
1583.5,206
1583.6,206
1583.7,206
1583.8,206
1583.9,206
1584,206
1584.1,206
1584.2,206
1584.3,206
1584.4,206
1584.5,207
1584.6,207
1584.7,207
1584.8,207
1584.9,207
1585,207
1585.1,207
1585.2,206
1585.3,206
1585.4,206
1585.5,206
1585.6,206
1585.7,206
1585.8,206
1585.9,206
1586,206
1586.1,206
1586.2,207
1586.3,207
1586.4,207
1586.5,207
1586.6,207
1586.7,207
1586.8,207
1586.9,206
1587,206
1587.1,206
1587.2,206
1587.3,206
1587.4,206
1587.5,206
1587.6,206
1587.7,206
1587.8,207
1587.9,207
1588,207
1588.1,207
1588.2,207
1588.3,207
1588.4,207
1588.5,207
1588.6,206
1588.7,206
1588.8,206
1588.9,206
1589,206
1589.1,206
1589.2,206
1589.3,206
1589.4,206
1589.5,207
1589.6,207
1589.7,207
1589.8,207
1589.9,207
1590,207
1590.1,207
1590.2,207
1590.3,206
1590.4,206
1590.5,206
1590.6,206
1590.7,206
1590.8,206
1590.9,206
1591,206
1591.1,206
1591.2,207
1591.3,207
1591.4,207
1591.5,207
1591.6,207
1591.7,207
1591.8,206
1591.9,206
1592,206
1592.1,206
1592.2,206
1592.3,206
1592.4,206
1592.5,206
1592.6,206
1592.7,206
1592.8,206
1592.9,207
1593,207
1593.1,207
1593.2,207
1593.3,207
1593.4,207
1593.5,207
1593.6,206
1593.7,206
1593.8,206
1593.9,206
1594,206
1594.1,206
1594.2,206
1594.3,206
1594.4,206
1594.5,207
1594.6,207
1594.7,207
1594.8,207
1594.9,207
1595,207
1595.1,207
1595.2,207
1595.3,206
1595.4,206
1595.5,206
1595.6,206
1595.7,206
1595.8,206
1595.9,206
1596,206
1596.1,207
1596.2,207
1596.3,207
1596.4,207
1596.5,207
1596.6,207
1596.7,207
1596.8,207
1596.9,206
1597,206
1597.1,206
1597.2,206
1597.3,206
1597.4,206
1597.5,206
1597.6,206
1597.7,206
1597.8,206
1597.9,207
1598,207
1598.1,207
1598.2,207
1598.3,207
1598.4,207
1598.5,207
1598.6,207
1598.7,206
1598.8,206
1598.9,206
1599,206
1599.1,206
1599.2,206
1599.3,206
1599.4,207
1599.5,207
1599.6,207
1599.7,207
1599.8,207
1599.9,207
1600,207
1600.1,207
1600.2,207
1600.3,206
1600.4,206
1600.5,206
1600.6,206
1600.7,206
1600.8,206
1600.9,206
1601,206
1601.1,206
1601.2,207
1601.3,207
1601.4,207
1601.5,207
1601.6,207
1601.7,207
1601.8,207
1601.9,207
1602,207
1602.1,206
1602.2,206
1602.3,206
1602.4,206
1602.5,206
1602.6,206
1602.7,206
1602.8,206
1602.9,207
1603,207
1603.1,207
1603.2,207
1603.3,207
1603.4,207
1603.5,207
1603.6,207
1603.7,206
1603.8,206
1603.9,206
1604,206
1604.1,206
1604.2,206
1604.3,206
1604.4,206
1604.5,207
1604.6,207
1604.7,207
1604.8,207
1604.9,207
1605,207
1605.1,207
1605.2,206
1605.3,206
1605.4,206
1605.5,206
1605.6,206
1605.7,206
1605.8,206
1605.9,206
1606,206
1606.1,206
1606.2,207
1606.3,207
1606.4,207
1606.5,207
1606.6,207
1606.7,207
1606.8,207
1606.9,207
1607,206
1607.1,206
1607.2,206
1607.3,206
1607.4,206
1607.5,206
1607.6,206
1607.7,206
1607.8,206
1607.9,207
1608,207
1608.1,207
1608.2,207
1608.3,207
1608.4,207
1608.5,207
1608.6,206
1608.7,206
1608.8,206
1608.9,206
1609,206
1609.1,206
1609.2,206
1609.3,206
1609.4,206
1609.5,206
1609.6,207
1609.7,207
1609.8,207
1609.9,207
1610,207
1610.1,207
1610.2,207
1610.3,206
1610.4,206
1610.5,206
1610.6,206
1610.7,206
1610.8,206
1610.9,206
1611,206
1611.1,207
1611.2,207
1611.3,207
1611.4,207
1611.5,207
1611.6,207
1611.7,207
1611.8,206
1611.9,207
1612,206
1612.1,206
1612.2,206
1612.3,206
1612.4,206
1612.5,206
1612.6,206
1612.7,206
1612.8,207
1612.9,207
1613,207
1613.1,207
1613.2,207
1613.3,207
1613.4,207
1613.5,207
1613.6,206
1613.7,206
1613.8,206
1613.9,206
1614,206
1614.1,206
1614.2,206
1614.3,206
1614.4,206
1614.5,207
1614.6,207
1614.7,207
1614.8,207
1614.9,207
1615,207
1615.1,207
1615.2,207
1615.3,207
1615.4,206
1615.5,206
1615.6,206
1615.7,206
1615.8,206
1615.9,206
1616,206
1616.1,207
1616.2,206
1616.3,206
1616.4,207
1616.5,207
1616.6,207
1616.7,207
1616.8,207
1616.9,207
1617,206
1617.1,206
1617.2,206
1617.3,206
1617.4,206
1617.5,206
1617.6,206
1617.7,206
1617.8,207
1617.9,207
1618,207
1618.1,207
1618.2,207
1618.3,207
1618.4,207
1618.5,207
1618.6,206
1618.7,206
1618.8,206
1618.9,206
1619,206
1619.1,206
1619.2,206
1619.3,206
1619.4,206
1619.5,207
1619.6,207
1619.7,207
1619.8,207
1619.9,207
1620,207
1620.1,206
1620.2,207
1620.3,206
1620.4,206
1620.5,206
1620.6,206
1620.7,206
1620.8,206
1620.9,206
1621,206
1621.1,207
1621.2,207
1621.3,207
1621.4,207
1621.5,207
1621.6,207
1621.7,207
1621.8,207
1621.9,207
1622,206
1622.1,206
1622.2,206
1622.3,206
1622.4,206
1622.5,206
1622.6,206
1622.7,206
1622.8,207
1622.9,207
1623,207
1623.1,207
1623.2,207
1623.3,207
1623.4,207
1623.5,207
1623.6,207
1623.7,206
1623.8,206
1623.9,206
1624,206
1624.1,206
1624.2,206
1624.3,206
1624.4,206
1624.5,207
1624.6,207
1624.7,207
1624.8,207
1624.9,207
1625,207
1625.1,207
1625.2,207
1625.3,206
1625.4,206
1625.5,206
1625.6,206
1625.7,206
1625.8,206
1625.9,206
1626,206
1626.1,207
1626.2,207
1626.3,207
1626.4,207
1626.5,207
1626.6,207
1626.7,207
1626.8,207
1626.9,207
1627,206
1627.1,206
1627.2,206
1627.3,206
1627.4,206
1627.5,206
1627.6,206
1627.7,207
1627.8,207
1627.9,207
1628,207
1628.1,207
1628.2,207
1628.3,207
1628.4,207
1628.5,207
1628.6,206
1628.7,206
1628.8,206
1628.9,206
1629,206
1629.1,206
1629.2,206
1629.3,207
1629.4,207
1629.5,207
1629.6,207
1629.7,207
1629.8,207
1629.9,207
1630,207
1630.1,207
1630.2,207
1630.3,206
1630.4,206
1630.5,206
1630.6,206
1630.7,206
1630.8,206
1630.9,206
1631,206
1631.1,207
1631.2,207
1631.3,207
1631.4,207
1631.5,207
1631.6,207
1631.7,207
1631.8,207
1631.9,207
1632,206
1632.1,206
1632.2,206
1632.3,206
1632.4,206
1632.5,206
1632.6,207
1632.7,206
1632.8,207
1632.9,207
1633,207
1633.1,207
1633.2,207
1633.3,207
1633.4,207
1633.5,207
1633.6,207
1633.7,206
1633.8,206
1633.9,206
1634,206
1634.1,206
1634.2,206
1634.3,206
1634.4,207
1634.5,207
1634.6,207
1634.7,207
1634.8,207
1634.9,207
1635,207
1635.1,207
1635.2,207
1635.3,206
1635.4,206
1635.5,206
1635.6,206
1635.7,206
1635.8,206
1635.9,206
1636,206
1636.1,207
1636.2,207
1636.3,207
1636.4,207
1636.5,207
1636.6,207
1636.7,207
1636.8,207
1636.9,207
1637,206
1637.1,206
1637.2,206
1637.3,206
1637.4,206
1637.5,206
1637.6,206
1637.7,206
1637.8,207
1637.9,207
1638,207
1638.1,207
1638.2,207
1638.3,207
1638.4,207
1638.5,207
1638.6,206
1638.7,206
1638.8,206
1638.9,206
1639,206
1639.1,206
1639.2,206
1639.3,206
1639.4,206
1639.5,207
1639.6,207
1639.7,207
1639.8,207
1639.9,207
1640,207
1640.1,207
1640.2,207
1640.3,206
1640.4,206
1640.5,206
1640.6,206
1640.7,206
1640.8,206
1640.9,206
1641,206
1641.1,207
1641.2,207
1641.3,207
1641.4,207
1641.5,207
1641.6,207
1641.7,207
1641.8,207
1641.9,207
1642,206
1642.1,206
1642.2,206
1642.3,206
1642.4,206
1642.5,206
1642.6,206
1642.7,207
1642.8,207
1642.9,207
1643,207
1643.1,207
1643.2,207
1643.3,207
1643.4,207
1643.5,207
1643.6,207
1643.7,206
1643.8,206
1643.9,206
1644,206
1644.1,206
1644.2,206
1644.3,206
1644.4,206
1644.5,207
1644.6,207
1644.7,207
1644.8,207
1644.9,207
1645,207
1645.1,207
1645.2,207
1645.3,206
1645.4,206
1645.5,206
1645.6,206
1645.7,206
1645.8,206
1645.9,206
1646,206
1646.1,207
1646.2,207
1646.3,207
1646.4,207
1646.5,207
1646.6,207
1646.7,207
1646.8,207
1646.9,207
1647,206
1647.1,206
1647.2,206
1647.3,206
1647.4,206
1647.5,206
1647.6,207
1647.7,207
1647.8,207
1647.9,207
1648,207
1648.1,207
1648.2,207
1648.3,207
1648.4,207
1648.5,207
1648.6,206
1648.7,206
1648.8,206
1648.9,206
1649,206
1649.1,206
1649.2,206
1649.3,206
1649.4,207
1649.5,207
1649.6,207
1649.7,207
1649.8,207
1649.9,207
1650,207
1650.1,207
1650.2,207
1650.3,206
1650.4,206
1650.5,206
1650.6,206
1650.7,206
1650.8,206
1650.9,206
1651,206
1651.1,207
1651.2,207
1651.3,207
1651.4,207
1651.5,207
1651.6,207
1651.7,207
1651.8,207
1651.9,206
1652,206
1652.1,206
1652.2,206
1652.3,206
1652.4,206
1652.5,206
1652.6,206
1652.7,206
1652.8,207
1652.9,207
1653,207
1653.1,207
1653.2,207
1653.3,207
1653.4,207
1653.5,207
1653.6,206
1653.7,206
1653.8,206
1653.9,206
1654,206
1654.1,206
1654.2,206
1654.3,206
1654.4,206
1654.5,207
1654.6,207
1654.7,207
1654.8,207
1654.9,207
1655,207
1655.1,207
1655.2,207
1655.3,206
1655.4,207
1655.5,206
1655.6,206
1655.7,206
1655.8,206
1655.9,206
1656,206
1656.1,206
1656.2,207
1656.3,207
1656.4,207
1656.5,207
1656.6,207
1656.7,207
1656.8,207
1656.9,206
1657,206
1657.1,206
1657.2,206
1657.3,206
1657.4,206
1657.5,206
1657.6,206
1657.7,206
1657.8,207
1657.9,207
1658,207
1658.1,207
1658.2,207
1658.3,207
1658.4,207
1658.5,207
1658.6,206
1658.7,206
1658.8,206
1658.9,206
1659,206
1659.1,206
1659.2,206
1659.3,206
1659.4,206
1659.5,207
1659.6,207
1659.7,207
1659.8,207
1659.9,207
1660,207
1660.1,207
1660.2,207
1660.3,207
1660.4,207
1660.5,206
1660.6,206
1660.7,206
1660.8,206
1660.9,206
1661,206
1661.1,207
1661.2,207
1661.3,207
1661.4,207
1661.5,207
1661.6,207
1661.7,207
1661.8,206
1661.9,206
1662,206
1662.1,206
1662.2,206
1662.3,206
1662.4,206
1662.5,206
1662.6,207
1662.7,207
1662.8,207
1662.9,207
1663,207
1663.1,207
1663.2,207
1663.3,207
1663.4,207
1663.5,207
1663.6,207
1663.7,206
1663.8,206
1663.9,206
1664,206
1664.1,206
1664.2,206
1664.3,206
1664.4,207
1664.5,207
1664.6,207
1664.7,207
1664.8,207
1664.9,207
1665,207
1665.1,206
1665.2,206
1665.3,206
1665.4,206
1665.5,206
1665.6,206
1665.7,206
1665.8,206
1665.9,206
1666,207
1666.1,207
1666.2,207
1666.3,207
1666.4,207
1666.5,207
1666.6,207
1666.7,207
1666.8,207
1666.9,207
1667,206
1667.1,206
1667.2,206
1667.3,206
1667.4,206
1667.5,206
1667.6,206
1667.7,207
1667.8,207
1667.9,207
1668,207
1668.1,207
1668.2,207
1668.3,207
1668.4,207
1668.5,207
1668.6,206
1668.7,206
1668.8,206
1668.9,206
1669,206
1669.1,206
1669.2,206
1669.3,206
1669.4,207
1669.5,207
1669.6,207
1669.7,207
1669.8,207
1669.9,207
1670,207
1670.1,207
1670.2,206
1670.3,206
1670.4,206
1670.5,206
1670.6,206
1670.7,206
1670.8,206
1670.9,206
1671,206
1671.1,207
1671.2,207
1671.3,207
1671.4,207
1671.5,207
1671.6,207
1671.7,207
1671.8,207
1671.9,206
1672,206
1672.1,206
1672.2,206
1672.3,206
1672.4,206
1672.5,206
1672.6,206
1672.7,206
1672.8,207
1672.9,207
1673,207
1673.1,207
1673.2,207
1673.3,207
1673.4,207
1673.5,207
1673.6,206
1673.7,206
1673.8,206
1673.9,206
1674,206
1674.1,206
1674.2,206
1674.3,206
1674.4,207
1674.5,207
1674.6,207
1674.7,207
1674.8,207
1674.9,207
1675,207
1675.1,207
1675.2,207
1675.3,206
1675.4,206
1675.5,206
1675.6,206
1675.7,206
1675.8,206
1675.9,206
1676,206
1676.1,207
1676.2,207
1676.3,207
1676.4,207
1676.5,207
1676.6,207
1676.7,207
1676.8,206
1676.9,206
1677,206
1677.1,206
1677.2,206
1677.3,206
1677.4,206
1677.5,206
1677.6,206
1677.7,206
1677.8,207
1677.9,207
1678,207
1678.1,207
1678.2,207
1678.3,207
1678.4,207
1678.5,207
1678.6,207
1678.7,206
1678.8,206
1678.9,206
1679,206
1679.1,206
1679.2,206
1679.3,206
1679.4,207
1679.5,206
1679.6,207
1679.7,207
1679.8,207
1679.9,207
1680,207
1680.1,206
1680.2,206
1680.3,206
1680.4,206
1680.5,206
1680.6,206
1680.7,206
1680.8,206
1680.9,206
1681,206
1681.1,207
1681.2,207
1681.3,207
1681.4,207
1681.5,207
1681.6,207
1681.7,207
1681.8,207
1681.9,206
1682,206
1682.1,206
1682.2,206
1682.3,206
1682.4,206
1682.5,206
1682.6,206
1682.7,206
1682.8,207
1682.9,207
1683,207
1683.1,207
1683.2,207
1683.3,207
1683.4,207
1683.5,207
1683.6,206
1683.7,206
1683.8,206
1683.9,206
1684,206
1684.1,206
1684.2,206
1684.3,206
1684.4,206
1684.5,207
1684.6,207
1684.7,207
1684.8,207
1684.9,207
1685,207
1685.1,207
1685.2,206
1685.3,206
1685.4,206
1685.5,206
1685.6,206
1685.7,206
1685.8,206
1685.9,206
1686,206
1686.1,206
1686.2,204
1686.3,203
1686.4,201
1686.5,198
1686.6,196
1686.7,193
1686.8,191
1686.9,188
1687,186
1687.1,184
1687.2,182
1687.3,179
1687.4,177
1687.5,175
1687.6,173
1687.7,171
1687.8,169
1687.9,167
1688,165
1688.1,162
1688.2,161
1688.3,158
1688.4,156
1688.5,154
1688.6,152
1688.7,149
1688.8,147
1688.9,144
1689,142
1689.1,140
1689.2,138
1689.3,136
1689.4,135
1689.5,133
1689.6,131
1689.7,129
1689.8,127
1689.9,124
1690,122
1690.1,120
1690.2,117
1690.3,115
1690.4,113
1690.5,111
1690.6,109
1690.7,107
1690.8,105
1690.9,103
1691,101
1691.1,99
1691.2,97
1691.3,95
1691.4,93
1691.5,91
1691.6,89
1691.7,87
1691.8,85
1691.9,83
1692,81
1692.1,79
1692.2,76
1692.3,74
1692.4,72
1692.5,70
1692.6,69
1692.7,67
1692.8,65
1692.9,63
1693,62
1693.1,60
1693.2,58
1693.3,56
1693.4,54
1693.5,52
1693.6,50
1693.7,47
1693.8,46
1693.9,44
1694,42
1694.1,40
1694.2,38
1694.3,36
1694.4,34
1694.5,33
1694.6,31
1694.7,29
1694.8,28
1694.9,26
1695,24
1695.1,22
1695.2,20
1695.3,18
1695.4,16
1695.5,14
1695.6,12
1695.7,10
1695.8,9
1695.9,7
1696,5
1696.1,4
1696.2,2
1696.3,0
1696.4,255
1696.5,253
1696.6,251
1696.7,249
1696.8,247
1696.9,245
1697,243
1697.1,241
1697.2,239
1697.3,238
1697.4,236
1697.5,235
1697.6,233
1697.7,231
1697.8,230
1697.9,228
1698,227
1698.1,225
1698.2,223
1698.3,221
1698.4,219
1698.5,218
1698.6,216
1698.7,214
1698.8,212
1698.9,210
1699,209
1699.1,207
1699.2,206
1699.3,204
1699.4,203
1699.5,201
1699.6,200
1699.7,198
1699.8,197
1699.9,195
1700,193
1700.1,191
1700.2,189
1700.3,187
1700.4,186
1700.5,184
1700.6,182
1700.7,181
1700.8,179
1700.9,178
1701,177
1701.1,175
1701.2,174
1701.3,173
1701.4,171
1701.5,169
1701.6,168
1701.7,166
1701.8,165
1701.9,163
1702,161
1702.1,159
1702.2,158
1702.3,156
1702.4,155
1702.5,154
1702.6,152
1702.7,151
1702.8,150
1702.9,148
1703,147
1703.1,145
1703.2,144
1703.3,142
1703.4,140
1703.5,139
1703.6,137
1703.7,135
1703.8,134
1703.9,132
1704,131
1704.1,130
1704.2,128
1704.3,127
1704.4,126
1704.5,124
1704.6,123
1704.7,122
1704.8,121
1704.9,119
1705,117
1705.1,116
1705.2,114
1705.3,112
1705.4,111
1705.5,109
1705.6,108
1705.7,107
1705.8,105
1705.9,104
1706,103
1706.1,102
1706.2,101
1706.3,99
1706.4,98
1706.5,97
1706.6,95
1706.7,94
1706.8,92
1706.9,90
1707,89
1707.1,87
1707.2,86
1707.3,85
1707.4,84
1707.5,82
1707.6,81
1707.7,80
1707.8,79
1707.9,78
1708,76
1708.1,75
1708.2,74
1708.3,72
1708.4,71
1708.5,69
1708.6,68
1708.7,66
1708.8,65
1708.9,64
1709,62
1709.1,61
1709.2,60
1709.3,59
1709.4,58
1709.5,57
1709.6,56
1709.7,55
1709.8,53
1709.9,52
1710,51
1710.1,49
1710.2,48
1710.3,46
1710.4,45
1710.5,44
1710.6,42
1710.7,41
1710.8,40
1710.9,39
1711,38
1711.1,37
1711.2,36
1711.3,35
1711.4,34
1711.5,33
1711.6,31
1711.7,30
1711.8,29
1711.9,27
1712,26
1712.1,24
1712.2,23
1712.3,22
1712.4,21
1712.5,20
1712.6,19
1712.7,18
1712.8,17
1712.9,16
1713,15
1713.1,14
1713.2,13
1713.3,11
1713.4,10
1713.5,9
1713.6,7
1713.7,6
1713.8,5
1713.9,3
1714,2
1714.1,2
1714.2,0
1714.3,255
1714.4,254
1714.5,253
1714.6,252
1714.7,251
1714.8,250
1714.9,249
1715,248
1715.1,247
1715.2,245
1715.3,244
1715.4,243
1715.5,242
1715.6,241
1715.7,240
1715.8,239
1715.9,238
1716,237
1716.1,236
1716.2,235
1716.3,234
1716.4,233
1716.5,232
1716.6,231
1716.7,230
1716.8,228
1716.9,227
1717,226
1717.1,225
1717.2,223
1717.3,222
1717.4,221
1717.5,221
1717.6,220
1717.7,219
1717.8,218
1717.9,217
1718,216
1718.1,215
1718.2,214
1718.3,213
1718.4,212
1718.5,211
1718.6,210
1718.7,208
1718.8,208
1718.9,206
1719,205
1719.1,204
1719.2,204
1719.3,203
1719.4,202
1719.5,201
1719.6,200
1719.7,199
1719.8,198
1719.9,197
1720,196
1720.1,195
1720.2,194
1720.3,193
1720.4,191
1720.5,191
1720.6,190
1720.7,189
1720.8,188
1720.9,187
1721,187
1721.1,186
1721.2,185
1721.3,184
1721.4,183
1721.5,182
1721.6,181
1721.7,180
1721.8,179
1721.9,178
1722,177
1722.1,176
1722.2,175
1722.3,174
1722.4,173
1722.5,172
1722.6,171
1722.7,171
1722.8,170
1722.9,169
1723,168
1723.1,168
1723.2,167
1723.3,166
1723.4,165
1723.5,164
1723.6,163
1723.7,161
1723.8,160
1723.9,159
1724,158
1724.1,158
1724.2,157
1724.3,156
1724.4,156
1724.5,155
1724.6,154
1724.7,154
1724.8,153
1724.9,151
1725,150
1725.1,149
1725.2,148
1725.3,147
1725.4,146
1725.5,146
1725.6,145
1725.7,144
1725.8,143
1725.9,142
1726,142
1726.1,141
1726.2,141
1726.3,140
1726.4,139
1726.5,138
1726.6,138
1726.7,136
1726.8,135
1726.9,134
1727,133
1727.1,132
1727.2,132
1727.3,130
1727.4,130
1727.5,129
1727.6,129
1727.7,128
1727.8,127
1727.9,127
1728,126
1728.1,125
1728.2,124
1728.3,124
1728.4,123
1728.5,122
1728.6,121
1728.7,120
1728.8,119
1728.9,118
1729,117
1729.1,116
1729.2,116
1729.3,115
1729.4,115
1729.5,114
1729.6,113
1729.7,113
1729.8,112
1729.9,111
1730,110
1730.1,109
1730.2,108
1730.3,107
1730.4,107
1730.5,106
1730.6,105
1730.7,104
1730.8,104
1730.9,104
1731,103
1731.1,102
1731.2,101
1731.3,101
1731.4,100
1731.5,99
1731.6,99
1731.7,98
1731.8,97
1731.9,96
1732,95
1732.1,94
1732.2,93
1732.3,92
1732.4,92
1732.5,91
1732.6,91
1732.7,91
1732.8,90
1732.9,89
1733,89
1733.1,88
1733.2,87
1733.3,86
1733.4,85
1733.5,85
1733.6,84
1733.7,83
1733.8,82
1733.9,81
1734,81
1734.1,80
1734.2,80
1734.3,79
1734.4,79
1734.5,78
1734.6,78
1734.7,77
1734.8,77
1734.9,75
1735,75
1735.1,74
1735.2,73
1735.3,72
1735.4,72
1735.5,71
1735.6,70
1735.7,69
1735.8,69
1735.9,68
1736,68
1736.1,68
1736.2,67
1736.3,66
1736.4,66
1736.5,65
1736.6,64
1736.7,64
1736.8,63
1736.9,62
1737,61
1737.1,60
1737.2,59
1737.3,59
1737.4,58
1737.5,58
1737.6,58
1737.7,57
1737.8,57
1737.9,56
1738,56
1738.1,55
1738.2,54
1738.3,54
1738.4,53
1738.5,52
1738.6,51
1738.7,50
1738.8,50
1738.9,49
1739,48
1739.1,48
1739.2,48
1739.3,47
1739.4,47
1739.5,46
1739.6,46
1739.7,45
1739.8,45
1739.9,44
1740,43
1740.1,42
1740.2,42
1740.3,41
1740.4,40
1740.5,39
1740.6,39
1740.7,38
1740.8,38
1740.9,37
1741,37
1741.1,37
1741.2,36
1741.3,36
1741.4,35
1741.5,35
1741.6,34
1741.7,33
1741.8,32
1741.9,31
1742,31
1742.1,30
1742.2,29
1742.3,29
1742.4,28
1742.5,28
1742.6,28
1742.7,27
1742.8,27
1742.9,26
1743,26
1743.1,25
1743.2,25
1743.3,24
1743.4,24
1743.5,23
1743.6,22
1743.7,21
1743.8,20
1743.9,20
1744,19
1744.1,19
1744.2,19
1744.3,18
1744.4,18
1744.5,18
1744.6,17
1744.7,17
1744.8,16
1744.9,16
1745,15
1745.1,14
1745.2,13
1745.3,13
1745.4,12
1745.5,11
1745.6,11
1745.7,10
1745.8,10
1745.9,10
1746,9
1746.1,9
1746.2,9
1746.3,8
1746.4,8
1746.5,8
1746.6,6
1746.7,6
1746.8,5
1746.9,5
1747,4
1747.1,3
1747.2,2
1747.3,2
1747.4,2
1747.5,1
1747.6,1
1747.7,1
1747.8,1
1747.9,0
1748,0
1748.1,255
1748.2,254
1748.3,254
1748.4,253
1748.5,252
1748.6,252
1748.7,251
1748.8,251
1748.9,250
1749,250
1749.1,249
1749.2,249
1749.3,249
1749.4,249
1749.5,248
1749.6,248
1749.7,247
1749.8,247
1749.9,246
1750,246
1750.1,245
1750.2,244
1750.3,244
1750.4,243
1750.5,242
1750.6,241
1750.7,241
1750.8,241
1750.9,241
1751,241
1751.1,240
1751.2,240
1751.3,240
1751.4,239
1751.5,238
1751.6,238
1751.7,237
1751.8,237
1751.9,236
1752,236
1752.1,235
1752.2,234
1752.3,234
1752.4,234
1752.5,234
1752.6,233
1752.7,233
1752.8,233
1752.9,232
1753,232
1753.1,232
1753.2,231
1753.3,230
1753.4,230
1753.5,229
1753.6,229
1753.7,228
1753.8,227
1753.9,227
1754,226
1754.1,226
1754.2,226
1754.3,225
1754.4,226
1754.5,225
1754.6,225
1754.7,225
1754.8,224
1754.9,223
1755,223
1755.1,222
1755.2,222
1755.3,221
1755.4,220
1755.5,220
1755.6,220
1755.7,219
1755.8,219
1755.9,219
1756,218
1756.1,218
1756.2,218
1756.3,218
1756.4,217
1756.5,217
1756.6,216
1756.7,216
1756.8,215
1756.9,214
1757,214
1757.1,214
1757.2,213
1757.3,212
1757.4,212
1757.5,212
1757.6,212
1757.7,212
1757.8,211
1757.9,211
1758,211
1758.1,210
1758.2,210
1758.3,209
1758.4,209
1758.5,208
1758.6,208
1758.7,207
1758.8,207
1758.9,206
1759,206
1759.1,206
1759.2,205
1759.3,205
1759.4,205
1759.5,205
1759.6,205
1759.7,204
1759.8,204
1759.9,203
1760,203
1760.1,202
1760.2,201
1760.3,201
1760.4,200
1760.5,200
1760.6,199
1760.7,199
1760.8,199
1760.9,199
1761,198
1761.1,199
1761.2,198
1761.3,198
1761.4,198
1761.5,197
1761.6,197
1761.7,196
1761.8,196
1761.9,195
1762,194
1762.1,194
1762.2,194
1762.3,193
1762.4,193
1762.5,193
1762.6,192
1762.7,192
1762.8,192
1762.9,192
1763,192
1763.1,191
1763.2,191
1763.3,191
1763.4,190
1763.5,189
1763.6,189
1763.7,188
1763.8,188
1763.9,187
1764,187
1764.1,187
1764.2,187
1764.3,187
1764.4,187
1764.5,187
1764.6,186
1764.7,186
1764.8,185
1764.9,185
1765,184
1765.1,184
1765.2,183
1765.3,183
1765.4,182
1765.5,182
1765.6,182
1765.7,181
1765.8,181
1765.9,181
1766,181
1766.1,181
1766.2,181
1766.3,180
1766.4,180
1766.5,179
1766.6,179
1766.7,179
1766.8,178
1766.9,178
1767,177
1767.1,177
1767.2,176
1767.3,176
1767.4,175
1767.5,175
1767.6,175
1767.7,175
1767.8,175
1767.9,175
1768,175
1768.1,174
1768.2,174
1768.3,174
1768.4,173
1768.5,172
1768.6,172
1768.7,171
1768.8,171
1768.9,171
1769,170
1769.1,170
1769.2,170
1769.3,170
1769.4,170
1769.5,170
1769.6,170
1769.7,169
1769.8,169
1769.9,168
1770,168
1770.1,168
1770.2,167
1770.3,167
1770.4,166
1770.5,166
1770.6,165
1770.7,165
1770.8,165
1770.9,165
1771,165
1771.1,165
1771.2,165
1771.3,164
1771.4,164
1771.5,163
1771.6,163
1771.7,163
1771.8,162
1771.9,162
1772,162
1772.1,161
1772.2,160
1772.3,160
1772.4,160
1772.5,160
1772.6,160
1772.7,160
1772.8,159
1772.9,160
1773,160
1773.1,159
1773.2,159
1773.3,158
1773.4,158
1773.5,157
1773.6,157
1773.7,156
1773.8,156
1773.9,156
1774,156
1774.1,156
1774.2,155
1774.3,155
1774.4,155
1774.5,155
1774.6,155
1774.7,155
1774.8,154
1774.9,154
1775,153
1775.1,153
1775.2,152
1775.3,152
1775.4,151
1775.5,151
1775.6,151
1775.7,151
1775.8,150
1775.9,150
1776,150
1776.1,150
1776.2,150
1776.3,150
1776.4,149
1776.5,149
1776.6,149
1776.7,148
1776.8,148
1776.9,148
1777,147
1777.1,147
1777.2,146
1777.3,146
1777.4,146
1777.5,146
1777.6,146
1777.7,146
1777.8,146
1777.9,146
1778,145
1778.1,145
1778.2,145
1778.3,144
1778.4,144
1778.5,144
1778.6,143
1778.7,143
1778.8,142
1778.9,142
1779,142
1779.1,142
1779.2,142
1779.3,142
1779.4,142
1779.5,142
1779.6,142
1779.7,141
1779.8,141
1779.9,141
1780,140
1780.1,140
1780.2,139
1780.3,139
1780.4,138
1780.5,138
1780.6,138
1780.7,137
1780.8,137
1780.9,137
1781,137
1781.1,137
1781.2,137
1781.3,137
1781.4,137
1781.5,137
1781.6,136
1781.7,136
1781.8,135
1781.9,134
1782,134
1782.1,134
1782.2,134
1782.3,134
1782.4,134
1782.5,133
1782.6,133
1782.7,134
1782.8,134
1782.9,133
1783,133
1783.1,133
1783.2,133
1783.3,132
1783.4,132
1783.5,131
1783.6,131
1783.7,130
1783.8,130
1783.9,130
1784,130
1784.1,129
1784.2,130
1784.3,130
1784.4,130
1784.5,130
1784.6,129
1784.7,129
1784.8,129
1784.9,129
1785,128
1785.1,128
1785.2,128
1785.3,127
1785.4,126
1785.5,126
1785.6,126
1785.7,126
1785.8,126
1785.9,126
1786,126
1786.1,126
1786.2,126
1786.3,126
1786.4,125
1786.5,125
1786.6,125
1786.7,124
1786.8,124
1786.9,124
1787,123
1787.1,123
1787.2,122
1787.3,122
1787.4,122
1787.5,122
1787.6,122
1787.7,122
1787.8,122
1787.9,122
1788,122
1788.1,122
1788.2,121
1788.3,121
1788.4,121
1788.5,120
1788.6,120
1788.7,120
1788.8,119
1788.9,119
1789,119
1789.1,119
1789.2,119
1789.3,119
1789.4,119
1789.5,119
1789.6,119
1789.7,119
1789.8,118
1789.9,118
1790,118
1790.1,117
1790.2,117
1790.3,117
1790.4,116
1790.5,116
1790.6,115
1790.7,115
1790.8,116
1790.9,115
1791,115
1791.1,115
1791.2,115
1791.3,116
1791.4,115
1791.5,115
1791.6,114
1791.7,114
1791.8,114
1791.9,113
1792,113
1792.1,113
1792.2,112
1792.3,112
1792.4,112
1792.5,112
1792.6,112
1792.7,112
1792.8,112
1792.9,112
1793,112
1793.1,112
1793.2,111
1793.3,111
1793.4,111
1793.5,110
1793.6,110
1793.7,109
1793.8,109
1793.9,109
1794,109
1794.1,109
1794.2,109
1794.3,109
1794.4,109
1794.5,109
1794.6,109
1794.7,109
1794.8,109
1794.9,108
1795,108
1795.1,108
1795.2,107
1795.3,107
1795.4,107
1795.5,106
1795.6,106
1795.7,106
1795.8,106
1795.9,106
1796,106
1796.1,106
1796.2,106
1796.3,106
1796.4,106
1796.5,106
1796.6,105
1796.7,105
1796.8,105
1796.9,104
1797,104
1797.1,103
1797.2,103
1797.3,103
1797.4,103
1797.5,103
1797.6,103
1797.7,103
1797.8,104
1797.9,103
1798,103
1798.1,103
1798.2,102
1798.3,102
1798.4,102
1798.5,102
1798.6,101
1798.7,101
1798.8,101
1798.9,100
1799,100
1799.1,100
1799.2,100
1799.3,100
1799.4,100
1799.5,100
1799.6,100
1799.7,100
1799.8,100
1799.9,100
1800,99
1800.1,99
1800.2,98
1800.3,98
1800.4,98
1800.5,98
1800.6,97
1800.7,97
1800.8,97
1800.9,97
1801,97
1801.1,97
1801.2,98
1801.3,98
1801.4,97
1801.5,97
1801.6,97
1801.7,96
1801.8,96
1801.9,96
1802,96
1802.1,96
1802.2,95
1802.3,95
1802.4,95
1802.5,95
1802.6,95
1802.7,95
1802.8,95
1802.9,95
1803,95
1803.1,95
1803.2,95
1803.3,94
1803.4,94
1803.5,94
1803.6,93
1803.7,93
1803.8,93
1803.9,92
1804,92
1804.1,92
1804.2,92
1804.3,93
1804.4,92
1804.5,93
1804.6,93
1804.7,92
1804.8,92
1804.9,92
1805,91
1805.1,91
1805.2,91
1805.3,91
1805.4,90
1805.5,90
1805.6,90
1805.7,90
1805.8,90
1805.9,90
1806,90
1806.1,90
1806.2,90
1806.3,90
1806.4,90
1806.5,90
1806.6,89
1806.7,89
1806.8,89
1806.9,88
1807,88
1807.1,88
1807.2,88
1807.3,88
1807.4,87
1807.5,88
1807.6,88
1807.7,88
1807.8,88
1807.9,88
1808,88
1808.1,88
1808.2,87
1808.3,87
1808.4,87
1808.5,86
1808.6,86
1808.7,86
1808.8,85
1808.9,85
1809,85
1809.1,85
1809.2,85
1809.3,85
1809.4,86
1809.5,86
1809.6,86
1809.7,86
1809.8,85
1809.9,85
1810,85
1810.1,84
1810.2,84
1810.3,84
1810.4,83
1810.5,83
1810.6,83
1810.7,83
1810.8,83
1810.9,83
1811,83
1811.1,84
1811.2,84
1811.3,83
1811.4,83
1811.5,83
1811.6,83
1811.7,82
1811.8,82
1811.9,81
1812,81
1812.1,81
1812.2,81
1812.3,81
1812.4,81
1812.5,81
1812.6,81
1812.7,82
1812.8,82
1812.9,81
1813,81
1813.1,81
1813.2,81
1813.3,80
1813.4,80
1813.5,80
1813.6,80
1813.7,79
1813.8,79
1813.9,79
1814,79
1814.1,78
1814.2,79
1814.3,79
1814.4,79
1814.5,79
1814.6,79
1814.7,79
1814.8,79
1814.9,79
1815,78
1815.1,78
1815.2,78
1815.3,77
1815.4,77
1815.5,77
1815.6,77
1815.7,77
1815.8,77
1815.9,77
1816,77
1816.1,77
1816.2,77
1816.3,77
1816.4,77
1816.5,77
1816.6,77
1816.7,76
1816.8,76
1816.9,76
1817,76
1817.1,75
1817.2,75
1817.3,75
1817.4,75
1817.5,75
1817.6,75
1817.7,75
1817.8,75
1817.9,75
1818,75
1818.1,75
1818.2,75
1818.3,75
1818.4,75
1818.5,74
1818.6,74
1818.7,74
1818.8,73
1818.9,73
1819,73
1819.1,73
1819.2,73
1819.3,74
1819.4,73
1819.5,74
1819.6,74
1819.7,74
1819.8,74
1819.9,73
1820,73
1820.1,73
1820.2,72
1820.3,72
1820.4,72
1820.5,72
1820.6,71
1820.7,71
1820.8,71
1820.9,71
1821,71
1821.1,72
1821.2,72
1821.3,72
1821.4,72
1821.5,72
1821.6,71
1821.7,71
1821.8,71
1821.9,71
1822,70
1822.1,70
1822.2,70
1822.3,69
1822.4,69
1822.5,70
1822.6,70
1822.7,70
1822.8,70
1822.9,70
1823,70
1823.1,70
1823.2,70
1823.3,69
1823.4,69
1823.5,69
1823.6,68
1823.7,68
1823.8,68
1823.9,68
1824,68
1824.1,68
1824.2,68
1824.3,68
1824.4,68
1824.5,68
1824.6,68
1824.7,68
1824.8,68
1824.9,68
1825,68
1825.1,67
1825.2,67
1825.3,67
1825.4,67
1825.5,66
1825.6,66
1825.7,66
1825.8,66
1825.9,66
1826,67
1826.1,67
1826.2,67
1826.3,67
1826.4,67
1826.5,67
1826.6,66
1826.7,66
1826.8,65
1826.9,65
1827,65
1827.1,65
1827.2,64
1827.3,64
1827.4,64
1827.5,65
1827.6,65
1827.7,65
1827.8,65
1827.9,65
1828,65
1828.1,65
1828.2,65
1828.3,65
1828.4,64
1828.5,64
1828.6,64
1828.7,64
1828.8,64
1828.9,64
1829,64
1829.1,64
1829.2,64
1829.3,64
1829.4,64
1829.5,64
1829.6,64
1829.7,64
1829.8,64
1829.9,64
1830,64
1830.1,63
1830.2,62
1830.3,62
1830.4,62
1830.5,62
1830.6,62
1830.7,62
1830.8,62
1830.9,62
1831,62
1831.1,62
1831.2,62
1831.3,62
1831.4,62
1831.5,62
1831.6,62
1831.7,62
1831.8,61
1831.9,61
1832,61
1832.1,60
1832.2,60
1832.3,60
1832.4,60
1832.5,60
1832.6,61
1832.7,61
1832.8,61
1832.9,61
1833,61
1833.1,61
1833.2,61
1833.3,60
1833.4,60
1833.5,59
1833.6,59
1833.7,59
1833.8,59
1833.9,59
1834,59
1834.1,60
1834.2,60
1834.3,60
1834.4,60
1834.5,60
1834.6,60
1834.7,60
1834.8,59
1834.9,59
1835,58
1835.1,59
1835.2,58
1835.3,58
1835.4,58
1835.5,58
1835.6,58
1835.7,58
1835.8,58
1835.9,58
1836,58
1836.1,58
1836.2,58
1836.3,58
1836.4,58
1836.5,58
1836.6,58
1836.7,57
1836.8,57
1836.9,57
1837,56
1837.1,56
1837.2,56
1837.3,56
1837.4,56
1837.5,56
1837.6,56
1837.7,57
1837.8,57
1837.9,57
1838,57
1838.1,57
1838.2,56
1838.3,56
1838.4,56
1838.5,56
1838.6,55
1838.7,55
1838.8,55
1838.9,55
1839,55
1839.1,55
1839.2,55
1839.3,56
1839.4,56
1839.5,56
1839.6,56
1839.7,56
1839.8,56
1839.9,55
1840,55
1840.1,55
1840.2,55
1840.3,54
1840.4,54
1840.5,54
1840.6,54
1840.7,54
1840.8,54
1840.9,54
1841,54
1841.1,54
1841.2,54
1841.3,55
1841.4,54
1841.5,54
1841.6,54
1841.7,54
1841.8,53
1841.9,53
1842,53
1842.1,53
1842.2,53
1842.3,53
1842.4,53
1842.5,53
1842.6,53
1842.7,53
1842.8,53
1842.9,54
1843,53
1843.1,53
1843.2,53
1843.3,53
1843.4,52
1843.5,52
1843.6,52
1843.7,52
1843.8,52
1843.9,52
1844,52
1844.1,52
1844.2,52
1844.3,52
1844.4,52
1844.5,52
1844.6,52
1844.7,52
1844.8,52
1844.9,52
1845,52
1845.1,52
1845.2,51
1845.3,51
1845.4,51
1845.5,50
1845.6,50
1845.7,50
1845.8,51
1845.9,51
1846,51
1846.1,51
1846.2,51
1846.3,51
1846.4,51
1846.5,51
1846.6,51
1846.7,51
1846.8,50
1846.9,50
1847,50
1847.1,50
1847.2,50
1847.3,49
1847.4,49
1847.5,50
1847.6,50
1847.7,50
1847.8,50
1847.9,50
1848,50
1848.1,50
1848.2,50
1848.3,50
1848.4,50
1848.5,49
1848.6,49
1848.7,49
1848.8,49
1848.9,49
1849,48
1849.1,49
1849.2,49
1849.3,49
1849.4,49
1849.5,49
1849.6,49
1849.7,49
1849.8,49
1849.9,49
1850,49
1850.1,48
1850.2,48
1850.3,48
1850.4,48
1850.5,48
1850.6,48
1850.7,48
1850.8,48
1850.9,48
1851,48
1851.1,48
1851.2,48
1851.3,48
1851.4,48
1851.5,48
1851.6,48
1851.7,48
1851.8,48
1851.9,47
1852,47
1852.1,47
1852.2,46
1852.3,47
1852.4,47
1852.5,47
1852.6,47
1852.7,47
1852.8,48
1852.9,48
1853,48
1853.1,48
1853.2,47
1853.3,47
1853.4,47
1853.5,47
1853.6,46
1853.7,46
1853.8,46
1853.9,46
1854,46
1854.1,46
1854.2,46
1854.3,46
1854.4,46
1854.5,46
1854.6,46
1854.7,46
1854.8,46
1854.9,46
1855,46
1855.1,46
1855.2,45
1855.3,45
1855.4,45
1855.5,45
1855.6,45
1855.7,44
1855.8,45
1855.9,45
1856,45
1856.1,45
1856.2,46
1856.3,46
1856.4,45
1856.5,45
1856.6,45
1856.7,45
1856.8,44
1856.9,44
1857,44
1857.1,44
1857.2,44
1857.3,44
1857.4,44
1857.5,44
1857.6,44
1857.7,44
1857.8,45
1857.9,45
1858,44
1858.1,44
1858.2,44
1858.3,44
1858.4,44
1858.5,44
1858.6,43
1858.7,43
1858.8,43
1858.9,43
1859,43
1859.1,43
1859.2,43
1859.3,43
1859.4,44
1859.5,44
1859.6,44
1859.7,44
1859.8,44
1859.9,44
1860,44
1860.1,43
1860.2,43
1860.3,43
1860.4,42
1860.5,42
1860.6,42
1860.7,42
1860.8,42
1860.9,42
1861,43
1861.1,43
1861.2,43
1861.3,43
1861.4,43
1861.5,43
1861.6,42
1861.7,42
1861.8,42
1861.9,42
1862,42
1862.1,42
1862.2,41
1862.3,41
1862.4,41
1862.5,42
1862.6,42
1862.7,42
1862.8,42
1862.9,42
1863,42
1863.1,42
1863.2,42
1863.3,42
1863.4,42
1863.5,41
1863.6,41
1863.7,41
1863.8,41
1863.9,41
1864,41
1864.1,41
1864.2,41
1864.3,41
1864.4,41
1864.5,41
1864.6,41
1864.7,41
1864.8,41
1864.9,41
1865,41
1865.1,41
1865.2,40
1865.3,40
1865.4,40
1865.5,40
1865.6,40
1865.7,40
1865.8,40
1865.9,40
1866,40
1866.1,41
1866.2,41
1866.3,41
1866.4,41
1866.5,40
1866.6,40
1866.7,40
1866.8,40
1866.9,40
1867,40
1867.1,39
1867.2,39
1867.3,39
1867.4,39
1867.5,40
1867.6,40
1867.7,40
1867.8,40
1867.9,40
1868,40
1868.1,40
1868.2,40
1868.3,40
1868.4,40
1868.5,39
1868.6,39
1868.7,39
1868.8,38
1868.9,39
1869,39
1869.1,39
1869.2,39
1869.3,39
1869.4,39
1869.5,40
1869.6,40
1869.7,40
1869.8,40
1869.9,39
1870,39
1870.1,38
1870.2,38
1870.3,38
1870.4,38
1870.5,38
1870.6,38
1870.7,38
1870.8,38
1870.9,38
1871,38
1871.1,39
1871.2,39
1871.3,39
1871.4,39
1871.5,39
1871.6,38
1871.7,38
1871.8,38
1871.9,38
1872,38
1872.1,37
1872.2,37
1872.3,37
1872.4,37
1872.5,37
1872.6,38
1872.7,38
1872.8,38
1872.9,38
1873,38
1873.1,38
1873.2,38
1873.3,38
1873.4,38
1873.5,37
1873.6,37
1873.7,37
1873.8,36
1873.9,36
1874,36
1874.1,37
1874.2,37
1874.3,37
1874.4,37
1874.5,38
1874.6,38
1874.7,37
1874.8,37
1874.9,37
1875,37
1875.1,37
1875.2,36
1875.3,36
1875.4,36
1875.5,36
1875.6,36
1875.7,36
1875.8,36
1875.9,36
1876,36
1876.1,37
1876.2,37
1876.3,37
1876.4,37
1876.5,37
1876.6,36
1876.7,36
1876.8,36
1876.9,36
1877,36
1877.1,36
1877.2,35
1877.3,35
1877.4,36
1877.5,36
1877.6,36
1877.7,36
1877.8,36
1877.9,36
1878,36
1878.1,36
1878.2,36
1878.3,35
1878.4,35
1878.5,35
1878.6,35
1878.7,35
1878.8,34
1878.9,34
1879,34
1879.1,35
1879.2,35
1879.3,35
1879.4,36
1879.5,36
1879.6,36
1879.7,36
1879.8,35
1879.9,35
1880,35
1880.1,35
1880.2,34
1880.3,34
1880.4,34
1880.5,34
1880.6,34
1880.7,34
1880.8,34
1880.9,34
1881,34
1881.1,35
1881.2,35
1881.3,35
1881.4,35
1881.5,35
1881.6,35
1881.7,35
1881.8,34
1881.9,34
1882,34
1882.1,34
1882.2,34
1882.3,34
1882.4,34
1882.5,34
1882.6,34
1882.7,35
1882.8,35
1882.9,35
1883,35
1883.1,35
1883.2,35
1883.3,34
1883.4,34
1883.5,34
1883.6,34
1883.7,34
1883.8,34
1883.9,34
1884,33
1884.1,34
1884.2,34
1884.3,34
1884.4,34
1884.5,34
1884.6,35
1884.7,35
1884.8,34
1884.9,34
1885,34
1885.1,34
1885.2,34
1885.3,34
1885.4,33
1885.5,33
1885.6,33
1885.7,33
1885.8,33
1885.9,34
1886,35
1886.1,35
1886.2,35
1886.3,35
1886.4,34
1886.5,34
1886.6,34
1886.7,34
1886.8,34
1886.9,34
1887,33
1887.1,33
1887.2,33
1887.3,33
1887.4,33
1887.5,33
1887.6,34
1887.7,34
1887.8,34
1887.9,34
1888,34
1888.1,34
1888.2,34
1888.3,34
1888.4,34
1888.5,33
1888.6,33
1888.7,33
1888.8,33
1888.9,33
1889,33
1889.1,33
1889.2,34
1889.3,34
1889.4,34
1889.5,34
1889.6,34
1889.7,34
1889.8,34
1889.9,34
1890,34
1890.1,33
1890.2,33
1890.3,33
1890.4,33
1890.5,33
1890.6,32
1890.7,32
1890.8,33
1890.9,33
1891,33
1891.1,33
1891.2,33
1891.3,34
1891.4,33
1891.5,33
1891.6,33
1891.7,33
1891.8,32
1891.9,32
1892,32
1892.1,32
1892.2,32
1892.3,32
1892.4,32
1892.5,32
1892.6,33
1892.7,33
1892.8,33
1892.9,33
1893,33
1893.1,33
1893.2,33
1893.3,32
1893.4,32
1893.5,32
1893.6,32
1893.7,32
1893.8,32
1893.9,32
1894,32
1894.1,32
1894.2,32
1894.3,32
1894.4,32
1894.5,32
1894.6,32
1894.7,32
1894.8,32
1894.9,32
1895,32
1895.1,32
1895.2,32
1895.3,31
1895.4,31
1895.5,31
1895.6,31
1895.7,31
1895.8,31
1895.9,31
1896,32
1896.1,32
1896.2,32
1896.3,32
1896.4,32
1896.5,32
1896.6,32
1896.7,32
1896.8,32
1896.9,31
1897,31
1897.1,31
1897.2,31
1897.3,31
1897.4,31
1897.5,31
1897.6,32
1897.7,32
1897.8,32
1897.9,32
1898,32
1898.1,32
1898.2,32
1898.3,32
1898.4,32
1898.5,32
1898.6,31
1898.7,31
1898.8,31
1898.9,31
1899,31
1899.1,31
1899.2,32
1899.3,32
1899.4,32
1899.5,32
1899.6,32
1899.7,32
1899.8,32
1899.9,32
1900,31
1900.1,31
1900.2,31
1900.3,30
1900.4,30
1900.5,30
1900.6,30
1900.7,30
1900.8,30
1900.9,31
1901,31
1901.1,31
1901.2,32
1901.3,32
1901.4,32
1901.5,31
1901.6,31
1901.7,31
1901.8,31
1901.9,30
1902,30
1902.1,30
1902.2,30
1902.3,30
1902.4,30
1902.5,30
1902.6,31
1902.7,31
1902.8,31
1902.9,31
1903,31
1903.1,31
1903.2,31
1903.3,30
1903.4,30
1903.5,30
1903.6,29
1903.7,29
1903.8,29
1903.9,29
1904,29
1904.1,30
1904.2,30
1904.3,30
1904.4,30
1904.5,30
1904.6,30
1904.7,30
1904.8,30
1904.9,30
1905,30
1905.1,29
1905.2,29
1905.3,29
1905.4,29
1905.5,29
1905.6,29
1905.7,29
1905.8,29
1905.9,30
1906,30
1906.1,30
1906.2,30
1906.3,30
1906.4,30
1906.5,30
1906.6,30
1906.7,29
1906.8,29
1906.9,29
1907,29
1907.1,29
1907.2,28
1907.3,28
1907.4,29
1907.5,29
1907.6,29
1907.7,30
1907.8,30
1907.9,30
1908,30
1908.1,29
1908.2,29
1908.3,29
1908.4,29
1908.5,28
1908.6,28
1908.7,28
1908.8,28
1908.9,28
1909,28
1909.1,29
1909.2,28
1909.3,29
1909.4,29
1909.5,29
1909.6,29
1909.7,29
1909.8,29
1909.9,29
1910,29
1910.1,28
1910.2,28
1910.3,28
1910.4,28
1910.5,28
1910.6,28
1910.7,28
1910.8,28
1910.9,28
1911,29
1911.1,29
1911.2,29
1911.3,29
1911.4,29
1911.5,29
1911.6,29
1911.7,29
1911.8,28
1911.9,28
1912,28
1912.1,28
1912.2,27
1912.3,27
1912.4,28
1912.5,28
1912.6,28
1912.7,29
1912.8,29
1912.9,29
1913,29
1913.1,29
1913.2,29
1913.3,29
1913.4,28
1913.5,28
1913.6,28
1913.7,28
1913.8,28
1913.9,28
1914,28
1914.1,28
1914.2,28
1914.3,29
1914.4,29
1914.5,29
1914.6,29
1914.7,29
1914.8,29
1914.9,28
1915,28
1915.1,28
1915.2,28
1915.3,28
1915.4,28
1915.5,28
1915.6,28
1915.7,28
1915.8,28
1915.9,28
1916,29
1916.1,29
1916.2,29
1916.3,29
1916.4,29
1916.5,29
1916.6,28
1916.7,28
1916.8,28
1916.9,28
1917,28
1917.1,27
1917.2,28
1917.3,28
1917.4,28
1917.5,28
1917.6,28
1917.7,28
1917.8,28
1917.9,29
1918,29
1918.1,28
1918.2,28
1918.3,28
1918.4,28
1918.5,28
1918.6,28
1918.7,28
1918.8,27
1918.9,27
1919,27
1919.1,28
1919.2,28
1919.3,28
1919.4,28
1919.5,28
1919.6,28
1919.7,29
1919.8,28
1919.9,28
1920,28
1920.1,28
1920.2,28
1920.3,27
1920.4,27
1920.5,27
1920.6,27
1920.7,27
1920.8,28
1920.9,28
1921,28
1921.1,28
1921.2,28
1921.3,29
1921.4,29
1921.5,28
1921.6,28
1921.7,28
1921.8,28
1921.9,27
1922,27
1922.1,27
1922.2,28
1922.3,28
1922.4,28
1922.5,28
1922.6,29
1922.7,29
1922.8,29
1922.9,29
1923,29
1923.1,29
1923.2,29
1923.3,28
1923.4,28
1923.5,28
1923.6,27
1923.7,27
1923.8,27
1923.9,27
1924,28
1924.1,28
1924.2,28
1924.3,28
1924.4,28
1924.5,28
1924.6,28
1924.7,28
1924.8,28
1924.9,28
1925,28
1925.1,28
1925.2,28
1925.3,27
1925.4,27
1925.5,27
1925.6,27
1925.7,27
1925.8,27
1925.9,27
1926,28
1926.1,28
1926.2,28
1926.3,28
1926.4,28
1926.5,28
1926.6,28
1926.7,28
1926.8,27
1926.9,27
1927,27
1927.1,27
1927.2,27
1927.3,27
1927.4,27
1927.5,27
1927.6,28
1927.7,28
1927.8,28
1927.9,28
1928,28
1928.1,28
1928.2,28
1928.3,28
1928.4,28
1928.5,27
1928.6,27
1928.7,27
1928.8,26
1928.9,27
1929,27
1929.1,27
1929.2,27
1929.3,28
1929.4,28
1929.5,28
1929.6,28
1929.7,28
1929.8,28
1929.9,28
1930,27
1930.1,27
1930.2,27
1930.3,27
1930.4,27
1930.5,27
1930.6,27
1930.7,27
1930.8,27
1930.9,27
1931,28
1931.1,28
1931.2,28
1931.3,28
1931.4,28
1931.5,28
1931.6,28
1931.7,27
1931.8,27
1931.9,27
1932,27
1932.1,27
1932.2,27
1932.3,27
1932.4,27
1932.5,27
1932.6,27
1932.7,27
1932.8,28
1932.9,28
1933,28
1933.1,28
1933.2,28
1933.3,28
1933.4,27
1933.5,27
1933.6,27
1933.7,27
1933.8,26
1933.9,26
1934,26
1934.1,27
1934.2,27
1934.3,27
1934.4,28
1934.5,28
1934.6,28
1934.7,28
1934.8,28
1934.9,28
1935,27
1935.1,27
1935.2,27
1935.3,26
1935.4,26
1935.5,26
1935.6,26
1935.7,26
1935.8,27
1935.9,27
1936,27
1936.1,27
1936.2,27
1936.3,27
1936.4,27
1936.5,27
1936.6,27
1936.7,27
1936.8,26
1936.9,26
1937,26
1937.1,26
1937.2,26
1937.3,26
1937.4,26
1937.5,27
1937.6,27
1937.7,27
1937.8,27
1937.9,27
1938,27
1938.1,27
1938.2,27
1938.3,27
1938.4,27
1938.5,26
1938.6,26
1938.7,26
1938.8,26
1938.9,26
1939,26
1939.1,26
1939.2,26
1939.3,27
1939.4,27
1939.5,27
1939.6,27
1939.7,27
1939.8,26
1939.9,27
1940,26
1940.1,26
1940.2,26
1940.3,26
1940.4,25
1940.5,25
1940.6,26
1940.7,26
1940.8,26
1940.9,26
1941,27
1941.1,26
1941.2,27
1941.3,26
1941.4,26
1941.5,26
1941.6,26
1941.7,26
1941.8,26
1941.9,25
1942,25
1942.1,25
1942.2,25
1942.3,25
1942.4,25
1942.5,25
1942.6,26
1942.7,26
1942.8,26
1942.9,26
1943,26
1943.1,26
1943.2,26
1943.3,25
1943.4,25
1943.5,25
1943.6,25
1943.7,25
1943.8,24
1943.9,24
1944,25
1944.1,25
1944.2,25
1944.3,25
1944.4,25
1944.5,25
1944.6,25
1944.7,25
1944.8,25
1944.9,25
1945,25
1945.1,24
1945.2,24
1945.3,24
1945.4,24
1945.5,24
1945.6,24
1945.7,24
1945.8,24
1945.9,24
1946,24
1946.1,24
1946.2,25
1946.3,25
1946.4,25
1946.5,24
1946.6,24
1946.7,24
1946.8,24
1946.9,24
1947,23
1947.1,23
1947.2,23
1947.3,23
1947.4,23
1947.5,23
1947.6,24
1947.7,24
1947.8,24
1947.9,24
1948,24
1948.1,24
1948.2,24
1948.3,23
1948.4,23
1948.5,23
1948.6,23
1948.7,22
1948.8,22
1948.9,22
1949,22
1949.1,23
1949.2,23
1949.3,23
1949.4,23
1949.5,24
1949.6,23
1949.7,23
1949.8,23
1949.9,23
1950,23
1950.1,22
1950.2,22
1950.3,22
1950.4,22
1950.5,22
1950.6,22
1950.7,22
1950.8,22
1950.9,22
1951,22
1951.1,22
1951.2,23
1951.3,23
1951.4,22
1951.5,22
1951.6,22
1951.7,22
1951.8,22
1951.9,21
1952,21
1952.1,21
1952.2,21
1952.3,21
1952.4,21
1952.5,21
1952.6,21
1952.7,21
1952.8,22
1952.9,22
1953,22
1953.1,22
1953.2,21
1953.3,21
1953.4,21
1953.5,21
1953.6,20
1953.7,20
1953.8,20
1953.9,20
1954,20
1954.1,21
1954.2,21
1954.3,21
1954.4,21
1954.5,21
1954.6,21
1954.7,21
1954.8,21
1954.9,21
1955,20
1955.1,20
1955.2,20
1955.3,20
1955.4,20
1955.5,20
1955.6,20
1955.7,19
1955.8,20
1955.9,20
1956,20
1956.1,20
1956.2,20
1956.3,20
1956.4,20
1956.5,20
1956.6,20
1956.7,20
1956.8,19
1956.9,19
1957,19
1957.1,19
1957.2,19
1957.3,19
1957.4,19
1957.5,19
1957.6,20
1957.7,20
1957.8,20
1957.9,20
1958,20
1958.1,20
1958.2,20
1958.3,19
1958.4,19
1958.5,19
1958.6,19
1958.7,18
1958.8,18
1958.9,18
1959,18
1959.1,19
1959.2,19
1959.3,19
1959.4,19
1959.5,19
1959.6,20
1959.7,19
1959.8,19
1959.9,19
1960,19
1960.1,19
1960.2,18
1960.3,18
1960.4,18
1960.5,18
1960.6,18
1960.7,18
1960.8,18
1960.9,18
1961,19
1961.1,19
1961.2,19
1961.3,19
1961.4,19
1961.5,19
1961.6,18
1961.7,18
1961.8,18
1961.9,17
1962,17
1962.1,17
1962.2,17
1962.3,17
1962.4,18
1962.5,18
1962.6,18
1962.7,18
1962.8,19
1962.9,19
1963,18
1963.1,18
1963.2,18
1963.3,18
1963.4,18
1963.5,17
1963.6,17
1963.7,17
1963.8,17
1963.9,17
1964,17
1964.1,17
1964.2,17
1964.3,17
1964.4,18
1964.5,18
1964.6,18
1964.7,18
1964.8,18
1964.9,18
1965,18
1965.1,17
1965.2,17
1965.3,16
1965.4,16
1965.5,16
1965.6,16
1965.7,16
1965.8,17
1965.9,17
1966,17
1966.1,17
1966.2,18
1966.3,18
1966.4,17
1966.5,17
1966.6,17
1966.7,16
1966.8,16
1966.9,16
1967,16
1967.1,16
1967.2,16
1967.3,16
1967.4,16
1967.5,16
1967.6,17
1967.7,17
1967.8,17
1967.9,17
1968,17
1968.1,17
1968.2,17
1968.3,16
1968.4,16
1968.5,16
1968.6,16
1968.7,16
1968.8,16
1968.9,16
1969,16
1969.1,16
1969.2,16
1969.3,16
1969.4,17
1969.5,16
1969.6,17
1969.7,17
1969.8,16
1969.9,16
1970,16
1970.1,16
1970.2,16
1970.3,16
1970.4,15
1970.5,15
1970.6,16
1970.7,16
1970.8,16
1970.9,16
1971,16
1971.1,16
1971.2,16
1971.3,16
1971.4,16
1971.5,16
1971.6,16
1971.7,15
1971.8,15
1971.9,15
1972,15
1972.1,15
1972.2,15
1972.3,15
1972.4,15
1972.5,16
1972.6,16
1972.7,16
1972.8,16
1972.9,16
1973,16
1973.1,16
1973.2,16
1973.3,16
1973.4,15
1973.5,15
1973.6,15
1973.7,15
1973.8,14
1973.9,15
1974,15
1974.1,15
1974.2,15
1974.3,16
1974.4,16
1974.5,16
1974.6,16
1974.7,16
1974.8,16
1974.9,16
1975,15
1975.1,15
1975.2,15
1975.3,14
1975.4,14
1975.5,14
1975.6,14
1975.7,15
1975.8,15
1975.9,14
1976,16
1976.1,16
1976.2,16
1976.3,16
1976.4,16
1976.5,15
1976.6,15
1976.7,15
1976.8,14
1976.9,14
1977,14
1977.1,14
1977.2,14
1977.3,14
1977.4,14
1977.5,14
1977.6,15
1977.7,15
1977.8,15
1977.9,15
1978,15
1978.1,15
1978.2,15
1978.3,14
1978.4,14
1978.5,14
1978.6,14
1978.7,14
1978.8,13
1978.9,14
1979,14
1979.1,14
1979.2,14
1979.3,14
1979.4,15
1979.5,15
1979.6,15
1979.7,15
1979.8,15
1979.9,14
1980,14
1980.1,14
1980.2,14
1980.3,14
1980.4,14
1980.5,14
1980.6,14
1980.7,14
1980.8,14
1980.9,14
1981,14
1981.1,14
1981.2,15
1981.3,15
1981.4,14
1981.5,14
1981.6,14
1981.7,14
1981.8,14
1981.9,14
1982,14
1982.1,13
1982.2,13
1982.3,14
1982.4,14
1982.5,14
1982.6,14
1982.7,15
1982.8,15
1982.9,15
1983,15
1983.1,15
1983.2,15
1983.3,14
1983.4,14
1983.5,13
1983.6,13
1983.7,14
1983.8,13
1983.9,13
1984,13
1984.1,13
1984.2,14
1984.3,14
1984.4,14
1984.5,14
1984.6,14
1984.7,14
1984.8,14
1984.9,14
1985,14
1985.1,14
1985.2,14
1985.3,13
1985.4,13
1985.5,13
1985.6,14
1985.7,14
1985.8,14
1985.9,14
1986,14
1986.1,15
1986.2,15
1986.3,15
1986.4,15
1986.5,15
1986.6,14
1986.7,14
1986.8,14
1986.9,14
1987,13
1987.1,13
1987.2,13
1987.3,13
1987.4,13
1987.5,14
1987.6,14
1987.7,15
1987.8,15
1987.9,15
1988,15
1988.1,14
1988.2,14
1988.3,14
1988.4,14
1988.5,14
1988.6,14
1988.7,13
1988.8,13
1988.9,13
1989,14
1989.1,14
1989.2,14
1989.3,14
1989.4,14
1989.5,14
1989.6,14
1989.7,15
1989.8,15
1989.9,15
1990,14
1990.1,14
1990.2,13
1990.3,13
1990.4,13
1990.5,13
1990.6,13
1990.7,14
1990.8,14
1990.9,14
1991,14
1991.1,14
1991.2,15
1991.3,15
1991.4,15
1991.5,15
1991.6,14
1991.7,14
1991.8,14
1991.9,14
1992,14
1992.1,14
1992.2,14
1992.3,14
1992.4,14
1992.5,14
1992.6,14
1992.7,15
1992.8,15
1992.9,15
1993,15
1993.1,15
1993.2,14
1993.3,14
1993.4,14
1993.5,14
1993.6,14
1993.7,14
1993.8,14
1993.9,14
1994,14
1994.1,14
1994.2,15
1994.3,15
1994.4,15
1994.5,15
1994.6,15
1994.7,15
1994.8,15
1994.9,15
1995,15
1995.1,14
1995.2,14
1995.3,14
1995.4,14
1995.5,14
1995.6,15
1995.7,15
1995.8,15
1995.9,15
1996,15
1996.1,15
1996.2,15
1996.3,15
1996.4,15
1996.5,15
1996.6,14
1996.7,14
1996.8,14
1996.9,14
1997,14
1997.1,13
1997.2,13
1997.3,13
1997.4,14
1997.5,14
1997.6,14
1997.7,14
1997.8,14
1997.9,14
1998,14
1998.1,14
1998.2,14
1998.3,14
1998.4,14
1998.5,13
1998.6,13
1998.7,13
1998.8,13
1998.9,13
1999,13
1999.1,13
1999.2,13
1999.3,13
1999.4,14
1999.5,14
1999.6,14
1999.7,13
1999.8,13
1999.9,13
2000,13
2000.1,13
2000.2,12
2000.3,12
2000.4,12
2000.5,12
2000.6,12
2000.7,12
2000.8,12
2000.9,13
2001,13
2001.1,13
2001.2,13
2001.3,13
2001.4,13
2001.5,13
2001.6,13
2001.7,13
2001.8,12
2001.9,12
2002,12
2002.1,12
2002.2,12
2002.3,12
2002.4,12
2002.5,13
2002.6,13
2002.7,13
2002.8,13
2002.9,13
2003,13
2003.1,13
2003.2,13
2003.3,13
2003.4,13
2003.5,13
2003.6,12
2003.7,13
2003.8,12
2003.9,12
2004,12
2004.1,13
2004.2,13
2004.3,13
2004.4,13
2004.5,14
2004.6,13
2004.7,13
2004.8,13
2004.9,13
2005,13
2005.1,12
2005.2,13
2005.3,12
2005.4,12
2005.5,12
2005.6,13
2005.7,13
2005.8,13
2005.9,13
2006,14
2006.1,14
2006.2,14
2006.3,14
2006.4,14
2006.5,14
2006.6,13
2006.7,13
2006.8,13
2006.9,13
2007,13
2007.1,13
2007.2,13
2007.3,13
2007.4,13
2007.5,13
2007.6,13
2007.7,14
2007.8,14
2007.9,14
2008,14
2008.1,14
2008.2,14
2008.3,14
2008.4,13
2008.5,13
2008.6,13
2008.7,13
2008.8,13
2008.9,13
2009,13
2009.1,14
2009.2,14
2009.3,14
2009.4,14
2009.5,14
2009.6,14
2009.7,14
2009.8,14
2009.9,14
2010,14
2010.1,14
2010.2,13
2010.3,13
2010.4,13
2010.5,13
2010.6,13
2010.7,13
2010.8,13
2010.9,14
2011,14
2011.1,14
2011.2,14
2011.3,14
2011.4,14
2011.5,14
2011.6,14
2011.7,14
2011.8,14
2011.9,14
2012,14
2012.1,13
2012.2,13
2012.3,13
2012.4,13
2012.5,14
2012.6,14
2012.7,14
2012.8,14
2012.9,14
2013,14
2013.1,14
2013.2,14
2013.3,13
2013.4,13
2013.5,13
2013.6,13
2013.7,13
2013.8,12
2013.9,13
2014,13
2014.1,13
2014.2,13
2014.3,13
2014.4,14
2014.5,14
2014.6,14
2014.7,14
2014.8,13
2014.9,13
2015,13
2015.1,13
2015.2,13
2015.3,12
2015.4,12
2015.5,12
2015.6,12
2015.7,12
2015.8,13
2015.9,13
2016,13
2016.1,13
2016.2,13
2016.3,13
2016.4,13
2016.5,13
2016.6,13
2016.7,12
2016.8,12
2016.9,12
2017,12
2017.1,12
2017.2,12
2017.3,12
2017.4,12
2017.5,12
2017.6,13
2017.7,13
2017.8,13
2017.9,13
2018,13
2018.1,13
2018.2,13
2018.3,13
2018.4,12
2018.5,12
2018.6,12
2018.7,12
2018.8,12
2018.9,12
2019,12
2019.1,12
2019.2,13
2019.3,13
2019.4,13
2019.5,13
2019.6,13
2019.7,13
2019.8,13
2019.9,13
2020,12
2020.1,13
2020.2,12
2020.3,12
2020.4,12
2020.5,12
2020.6,12
2020.7,12
2020.8,13
2020.9,13
2021,13
2021.1,13
2021.2,13
2021.3,13
2021.4,13
2021.5,13
2021.6,13
2021.7,12
2021.8,12
2021.9,12
2022,12
2022.1,12
2022.2,12
2022.3,12
2022.4,12
2022.5,12
2022.6,13
2022.7,13
2022.8,13
2022.9,13
2023,13
2023.1,13
2023.2,13
2023.3,13
2023.4,13
2023.5,12
2023.6,12
2023.7,12
2023.8,12
2023.9,12
2024,12
2024.1,12
2024.2,13
2024.3,13
2024.4,13
2024.5,14
2024.6,14
2024.7,13
2024.8,13
2024.9,13
2025,13
2025.1,12
2025.2,12
2025.3,12
2025.4,12
2025.5,12
2025.6,12
2025.7,13
2025.8,13
2025.9,13
2026,13
2026.1,13
2026.2,14
2026.3,13
2026.4,13
2026.5,13
2026.6,13
2026.7,13
2026.8,12
2026.9,12
2027,12
2027.1,12
2027.2,12
2027.3,12
2027.4,13
2027.5,13
2027.6,13
2027.7,13
2027.8,13
2027.9,14
2028,13
2028.1,13
2028.2,13
2028.3,13
2028.4,13
2028.5,12
2028.6,12
2028.7,12
2028.8,12
2028.9,12
2029,12
2029.1,13
2029.2,13
2029.3,13
2029.4,13
2029.5,13
2029.6,13
2029.7,13
2029.8,13
2029.9,13
2030,13
2030.1,13
2030.2,12
2030.3,12
2030.4,12
2030.5,12
2030.6,12
2030.7,12
2030.8,12
2030.9,13
2031,13
2031.1,13
2031.2,13
2031.3,13
2031.4,13
2031.5,13
2031.6,12
2031.7,12
2031.8,12
2031.9,12
2032,12
2032.1,12
2032.2,12
2032.3,12
2032.4,12
2032.5,12
2032.6,13
2032.7,13
2032.8,13
2032.9,13
2033,13
2033.1,13
2033.2,13
2033.3,12
2033.4,12
2033.5,12
2033.6,12
2033.7,12
2033.8,12
2033.9,12
2034,12
2034.1,12
2034.2,12
2034.3,13
2034.4,13
2034.5,13
2034.6,13
2034.7,13
2034.8,12
2034.9,12
2035,12
2035.1,12
2035.2,12
2035.3,12
2035.4,12
2035.5,12
2035.6,12
2035.7,12
2035.8,12
2035.9,12
2036,12
2036.1,12
2036.2,13
2036.3,13
2036.4,13
2036.5,12
2036.6,12
2036.7,12
2036.8,12
2036.9,12
2037,12
2037.1,11
2037.2,11
2037.3,12
2037.4,12
2037.5,12
2037.6,13
2037.7,13
2037.8,13
2037.9,13
2038,13
2038.1,12
2038.2,12
2038.3,12
2038.4,12
2038.5,12
2038.6,12
2038.7,12
2038.8,12
2038.9,12
2039,12
2039.1,12
2039.2,12
2039.3,13
2039.4,13
2039.5,13
2039.6,12
2039.7,12
2039.8,12
2039.9,12
2040,12
2040.1,12
2040.2,12
2040.3,12
2040.4,12
2040.5,11
2040.6,12
2040.7,12
2040.8,12
2040.9,12
2041,12
2041.1,13
2041.2,13
2041.3,12
2041.4,13
2041.5,12
2041.6,12
2041.7,12
2041.8,12
2041.9,12
2042,11
2042.1,11
2042.2,11
2042.3,12
2042.4,12
2042.5,12
2042.6,12
2042.7,12
2042.8,12
2042.9,12
2043,12
2043.1,12
2043.2,12
2043.3,12
2043.4,12
2043.5,11
2043.6,11
2043.7,11
2043.8,11
2043.9,11
2044,12
2044.1,12
2044.2,12
2044.3,12
2044.4,12
2044.5,12
2044.6,12
2044.7,12
2044.8,12
2044.9,12
2045,12
2045.1,11
2045.2,11
2045.3,11
2045.4,11
2045.5,11
2045.6,11
2045.7,11
2045.8,11
2045.9,12
2046,12
2046.1,12
2046.2,12
2046.3,12
2046.4,12
2046.5,12
2046.6,12
2046.7,12
2046.8,11
2046.9,11
2047,11
2047.1,11
2047.2,11
2047.3,11
2047.4,11
2047.5,12
2047.6,12
2047.7,12
2047.8,12
2047.9,12
2048,12
2048.1,12
2048.2,12
2048.3,12
2048.4,11
2048.5,11
2048.6,11
2048.7,11
2048.8,11
2048.9,11
2049,11
2049.1,11
2049.2,12
2049.3,12
2049.4,12
2049.5,12
2049.6,12
2049.7,12
2049.8,12
2049.9,12
2050,12
2050.1,12
2050.2,11
2050.3,11
2050.4,11
2050.5,11
2050.6,11
2050.7,11
2050.8,11
2050.9,12
2051,12
2051.1,12
2051.2,12
2051.3,12
2051.4,12
2051.5,12
2051.6,11
2051.7,11
2051.8,11
2051.9,11
2052,11
2052.1,11
2052.2,11
2052.3,11
2052.4,11
2052.5,12
2052.6,12
2052.7,12
2052.8,12
2052.9,12
2053,12
2053.1,12
2053.2,12
2053.3,11
2053.4,11
2053.5,11
2053.6,11
2053.7,11
2053.8,11
2053.9,11
2054,11
2054.1,11
2054.2,12
2054.3,12
2054.4,12
2054.5,12
2054.6,12
2054.7,12
2054.8,12
2054.9,11
2055,11
2055.1,11
2055.2,11
2055.3,10
2055.4,10
2055.5,10
2055.6,11
2055.7,11
2055.8,11
2055.9,11
2056,12
2056.1,12
2056.2,12
2056.3,12
2056.4,12
2056.5,11
2056.6,11
2056.7,11
2056.8,11
2056.9,10
2057,10
2057.1,10
2057.2,11
2057.3,11
2057.4,11
2057.5,11
2057.6,11
2057.7,12
2057.8,12
2057.9,12
2058,12
2058.1,11
2058.2,11
2058.3,11
2058.4,11
2058.5,11
2058.6,10
2058.7,10
2058.8,10
2058.9,10
2059,11
2059.1,11
2059.2,11
2059.3,12
2059.4,12
2059.5,12
2059.6,12
2059.7,12
2059.8,11
2059.9,11
2060,11
2060.1,10
2060.2,10
2060.3,10
2060.4,10
2060.5,10
2060.6,11
2060.7,11
2060.8,11
2060.9,11
2061,11
2061.1,12
2061.2,12
2061.3,12
2061.4,11
2061.5,11
2061.6,11
2061.7,11
2061.8,11
2061.9,10
2062,10
2062.1,10
2062.2,10
2062.3,10
2062.4,11
2062.5,11
2062.6,11
2062.7,11
2062.8,11
2062.9,11
2063,11
2063.1,12
2063.2,11
2063.3,11
2063.4,11
2063.5,11
2063.6,10
2063.7,10
2063.8,10
2063.9,10
2064,10
2064.1,11
2064.2,11
2064.3,12
2064.4,11
2064.5,12
2064.6,11
2064.7,11
2064.8,11
2064.9,11
2065,11
2065.1,11
2065.2,10
2065.3,10
2065.4,10
2065.5,10
2065.6,10
2065.7,11
2065.8,11
2065.9,11
2066,11
2066.1,11
2066.2,11
2066.3,11
2066.4,11
2066.5,11
2066.6,11
2066.7,10
2066.8,10
2066.9,10
2067,10
2067.1,10
2067.2,10
2067.3,10
2067.4,11
2067.5,11
2067.6,11
2067.7,11
2067.8,12
2067.9,12
2068,12
2068.1,12
2068.2,11
2068.3,11
2068.4,11
2068.5,10
2068.6,10
2068.7,10
2068.8,10
2068.9,10
2069,11
2069.1,11
2069.2,11
2069.3,11
2069.4,11
2069.5,11
2069.6,11
2069.7,11
2069.8,11
2069.9,11
2070,10
2070.1,10
2070.2,10
2070.3,10
2070.4,10
2070.5,10
2070.6,10
2070.7,11
2070.8,10
2070.9,11
2071,11
2071.1,11
2071.2,11
2071.3,11
2071.4,11
2071.5,11
2071.6,11
2071.7,10
2071.8,10
2071.9,10
2072,10
2072.1,10
2072.2,10
2072.3,10
2072.4,10
2072.5,10
2072.6,10
2072.7,11
2072.8,11
2072.9,11
2073,11
2073.1,11
2073.2,11
2073.3,10
2073.4,10
2073.5,10
2073.6,10
2073.7,10
2073.8,10
2073.9,10
2074,10
2074.1,10
2074.2,10
2074.3,11
2074.4,11
2074.5,11
2074.6,11
2074.7,11
2074.8,11
2074.9,10
2075,10
2075.1,10
2075.2,10
2075.3,10
2075.4,10
2075.5,10
2075.6,10
2075.7,10
2075.8,10
2075.9,11
2076,11
2076.1,11
2076.2,11
2076.3,11
2076.4,11
2076.5,10
2076.6,10
2076.7,10
2076.8,10
2076.9,10
2077,10
2077.1,10
2077.2,10
2077.3,10
2077.4,10
2077.5,10
2077.6,11
2077.7,11
2077.8,11
2077.9,11
2078,11
2078.1,10
2078.2,10
2078.3,10
2078.4,10
2078.5,10
2078.6,10
2078.7,10
2078.8,10
2078.9,10
2079,10
2079.1,10
2079.2,10
2079.3,10
2079.4,11
2079.5,11
2079.6,11
2079.7,11
2079.8,10
2079.9,10
2080,10
2080.1,10
2080.2,10
2080.3,10
2080.4,10
2080.5,10
2080.6,10
2080.7,10
2080.8,10
2080.9,10
2081,10
2081.1,10
2081.2,11
2081.3,11
2081.4,10
2081.5,10
2081.6,10
2081.7,10
2081.8,10
2081.9,9
2082,9
2082.1,9
2082.2,9
2082.3,10
2082.4,10
2082.5,10
2082.6,10
2082.7,10
2082.8,10
2082.9,10
2083,10
2083.1,10
2083.2,10
2083.3,10
2083.4,9
2083.5,9
2083.6,9
2083.7,9
2083.8,9
2083.9,9
2084,9
2084.1,10
2084.2,10
2084.3,10
2084.4,10
2084.5,10
2084.6,10
2084.7,10
2084.8,10
2084.9,10
2085,9
2085.1,9
2085.2,9
2085.3,9
2085.4,9
2085.5,9
2085.6,9
2085.7,9
2085.8,10
2085.9,10
2086,10
2086.1,10
2086.2,10
2086.3,10
2086.4,10
2086.5,10
2086.6,10
2086.7,10
2086.8,9
2086.9,9
2087,9
2087.1,9
2087.2,9
2087.3,9
2087.4,10
2087.5,10
2087.6,10
2087.7,10
2087.8,10
2087.9,10
2088,10
2088.1,10
2088.2,10
2088.3,10
2088.4,9
2088.5,9
2088.6,9
2088.7,9
2088.8,9
2088.9,9
2089,10
2089.1,10
2089.2,10
2089.3,10
2089.4,10
2089.5,10
2089.6,10
2089.7,10
2089.8,10
2089.9,9
2090,9
2090.1,9
2090.2,9
2090.3,9
2090.4,9
2090.5,9
2090.6,9
2090.7,9
2090.8,9
2090.9,10
2091,10
2091.1,10
2091.2,10
2091.3,10
2091.4,10
2091.5,10
2091.6,10
2091.7,10
2091.8,9
2091.9,9
2092,9
2092.1,9
2092.2,9
2092.3,9
2092.4,9
2092.5,10
2092.6,10
2092.7,10
2092.8,10
2092.9,10
2093,10
2093.1,10
2093.2,10
2093.3,9
2093.4,9
2093.5,9
2093.6,9
2093.7,9
2093.8,9
2093.9,9
2094,9
2094.1,10
2094.2,10
2094.3,10
2094.4,10
2094.5,10
2094.6,10
2094.7,10
2094.8,10
2094.9,10
2095,9
2095.1,9
2095.2,9
2095.3,9
2095.4,9
2095.5,9
2095.6,9
2095.7,10
2095.8,10
2095.9,10
2096,10
2096.1,10
2096.2,10
2096.3,10
2096.4,10
2096.5,10
2096.6,10
2096.7,9
2096.8,9
2096.9,9
2097,9
2097.1,9
2097.2,9
2097.3,9
2097.4,9
2097.5,10
2097.6,10
2097.7,10
2097.8,10
2097.9,10
2098,10
2098.1,10
2098.2,10
2098.3,10
2098.4,9
2098.5,9
2098.6,9
2098.7,9
2098.8,9
2098.9,9
2099,9
2099.1,10
2099.2,10
2099.3,10
2099.4,10
2099.5,10
2099.6,10
2099.7,10
2099.8,10
2099.9,10
2100,10
2100.1,10
2100.2,10
2100.3,9
2100.4,9
2100.5,9
2100.6,9
2100.7,9
2100.8,10
2100.9,10
2101,10
2101.1,10
2101.2,10
2101.3,10
2101.4,10
2101.5,10
2101.6,10
2101.7,10
2101.8,9
2101.9,9
2102,9
2102.1,9
2102.2,9
2102.3,10
2102.4,10
2102.5,10
2102.6,10
2102.7,10
2102.8,10
2102.9,10
2103,10
2103.1,10
2103.2,10
2103.3,10
2103.4,10
2103.5,10
2103.6,9
2103.7,9
2103.8,9
2103.9,10
2104,10
2104.1,10
2104.2,10
2104.3,10
2104.4,10
2104.5,11
2104.6,11
2104.7,10
2104.8,10
2104.9,10
2105,10
2105.1,10
2105.2,10
2105.3,9
2105.4,9
2105.5,9
2105.6,10
2105.7,10
2105.8,10
2105.9,10
2106,10
2106.1,10
2106.2,10
2106.3,10
2106.4,10
2106.5,10
2106.6,10
2106.7,10
2106.8,10
2106.9,9
2107,9
2107.1,9
2107.2,9
2107.3,9
2107.4,10
2107.5,10
2107.6,10
2107.7,10
2107.8,10
2107.9,10
2108,10
2108.1,10
2108.2,10
2108.3,10
2108.4,10
2108.5,9
2108.6,9
2108.7,9
2108.8,9
2108.9,9
2109,9
2109.1,10
2109.2,10
2109.3,10
2109.4,10
2109.5,10
2109.6,10
2109.7,10
2109.8,10
2109.9,9
2110,9
2110.1,9
2110.2,9
2110.3,9
2110.4,9
2110.5,9
2110.6,9
2110.7,9
2110.8,9
2110.9,10
2111,10
2111.1,11
2111.2,10
2111.3,10
2111.4,10
2111.5,10
2111.6,9
2111.7,9
2111.8,9
2111.9,9
2112,9
2112.1,9
2112.2,9
2112.3,9
2112.4,9
2112.5,10
2112.6,10
2112.7,10
2112.8,10
2112.9,10
2113,10
2113.1,10
2113.2,10
2113.3,9
2113.4,9
2113.5,9
2113.6,9
2113.7,9
2113.8,9
2113.9,9
2114,9
2114.1,9
2114.2,10
2114.3,10
2114.4,10
2114.5,10
2114.6,10
2114.7,10
2114.8,9
2114.9,9
2115,9
2115.1,9
2115.2,9
2115.3,9
2115.4,9
2115.5,9
2115.6,9
2115.7,9
2115.8,9
2115.9,10
2116,10
2116.1,10
2116.2,10
2116.3,10
2116.4,10
2116.5,10
2116.6,10
2116.7,9
2116.8,9
2116.9,9
2117,9
2117.1,9
2117.2,9
2117.3,9
2117.4,9
2117.5,10
2117.6,10
2117.7,10
2117.8,10
2117.9,10
2118,10
2118.1,10
2118.2,10
2118.3,9
2118.4,9
2118.5,9
2118.6,24
2118.7,20
2118.8,16
2118.9,14
2119,13
2119.1,12
2119.2,12
2119.3,12
2119.4,12
2119.5,12
2119.6,12
2119.7,11
2119.8,11
2119.9,11
2120,10
2120.1,10
2120.2,10
2120.3,10
2120.4,10
2120.5,10
2120.6,10
2120.7,10
2120.8,10
2120.9,10
2121,11
2121.1,11
2121.2,11
2121.3,10
2121.4,10
2121.5,10
2121.6,10
2121.7,10
2121.8,10
2121.9,9
2122,9
2122.1,9
2122.2,9
2122.3,10
2122.4,10
2122.5,10
2122.6,10
2122.7,10
2122.8,10
2122.9,10
2123,10
2123.1,10
2123.2,10
2123.3,10
2123.4,9
2123.5,9
2123.6,9
2123.7,9
2123.8,9
2123.9,9
2124,9
2124.1,9
2124.2,10
2124.3,10
2124.4,10
2124.5,10
2124.6,10
2124.7,10
2124.8,9
2124.9,9
2125,9
2125.1,9
2125.2,9
2125.3,9
2125.4,9
2125.5,9
2125.6,9
2125.7,9
2125.8,10
2125.9,10
2126,10
2126.1,10
2126.2,10
2126.3,10
2126.4,10
2126.5,9
2126.6,9
2126.7,9
2126.8,9
2126.9,9
2127,9
2127.1,9
2127.2,9
2127.3,9
2127.4,9
2127.5,10
2127.6,10
2127.7,10
2127.8,10
2127.9,10
2128,10
2128.1,10
2128.2,10
2128.3,9
2128.4,9
2128.5,9
2128.6,9
2128.7,9
2128.8,9
2128.9,9
2129,9
2129.1,9
2129.2,10
2129.3,10
2129.4,10
2129.5,10
2129.6,10
2129.7,10
2129.8,10
2129.9,9
2130,9
2130.1,9
2130.2,9
2130.3,9
2130.4,9
2130.5,9
2130.6,9
2130.7,9
2130.8,10
2130.9,10
2131,10
2131.1,10
2131.2,10
2131.3,10
2131.4,9
2131.5,9
2131.6,9
2131.7,9
2131.8,9
2131.9,9
2132,9
2132.1,9
2132.2,9
2132.3,9
2132.4,10
2132.5,10
2132.6,10
2132.7,10
2132.8,10
2132.9,10
2133,10
2133.1,10
2133.2,10
2133.3,9
2133.4,9
2133.5,9
2133.6,9
2133.7,9
2133.8,9
2133.9,9
2134,9
2134.1,10
2134.2,10
2134.3,10
2134.4,10
2134.5,10
2134.6,10
2134.7,10
2134.8,9
2134.9,9
2135,9
2135.1,9
2135.2,9
2135.3,9
2135.4,9
2135.5,9
2135.6,9
2135.7,9
2135.8,10
2135.9,10
2136,10
2136.1,10
2136.2,10
2136.3,10
2136.4,10
2136.5,9
2136.6,9
2136.7,9
2136.8,9
2136.9,9
2137,9
2137.1,9
2137.2,9
2137.3,9
2137.4,9
2137.5,10
2137.6,10
2137.7,10
2137.8,10
2137.9,10
2138,10
2138.1,10
2138.2,10
2138.3,9
2138.4,9
2138.5,9
2138.6,9
2138.7,9
2138.8,9
2138.9,9
2139,9
2139.1,9
2139.2,10
2139.3,10
2139.4,10
2139.5,10
2139.6,10
2139.7,9
2139.8,9
2139.9,9
2140,9
2140.1,9
2140.2,9
2140.3,9
2140.4,9
2140.5,9
2140.6,9
2140.7,9
2140.8,9
2140.9,9
2141,10
2141.1,10
2141.2,10
2141.3,10
2141.4,10
2141.5,9
2141.6,9
2141.7,9
2141.8,9
2141.9,9
2142,9
2142.1,9
2142.2,9
2142.3,9
2142.4,9
2142.5,10
2142.6,10
2142.7,10
2142.8,10
2142.9,10
2143,10
2143.1,9
2143.2,9
2143.3,9
2143.4,9
2143.5,9
2143.6,9
2143.7,9
2143.8,9
2143.9,9
2144,9
2144.1,9
2144.2,9
2144.3,10
2144.4,10
2144.5,10
2144.6,10
2144.7,10
2144.8,10
2144.9,10
2145,9
2145.1,9
2145.2,9
2145.3,9
2145.4,9
2145.5,9
2145.6,9
2145.7,9
2145.8,10
2145.9,10
2146,10
2146.1,10
2146.2,10
2146.3,10
2146.4,10
2146.5,10
2146.6,9
2146.7,9
2146.8,9
2146.9,9
2147,9
2147.1,9
2147.2,9
2147.3,9
2147.4,9
2147.5,9
2147.6,10
2147.7,10
2147.8,10
2147.9,10
2148,10
2148.1,9
2148.2,9
2148.3,9
2148.4,9
2148.5,9
2148.6,9
2148.7,9
2148.8,9
2148.9,9
2149,9
2149.1,9
2149.2,10
2149.3,10
2149.4,10
2149.5,10
2149.6,10
2149.7,10
2149.8,9
2149.9,9
2150,9
2150.1,9
2150.2,9
2150.3,9
2150.4,9
2150.5,9
2150.6,9
2150.7,9
2150.8,9
2150.9,10
2151,10
2151.1,10
2151.2,10
2151.3,10
2151.4,10
2151.5,10
2151.6,9
2151.7,9
2151.8,9
2151.9,9
2152,9
2152.1,9
2152.2,9
2152.3,9
2152.4,9
2152.5,9
2152.6,10
2152.7,10
2152.8,10
2152.9,10
2153,10
2153.1,10
2153.2,9
2153.3,9
2153.4,9
2153.5,9
2153.6,9
2153.7,9
2153.8,9
2153.9,9
2154,9
2154.1,9
2154.2,9
2154.3,10
2154.4,10
2154.5,10
2154.6,10
2154.7,10
2154.8,9
2154.9,9
2155,9
2155.1,9
2155.2,9
2155.3,9
2155.4,9
2155.5,9
2155.6,9
2155.7,9
2155.8,9
2155.9,10
2156,10
2156.1,10
2156.2,10
2156.3,9
2156.4,9
2156.5,9
2156.6,10
2156.7,9
2156.8,9
2156.9,9
2157,9
2157.1,9
2157.2,9
2157.3,9
2157.4,9
2157.5,10
2157.6,10
2157.7,10
2157.8,10
2157.9,10
2158,10
2158.1,10
2158.2,10
2158.3,9
2158.4,9
2158.5,9
2158.6,9
2158.7,9
2158.8,9
2158.9,9
2159,9
2159.1,9
2159.2,9
2159.3,10
2159.4,10
2159.5,10
2159.6,10
2159.7,10
2159.8,9
2159.9,9
2160,9
2160.1,9
2160.2,9
2160.3,9
2160.4,9
2160.5,9
2160.6,9
2160.7,9
2160.8,10
2160.9,10
2161,10
2161.1,10
2161.2,10
2161.3,10
2161.4,10
2161.5,10
2161.6,10
2161.7,9
2161.8,9
2161.9,9
2162,9
2162.1,9
2162.2,9
2162.3,9
2162.4,9
2162.5,9
2162.6,10
2162.7,10
2162.8,10
2162.9,10
2163,10
2163.1,10
2163.2,9
2163.3,9
2163.4,9
2163.5,9
2163.6,9
2163.7,9
2163.8,9
2163.9,9
2164,9
2164.1,9
2164.2,10
2164.3,10
2164.4,10
2164.5,10
2164.6,10
2164.7,10
2164.8,9
2164.9,9
2165,9
2165.1,9
2165.2,9
2165.3,9
2165.4,9
2165.5,9
2165.6,9
2165.7,9
2165.8,9
2165.9,10
2166,10
2166.1,10
2166.2,10
2166.3,10
2166.4,10
2166.5,10
2166.6,9
2166.7,9
2166.8,9
2166.9,9
2167,9
2167.1,9
2167.2,9
2167.3,9
2167.4,9
2167.5,10
2167.6,10
2167.7,10
2167.8,10
2167.9,10
2168,10
2168.1,9
2168.2,9
2168.3,9
2168.4,9
2168.5,9
2168.6,9
2168.7,9
2168.8,9
2168.9,9
2169,9
2169.1,10
2169.2,10
2169.3,10
2169.4,10
2169.5,10
2169.6,10
2169.7,9
2169.8,9
2169.9,9
2170,9
2170.1,9
2170.2,9
2170.3,9
2170.4,9
2170.5,9
2170.6,9
2170.7,9
2170.8,10
2170.9,10
2171,10
2171.1,10
2171.2,10
2171.3,10
2171.4,10
2171.5,9
2171.6,9
2171.7,9
2171.8,9
2171.9,9
2172,9
2172.1,9
2172.2,9
2172.3,9
2172.4,9
2172.5,10
2172.6,10
2172.7,10
2172.8,10
2172.9,10
2173,10
2173.1,9
2173.2,9
2173.3,9
2173.4,9
2173.5,9
2173.6,9
2173.7,9
2173.8,9
2173.9,9
2174,9
2174.1,9
2174.2,10
2174.3,10
2174.4,10
2174.5,10
2174.6,10
2174.7,10
2174.8,10
2174.9,9
2175,9
2175.1,9
2175.2,9
2175.3,9
2175.4,9
2175.5,9
2175.6,9
2175.7,9
2175.8,10
2175.9,10
2176,10
2176.1,10
2176.2,10
2176.3,10
2176.4,9
2176.5,9
2176.6,9
2176.7,9
2176.8,9
2176.9,9
2177,9
2177.1,9
2177.2,9
2177.3,9
2177.4,9
2177.5,10
2177.6,10
2177.7,10
2177.8,10
2177.9,10
2178,10
2178.1,10
2178.2,9
2178.3,9
2178.4,9
2178.5,9
2178.6,9
2178.7,9
2178.8,9
2178.9,9
2179,9
2179.1,9
2179.2,10
2179.3,10
2179.4,10
2179.5,10
2179.6,10
2179.7,10
2179.8,9
2179.9,9
2180,9
2180.1,9
2180.2,9
2180.3,9
2180.4,9
2180.5,9
2180.6,9
2180.7,9
2180.8,10
2180.9,10
2181,10
2181.1,10
2181.2,10
2181.3,10
2181.4,10
2181.5,9
2181.6,9
2181.7,9
2181.8,9
2181.9,9
2182,8
2182.1,9
2182.2,9
2182.3,9
2182.4,9
2182.5,10
2182.6,9
2182.7,10
2182.8,10
2182.9,10
2183,10
2183.1,9
2183.2,9
2183.3,9
2183.4,9
2183.5,9
2183.6,9
2183.7,9
2183.8,9
2183.9,9
2184,9
2184.1,9
2184.2,9
2184.3,10
2184.4,10
2184.5,10
2184.6,10
2184.7,10
2184.8,10
2184.9,9
2185,9
2185.1,9
2185.2,9
2185.3,9
2185.4,9
2185.5,9
2185.6,9
2185.7,9
2185.8,9
2185.9,10
2186,10
2186.1,10
2186.2,10
2186.3,10
2186.4,10
2186.5,9
2186.6,9
2186.7,9
2186.8,9
2186.9,9
2187,9
2187.1,9
2187.2,9
2187.3,9
2187.4,9
2187.5,10
2187.6,10
2187.7,10
2187.8,10
2187.9,10
2188,10
2188.1,10
2188.2,10
2188.3,9
2188.4,9
2188.5,9
2188.6,9
2188.7,9
2188.8,9
2188.9,9
2189,9
2189.1,9
2189.2,10
2189.3,10
2189.4,10
2189.5,10
2189.6,10
2189.7,10
2189.8,9
2189.9,9
2190,9
2190.1,9
2190.2,9
2190.3,9
2190.4,9
2190.5,9
2190.6,9
2190.7,9
2190.8,9
2190.9,10
2191,10
2191.1,10
2191.2,10
2191.3,9
2191.4,9
2191.5,9
2191.6,9
2191.7,9
2191.8,9
2191.9,9
2192,9
2192.1,9
2192.2,9
2192.3,9
2192.4,9
2192.5,10
2192.6,10
2192.7,10
2192.8,10
2192.9,10
2193,9
2193.1,9
2193.2,9
2193.3,9
2193.4,9
2193.5,9
2193.6,9
2193.7,9
2193.8,9
2193.9,9
2194,9
2194.1,9
2194.2,10
2194.3,10
2194.4,10
2194.5,10
2194.6,10
2194.7,9
2194.8,9
2194.9,9
2195,9
2195.1,9
2195.2,9
2195.3,9
2195.4,9
2195.5,9
2195.6,9
2195.7,9
2195.8,9
2195.9,10
2196,10
2196.1,10
2196.2,10
2196.3,10
2196.4,10
2196.5,9
2196.6,10
2196.7,9
2196.8,9
2196.9,9
2197,9
2197.1,9
2197.2,9
2197.3,9
2197.4,9
2197.5,10
2197.6,10
2197.7,10
2197.8,10
2197.9,10
2198,10
2198.1,9
2198.2,9
2198.3,9
2198.4,9
2198.5,9
2198.6,9
2198.7,9
2198.8,9
2198.9,9
2199,9
2199.1,9
2199.2,10
2199.3,10
2199.4,10
2199.5,10
2199.6,10
2199.7,9
2199.8,9
2199.9,9
2200,9
2200.1,9
2200.2,9
2200.3,9
2200.4,9
2200.5,9
2200.6,9
2200.7,9
2200.8,9
2200.9,9
2201,10
2201.1,10
2201.2,10
2201.3,9
2201.4,9
2201.5,9
2201.6,9
2201.7,9
2201.8,9
2201.9,9
2202,9
2202.1,8
2202.2,9
2202.3,9
2202.4,9
2202.5,9
2202.6,10
2202.7,10
2202.8,10
2202.9,10
2203,10
2203.1,10
2203.2,10
2203.3,9
2203.4,9
2203.5,9
2203.6,9
2203.7,9
2203.8,9
2203.9,9
2204,9
2204.1,9
2204.2,10
2204.3,10
2204.4,10
2204.5,10
2204.6,10
2204.7,10
2204.8,9
2204.9,9
2205,9
2205.1,9
2205.2,9
2205.3,8
2205.4,8
2205.5,9
2205.6,9
2205.7,9
2205.8,9
2205.9,10
2206,10
2206.1,10
2206.2,10
2206.3,10
2206.4,10
2206.5,9
2206.6,9
2206.7,9
2206.8,9
2206.9,9
2207,8
2207.1,8
2207.2,9
2207.3,9
2207.4,10
2207.5,9
2207.6,10
2207.7,10
2207.8,10
2207.9,10
2208,10
2208.1,10
2208.2,9
2208.3,9
2208.4,9
2208.5,9
2208.6,9
2208.7,9
2208.8,9
2208.9,9
2209,9
2209.1,9
2209.2,10
2209.3,10
2209.4,10
2209.5,10
2209.6,10
2209.7,10
2209.8,9
2209.9,9
2210,9
2210.1,9
2210.2,9
2210.3,9
2210.4,9
2210.5,9
2210.6,9
2210.7,9
2210.8,9
2210.9,9
2211,10
2211.1,10
2211.2,10
2211.3,10
2211.4,10
2211.5,9
2211.6,9
2211.7,9
2211.8,9
2211.9,9
2212,9
2212.1,9
2212.2,9
2212.3,9
2212.4,9
2212.5,10
2212.6,10
2212.7,10
2212.8,10
2212.9,10
2213,10
2213.1,9
2213.2,9
2213.3,9
2213.4,9
2213.5,9
2213.6,9
2213.7,9
2213.8,9
2213.9,9
2214,9
2214.1,10
2214.2,10
2214.3,10
2214.4,10
2214.5,10
2214.6,10
2214.7,9
2214.8,10
2214.9,9
2215,9
2215.1,9
2215.2,9
2215.3,8
2215.4,9
2215.5,9
2215.6,9
2215.7,9
2215.8,10
2215.9,10
2216,10
2216.1,10
2216.2,10
2216.3,10
2216.4,9
2216.5,9
2216.6,9
2216.7,9
2216.8,9
2216.9,9
2217,9
2217.1,9
2217.2,9
2217.3,9
2217.4,9
2217.5,10
2217.6,10
2217.7,10
2217.8,10
2217.9,10
2218,10
2218.1,10
2218.2,9
2218.3,9
2218.4,9
2218.5,9
2218.6,9
2218.7,9
2218.8,9
2218.9,9
2219,9
2219.1,9
2219.2,10
2219.3,10
2219.4,10
2219.5,10
2219.6,9
2219.7,10
2219.8,10
2219.9,9
2220,9
2220.1,9
2220.2,9
2220.3,9
2220.4,9
2220.5,9
2220.6,9
2220.7,9
2220.8,10
2220.9,10
2221,10
2221.1,10
2221.2,10
2221.3,10
2221.4,9
2221.5,9
2221.6,9
2221.7,9
2221.8,9
2221.9,9
2222,9
2222.1,9
2222.2,9
2222.3,9
2222.4,10
2222.5,10
2222.6,10
2222.7,10
2222.8,10
2222.9,9
2223,9
2223.1,9
2223.2,9
2223.3,9
2223.4,9
2223.5,9
2223.6,9
2223.7,9
2223.8,9
2223.9,9
2224,9
2224.1,9
2224.2,10
2224.3,10
2224.4,10
2224.5,10
2224.6,9
2224.7,10
2224.8,9
2224.9,9
2225,9
2225.1,9
2225.2,9
2225.3,9
2225.4,9
2225.5,9
2225.6,9
2225.7,9
2225.8,9
2225.9,10
2226,10
2226.1,10
2226.2,10
2226.3,10
2226.4,9
2226.5,9
2226.6,9
2226.7,9
2226.8,9
2226.9,8
2227,9
2227.1,9
2227.2,9
2227.3,9
2227.4,9
2227.5,9
2227.6,10
2227.7,10
2227.8,10
2227.9,10
2228,10
2228.1,10
2228.2,9
2228.3,9
2228.4,9
2228.5,9
2228.6,9
2228.7,9
2228.8,9
2228.9,9
2229,9
2229.1,9
2229.2,10
2229.3,10
2229.4,10
2229.5,10
2229.6,9
2229.7,9
2229.8,9
2229.9,9
2230,9
2230.1,9
2230.2,9
2230.3,9
2230.4,9
2230.5,9
2230.6,9
2230.7,9
2230.8,10
2230.9,10
2231,10
2231.1,10
2231.2,10
2231.3,10
2231.4,9
2231.5,9
2231.6,9
2231.7,9
2231.8,9
2231.9,9
2232,9
2232.1,9
2232.2,9
2232.3,9
2232.4,9
2232.5,10
2232.6,10
2232.7,10
2232.8,10
2232.9,10
2233,9
2233.1,9
2233.2,9
2233.3,9
2233.4,9
2233.5,9
2233.6,9
2233.7,9
2233.8,9
2233.9,9
2234,9
2234.1,9
2234.2,10
2234.3,10
2234.4,10
2234.5,10
2234.6,9
2234.7,9
2234.8,9
2234.9,9
2235,9
2235.1,9
2235.2,9
2235.3,9
2235.4,9
2235.5,9
2235.6,9
2235.7,9
2235.8,10
2235.9,10
2236,10
2236.1,10
2236.2,10
2236.3,9
2236.4,9
2236.5,9
2236.6,9
2236.7,9
2236.8,9
2236.9,9
2237,9
2237.1,9
2237.2,9
2237.3,9
2237.4,10
2237.5,10
2237.6,10
2237.7,10
2237.8,10
2237.9,10
2238,9
2238.1,9
2238.2,9
2238.3,9
2238.4,9
2238.5,9
2238.6,9
2238.7,9
2238.8,9
2238.9,9
2239,9
2239.1,9
2239.2,11
2239.3,12
2239.4,12
2239.5,11
2239.6,10
2239.7,9
2239.8,8
2239.9,6
2240,5
2240.1,4
2240.2,3
2240.3,2
2240.4,2
2240.5,1
2240.6,1
2240.7,1
2240.8,1
2240.9,1
2241,1
2241.1,1
2241.2,1
2241.3,1
2241.4,1
2241.5,1
2241.6,0
2241.7,0
2241.8,0
2241.9,0
2242,0
2242.1,0
2242.2,0
2242.3,1
2242.4,1
2242.5,1
2242.6,1
2242.7,1
2242.8,1
2242.9,1
2243,1
2243.1,1
2243.2,0
2243.3,0
2243.4,0
2243.5,0
2243.6,0
2243.7,0
2243.8,0
2243.9,1
2244,1
2244.1,1
2244.2,1
2244.3,1
2244.4,2
2244.5,1
2244.6,1
2244.7,1
2244.8,1
2244.9,2
2245,1
2245.1,0
2245.2,0
2245.3,0
2245.4,0
2245.5,0
2245.6,0
2245.7,1
2245.8,1
2245.9,1
2246,1
2246.1,2
2246.2,2
2246.3,2
2246.4,1
2246.5,1
2246.6,0
2246.7,0
2246.8,0
2246.9,0
2247,0
2247.1,0
2247.2,0
2247.3,0
2247.4,0
2247.5,1
2247.6,1
2247.7,2
2247.8,1
2247.9,1
2248,1
2248.1,1
2248.2,1
2248.3,1
2248.4,0
2248.5,0
2248.6,0
2248.7,0
2248.8,0
2248.9,1
2249,1
2249.1,1
2249.2,1
2249.3,1
2249.4,2
2249.5,1
2249.6,1
2249.7,1
2249.8,0
2249.9,0
2250,1
2250.1,0
2250.2,0
2250.3,0
2250.4,0
2250.5,0
2250.6,0
2250.7,1
2250.8,1
2250.9,2
2251,2
2251.1,2
2251.2,1
2251.3,1
2251.4,1
2251.5,0
2251.6,0
2251.7,0
2251.8,0
2251.9,0
2252,0
2252.1,0
2252.2,0
2252.3,0
2252.4,1
2252.5,1
2252.6,1
2252.7,1
2252.8,1
2252.9,1
2253,1
2253.1,1
2253.2,1
2253.3,0
2253.4,0
2253.5,0
2253.6,0
2253.7,0
2253.8,0
2253.9,0
2254,0
2254.1,1
2254.2,1
2254.3,1
2254.4,1
2254.5,1
2254.6,1
2254.7,1
2254.8,0
2254.9,0
2255,0
2255.1,1
2255.2,0
2255.3,0
2255.4,0
2255.5,0
2255.6,0
2255.7,0
2255.8,1
2255.9,1
2256,2
2256.1,2
2256.2,2
2256.3,2
2256.4,1
2256.5,1
2256.6,0
2256.7,0
2256.8,0
2256.9,0
2257,0
2257.1,0
2257.2,0
2257.3,0
2257.4,1
2257.5,0
2257.6,1
2257.7,2
2257.8,2
2257.9,1
2258,1
2258.1,1
2258.2,0
2258.3,1
2258.4,1
2258.5,0
2258.6,0
2258.7,0
2258.8,0
2258.9,1
2259,1
2259.1,1
2259.2,1
2259.3,2
2259.4,1
2259.5,1
2259.6,1
2259.7,0
2259.8,1
2259.9,0
2260,0
2260.1,0
2260.2,0
2260.3,0
2260.4,0
2260.5,0
2260.6,0
2260.7,0
2260.8,1
2260.9,1
2261,2
2261.1,1
2261.2,0
2261.3,0
2261.4,1
2261.5,0
2261.6,0
2261.7,0
2261.8,0
2261.9,0
2262,0
2262.1,0
2262.2,0
2262.3,0
2262.4,3
2262.5,2
2262.6,1
2262.7,2
2262.8,2
2262.9,1
2263,1
2263.1,0
2263.2,0
2263.3,0
2263.4,0
2263.5,0
2263.6,0
2263.7,0
2263.8,0
2263.9,0
2264,1
2264.1,3
2264.2,2
2264.3,2
2264.4,2
2264.5,2
2264.6,1
2264.7,1
2264.8,1
2264.9,1
2265,0
2265.1,0
2265.2,0
2265.3,0
2265.4,0
2265.5,0
2265.6,0
2265.7,0
2265.8,1
2265.9,1
2266,0
2266.1,1
2266.2,2
2266.3,1
2266.4,1
2266.5,1
2266.6,0
2266.7,0
2266.8,0
2266.9,0
2267,0
2267.1,0
2267.2,0
2267.3,0
2267.4,0
2267.5,1
2267.6,2
2267.7,2
2267.8,1
2267.9,0
2268,0
2268.1,0
2268.2,0
2268.3,0
2268.4,0
2268.5,0
2268.6,0
2268.7,0
2268.8,0
2268.9,0
2269,1
2269.1,0
2269.2,1
2269.3,2
2269.4,2
2269.5,0
2269.6,1
2269.7,0
2269.8,1
2269.9,0
2270,0
2270.1,0
2270.2,0
2270.3,0
2270.4,0
2270.5,0
2270.6,0
2270.7,3
2270.8,2
2270.9,2
2271,2
2271.1,1
2271.2,1
2271.3,1
2271.4,1
2271.5,0
2271.6,0
2271.7,0
2271.8,0
2271.9,0
2272,0
2272.1,0
2272.2,0
2272.3,1
2272.4,0
2272.5,2
2272.6,2
2272.7,2
2272.8,1
2272.9,1
2273,1
2273.1,1
2273.2,0
2273.3,0
2273.4,0
2273.5,0
2273.6,0
2273.7,0
2273.8,0
2273.9,1
2274,1
2274.1,1
2274.2,1
2274.3,1
2274.4,1
2274.5,1
2274.6,1
2274.7,0
2274.8,0
2274.9,0
2275,0
2275.1,0
2275.2,0
2275.3,0
2275.4,0
2275.5,0
2275.6,0
2275.7,1
2275.8,5
2275.9,3
2276,2
2276.1,2
2276.2,2
2276.3,1
2276.4,0
2276.5,0
2276.6,0
2276.7,0
2276.8,0
2276.9,0
2277,0
2277.1,0
2277.2,1
2277.3,0
2277.4,1
2277.5,2
2277.6,2
2277.7,1
2277.8,1
2277.9,2
2278,0
2278.1,0
2278.2,0
2278.3,0
2278.4,0
2278.5,0
2278.6,0
2278.7,0
2278.8,0
2278.9,0
2279,0
2279.1,0
2279.2,0
2279.3,1
2279.4,2
2279.5,1
2279.6,1
2279.7,1
2279.8,1
2279.9,0
2280,0
2280.1,0
2280.2,0
2280.3,0
2280.4,0
2280.5,0
2280.6,0
2280.7,1
2280.8,4
2280.9,3
2281,1
2281.1,1
2281.2,1
2281.3,1
2281.4,1
2281.5,1
2281.6,0
2281.7,0
2281.8,0
2281.9,0
2282,0
2282.1,0
2282.2,0
2282.3,0
2282.4,1
2282.5,1
2282.6,1
2282.7,1
2282.8,0
2282.9,0
2283,0
2283.1,1
2283.2,0
2283.3,0
2283.4,0
2283.5,0
2283.6,0
2283.7,0
2283.8,0
2283.9,0
2284,0
2284.1,1
2284.2,1
2284.3,1
2284.4,1
2284.5,1
2284.6,1
2284.7,0
2284.8,1
2284.9,2
2285,0
2285.1,0
2285.2,0
2285.3,0
2285.4,0
2285.5,0
2285.6,0
2285.7,2
2285.8,1
2285.9,1
2286,2
2286.1,1
2286.2,1
2286.3,1
2286.4,1
2286.5,0
2286.6,0
2286.7,0
2286.8,0
2286.9,0
2287,0
2287.1,0
2287.2,0
2287.3,0
2287.4,0
2287.5,0
2287.6,0
2287.7,0
2287.8,2
2287.9,2
2288,1
2288.1,0
2288.2,0
2288.3,0
2288.4,0
2288.5,0
2288.6,0
2288.7,0
2288.8,0
2288.9,0
2289,1
2289.1,2
2289.2,1
2289.3,1
2289.4,0
2289.5,1
2289.6,0
2289.7,0
2289.8,0
2289.9,1
2290,0
2290.1,0
2290.2,0
2290.3,0
2290.4,0
2290.5,0
2290.6,0
2290.7,0
2290.8,1
2290.9,1
2291,1
2291.1,2
2291.2,1
2291.3,0
2291.4,0
2291.5,1
2291.6,0
2291.7,0
2291.8,0
2291.9,0
2292,0
2292.1,0
2292.2,0
2292.3,0
2292.4,0
2292.5,0
2292.6,1
2292.7,1
2292.8,1
2292.9,1
2293,0
2293.1,0
2293.2,2
2293.3,0
2293.4,0
2293.5,0
2293.6,0
2293.7,0
2293.8,0
2293.9,0
2294,1
2294.1,1
2294.2,1
2294.3,1
2294.4,1
2294.5,2
2294.6,2
2294.7,1
2294.8,0
2294.9,0
2295,0
2295.1,0
2295.2,0
2295.3,0
2295.4,0
2295.5,1
2295.6,0
2295.7,4
2295.8,3
2295.9,2
2296,1
2296.1,1
2296.2,1
2296.3,1
2296.4,1
2296.5,0
2296.6,0
2296.7,0
2296.8,0
2296.9,0
2297,0
2297.1,0
2297.2,0
2297.3,0
2297.4,0
2297.5,0
2297.6,2
2297.7,2
2297.8,1
2297.9,1
2298,1
2298.1,0
2298.2,1
2298.3,0
2298.4,0
2298.5,0
2298.6,0
2298.7,0
2298.8,0
2298.9,0
2299,0
2299.1,1
2299.2,1
2299.3,2
2299.4,1
2299.5,1
2299.6,1
2299.7,1
2299.8,0
2299.9,0
2300,0
2300.1,0
2300.2,0
2300.3,0
2300.4,0
2300.5,0
2300.6,0
2300.7,0
2300.8,0
2300.9,1
2301,2
2301.1,2
2301.2,1
2301.3,0
2301.4,0
2301.5,0
2301.6,0
2301.7,0
2301.8,0
2301.9,0
2302,0
2302.1,0
2302.2,0
2302.3,0
2302.4,2
2302.5,1
2302.6,1
2302.7,1
2302.8,1
2302.9,1
2303,1
2303.1,0
2303.2,0
2303.3,0
2303.4,0
2303.5,0
2303.6,0
2303.7,0
2303.8,0
2303.9,1
2304,0
2304.1,0
2304.2,0
2304.3,1
2304.4,1
2304.5,1
2304.6,1
2304.7,0
2304.8,0
2304.9,1
2305,1
2305.1,0
2305.2,0
2305.3,0
2305.4,0
2305.5,1
2305.6,1
2305.7,2
2305.8,1
2305.9,2
2306,1
2306.1,1
2306.2,1
2306.3,1
2306.4,0
2306.5,0
2306.6,0
2306.7,0
2306.8,0
2306.9,0
2307,0
2307.1,0
2307.2,0
2307.3,1
2307.4,0
2307.5,2
2307.6,1
2307.7,1
2307.8,2
2307.9,1
2308,0
2308.1,0
2308.2,1
2308.3,1
2308.4,0
2308.5,0
2308.6,0
2308.7,0
2308.8,0
2308.9,0
2309,0
2309.1,1
2309.2,2
2309.3,2
2309.4,1
2309.5,0
2309.6,1
2309.7,0
2309.8,0
2309.9,0
2310,0
2310.1,0
2310.2,0
2310.3,0
2310.4,0
2310.5,0
2310.6,0
2310.7,0
2310.8,0
2310.9,0
2311,1
2311.1,1
2311.2,1
2311.3,1
2311.4,1
2311.5,1
2311.6,0
2311.7,0
2311.8,0
2311.9,0
2312,0
2312.1,0
2312.2,1
2312.3,0
2312.4,0
2312.5,1
2312.6,1
2312.7,1
2312.8,1
2312.9,0
2313,1
2313.1,1
2313.2,0
2313.3,0
2313.4,0
2313.5,0
2313.6,0
2313.7,0
2313.8,0
2313.9,1
2314,0
2314.1,2
2314.2,2
2314.3,1
2314.4,2
2314.5,1
2314.6,0
2314.7,0
2314.8,0
2314.9,0
2315,0
2315.1,0
2315.2,1
2315.3,0
2315.4,0
2315.5,0
2315.6,0
2315.7,0
2315.8,1
2315.9,2
2316,2
2316.1,1
2316.2,1
2316.3,1
2316.4,1
2316.5,0
2316.6,0
2316.7,0
2316.8,0
2316.9,0
2317,0
2317.1,0
2317.2,1
2317.3,1
2317.4,1
2317.5,0
2317.6,1
2317.7,1
2317.8,2
2317.9,1
2318,1
2318.1,0
2318.2,0
2318.3,0
2318.4,0
2318.5,0
2318.6,0
2318.7,0
2318.8,0
2318.9,0
2319,0
2319.1,0
2319.2,0
2319.3,0
2319.4,1
2319.5,1
2319.6,1
2319.7,1
2319.8,0
2319.9,1
2320,1
2320.1,0
2320.2,0
2320.3,0
2320.4,0
2320.5,0
2320.6,0
2320.7,2
2320.8,1
2320.9,0
2321,0
2321.1,1
2321.2,0
2321.3,0
2321.4,0
2321.5,0
2321.6,0
2321.7,0
2321.8,0
2321.9,0
2322,1
2322.1,0
2322.2,0
2322.3,1
2322.4,2
2322.5,2
2322.6,3
2322.7,2
2322.8,1
2322.9,1
2323,1
2323.1,0
2323.2,0
2323.3,1
2323.4,0
2323.5,0
2323.6,0
2323.7,0
2323.8,0
2323.9,0
2324,0
2324.1,1
2324.2,2
2324.3,1
2324.4,2
2324.5,2
2324.6,2
2324.7,1
2324.8,1
2324.9,1
2325,1
2325.1,0
2325.2,0
2325.3,1
2325.4,0
2325.5,1
2325.6,0
2325.7,0
2325.8,0
2325.9,1
2326,1
2326.1,1
2326.2,0
2326.3,1
2326.4,2
2326.5,0
2326.6,0
2326.7,0
2326.8,0
2326.9,0
2327,0
2327.1,1
2327.2,1
2327.3,0
2327.4,0
2327.5,1
2327.6,1
2327.7,1
2327.8,0
2327.9,0
2328,0
2328.1,1
2328.2,0
2328.3,0
2328.4,0
2328.5,0
2328.6,0
2328.7,0
2328.8,1
2328.9,1
2329,3
2329.1,2
2329.2,2
2329.3,2
2329.4,1
2329.5,1
2329.6,1
2329.7,0
2329.8,0
2329.9,0
2330,0
2330.1,0
2330.2,0
2330.3,0
2330.4,0
2330.5,0
2330.6,0
2330.7,1
2330.8,0
2330.9,0
2331,0
2331.1,1
2331.2,0
2331.3,1
2331.4,1
2331.5,1
2331.6,0
2331.7,0
2331.8,0
2331.9,0
2332,0
2332.1,0
2332.2,0
2332.3,0
2332.4,0
2332.5,1
2332.6,1
2332.7,2
2332.8,2
2332.9,1
2333,0
2333.1,1
2333.2,0
2333.3,0
2333.4,0
2333.5,0
2333.6,0
2333.7,0
2333.8,1
2333.9,0
2334,1
2334.1,0
2334.2,1
2334.3,2
2334.4,1
2334.5,1
2334.6,1
2334.7,1
2334.8,0
2334.9,0
2335,0
2335.1,0
2335.2,0
2335.3,0
2335.4,0
2335.5,1
2335.6,1
2335.7,2
2335.8,2
2335.9,1
2336,1
2336.1,1
2336.2,1
2336.3,0
2336.4,0
2336.5,0
2336.6,0
2336.7,0
2336.8,0
2336.9,0
2337,0
2337.1,1
2337.2,1
2337.3,1
2337.4,1
2337.5,1
2337.6,1
2337.7,2
2337.8,2
2337.9,1
2338,0
2338.1,0
2338.2,1
2338.3,0
2338.4,0
2338.5,0
2338.6,0
2338.7,0
2338.8,0
2338.9,0
2339,0
2339.1,0
2339.2,1
2339.3,1
2339.4,1
2339.5,1
2339.6,1
2339.7,1
2339.8,0
2339.9,0
2340,0
2340.1,0
2340.2,0
2340.3,0
2340.4,1
2340.5,1
2340.6,1
2340.7,1
2340.8,1
2340.9,2
2341,2
2341.1,2
2341.2,1
2341.3,1
2341.4,1
2341.5,1
2341.6,1
2341.7,1
2341.8,0
2341.9,0
2342,0
2342.1,0
2342.2,1
2342.3,1
2342.4,1
2342.5,2
2342.6,2
2342.7,2
2342.8,1
2342.9,1
2343,1
2343.1,1
2343.2,1
2343.3,1
2343.4,1
2343.5,0
2343.6,0
2343.7,0
2343.8,1
2343.9,1
2344,1
2344.1,1
2344.2,1
2344.3,2
2344.4,1
2344.5,1
2344.6,1
2344.7,1
2344.8,1
2344.9,1
2345,0
2345.1,1
2345.2,0
2345.3,0
2345.4,0
2345.5,1
2345.6,1
2345.7,1
2345.8,1
2345.9,2
2346,2
2346.1,1
2346.2,1
2346.3,1
2346.4,1
2346.5,1
2346.6,1
2346.7,1
2346.8,1
2346.9,1
2347,1
2347.1,1
2347.2,1
2347.3,2
2347.4,2
2347.5,2
2347.6,2
2347.7,2
2347.8,1
2347.9,1
2348,1
2348.1,1
2348.2,1
2348.3,1
2348.4,1
2348.5,1
2348.6,1
2348.7,1
2348.8,1
2348.9,1
2349,1
2349.1,2
2349.2,2
2349.3,2
2349.4,2
2349.5,2
2349.6,1
2349.7,1
2349.8,1
2349.9,1
2350,1
2350.1,0
2350.2,0
2350.3,0
2350.4,0
2350.5,1
2350.6,1
2350.7,1
2350.8,2
2350.9,2
2351,2
2351.1,1
2351.2,1
2351.3,1
2351.4,1
2351.5,1
2351.6,1
2351.7,0
2351.8,0
2351.9,1
2352,0
2352.1,1
2352.2,1
2352.3,1
2352.4,1
2352.5,1
2352.6,1
2352.7,1
2352.8,2
2352.9,1
2353,1
2353.1,1
2353.2,1
2353.3,1
2353.4,1
2353.5,1
2353.6,1
2353.7,0
2353.8,1
2353.9,1
2354,1
2354.1,1
2354.2,2
2354.3,1
2354.4,1
2354.5,1
2354.6,1
2354.7,1
2354.8,1
2354.9,1
2355,1
2355.1,0
2355.2,0
2355.3,0
2355.4,1
2355.5,1
2355.6,1
2355.7,1
2355.8,1
2355.9,1
2356,1
2356.1,1
2356.2,1
2356.3,1
2356.4,1
2356.5,1
2356.6,1
2356.7,1
2356.8,0
2356.9,0
2357,0
2357.1,1
2357.2,1
2357.3,1
2357.4,2
2357.5,2
2357.6,2
2357.7,2
2357.8,2
2357.9,1
2358,1
2358.1,1
2358.2,1
2358.3,1
2358.4,1
2358.5,0
2358.6,0
2358.7,0
2358.8,1
2358.9,1
2359,1
2359.1,1
2359.2,2
2359.3,2
2359.4,2
2359.5,1
2359.6,1
2359.7,1
2359.8,1
2359.9,1
2360,1
2360.1,1
2360.2,0
2360.3,0
2360.4,0
2360.5,1
2360.6,1
2360.7,2
2360.8,2
2360.9,2
2361,2
2361.1,2
2361.2,1
2361.3,1
2361.4,1
2361.5,0
2361.6,1
2361.7,0
2361.8,1
2361.9,1
2362,1
2362.1,1
2362.2,1
2362.3,1
2362.4,1
2362.5,1
2362.6,2
2362.7,2
2362.8,2
2362.9,1
2363,1
2363.1,1
2363.2,1
2363.3,1
2363.4,0
2363.5,0
2363.6,0
2363.7,0
2363.8,1
2363.9,1
2364,1
2364.1,1
2364.2,2
2364.3,2
2364.4,2
2364.5,2
2364.6,2
2364.7,1
2364.8,1
2364.9,1
2365,1
2365.1,1
2365.2,0
2365.3,0
2365.4,1
2365.5,1
2365.6,1
2365.7,2
2365.8,1
2365.9,2
2366,2
2366.1,2
2366.2,1
2366.3,1
2366.4,1
2366.5,1
2366.6,1
2366.7,1
2366.8,0
2366.9,0
2367,0
2367.1,1
2367.2,1
2367.3,1
2367.4,1
2367.5,2
2367.6,2
2367.7,2
2367.8,1
2367.9,1
2368,1
2368.1,1
2368.2,1
2368.3,1
2368.4,1
2368.5,1
2368.6,0
2368.7,0
2368.8,1
2368.9,1
2369,2
2369.1,2
2369.2,2
2369.3,2
2369.4,2
2369.5,1
2369.6,1
2369.7,1
2369.8,1
2369.9,1
2370,1
2370.1,0
2370.2,0
2370.3,1
2370.4,1
2370.5,1
2370.6,1
2370.7,2
2370.8,2
2370.9,2
2371,2
2371.1,2
2371.2,1
2371.3,1
2371.4,1
2371.5,1
2371.6,1
2371.7,1
2371.8,1
2371.9,1
2372,0
2372.1,1
2372.2,1
2372.3,0
2372.4,1
2372.5,1
2372.6,2
2372.7,2
2372.8,1
2372.9,1
2373,1
2373.1,1
2373.2,1
2373.3,1
2373.4,0
2373.5,0
2373.6,1
2373.7,1
2373.8,1
2373.9,1
2374,1
2374.1,1
2374.2,2
2374.3,2
2374.4,2
2374.5,2
2374.6,2
2374.7,1
2374.8,1
2374.9,1
2375,1
2375.1,0
2375.2,0
2375.3,1
2375.4,1
2375.5,1
2375.6,1
2375.7,1
2375.8,1
2375.9,1
2376,1
2376.1,2
2376.2,1
2376.3,1
2376.4,1
2376.5,1
2376.6,1
2376.7,1
2376.8,0
2376.9,1
2377,1
2377.1,1
2377.2,1
2377.3,1
2377.4,1
2377.5,1
2377.6,2
2377.7,1
2377.8,1
2377.9,1
2378,1
2378.1,1
2378.2,1
2378.3,1
2378.4,1
2378.5,0
2378.6,0
2378.7,1
2378.8,1
2378.9,1
2379,1
2379.1,1
2379.2,2
2379.3,2
2379.4,2
2379.5,1
2379.6,1
2379.7,1
2379.8,1
2379.9,1
2380,1
2380.1,0
2380.2,0
2380.3,0
2380.4,1
2380.5,1
2380.6,1
2380.7,2
2380.8,2
2380.9,2
2381,2
2381.1,2
2381.2,1
2381.3,1
2381.4,1
2381.5,0
2381.6,1
2381.7,0
2381.8,0
2381.9,1
2382,1
2382.1,1
2382.2,1
2382.3,1
2382.4,1
2382.5,2
2382.6,2
2382.7,2
2382.8,2
2382.9,1
2383,1
2383.1,1
2383.2,1
2383.3,0
2383.4,1
2383.5,1
2383.6,1
2383.7,1
2383.8,1
2383.9,1
2384,1
2384.1,2
2384.2,2
2384.3,2
2384.4,1
2384.5,1
2384.6,1
2384.7,1
2384.8,1
2384.9,1
2385,1
2385.1,1
2385.2,0
2385.3,1
2385.4,1
2385.5,1
2385.6,2
2385.7,2
2385.8,1
2385.9,1
2386,1
2386.1,2
2386.2,2
2386.3,1
2386.4,1
2386.5,1
2386.6,0
2386.7,1
2386.8,0
2386.9,1
2387,1
2387.1,1
2387.2,1
2387.3,1
2387.4,2
2387.5,2
2387.6,2
2387.7,1
2387.8,1
2387.9,1
2388,1
2388.1,0
2388.2,1
2388.3,1
2388.4,1
2388.5,0
2388.6,0
2388.7,0
2388.8,1
2388.9,1
2389,1
2389.1,2
2389.2,2
2389.3,2
2389.4,2
2389.5,2
2389.6,1
2389.7,1
2389.8,1
2389.9,1
2390,1
2390.1,1
2390.2,0
2390.3,1
2390.4,1
2390.5,1
2390.6,1
2390.7,2
2390.8,2
2390.9,2
2391,2
2391.1,2
2391.2,1
2391.3,1
2391.4,1
2391.5,1
2391.6,1
2391.7,1
2391.8,1
2391.9,1
2392,1
2392.1,1
2392.2,1
2392.3,1
2392.4,1
2392.5,1
2392.6,2
2392.7,2
2392.8,1
2392.9,1
2393,1
2393.1,1
2393.2,1
2393.3,0
2393.4,0
2393.5,0
2393.6,1
2393.7,0
2393.8,1
2393.9,1
2394,0
2394.1,1
2394.2,1
2394.3,2
2394.4,1
2394.5,1
2394.6,1
2394.7,1
2394.8,1
2394.9,1
2395,1
2395.1,0
2395.2,0
2395.3,1
2395.4,1
2395.5,1
2395.6,1
2395.7,1
2395.8,1
2395.9,2
2396,2
2396.1,1
2396.2,1
2396.3,1
2396.4,1
2396.5,1
2396.6,1
2396.7,1
2396.8,1
2396.9,1
2397,1
2397.1,1
2397.2,1
2397.3,1
2397.4,1
2397.5,2
2397.6,2
2397.7,2
2397.8,1
2397.9,1
2398,1
2398.1,1
2398.2,1
2398.3,1
2398.4,1
2398.5,0
2398.6,0
2398.7,1
2398.8,1
2398.9,1
2399,1
2399.1,1
2399.2,1
2399.3,1
2399.4,2
2399.5,2
2399.6,1
2399.7,1
2399.8,1
2399.9,1
2400,1
2400.1,0
2400.2,0
2400.3,1
2400.4,1
2400.5,1
2400.6,1
2400.7,1
2400.8,2
2400.9,2
2401,2
2401.1,2
2401.2,2
2401.3,1
2401.4,1
2401.5,1
2401.6,1
2401.7,1
2401.8,0
2401.9,1
2402,1
2402.1,1
2402.2,1
2402.3,1
2402.4,2
2402.5,2
2402.6,2
2402.7,2
2402.8,2
2402.9,2
2403,1
2403.1,2
2403.2,1
2403.3,1
2403.4,1
2403.5,1
2403.6,1
2403.7,1
2403.8,1
2403.9,1
2404,2
2404.1,1
2404.2,2
2404.3,2
2404.4,1
2404.5,1
2404.6,1
2404.7,1
2404.8,1
2404.9,1
2405,1
2405.1,0
2405.2,0
2405.3,0
2405.4,1
2405.5,1
2405.6,1
2405.7,1
2405.8,1
2405.9,1
2406,2
2406.1,2
2406.2,2
2406.3,1
2406.4,1
2406.5,0
2406.6,0
2406.7,0
2406.8,0
2406.9,1
2407,1
2407.1,1
2407.2,1
2407.3,1
2407.4,1
2407.5,2
2407.6,2
2407.7,1
2407.8,2
2407.9,1
2408,1
2408.1,1
2408.2,1
2408.3,1
2408.4,0
2408.5,0
2408.6,0
2408.7,0
2408.8,1
2408.9,1
2409,1
2409.1,1
2409.2,2
2409.3,1
2409.4,1
2409.5,1
2409.6,1
2409.7,1
2409.8,1
2409.9,1
2410,1
2410.1,0
2410.2,0
2410.3,0
2410.4,1
2410.5,1
2410.6,1
2410.7,1
2410.8,2
2410.9,2
2411,1
2411.1,2
2411.2,1
2411.3,1
2411.4,1
2411.5,1
2411.6,1
2411.7,1
2411.8,1
2411.9,1
2412,0
2412.1,1
2412.2,1
2412.3,1
2412.4,1
2412.5,2
2412.6,2
2412.7,2
2412.8,2
2412.9,1
2413,1
2413.1,1
2413.2,1
2413.3,1
2413.4,0
2413.5,1
2413.6,0
2413.7,1
2413.8,1
2413.9,1
2414,2
2414.1,2
2414.2,2
2414.3,2
2414.4,1
2414.5,1
2414.6,1
2414.7,1
2414.8,1
2414.9,1
2415,1
2415.1,1
2415.2,1
2415.3,1
2415.4,1
2415.5,1
2415.6,1
2415.7,1
2415.8,1
2415.9,2
2416,2
2416.1,2
2416.2,1
2416.3,1
2416.4,1
2416.5,1
2416.6,0
2416.7,0
2416.8,0
2416.9,0
2417,1
2417.1,1
2417.2,1
2417.3,1
2417.4,2
2417.5,2
2417.6,2
2417.7,2
2417.8,1
2417.9,2
2418,1
2418.1,1
2418.2,1
2418.3,1
2418.4,0
2418.5,0
2418.6,0
2418.7,0
2418.8,1
2418.9,1
2419,1
2419.1,1
2419.2,1
2419.3,2
2419.4,1
2419.5,2
2419.6,1
2419.7,1
2419.8,2
2419.9,1
2420,1
2420.1,1
2420.2,0
2420.3,0
2420.4,0
2420.5,1
2420.6,1
2420.7,1
2420.8,2
2420.9,1
2421,1
2421.1,2
2421.2,1
2421.3,1
2421.4,1
2421.5,1
2421.6,1
2421.7,1
2421.8,1
2421.9,0
2422,0
2422.1,1
2422.2,1
2422.3,1
2422.4,1
2422.5,2
2422.6,2
2422.7,2
2422.8,2
2422.9,2
2423,1
2423.1,1
2423.2,0
2423.3,1
2423.4,0
2423.5,0
2423.6,0
2423.7,1
2423.8,1
2423.9,0
2424,1
2424.1,2
2424.2,2
2424.3,1
2424.4,2
2424.5,2
2424.6,1
2424.7,1
2424.8,1
2424.9,1
2425,0
2425.1,0
2425.2,0
2425.3,1
2425.4,1
2425.5,1
2425.6,1
2425.7,1
2425.8,2
2425.9,2
2426,2
2426.1,1
2426.2,1
2426.3,1
2426.4,1
2426.5,1
2426.6,0
2426.7,0
2426.8,0
2426.9,0
2427,1
2427.1,1
2427.2,1
2427.3,1
2427.4,1
2427.5,1
2427.6,2
2427.7,2
2427.8,2
2427.9,1
2428,1
2428.1,1
2428.2,1
2428.3,1
2428.4,1
2428.5,0
2428.6,0
2428.7,1
2428.8,1
2428.9,1
2429,1
2429.1,2
2429.2,2
2429.3,2
2429.4,2
2429.5,2
2429.6,1
2429.7,1
2429.8,1
2429.9,1
2430,1
2430.1,0
2430.2,0
2430.3,0
2430.4,0
2430.5,0
2430.6,1
2430.7,2
2430.8,2
2430.9,2
2431,2
2431.1,2
2431.2,2
2431.3,2
2431.4,1
2431.5,1
2431.6,1
2431.7,0
2431.8,0
2431.9,0
2432,0
2432.1,1
2432.2,1
2432.3,1
2432.4,1
2432.5,1
2432.6,2
2432.7,1
2432.8,2
2432.9,1
2433,2
2433.1,1
2433.2,1
2433.3,0
2433.4,0
2433.5,0
2433.6,0
2433.7,1
2433.8,1
2433.9,1
2434,1
2434.1,2
2434.2,2
2434.3,2
2434.4,2
2434.5,1
2434.6,1
2434.7,1
2434.8,1
2434.9,1
2435,0
2435.1,0
2435.2,0
2435.3,0
2435.4,1
2435.5,1
2435.6,1
2435.7,1
2435.8,2
2435.9,2
2436,1
2436.1,1
2436.2,1
2436.3,1
2436.4,1
2436.5,1
2436.6,1
2436.7,0
2436.8,0
2436.9,0
2437,0
2437.1,1
2437.2,1
2437.3,1
2437.4,1
2437.5,1
2437.6,2
2437.7,2
2437.8,2
2437.9,1
2438,1
2438.1,1
2438.2,1
2438.3,1
2438.4,0
2438.5,0
2438.6,0
2438.7,0
2438.8,1
2438.9,1
2439,1
2439.1,1
2439.2,1
2439.3,1
2439.4,1
2439.5,1
2439.6,1
2439.7,1
2439.8,1
2439.9,1
2440,1
2440.1,0
2440.2,0
2440.3,0
2440.4,0
2440.5,1
2440.6,1
2440.7,1
2440.8,2
2440.9,2
2441,1
2441.1,1
2441.2,1
2441.3,1
2441.4,1
2441.5,1
2441.6,1
2441.7,1
2441.8,0
2441.9,0
2442,1
2442.1,1
2442.2,1
2442.3,1
2442.4,1
2442.5,1
2442.6,1
2442.7,1
2442.8,1
2442.9,1
2443,1
2443.1,1
2443.2,1
2443.3,1
2443.4,0
2443.5,0
2443.6,0
2443.7,1
2443.8,1
2443.9,1
2444,1
2444.1,1
2444.2,1
2444.3,2
2444.4,2
2444.5,1
2444.6,1
2444.7,1
2444.8,1
2444.9,1
2445,1
2445.1,0
2445.2,0
2445.3,0
2445.4,1
2445.5,1
2445.6,1
2445.7,1
2445.8,2
2445.9,2
2446,1
2446.1,1
2446.2,1
2446.3,1
2446.4,1
2446.5,1
2446.6,0
2446.7,0
2446.8,0
2446.9,0
2447,1
2447.1,1
2447.2,1
2447.3,1
2447.4,2
2447.5,2
2447.6,2
2447.7,2
2447.8,1
2447.9,1
2448,1
2448.1,1
2448.2,1
2448.3,1
2448.4,0
2448.5,0
2448.6,1
2448.7,1
2448.8,1
2448.9,1
2449,1
2449.1,1
2449.2,2
2449.3,2
2449.4,2
2449.5,2
2449.6,1
2449.7,1
2449.8,1
2449.9,1
2450,1
2450.1,0
2450.2,0
2450.3,0
2450.4,1
2450.5,1
2450.6,2
2450.7,2
2450.8,2
2450.9,1
2451,2
2451.1,1
2451.2,1
2451.3,1
2451.4,1
2451.5,1
2451.6,1
2451.7,0
2451.8,0
2451.9,0
2452,1
2452.1,1
2452.2,1
2452.3,1
2452.4,2
2452.5,2
2452.6,2
2452.7,2
2452.8,2
2452.9,1
2453,1
2453.1,1
2453.2,1
2453.3,1
2453.4,1
2453.5,0
2453.6,1
2453.7,1
2453.8,1
2453.9,2
2454,2
2454.1,2
2454.2,2
2454.3,2
2454.4,1
2454.5,1
2454.6,1
2454.7,1
2454.8,0
2454.9,0
2455,1
2455.1,1
2455.2,0
2455.3,0
2455.4,1
2455.5,1
2455.6,1
2455.7,2
2455.8,2
2455.9,2
2456,2
2456.1,2
2456.2,1
2456.3,1
2456.4,1
2456.5,1
2456.6,1
2456.7,0
2456.8,0
2456.9,0
2457,1
2457.1,1
2457.2,1
2457.3,1
2457.4,1
2457.5,1
2457.6,2
2457.7,1
2457.8,1
2457.9,1
2458,1
2458.1,1
2458.2,1
2458.3,0
2458.4,0
2458.5,0
2458.6,1
2458.7,1
2458.8,1
2458.9,1
2459,1
2459.1,1
2459.2,2
2459.3,1
2459.4,2
2459.5,1
2459.6,1
2459.7,1
2459.8,1
2459.9,1
2460,1
2460.1,0
2460.2,1
2460.3,0
2460.4,1
2460.5,1
2460.6,1
2460.7,1
2460.8,2
2460.9,2
2461,2
2461.1,2
2461.2,1
2461.3,1
2461.4,0
2461.5,1
2461.6,1
2461.7,1
2461.8,1
2461.9,0
2462,1
2462.1,1
2462.2,1
2462.3,1
2462.4,2
2462.5,2
2462.6,2
2462.7,2
2462.8,1
2462.9,2
2463,1
2463.1,1
2463.2,1
2463.3,1
2463.4,1
2463.5,0
2463.6,1
2463.7,1
2463.8,1
2463.9,1
2464,1
2464.1,1
2464.2,1
2464.3,2
2464.4,2
2464.5,2
2464.6,2
2464.7,1
2464.8,1
2464.9,1
2465,1
2465.1,0
2465.2,1
2465.3,1
2465.4,1
2465.5,1
2465.6,1
2465.7,2
2465.8,2
2465.9,2
2466,2
2466.1,1
2466.2,1
2466.3,1
2466.4,1
2466.5,1
2466.6,1
2466.7,0
2466.8,0
2466.9,0
2467,0
2467.1,1
2467.2,1
2467.3,1
2467.4,1
2467.5,1
2467.6,2
2467.7,2
2467.8,2
2467.9,1
2468,1
2468.1,1
2468.2,1
2468.3,1
2468.4,1
2468.5,1
2468.6,1
2468.7,1
2468.8,1
2468.9,1
2469,1
2469.1,1
2469.2,2
2469.3,2
2469.4,2
2469.5,2
2469.6,1
2469.7,0
2469.8,1
2469.9,1
2470,0
2470.1,0
2470.2,0
2470.3,0
2470.4,1
2470.5,1
2470.6,1
2470.7,2
2470.8,2
2470.9,2
2471,2
2471.1,2
2471.2,2
2471.3,1
2471.4,1
2471.5,1
2471.6,1
2471.7,0
2471.8,0
2471.9,0
2472,1
2472.1,1
2472.2,1
2472.3,1
2472.4,1
2472.5,1
2472.6,2
2472.7,2
2472.8,2
2472.9,1
2473,1
2473.1,1
2473.2,1
2473.3,1
2473.4,1
2473.5,0
2473.6,0
2473.7,0
2473.8,1
2473.9,1
2474,2
2474.1,2
2474.2,2
2474.3,2
2474.4,2
2474.5,1
2474.6,1
2474.7,1
2474.8,1
2474.9,1
2475,1
2475.1,0
2475.2,0
2475.3,1
2475.4,1
2475.5,1
2475.6,2
2475.7,1
2475.8,2
2475.9,2
2476,2
2476.1,2
2476.2,2
2476.3,1
2476.4,1
2476.5,1
2476.6,1
2476.7,0
2476.8,0
2476.9,0
2477,1
2477.1,1
2477.2,1
2477.3,1
2477.4,1
2477.5,2
2477.6,2
2477.7,2
2477.8,1
2477.9,1
2478,1
2478.1,1
2478.2,1
2478.3,1
2478.4,0
2478.5,0
2478.6,0
2478.7,1
2478.8,1
2478.9,1
2479,1
2479.1,1
2479.2,2
2479.3,2
2479.4,2
2479.5,2
2479.6,2
2479.7,1
2479.8,1
2479.9,0
2480,1
2480.1,1
2480.2,0
2480.3,0
2480.4,1
2480.5,1
2480.6,2
2480.7,2
2480.8,2
2480.9,2
2481,1
2481.1,1
2481.2,1
2481.3,1
2481.4,1
2481.5,1
2481.6,1
2481.7,0
2481.8,0
2481.9,0
2482,0
2482.1,0
2482.2,1
2482.3,1
2482.4,2
2482.5,2
2482.6,2
2482.7,2
2482.8,1
2482.9,1
2483,1
2483.1,1
2483.2,1
2483.3,1
2483.4,0
2483.5,0
2483.6,0
2483.7,0
2483.8,1
2483.9,1
2484,1
2484.1,2
2484.2,2
2484.3,2
2484.4,2
2484.5,1
2484.6,1
2484.7,0
2484.8,1
2484.9,0
2485,0
2485.1,0
2485.2,0
2485.3,1
2485.4,1
2485.5,1
2485.6,1
2485.7,1
2485.8,1
2485.9,2
2486,2
2486.1,2
2486.2,1
2486.3,1
2486.4,1
2486.5,1
2486.6,1
2486.7,0
2486.8,0
2486.9,0
2487,1
2487.1,1
2487.2,1
2487.3,2
2487.4,2
2487.5,2
2487.6,2
2487.7,1
2487.8,1
2487.9,1
2488,1
2488.1,1
2488.2,1
2488.3,0
2488.4,0
2488.5,0
2488.6,0
2488.7,1
2488.8,1
2488.9,1
2489,1
2489.1,1
2489.2,2
2489.3,2
2489.4,2
2489.5,2
2489.6,1
2489.7,1
2489.8,1
2489.9,1
2490,0
2490.1,0
2490.2,0
2490.3,0
2490.4,1
2490.5,1
2490.6,1
2490.7,1
2490.8,1
2490.9,2
2491,2
2491.1,2
2491.2,1
2491.3,1
2491.4,1
2491.5,1
2491.6,1
2491.7,0
2491.8,0
2491.9,0
2492,0
2492.1,1
2492.2,1
2492.3,1
2492.4,2
2492.5,2
2492.6,2
2492.7,2
2492.8,1
2492.9,1
2493,1
2493.1,1
2493.2,1
2493.3,0
2493.4,0
2493.5,0
2493.6,0
2493.7,1
2493.8,1
2493.9,1
2494,1
2494.1,1
2494.2,2
2494.3,2
2494.4,2
2494.5,2
2494.6,1
2494.7,1
2494.8,1
2494.9,1
2495,0
2495.1,0
2495.2,0
2495.3,0
2495.4,1
2495.5,1
2495.6,1
2495.7,1
2495.8,2
2495.9,2
2496,2
2496.1,2
2496.2,2
2496.3,1
2496.4,1
2496.5,1
2496.6,1
2496.7,1
2496.8,0
2496.9,0
2497,1
2497.1,1
2497.2,1
2497.3,1
2497.4,2
2497.5,1
2497.6,1
2497.7,2
2497.8,1
2497.9,1
2498,1
2498.1,1
2498.2,1
2498.3,1
2498.4,0
2498.5,0
2498.6,0
2498.7,1
2498.8,1
2498.9,2
2499,2
2499.1,2
2499.2,2
2499.3,2
2499.4,2
2499.5,2
2499.6,1
2499.7,1
2499.8,0
2499.9,1
2500,0
2500.1,0
2500.2,0
2500.3,1
2500.4,1
2500.5,1
2500.6,1
2500.7,1
2500.8,2
2500.9,2
2501,2
2501.1,2
2501.2,1
2501.3,1
2501.4,1
2501.5,1
2501.6,1
2501.7,0
2501.8,0
2501.9,1
2502,1
2502.1,1
2502.2,1
2502.3,1
2502.4,2
2502.5,2
2502.6,1
2502.7,2
2502.8,2
2502.9,1
2503,2
2503.1,1
2503.2,1
2503.3,0
2503.4,0
2503.5,0
2503.6,1
2503.7,1
2503.8,1
2503.9,1
2504,1
2504.1,2
2504.2,2
2504.3,2
2504.4,2
2504.5,2
2504.6,1
2504.7,1
2504.8,1
2504.9,1
2505,1
2505.1,0
2505.2,0
2505.3,0
2505.4,0
2505.5,1
2505.6,1
2505.7,2
2505.8,2
2505.9,2
2506,2
2506.1,2
2506.2,2
2506.3,1
2506.4,1
2506.5,0
2506.6,0
2506.7,0
2506.8,0
2506.9,0
2507,1
2507.1,1
2507.2,1
2507.3,1
2507.4,1
2507.5,2
2507.6,2
2507.7,1
2507.8,1
2507.9,1
2508,1
2508.1,1
2508.2,1
2508.3,0
2508.4,0
2508.5,1
2508.6,0
2508.7,0
2508.8,1
2508.9,1
2509,1
2509.1,1
2509.2,2
2509.3,2
2509.4,2
2509.5,1
2509.6,1
2509.7,1
2509.8,0
2509.9,1
2510,0
2510.1,0
2510.2,0
2510.3,0
2510.4,1
2510.5,1
2510.6,1
2510.7,2
2510.8,2
2510.9,2
2511,2
2511.1,1
2511.2,1
2511.3,1
2511.4,1
2511.5,1
2511.6,1
2511.7,0
2511.8,0
2511.9,0
2512,0
2512.1,1
2512.2,1
2512.3,1
2512.4,2
2512.5,2
2512.6,2
2512.7,2
2512.8,2
2512.9,1
2513,1
2513.1,1
2513.2,1
2513.3,1
2513.4,0
2513.5,0
2513.6,1
2513.7,1
2513.8,1
2513.9,2
2514,2
2514.1,2
2514.2,2
2514.3,2
2514.4,2
2514.5,1
2514.6,1
2514.7,1
2514.8,1
2514.9,1
2515,1
2515.1,0
2515.2,0
2515.3,0
2515.4,1
2515.5,1
2515.6,1
2515.7,2
2515.8,2
2515.9,2
2516,2
2516.1,2
2516.2,2
2516.3,1
2516.4,1
2516.5,1
2516.6,0
2516.7,0
2516.8,0
2516.9,0
2517,0
2517.1,1
2517.2,1
2517.3,2
2517.4,2
2517.5,1
2517.6,1
2517.7,1
2517.8,1
2517.9,1
2518,1
2518.1,1
2518.2,1
2518.3,1
2518.4,0
2518.5,0
2518.6,0
2518.7,1
2518.8,1
2518.9,2
2519,2
2519.1,2
2519.2,2
2519.3,2
2519.4,1
2519.5,1
2519.6,1
2519.7,1
2519.8,1
2519.9,1
2520,0
2520.1,0
2520.2,1
2520.3,1
2520.4,1
2520.5,1
2520.6,1
2520.7,2
2520.8,2
2520.9,2
2521,2
2521.1,2
2521.2,1
2521.3,1
2521.4,1
2521.5,1
2521.6,1
2521.7,0
2521.8,0
2521.9,0
2522,1
2522.1,1
2522.2,1
2522.3,2
2522.4,2
2522.5,2
2522.6,2
2522.7,2
2522.8,1
2522.9,1
2523,1
2523.1,1
2523.2,0
2523.3,0
2523.4,0
2523.5,0
2523.6,0
2523.7,1
2523.8,1
2523.9,1
2524,1
2524.1,1
2524.2,2
2524.3,2
2524.4,1
2524.5,1
2524.6,1
2524.7,1
2524.8,1
2524.9,1
2525,1
2525.1,1
2525.2,1
2525.3,1
2525.4,1
2525.5,1
2525.6,1
2525.7,2
2525.8,2
2525.9,2
2526,2
2526.1,2
2526.2,2
2526.3,2
2526.4,1
2526.5,1
2526.6,1
2526.7,0
2526.8,0
2526.9,0
2527,0
2527.1,1
2527.2,1
2527.3,2
2527.4,2
2527.5,2
2527.6,2
2527.7,2
2527.8,1
2527.9,1
2528,1
2528.1,1
2528.2,0
2528.3,0
2528.4,0
2528.5,0
2528.6,0
2528.7,1
2528.8,1
2528.9,1
2529,2
2529.1,2
2529.2,2
2529.3,2
2529.4,1
2529.5,1
2529.6,1
2529.7,1
2529.8,0
2529.9,1
2530,0
2530.1,0
2530.2,0
2530.3,0
2530.4,1
2530.5,1
2530.6,1
2530.7,1
2530.8,2
2530.9,2
2531,2
2531.1,2
2531.2,2
2531.3,1
2531.4,1
2531.5,1
2531.6,1
2531.7,0
2531.8,0
2531.9,0
2532,0
2532.1,1
2532.2,1
2532.3,1
2532.4,1
2532.5,1
2532.6,2
2532.7,1
2532.8,1
2532.9,1
2533,1
2533.1,1
2533.2,1
2533.3,1
2533.4,0
2533.5,0
2533.6,0
2533.7,1
2533.8,1
2533.9,1
2534,2
2534.1,1
2534.2,2
2534.3,2
2534.4,2
2534.5,1
2534.6,1
2534.7,1
2534.8,1
2534.9,1
2535,1
2535.1,0
2535.2,0
2535.3,0
2535.4,0
2535.5,1
2535.6,2
2535.7,2
2535.8,2
2535.9,2
2536,2
2536.1,1
2536.2,2
2536.3,1
2536.4,1
2536.5,1
2536.6,0
2536.7,0
2536.8,0
2536.9,1
2537,1
2537.1,1
2537.2,1
2537.3,1
2537.4,2
2537.5,2
2537.6,2
2537.7,2
2537.8,2
2537.9,1
2538,1
2538.1,0
2538.2,0
2538.3,0
2538.4,0
2538.5,1
2538.6,1
2538.7,1
2538.8,1
2538.9,2
2539,2
2539.1,2
2539.2,2
2539.3,2
2539.4,1
2539.5,1
2539.6,1
2539.7,1
2539.8,1
2539.9,1
2540,0
2540.1,0
2540.2,0
2540.3,1
2540.4,1
2540.5,1
2540.6,2
2540.7,2
2540.8,2
2540.9,2
2541,2
2541.1,1
2541.2,1
2541.3,1
2541.4,1
2541.5,1
2541.6,1
2541.7,0
2541.8,0
2541.9,0
2542,1
2542.1,1
2542.2,1
2542.3,1
2542.4,2
2542.5,2
2542.6,2
2542.7,1
2542.8,1
2542.9,1
2543,1
2543.1,1
2543.2,1
2543.3,1
2543.4,0
2543.5,0
2543.6,0
2543.7,0
2543.8,1
2543.9,2
2544,2
2544.1,2
2544.2,2
2544.3,2
2544.4,2
2544.5,2
2544.6,1
2544.7,1
2544.8,0
2544.9,0
2545,0
2545.1,0
2545.2,1
2545.3,1
2545.4,1
2545.5,1
2545.6,1
2545.7,2
2545.8,2
2545.9,2
2546,2
2546.1,2
2546.2,1
2546.3,1
2546.4,1
2546.5,0
2546.6,0
2546.7,0
2546.8,0
2546.9,0
2547,1
2547.1,1
2547.2,1
2547.3,2
2547.4,2
2547.5,2
2547.6,2
2547.7,2
2547.8,1
2547.9,1
2548,1
2548.1,0
2548.2,0
2548.3,0
2548.4,0
2548.5,0
2548.6,1
2548.7,1
2548.8,1
2548.9,1
2549,2
2549.1,2
2549.2,2
2549.3,2
2549.4,2
2549.5,1
2549.6,1
2549.7,1
2549.8,1
2549.9,1
2550,0
2550.1,1
2550.2,1
2550.3,0
2550.4,1
2550.5,1
2550.6,1
2550.7,2
2550.8,2
2550.9,2
2551,1
2551.1,1
2551.2,1
2551.3,1
2551.4,0
2551.5,0
2551.6,0
2551.7,0
2551.8,0
2551.9,0
2552,1
2552.1,1
2552.2,1
2552.3,1
2552.4,2
2552.5,2
2552.6,2
2552.7,2
2552.8,2
2552.9,1
2553,1
2553.1,1
2553.2,0
2553.3,0
2553.4,0
2553.5,0
2553.6,0
2553.7,0
2553.8,1
2553.9,1
2554,1
2554.1,1
2554.2,2
2554.3,2
2554.4,2
2554.5,1
2554.6,1
2554.7,1
2554.8,1
2554.9,1
2555,1
2555.1,0
2555.2,0
2555.3,1
2555.4,1
2555.5,2
2555.6,1
2555.7,2
2555.8,2
2555.9,2
2556,2
2556.1,2
2556.2,1
2556.3,1
2556.4,1
2556.5,1
2556.6,0
2556.7,0
2556.8,0
2556.9,0
2557,1
2557.1,1
2557.2,2
2557.3,2
2557.4,2
2557.5,2
2557.6,2
2557.7,2
2557.8,1
2557.9,1
2558,1
2558.1,0
2558.2,0
2558.3,0
2558.4,0
2558.5,0
2558.6,0
2558.7,1
2558.8,1
2558.9,1
2559,2
2559.1,2
2559.2,2
2559.3,2
2559.4,2
2559.5,1
2559.6,1
2559.7,1
2559.8,0
2559.9,0
2560,0
2560.1,0
2560.2,0
2560.3,1
2560.4,1
2560.5,1
2560.6,1
2560.7,1
2560.8,2
2560.9,2
2561,2
2561.1,1
2561.2,2
2561.3,1
2561.4,1
2561.5,1
2561.6,0
2561.7,0
2561.8,1
2561.9,1
2562,1
2562.1,1
2562.2,2
2562.3,2
2562.4,2
2562.5,2
2562.6,2
2562.7,2
2562.8,1
2562.9,1
2563,1
2563.1,1
2563.2,1
2563.3,0
2563.4,0
2563.5,0
2563.6,1
2563.7,1
2563.8,1
2563.9,1
2564,2
2564.1,2
2564.2,2
2564.3,2
2564.4,2
2564.5,1
2564.6,1
2564.7,1
2564.8,0
2564.9,0
2565,0
2565.1,0
2565.2,0
2565.3,0
2565.4,1
2565.5,1
2565.6,2
2565.7,1
2565.8,2
2565.9,2
2566,1
2566.1,1
2566.2,1
2566.3,1
2566.4,1
2566.5,1
2566.6,0
2566.7,0
2566.8,0
2566.9,0
2567,1
2567.1,1
2567.2,1
2567.3,1
2567.4,2
2567.5,2
2567.6,2
2567.7,1
2567.8,1
2567.9,1
2568,1
2568.1,1
2568.2,0
2568.3,0
2568.4,0
2568.5,0
2568.6,0
2568.7,1
2568.8,1
2568.9,2
2569,2
2569.1,1
2569.2,2
2569.3,2
2569.4,2
2569.5,1
2569.6,1
2569.7,0
2569.8,0
2569.9,0
2570,0
2570.1,0
2570.2,0
2570.3,1
2570.4,1
2570.5,1
2570.6,1
2570.7,1
2570.8,2
2570.9,2
2571,2
2571.1,1
2571.2,1
2571.3,1
2571.4,1
2571.5,1
2571.6,0
2571.7,0
2571.8,0
2571.9,0
2572,1
2572.1,1
2572.2,1
2572.3,2
2572.4,2
2572.5,2
2572.6,2
2572.7,1
2572.8,1
2572.9,1
2573,0
2573.1,1
2573.2,1
2573.3,1
2573.4,0
2573.5,0
2573.6,1
2573.7,1
2573.8,1
2573.9,2
2574,2
2574.1,2
2574.2,2
2574.3,2
2574.4,1
2574.5,1
2574.6,1
2574.7,1
2574.8,1
2574.9,0
2575,0
2575.1,0
2575.2,0
2575.3,1
2575.4,1
2575.5,1
2575.6,2
2575.7,2
2575.8,2
2575.9,2
2576,2
2576.1,1
2576.2,1
2576.3,1
2576.4,1
2576.5,1
2576.6,1
2576.7,0
2576.8,0
2576.9,0
2577,1
2577.1,1
2577.2,1
2577.3,1
2577.4,2
2577.5,2
2577.6,2
2577.7,1
2577.8,1
2577.9,1
2578,1
2578.1,1
2578.2,1
2578.3,0
2578.4,0
2578.5,0
2578.6,0
2578.7,1
2578.8,1
2578.9,2
2579,2
2579.1,2
2579.2,2
2579.3,2
2579.4,2
2579.5,1
2579.6,1
2579.7,1
2579.8,1
2579.9,0
2580,0
2580.1,0
2580.2,0
2580.3,1
2580.4,1
2580.5,1
2580.6,1
2580.7,2
2580.8,2
2580.9,2
2581,2
2581.1,2
2581.2,1
2581.3,1
2581.4,0
2581.5,1
2581.6,0
2581.7,0
2581.8,1
2581.9,0
2582,1
2582.1,1
2582.2,1
2582.3,1
2582.4,2
2582.5,2
2582.6,2
2582.7,2
2582.8,2
2582.9,1
2583,1
2583.1,1
2583.2,1
2583.3,0
2583.4,0
2583.5,0
2583.6,0
2583.7,1
2583.8,1
2583.9,1
2584,1
2584.1,2
2584.2,1
2584.3,1
2584.4,1
2584.5,1
2584.6,1
2584.7,0
2584.8,0
2584.9,0
2585,0
2585.1,0
2585.2,0
2585.3,1
2585.4,1
2585.5,1
2585.6,1
2585.7,1
2585.8,2
2585.9,2
2586,2
2586.1,1
2586.2,1
2586.3,1
2586.4,1
2586.5,1
2586.6,1
2586.7,0
2586.8,0
2586.9,1
2587,1
2587.1,1
2587.2,1
2587.3,2
2587.4,2
2587.5,2
2587.6,2
2587.7,2
2587.8,1
2587.9,1
2588,1
2588.1,1
2588.2,1
2588.3,0
2588.4,0
2588.5,0
2588.6,1
2588.7,1
2588.8,1
2588.9,1
2589,2
2589.1,2
2589.2,2
2589.3,2
2589.4,2
2589.5,1
2589.6,1
2589.7,1
2589.8,1
2589.9,1
2590,0
2590.1,0
2590.2,1
2590.3,1
2590.4,1
2590.5,1
2590.6,2
2590.7,2
2590.8,2
2590.9,2
2591,2
2591.1,1
2591.2,2
2591.3,1
2591.4,1
2591.5,1
2591.6,0
2591.7,0
2591.8,1
2591.9,0
2592,0
