0,0
0.1,0.9552433044237019
0.2,6.381379834373351
0.3,5.913979442843445
0.4,10.139630417375171
0.5,8.930377450410326
0.6,5.611747229
0.7,7.511816645642819
0.8,8.043775371966628
0.9,6.564797749221237
1,7.081040071743949
1.1,6.5855550555937405
1.2,5.781026104380708
1.3,7.540633004774848
1.4,5.218075996750947
1.5,10.568492981886262
1.6,13.601680696920544
1.7,12.815059162209746
1.8,5.341830521211717
1.9,6.928899181034512
2,9.974838073983262
2.1,17.547330705849415
2.2,11.82564694302342
2.3,18.04352608480842
2.4,14.936209928847823
2.5,18.838541580665336
2.6,15.047545249577883
2.7,11.407768406163026
2.8,9.808146612951301
2.9,15.391651958034528
3,14.721861414334057
3.1,12.751462430051209
3.2,16.123284112837027
3.3,15.719155905419903
3.4,11.159188504247847
3.5,10.571644059490161
3.6,19.88246126232385
3.7,10.96109342409899
3.8,12.991293041122862
3.9,17.15666535810198
4,10.160302787018054
4.1,12.107123044980629
4.2,15.825188968510808
4.3,12.757141211772606
4.4,14.947235212070186
4.5,8.936180647442374
4.6,8.040686716006988
4.7,20.538073699307812
4.8,18.45701476892386
4.9,14.345677398784337
5,17.001082622931307
5.1,20.891293853474632
5.2,10.187443309887351
5.3,11.47178206809147
5.4,15.409088467021139
5.5,10.100340255372252
5.6,10.59350629
5.7,8.482095372455372
5.8,10.002223210116572
5.9,6.6912685194062576
6,16.273503534666425
6.1,11.563911165065324
6.2,9.359810845772131
6.3,6.602566357710777
6.4,9.306947524517561
6.5,10.658655663935404
6.6,6.515358927962845
6.7,15.912416569711462
6.8,11.450144991293346
6.9,15.926409567187351
7,17.754531309816006
7.1,21.361572412578568
7.2,22.901588892002287
7.3,34.046017453627854
7.4,38.037633689608114
7.5,32.961133639981654
7.6,32.73757906229313
7.7,34.57866761353687
7.8,31.34359901
7.9,38.48638298353407
8,32.37378530574485
8.1,29.776826140343857
8.2,41.36814544680561
8.3,33.76691052570888
8.4,41.58833066633871
8.5,37.07025175285837
8.6,36.043230867220224
8.7,38.979313432296124
8.8,40.74513561059495
8.9,45.253670614695025
9,40.37986349831479
9.1,49.350748383933585
9.2,48.565612685338714
9.3,54.797006254333176
9.4,69.10392266047656
9.5,69.80302598612934
9.6,64.93385752202214
9.7,69.08277024877664
9.8,66.45485257896298
9.9,63.102183637171095
10,66.99901388
10.1,58.08220572122246
10.2,63.76328141923963
10.3,56.982077957331306
10.4,55.277800857406014
10.5,48.06627607321947
10.6,45.562780094175835
10.7,45.65089346871957
10.8,37.62410616697508
10.9,27.021557849164413
11,18.211481145664482
11.1,19.423236860014374
11.2,13.403830888923574
11.3,12.522056732234333
11.4,13.80925537233011
11.5,15.48678696915097
11.6,13.60623537444922
11.7,11.999588586493688
11.8,14.855064068490028
11.9,10.247008807591895
12,11.41443109
12.1,16.859830586565618
12.2,7.976993495488951
12.3,10.446318322518048
12.4,16.58208119946498
12.5,9.967898637
12.6,11.914571928121294
12.7,14.592920211830318
12.8,10.531290844907959
12.9,15.568064491951159
13,13.480838022434721
13.1,13.01734647695152
13.2,11.598323989656615
13.3,20.969231316572177
13.4,14.257250209701722
13.5,17.55641518556447
13.6,12.00540498890164
13.7,22.740673330578595
13.8,7.603082375
13.9,12.112528755592468
14,15.056985193852483
14.1,9.565676851712169
14.2,11.828280207417528
14.3,16.05779958614634
14.4,9.325105727
14.5,21.07627247321424
14.6,11.696713797165339
14.7,11.248073402232265
14.8,20.409761912612307
14.9,13.230647881605941
15,11.262635623347547
15.1,18.66865889324916
15.2,15.80647800466892
15.3,8.499889856
15.4,10.868139753946318
15.5,14.739904145056865
15.6,2.4859640445007933
15.7,11.089626971036706
15.8,4.515942255560187
15.9,2.6724566557715344
16,10.204309639886668
16.1,7.032255632346622
16.2,11.238388143370491
16.3,8.087705484935155
16.4,16.144456680745932
16.5,13.720693628249856
16.6,20.471125662360656
16.7,26.80003532693276
16.8,31.572313757727013
16.9,33.50082934712688
17,25.263868715339907
17.1,29.611517345816633
17.2,28.989614291455712
17.3,31.299674804395252
17.4,30.73842554254908
17.5,41.02334571839268
17.6,32.360133362704524
17.7,31.265701229338625
17.8,34.48481457479351
17.9,29.411344020009437
18,39.24063199113767
18.1,36.09372559657845
18.2,29.444698846800637
18.3,34.47061506998406
18.4,30.740272604583414
18.5,38.074383410790006
18.6,34.532588954234086
18.7,32.75152041590692
18.8,36.324261485676345
18.9,38.08950302226308
19,43.59597837794654
19.1,42.67208555146681
19.2,45.83599856169783
19.3,47.288821119779215
19.4,50.81163495499853
19.5,68.13978682041804
19.6,69.22768570565385
19.7,69.35378624342677
19.8,67.35002693898808
19.9,65.92275492584741
20,66.35314461044906
20.1,66.02220214160711
20.2,55.06817966605277
20.3,54.520505223784866
20.4,65.52192622541797
20.5,59.44273917721841
20.6,52.80687096141807
20.7,44.26581406569609
20.8,39.27220183244901
20.9,39.993160682564955
21,43.56451874179378
21.1,40.77516834012988
21.2,34.73755279446977
21.3,31.168708534696165
21.4,23.83301093809512
21.5,20.030291113963187
21.6,16.579200545008913
21.7,11.45048653585034
21.8,9.744996174630979
21.9,13.240839878060669
22,9.888710183425736
22.1,14.284866758784899
22.2,17.117636440406645
22.3,12.322286980156484
22.4,8.212623975174846
22.5,18.933188102336185
22.6,10.943669909776641
22.7,14.020300567503607
22.8,12.837447231048575
22.9,11.82385170815984
23,7.857995408007846
23.1,16.392622726700115
23.2,16.10628276021526
23.3,13.343100655735126
23.4,18.07846637
23.5,13.160535170553091
23.6,16.67753039745532
23.7,12.151272787697513
23.8,14.809702366980172
23.9,9.287200454342244
24,13.566901471374031
24.1,18.02544864
24.2,9.606404907
24.3,14.42143433
24.4,14.770082807499664
24.5,12.497627711523677
24.6,14.660389960750523
24.7,10.859595492300642
24.8,9.453193313997186
24.9,20.641389940063647
25,12.435401248744569
25.1,10.780321702165567
25.2,22.416619461850537
25.3,16.085077349414053
25.4,11.054843486867924
25.5,9.254304699494854
25.6,16.573486536166673
25.7,4.687621235941206
25.8,10.422913861216069
25.9,9.612085503943485
26,7.092214084613919
26.1,7.9978589071902295
26.2,12.24678757
26.3,9.177803798158152
26.4,7.440359622
26.5,11.825001793113715
26.6,14.783325800096414
26.7,27.878310542098635
26.8,27.019339392190627
26.9,29.25704271079482
27,31.662247505218097
27.1,26.96625012918103
27.2,24.609666470854282
27.3,26.02225967313031
27.4,29.260754699743693
27.5,36.81648895172522
27.6,41.744655200733526
27.7,31.167451967545073
27.8,33.89508363871476
27.9,34.51246533131578
28,26.80058112722499
28.1,38.28456145580048
28.2,37.70798874576329
28.3,26.557768552835046
28.4,35.147613713206134
28.5,33.76872988
28.6,41.28880960705216
28.7,39.19648279409836
28.8,35.064841538712436
28.9,35.744723063870396
29,40.3261656
29.1,42.31346812160811
29.2,43.27229404968918
29.3,45.76132971365694
29.4,52.96149736457513
29.5,52.130082328859174
29.6,67.84306395461103
29.7,70.57761389557015
29.8,65.20713442
29.9,66.58976932031321
30,67.10901823
30.1,67.14176398146034
30.2,74.42889439591187
30.3,65.54241583822966
30.4,59.85692193959195
30.5,52.521801144281724
30.6,45.506943170079836
30.7,48.245074790063384
30.8,48.87461764594809
30.9,51.30142603865528
31,43.50178020248539
31.1,40.12463121633618
31.2,35.00095156171303
31.3,36.66126287408441
31.4,28.42279777483883
31.5,23.984633576900627
31.6,19.750606553059782
31.7,24.772335394272265
31.8,14.354742319614944
31.9,21.072723473691372
32,18.927787065656563
32.1,14.024508861349883
32.2,14.799613767101647
32.3,15.598915605226525
32.4,15.34520537488206
32.5,9.906764022787105
32.6,17.38674614069281
32.7,14.685039229279498
32.8,19.550961440359877
32.9,11.085858234935818
33,10.847714932756537
33.1,14.214794646969713
33.2,12.233088690936436
33.3,9.376079173640504
33.4,7.9952016755010895
33.5,18.515769762634704
33.6,12.06094290151052
33.7,15.375525914704244
33.8,13.325974949198535
33.9,16.770951546561516
34,7.224826081420586
34.1,12.701438603944064
34.2,16.29577416154813
34.3,7.831753407856249
34.4,13.900557431673478
34.5,14.543539876601749
34.6,11.411712262616314
34.7,17.161074474327947
34.8,5.997497276063569
34.9,14.030078494769459
35,19.87240575617499
35.1,16.875257672330882
35.2,14.597684078562432
35.3,16.79771908
35.4,16.87567623313554
35.5,7.231929109419012
35.6,12.165599235550445
35.7,11.96389853237103
35.8,4.639998082485095
35.9,7.959380536643689
36,8.816145506699316
36.1,7.552495133112245
36.2,13.09758008581595
36.3,10.268358471377354
36.4,12.210736783561783
36.5,9.878650433555634
36.6,6.523484193771637
36.7,17.633827294661373
36.8,26.38024936683481
36.9,26.844135998132316
37,32.51708678939998
37.1,32.27250206826425
37.2,27.28958391648327
37.3,28.24713586366023
37.4,31.38251043
37.5,33.19298933807433
37.6,34.61587784802302
37.7,39.41763923794933
37.8,27.58514355839765
37.9,34.232676367493745
38,38.524433213501204
38.1,34.67242225697406
38.2,38.86697242454893
38.3,31.770503651870577
38.4,27.934952138175777
38.5,30.904763208843924
38.6,33.61966122715655
38.7,38.93899908638896
38.8,38.88850828
38.9,32.275054798646714
39,35.72001516101377
39.1,41.66991350359179
39.2,42.978673514208445
39.3,42.41001688748036
39.4,43.91931119644444
39.5,46.54754091014231
39.6,52.76106266792148
39.7,66.89210286823808
39.8,65.56505604240674
39.9,64.75371299351305
40,69.22319079657461
40.1,67.18401017507266
40.2,65.93835818481965
40.3,62.247784998985026
40.4,36.400633751368574
40.5,29.428198313120312
40.6,34.89274709155091
40.7,43.736116379644216
40.8,34.81851977255367
40.9,37.15825577463938
41,36.842393449507995
41.1,36.26065322
41.2,36.34103628470122
41.3,41.577133746299104
41.4,40.31048858586262
41.5,27.231360172028303
41.6,23.176902716274988
41.7,14.408752090584976
41.8,13.96032453827933
41.9,7.491486814673752
42,4.864650702979674
42.1,9.195270946576423
42.2,5.742780132779617
42.3,13.288797436191109
42.4,13.848959391731496
42.5,12.492719663473753
42.6,7.3098992869981405
42.7,17.21187404098468
42.8,13.725865403573248
42.9,13.49604231981583
43,13.308284275309152
43.1,6.6167717853064865
43.2,12.193399931625626
43.3,17.887887303151125
43.4,13.196392764288051
43.5,10.167162994782746
43.6,17.018976742203876
43.7,12.452675637093337
43.8,14.49992989832101
43.9,9.317287378
44,16.931547645689882
44.1,12.591733651236348
44.2,13.590949959076793
44.3,13.399206669951775
44.4,9.218501115820528
44.5,13.102045278617643
44.6,17.11016355046483
44.7,15.533486514369944
44.8,14.617842886194687
44.9,8.683430874368735
45,14.798213002747076
45.1,17.00841948416764
45.2,17.474553645004463
45.3,14.814223376335805
45.4,17.64734399
45.5,16.6223565
45.6,10.209905470015403
45.7,14.287899908344652
45.8,14.40862175147259
45.9,5.247558710603806
46,5.157849523089534
46.1,4.443447679577902
46.2,6.343439345190302
46.3,4.625595096476239
46.4,11.83205264021643
46.5,4.520385861758849
46.6,13.299529562114959
46.7,19.688059616705615
46.8,27.736939391288246
46.9,25.582146501768047
47,30.50994584427276
47.1,30.294634879593737
47.2,32.77522521055866
47.3,27.222987924831063
47.4,24.247275202684662
47.5,33.000696858409206
47.6,35.047458462042165
47.7,35.64944385631378
47.8,37.85647830383719
47.9,29.57011267386855
48,33.878165891559874
48.1,34.24105225516336
48.2,26.982048514130774
48.3,35.26982841259455
48.4,31.976410076502372
48.5,27.16221988580377
48.6,37.89474743637991
48.7,32.28564722837553
48.8,36.72904413462358
48.9,34.15388223405447
49,34.69164633891286
49.1,41.594796838331376
49.2,41.15828344373186
49.3,43.78559310878324
49.4,41.142719636995636
49.5,48.62672450083959
49.6,49.98793225497906
49.7,50.51250225679652
49.8,66.34516970111547
49.9,66.45622539537082
50,67.28540256541423
50.1,67.87818926038602
50.2,67.16408403
50.3,63.86151150107799
50.4,66.08939775
50.5,64.14842172
50.6,64.31486896064597
50.7,61.72547779408296
50.8,63.836117337223854
50.9,63.84585632662316
51,64.34558852315459
51.1,61.69479703845585
51.2,63.10339722836231
51.3,61.39117761186265
51.4,59.476487319524246
51.5,61.33288477942588
51.6,57.99535064
51.7,64.71301898509492
51.8,63.059058441059484
51.9,64.86181805064376
52,63.78803733751925
52.1,51.77385507
52.2,55.51093345908935
52.3,58.83590895627023
52.4,55.32203492470932
52.5,54.743117942963124
52.6,56.448233399076145
52.7,56.05233141567487
52.8,55.25121183204509
52.9,46.68927009351991
53,54.70642572648653
53.1,58.70720382155371
53.2,55.095903254141994
53.3,63.79855716181978
53.4,60.76549365391592
53.5,62.40061441537327
53.6,62.49728333317442
53.7,65.14976932617462
53.8,65.19592444777696
53.9,67.48753649723223
54,66.87282866300572
54.1,67.53184566012824
54.2,75.06022682974823
54.3,73.42122267813389
54.4,68.33134545061702
54.5,68.31992619071124
54.6,68.83647723593822
54.7,69.92950639802865
54.8,67.49079558933633
54.9,70.82391678864415
55,62.11698641131624
55.1,67.44551318856836
55.2,69.33027550484418
55.3,66.39865449295488
55.4,67.76120595137361
55.5,70.15789159603952
55.6,64.55585727479804
55.7,68.31513955399039
55.8,68.74366291602742
55.9,63.01710131774426
56,65.63200980994957
56.1,67.15211275077822
56.2,64.28671396815764
56.3,64.49069213
56.4,61.47758981055453
56.5,64.25312933
56.6,64.51651675608753
56.7,64.19830409888812
56.8,64.44732279290834
56.9,59.92671059760081
57,62.82845366401357
57.1,60.09268493767679
57.2,64.43103003503512
57.3,61.709400326410915
57.4,60.46298563242656
57.5,60.04263786
57.6,59.324557969473915
57.7,62.776420915149195
57.8,62.35873372996004
57.9,62.309866672378966
58,61.434294599949105
58.1,59.846603292433336
58.2,61.13545478741009
58.3,59.52604903462005
58.4,57.01896062852201
58.5,56.65361451757048
58.6,57.23596863010459
58.7,59.693486118067064
58.8,58.20907779951352
58.9,59.91678923077677
59,61.011003051794575
59.1,61.057683258249355
59.2,62.80673596810858
59.3,61.70358280615676
59.4,59.70955369740207
59.5,58.20531511
59.6,58.97903353818684
59.7,54.74362896538487
59.8,60.30808679749912
59.9,58.27564465139912
60,59.59233760224081
60.1,55.36346056541117
60.2,52.81983810969264
60.3,54.116892762704985
60.4,55.988541318969304
60.5,58.035110496045114
60.6,57.06020286196657
60.7,56.106592923833894
60.8,55.08315938
60.9,55.62557423932634
61,53.34701499566149
61.1,53.256743758380495
61.2,53.99348148546707
61.3,59.44565936
61.4,54.83742436398277
61.5,58.71080151159597
61.6,57.59502280643101
61.7,53.38325092903791
61.8,50.91716282693249
61.9,52.78391654447682
62,55.663040851561995
62.1,51.802564472738695
62.2,52.21588744372569
62.3,53.20687599
62.4,52.73700742997244
62.5,49.81551001459361
62.6,47.98684503572987
62.7,53.90535169691428
62.8,56.85546740913823
62.9,55.350967818393045
63,52.02338934091067
63.1,53.35704764535903
63.2,50.74343647755851
63.3,47.43517487217132
63.4,47.87613335118472
63.5,52.57463181069853
63.6,49.01183981071642
63.7,49.46254139249314
63.8,52.141668950702694
63.9,53.20136230418462
64,53.026840100163305
64.1,51.49540961056937
64.2,48.27117401049594
64.3,52.45138773190107
64.4,52.45774710026041
64.5,53.644920539683724
64.6,53.06026054167909
64.7,49.809356138051605
64.8,50.12133942874978
64.9,53.621694934834494
65,53.82961595742567
65.1,49.65943442857881
65.2,48.90748389
65.3,48.33789999174751
65.4,53.510001041881615
65.5,52.50438638223087
65.6,54.14750318896684
65.7,53.40036427919109
65.8,50.97313914670451
65.9,48.749405920702074
66,52.51636028339987
66.1,50.09132373270215
66.2,55.21527449693213
66.3,55.58717852615242
66.4,56.76460601
66.5,54.27505840688767
66.6,54.4771814
66.7,54.09042579764808
66.8,56.30413099747946
66.9,51.36809931985776
67,56.72623760755329
67.1,60.377351282820506
67.2,56.428467420099274
67.3,61.74788941
67.4,60.97766412119741
67.5,60.64502544130367
67.6,59.28301218539521
67.7,55.72122112950197
67.8,58.47306818191396
67.9,57.53457568268566
68,59.42751326693443
68.1,59.94808996899632
68.2,59.59923435732059
68.3,58.63393931455354
68.4,59.72824622879961
68.5,59.10823483227287
68.6,59.203802586750136
68.7,54.75103814468034
68.8,59.08327210296311
68.9,63.64372253657806
69,62.82962202837223
69.1,61.77585820022561
69.2,58.05788166187533
69.3,62.216773153494465
69.4,62.74518421734052
69.5,61.289639423734386
69.6,54.85207320534076
69.7,57.03341687399366
69.8,55.950086747986184
69.9,58.87451571538929
70,59.50069144128519
70.1,53.777932234413406
70.2,55.69543343082503
70.3,53.68146385215171
70.4,56.10799450651877
70.5,55.29473539513222
70.6,54.37189700665438
70.7,53.94532950669292
70.8,59.12758740355171
70.9,54.41439476890439
71,54.84213262854781
71.1,54.44805109
71.2,53.84304915845705
71.3,57.42167777155683
71.4,53.70624611460911
71.5,55.03834817117675
71.6,51.99089255848109
71.7,53.081440306644886
71.8,53.63952137432834
71.9,55.55728201
72,53.00268598
72.1,49.842180658966306
72.2,54.84811895306397
72.3,51.73936379653009
72.4,52.356784736897986
72.5,53.08749227783093
72.6,52.10828716970989
72.7,53.750529840223436
72.8,57.005415014793016
72.9,51.31671300277331
73,51.60389510724871
73.1,51.513905150072006
73.2,52.72906613020864
73.3,50.07282957782252
73.4,54.596315844595715
73.5,47.53228911799402
73.6,52.26021496
73.7,54.23942324727615
73.8,57.864507976025706
73.9,59.68659470233503
74,55.169934168970904
74.1,54.492426118868195
74.2,53.130139095523155
74.3,55.56041234
74.4,55.333299504240216
74.5,53.403118120243846
74.6,53.89142704252727
74.7,58.23344251021413
74.8,51.48185710111259
74.9,52.69969674
75,55.214386477744185
75.1,51.494542088375745
75.2,53.89039797
75.3,50.523680812559725
75.4,54.900693632155466
75.5,56.63384709761233
75.6,54.079806541672305
75.7,50.064945381269126
75.8,57.45286475607309
75.9,54.22912413421107
76,52.222880994600544
76.1,49.222650810066604
76.2,55.878708613986255
76.3,56.883305351632465
76.4,52.77154092922154
76.5,55.30314248235256
76.6,52.376855023503985
76.7,52.17043943935591
76.8,52.90848716287341
76.9,60.91979521058808
77,57.01391768993132
77.1,61.03926775658372
77.2,60.29470146007728
77.3,59.38769585209804
77.4,61.25083991
77.5,53.923512454618475
77.6,56.850444151438786
77.7,56.95245807635835
77.8,56.604343543887786
77.9,59.38497107957915
78,57.21208948987621
78.1,54.26110608707079
78.2,56.979487020025445
78.3,58.48779216898875
78.4,56.64412741370202
78.5,55.24396814054066
78.6,58.48643199611637
78.7,60.00715497568559
78.8,57.57156001908537
78.9,61.26813761984921
79,64.43422504240525
79.1,60.73151338379251
79.2,57.60954540940298
79.3,61.22344049162913
79.4,56.57555776419556
79.5,57.75700995919928
79.6,57.27890749440408
79.7,57.727775593985285
79.8,58.99742777437129
79.9,55.69707515054775
80,56.31302118138798
80.1,51.97206320781815
80.2,56.79509803220014
80.3,56.63044171724719
80.4,59.26787574424643
80.5,58.438489535565374
80.6,53.825320090461645
80.7,52.48173179
80.8,56.046678382421106
80.9,53.307398934722414
81,57.03843521284047
81.1,53.66558730151862
81.2,54.96816290868644
81.3,54.58151224172176
81.4,59.85627780685127
81.5,53.18633707514798
81.6,49.29144217599997
81.7,49.97079822325639
81.8,52.20137918567803
81.9,51.750668945250176
82,53.63358595
82.1,55.72907997144936
82.2,50.90932887993648
82.3,48.802648228033384
82.4,49.304615848716786
82.5,52.71616344198627
82.6,54.19158836227002
82.7,51.94692751
82.8,53.61161189917762
82.9,54.71228132316457
83,50.65435210180044
83.1,48.96712841582491
83.2,50.13978389646653
83.3,52.35549333372172
83.4,50.307058731940124
83.5,56.316413221182245
83.6,53.92410620556587
83.7,52.613809697626884
83.8,51.93529894859591
83.9,52.80142805457155
84,52.716564068088346
84.1,52.83059491788525
84.2,56.40955413133368
84.3,59.855108720076295
84.4,60.118163317181065
84.5,55.92211968566177
84.6,55.92172565434183
84.7,55.893956070220284
84.8,58.97073423850528
84.9,59.63927917535719
85,60.28709821623501
85.1,61.944731881791036
85.2,61.4314267
85.3,56.79770790326814
85.4,59.31370803043322
85.5,59.81386412
85.6,57.54081248255341
85.7,54.730236405497905
85.8,58.06097034108201
85.9,57.27854054763374
86,64.79755038
86.1,62.40474249382412
86.2,61.36582175921314
86.3,58.03959737235081
86.4,60.64251500140175
86.5,59.976909134250626
86.6,59.21514770862121
86.7,59.65191874
86.8,60.66215452894326
86.9,63.19307957
87,59.20523930139058
87.1,61.42937610668495
87.2,62.350301053900054
87.3,59.41193398989812
87.4,61.30867385787866
87.5,58.83415412
87.6,59.071381176084486
87.7,64.31956508336701
87.8,62.60589647
87.9,64.35423688461907
88,62.27476725186452
88.1,60.90659277325505
88.2,60.448387112936054
88.3,59.501864617884266
88.4,61.019943604191745
88.5,61.32529054850173
88.6,54.612703362347524
88.7,59.033874466911534
88.8,59.41872833
88.9,54.534519792425776
89,60.625816138267794
89.1,60.49868518710558
89.2,57.11406025106564
89.3,57.82483297
89.4,59.637002508629415
89.5,56.396092175256896
89.6,63.18299183163251
89.7,57.077614475485966
89.8,63.09666042437904
89.9,59.98280018740327
90,63.74073929334708
90.1,61.13566133426161
90.2,64.12948831881798
90.3,61.82914488869717
90.4,65.49411660839257
90.5,63.72395883957981
90.6,60.76362899
90.7,63.392990386262376
90.8,62.44501644518823
90.9,63.65589988560371
91,67.55957798055657
91.1,65.78905828671985
91.2,64.61129772102542
91.3,68.65345948657114
91.4,65.89414660233655
91.5,69.18247506549348
91.6,71.01540922
91.7,70.38581177742986
91.8,70.04818870953717
91.9,72.66877204580823
92,76.18074446385674
92.1,75.35109670899291
92.2,69.16573055090804
92.3,69.51923851278893
92.4,71.77719112881478
92.5,69.97884075417757
92.6,70.50637339213127
92.7,69.92918306752149
92.8,69.30904659214059
92.9,69.72153023
93,74.75744483772691
93.1,71.67881670888863
93.2,73.62517816301349
93.3,71.25884191
93.4,70.47033444415355
93.5,67.39201489281174
93.6,69.09107586671296
93.7,70.19481316323977
93.8,71.21977372391297
93.9,76.92647781422433
94,71.03861239736143
94.1,73.22244655
94.2,70.21910018362661
94.3,65.77114547948601
94.4,70.75301021179062
94.5,63.96574878720266
94.6,72.00393194
94.7,74.91527336978537
94.8,70.14780312181618
94.9,72.68603772066723
95,73.61232024753431
95.1,66.36423112275317
95.2,68.61194511395983
95.3,70.99808632504927
95.4,69.66872654026805
95.5,72.89089750633735
95.6,70.93662174650223
95.7,69.20211275874118
95.8,71.34738736364703
95.9,69.95430968133414
96,73.75743596129054
96.1,73.86277394167827
96.2,69.65520917604749
96.3,74.89420724745867
96.4,70.07102919965224
96.5,71.53797281
96.6,65.01868607082311
96.7,67.62667420683323
96.8,70.23092801366404
96.9,67.57092175
97,72.17564977288899
97.1,65.76801149819178
97.2,71.20473352750571
97.3,62.751509892638055
97.4,61.797526880602156
97.5,66.00974234511811
97.6,69.32939488602483
97.7,74.07455891455145
97.8,71.17961493082763
97.9,66.92022787574126
98,67.33756866723076
98.1,69.36504692348883
98.2,63.73740139774044
98.3,64.27854255898558
98.4,69.40987133322349
98.5,66.64513619317705
98.6,63.050585615409595
98.7,63.53061323768362
98.8,67.92449291293768
98.9,65.90751087994319
99,63.97558304198248
99.1,65.26302168875085
99.2,65.32542647506571
99.3,68.13313534787453
99.4,70.11152701010336
99.5,71.87352775542031
99.6,71.18352617513196
99.7,69.13367636
99.8,69.08012654610908
99.9,72.01608240578007
100,73.58264602075919
100.1,68.18552077567398
100.2,68.00269428922115
100.3,72.03173551982312
100.4,65.82864295956112
100.5,72.71918628744918
100.6,71.07767970737007
100.7,64.57923402641686
100.8,73.20844690088472
100.9,70.30203044211933
101,70.36918297704034
101.1,70.16838567104604
101.2,73.47968238008912
101.3,69.79007271832685
101.4,71.29098415880527
101.5,70.56381865858009
101.6,73.60130328244183
101.7,70.07594891097546
101.8,68.32889551408192
101.9,73.53421334
102,68.55043344680648
102.1,68.91088076862854
102.2,73.33582021346517
102.3,68.04405724934131
102.4,69.77914173507507
102.5,65.09488639615246
102.6,74.35280781
102.7,75.18649153843825
102.8,68.06353240954552
102.9,72.66015564267414
103,73.24159561237614
103.1,66.67149410795189
103.2,72.08560393
103.3,70.41634638
103.4,72.87166365626913
103.5,73.76533989
103.6,71.73092278408893
103.7,72.76759624
103.8,70.10316511
103.9,69.93034501011876
104,68.93413239244158
104.1,73.83972619822957
104.2,66.35053471096181
104.3,69.69818015661427
104.4,69.72010528452502
104.5,68.93555794
104.6,70.92073072914454
104.7,68.97308329
104.8,70.13290328765531
104.9,69.57549016662219
105,68.24670415763988
105.1,68.72900850178621
105.2,72.10332189
105.3,66.64579895292594
105.4,68.45322808
105.5,70.03792942878202
105.6,73.92291128134549
105.7,64.29006443006647
105.8,69.46205643759048
105.9,67.40853582861796
106,65.59308137
106.1,60.59453146607873
106.2,63.54291260241182
106.3,65.28601779065042
106.4,59.87397895195853
106.5,63.268048457113125
106.6,68.01831001946003
106.7,62.88194820883153
106.8,65.69217390213514
106.9,69.05047089401752
107,66.08986048647947
107.1,71.93838774714193
107.2,72.46730017667068
107.3,71.44529521364245
107.4,73.01801261711695
107.5,70.70528616980205
107.6,70.22175158072493
107.7,66.09259255237829
107.8,59.56315336239004
107.9,64.82816343675732
108,66.37208978183689
108.1,64.34536756
108.2,71.37906173
108.3,60.00022955775148
108.4,66.47614597749782
108.5,69.27030976913315
108.6,72.06082221340051
108.7,69.16215308
108.8,66.19158309879603
108.9,70.42834949293051
109,72.26431290035042
109.1,65.65509697496014
109.2,70.29274127951079
109.3,70.84516857690927
109.4,73.72382109
109.5,65.86556741835216
109.6,70.96231216173565
109.7,65.96813882355974
109.8,69.31246607265193
109.9,68.78662839410086
110,70.70300577898024
110.1,61.71945616896335
110.2,61.35554204
110.3,67.92465557905783
110.4,62.79318766640737
110.5,69.70550014882316
110.6,69.40443873893562
110.7,68.8612009
110.8,68.60601142958635
110.9,71.23961451894374
111,65.02166781967907
111.1,67.74853657390592
111.2,63.615145142658115
111.3,62.84142187640124
111.4,64.98282984
111.5,66.01128537922563
111.6,65.56980366969422
111.7,68.22709403122401
111.8,61.993906816247765
111.9,69.41184820657627
112,66.18823871135426
112.1,68.37645020476309
112.2,67.92028697848397
112.3,70.01301089
112.4,62.68717668953349
112.5,64.27695703004666
112.6,68.17547730685037
112.7,70.33636756196923
112.8,66.57634863
112.9,63.89565636687528
113,65.99690869160904
113.1,62.92444456279786
113.2,58.947349985589696
113.3,63.204288800493266
113.4,74.85522626917547
113.5,65.00264893675214
113.6,65.88381465
113.7,62.624099824147564
113.8,63.723324972855565
113.9,59.77490749147384
114,66.29186167477528
114.1,67.58527082
114.2,65.51181311476827
114.3,59.19718645992413
114.4,61.15696008331734
114.5,60.05166292066553
114.6,56.523239974095766
114.7,53.550548541414386
114.8,52.520799816509395
114.9,51.052394808921996
115,54.141763688729604
115.1,53.80278433719748
115.2,53.583788304352595
115.3,46.51995429551297
115.4,55.740197933597344
115.5,58.22382632664958
115.6,61.96622012986335
115.7,58.813872065062036
115.8,58.177553521962956
115.9,62.472477611409026
116,61.68506054345158
116.1,58.92331814596256
116.2,62.72484878380406
116.3,57.19397279315481
116.4,63.721044389839676
116.5,56.69175054002934
116.6,52.069539162025315
116.7,56.521914195187236
116.8,60.700830352898066
116.9,63.549537156407716
117,60.48862659
117.1,56.36655894179666
117.2,54.750155764535094
117.3,49.62200488827948
117.4,45.88509741062909
117.5,46.01006665363132
117.6,47.54243703450102
117.7,51.420609707324076
117.8,53.89291042301275
117.9,59.37196969917263
118,53.47286717783491
118.1,56.31503402228598
118.2,52.86302853014145
118.3,48.798341015512776
118.4,61.26694989299279
118.5,55.86595204536311
118.6,49.84604103860791
118.7,43.716827850545656
118.8,41.115932448972096
118.9,49.38366172887049
119,43.27436288242439
119.1,42.16919586115475
119.2,50.55632048607696
119.3,49.28103178329866
119.4,61.846609111422175
119.5,59.73619736833849
119.6,57.721415000570325
119.7,57.197236274929224
119.8,63.44505455053524
119.9,63.90186021479122
120,64.50490857501957
120.1,66.27099271307041
120.2,65.52715499661063
120.3,67.85448239230303
120.4,65.45512411945786
120.5,68.95198744138634
120.6,67.2537275
120.7,72.92670810139383
120.8,68.06218692927489
120.9,70.02291948399709
121,69.53809776627025
121.1,69.94521583325174
121.2,68.63767397472392
121.3,69.40440169164809
121.4,69.66326693631262
121.5,70.07268634296466
121.6,71.67010410899108
121.7,63.549517041013665
121.8,64.64223600747628
121.9,65.03409695
122,60.764000850007605
122.1,61.38692999559784
122.2,63.56256595574101
122.3,63.515386116131296
122.4,58.800347186278955
122.5,53.91877399115518
122.6,56.219832410507635
122.7,54.27318599
122.8,52.82808708029363
122.9,56.21906163149136
123,52.09763659797327
123.1,51.11231907889836
123.2,53.974762838963606
123.3,53.34806889021117
123.4,44.97190069784891
123.5,55.79873026462151
123.6,46.686814245020294
123.7,42.76348233395654
123.8,47.26739516436106
123.9,48.17572681043439
124,44.988745598436644
124.1,44.30754152763754
124.2,39.44164093226116
124.3,35.20840603969238
124.4,38.772242700754234
124.5,36.33506602633578
124.6,31.607903085299775
124.7,33.24546488612301
124.8,35.30038215812088
124.9,33.82336045977096
125,31.64877598208802
125.1,29.499451348734393
125.2,29.432405421519867
125.3,30.288358894301563
125.4,26.221166063283203
125.5,25.481003534182843
125.6,28.74277651726102
125.7,27.307416161334388
125.8,24.471143555033844
125.9,21.603265286981376
126,17.887078320177217
126.1,17.935515328237397
126.2,21.97315854747431
126.3,21.954270195079587
126.4,19.925637585627264
126.5,20.063421732133218
126.6,18.87429122406503
126.7,20.906303723699494
126.8,18.704164325992682
126.9,16.55909059248252
127,15.606727946572452
127.1,19.99238582112523
127.2,24.855204125251404
127.3,22.179201902262264
127.4,18.198218632984418
127.5,21.78523089093224
127.6,15.838456808275861
127.7,22.296427816389325
127.8,20.97302484512301
127.9,16.943360685583528
128,16.761344569674467
128.1,21.77011252267644
128.2,14.290780015246227
128.3,16.37384466321264
128.4,22.468352271066244
128.5,21.61953599
128.6,21.534927999309808
128.7,18.018491684163056
128.8,20.77455095179833
128.9,18.354877891635326
129,16.702565512535557
129.1,20.506748884812986
129.2,17.230989470139665
129.3,19.802879231742008
129.4,17.47923718168103
129.5,14.174906904669225
129.6,15.096709575573117
129.7,14.207308939341168
129.8,10.118737544782087
129.9,9.748636743798027
130,9.013998472
130.1,11.458152208180728
130.2,6.9276566269534765
130.3,11.160448371619603
130.4,3.1933164581496927
130.5,8.916747073
130.6,9.701528242421988
130.7,4.913763273
130.8,11.169914406893357
130.9,6.106876490751487
131,9.043060118704224
131.1,8.368395263094838
131.2,11.662530166677612
131.3,8.469117550209411
131.4,10.057346721968095
131.5,6.660513846481802
131.6,13.342696832347926
131.7,11.867666215105887
131.8,10.2598496
131.9,20.18245521081634
132,10.844426656177877
132.1,16.354027447948262
132.2,14.972082936985405
132.3,11.089705031163847
132.4,15.691941840108042
132.5,16.81748654616191
132.6,12.459702727999833
132.7,9.000965333693124
132.8,16.539217439568148
132.9,10.455919770922984
133,16.492534924114473
133.1,10.870118957451208
133.2,19.17799178108823
133.3,7.477561495
133.4,13.843756972408814
133.5,14.273254984794772
133.6,8.778574491985164
133.7,12.875372882215654
133.8,16.549604245137715
133.9,14.620775914346487
134,16.622715260889148
134.1,9.248231338587452
134.2,10.032127783912905
134.3,20.612080917764118
134.4,14.807175677783855
134.5,12.73178648
134.6,21.416073631053305
134.7,16.81058073802464
134.8,9.493885667
134.9,9.472153984560395
135,13.471013219847864
135.1,8.274010648978537
135.2,7.266056314927496
135.3,12.839973324957727
135.4,7.662273773011707
135.5,2.084655792139106
135.6,5.899089647855512
135.7,9.259869367685246
135.8,7.213144672681397
135.9,10.134169575227574
136,10.13449724
136.1,11.898642241387877
136.2,7.614858387123958
136.3,4.543203365580899
136.4,8.005643903
136.5,5.230855020996014
136.6,4.414735005257775
136.7,9.195369621680788
136.8,7.494697481122366
136.9,7.140602220192984
137,7.863438854190322
137.1,8.351921439158504
137.2,10.067190220521878
137.3,8.228639724375855
137.4,8.576659842
137.5,5.724359043261558
137.6,6.747798150689856
137.7,8.911710275288028
137.8,14.795724736549785
137.9,13.017052997961205
138,15.336851028741659
138.1,14.695684885928062
138.2,12.97969824512363
138.3,9.992378775248493
138.4,8.297807612931203
138.5,15.071642387157063
138.6,16.965821819685207
138.7,14.767088898560772
138.8,9.206478395738783
138.9,17.182529147370985
139,12.66408958426013
139.1,13.127215913685312
139.2,12.918765700006027
139.3,16.424688943114536
139.4,9.844381589972791
139.5,13.705568946577102
139.6,19.861686223743845
139.7,8.477676393661913
139.8,6.830715011763845
139.9,15.962895841850912
140,10.16607820186086
140.1,18.587165208141315
140.2,10.40552802939903
140.3,13.171454552149305
140.4,20.982725594989237
140.5,14.25724142387344
140.6,9.648228848
140.7,19.680809864697277
140.8,19.410291908783318
140.9,13.186180295359321
141,14.028813664313848
141.1,14.205015718604974
141.2,13.232711579379524
141.3,10.770503293701333
141.4,12.484367502667762
141.5,9.720835306497523
141.6,4.020382647830456
141.7,12.410630758397652
141.8,9.143023314025271
141.9,13.854832201339168
142,6.879329987538907
142.1,6.877090890151809
142.2,6.013774794616957
142.3,9.485409601102585
142.4,6.578017378350182
142.5,12.460580046511595
142.6,6.3125896674059865
142.7,5.248698586799585
142.8,8.462453616
142.9,9.086067895
143,8.224729565
143.1,10.897901382382686
143.2,7.569353615917686
143.3,8.011851683181602
143.4,9.793786427890934
143.5,8.860450042514232
143.6,9.308969283143858
143.7,6.733190995207418
143.8,7.839762021433863
143.9,12.749819169511236
144,13.408978537687908
144.1,19.79396255613866
144.2,7.670879286658806
144.3,13.485424684983748
144.4,10.501761638187231
144.5,10.378889765932962
144.6,12.021220160491579
144.7,18.717911653662743
144.8,13.083458706813241
144.9,9.075621094369582
145,22.01144031707241
145.1,15.060392233694182
145.2,14.182205096978906
145.3,13.22600971241964
145.4,14.854549669762358
145.5,8.746076455602509
145.6,9.741354044109954
145.7,18.190953615895076
145.8,11.025736821883372
145.9,14.624087883119422
146,13.196016856352875
146.1,12.538271906467445
146.2,20.49072238
146.3,11.386888837358185
146.4,11.538665116648618
146.5,20.037780709190336
146.6,17.826333808645618
146.7,10.897454987106455
146.8,18.323528296355654
146.9,16.067327612004256
147,10.67838138580142
147.1,12.228082846066446
147.2,13.039962396383029
147.3,10.321034989087599
147.4,10.324188432752702
147.5,13.67915674974282
147.6,9.483208867508235
147.7,7.407320429470584
147.8,9.398899592187501
147.9,8.955708493516715
148,9.956640979777912
148.1,8.696937058898593
148.2,13.779583123625002
148.3,8.990200549708002
148.4,7.969104534102266
148.5,8.458434544
148.6,10.356863512654689
148.7,5.265261643374166
148.8,10.011222121187554
148.9,8.175818329236012
149,6.896146207391932
149.1,6.174647205394788
149.2,10.228975850146227
149.3,10.682762904551211
149.4,9.040246284711491
149.5,7.681026400957105
149.6,11.039356071970577
149.7,7.034448272622602
149.8,7.903229820754986
149.9,13.33997857779227
150,15.095785146210845
150.1,10.703292185173428
150.2,19.235658640500702
150.3,14.57695661952734
150.4,15.315418287155623
150.5,12.565840891312003
150.6,8.531127024991187
150.7,8.194949341460102
150.8,15.371875522733426
150.9,11.176758525126292
151,12.563481914531057
151.1,16.31505270236965
151.2,12.299276761399287
151.3,12.614943978350556
151.4,11.086941686417584
151.5,17.38377179312191
151.6,9.272522313267336
151.7,13.648334979572637
151.8,17.092650072153113
151.9,9.826869410797672
152,10.09501444047151
152.1,14.733612892243062
152.2,11.077785132719468
152.3,15.288532247699935
152.4,8.423218763124446
152.5,9.593321102557061
152.6,20.87268409
152.7,16.079490837650116
152.8,12.474614224086435
152.9,18.091451848975883
153,18.897885614900705
153.1,8.606683105303905
153.2,10.370445837358886
153.3,12.829645988829082
153.4,10.809087211640465
153.5,13.165704292985284
153.6,11.454736086448499
153.7,9.27784344
153.8,10.045662170695493
153.9,12.286062157491713
154,11.768235678126375
154.1,10.733091334268016
154.2,7.2090200138992575
154.3,7.275335853540133
154.4,8.437022150468565
154.5,9.763825875184956
154.6,7.956610576739278
154.7,11.867936352648842
154.8,4.374089165002069
154.9,5.8156955327293804
155,5.964775950997944
155.1,5.525077342152709
155.2,8.510868968309317
155.3,14.162882055386818
155.4,5.425295872855674
155.5,9.935658033957386
155.6,9.103430986905932
155.7,10.017886224469203
155.8,6.481762231041957
155.9,5.349072488603438
156,8.089183801735722
156.1,12.455183199772694
156.2,9.736710563696185
156.3,14.96617707152777
156.4,10.348709506955663
156.5,16.907324787169653
156.6,11.442705884193668
156.7,6.741380629882869
156.8,12.58832388817834
156.9,13.907217278046913
157,15.67212017
157.1,11.574585559851846
157.2,17.708018232438135
157.3,12.705367317294888
157.4,16.317859907561594
157.5,12.218214915091835
157.6,16.342296755150464
157.7,10.25278863093098
157.8,11.016683906105166
157.9,13.675646666860484
158,12.122566389585977
158.1,11.911228237964538
158.2,13.837493021433415
158.3,15.091674116716009
158.4,13.450388073334675
158.5,9.833349485692317
158.6,14.920417347327756
158.7,17.625235575150498
158.8,14.57069897519672
158.9,13.840435551328051
159,16.48995533586057
159.1,20.26996557732279
159.2,11.45704088620014
159.3,12.78706503563857
159.4,13.319999790344253
159.5,11.618565120364998
159.6,12.901154974499555
159.7,12.522040701036824
159.8,9.019456953818423
159.9,8.277639961
160,9.140256035773074
160.1,9.309678692295694
160.2,9.838229222629655
160.3,6.242465496026342
160.4,7.433005663101466
160.5,6.245381634715217
160.6,6.548213433631025
160.7,8.175439568323517
160.8,7.890374917821043
160.9,3.8516447402576173
161,6.083621309222633
161.1,9.729553041056738
161.2,4.003166615825065
161.3,6.909230381040808
161.4,9.907039709
161.5,7.365716258935633
161.6,6.345029140382397
161.7,11.146237035860265
161.8,8.119126032417133
161.9,5.7206794730515895
162,8.946999233231802
162.1,12.186516584391335
162.2,15.849412860715958
162.3,10.836169614626973
162.4,17.632184108325646
162.5,11.661665153764186
162.6,14.349235975353276
162.7,12.515712171538299
162.8,7.785784485989147
162.9,10.737505816030394
163,15.78979183802424
163.1,12.141126889169986
163.2,12.764046884192954
163.3,16.41371955884853
163.4,9.640824632882408
163.5,15.086007294653408
163.6,13.372186473974693
163.7,15.576612734852016
163.8,9.231975977271336
163.9,12.646951202484336
164,11.928094013544055
164.1,10.509419078518933
164.2,8.717910146
164.3,15.926037463369902
164.4,13.876981579133439
164.5,16.471137325263474
164.6,8.7740723
164.7,13.709910131351789
164.8,24.526226302512235
164.9,15.434372604051076
165,15.418787821977991
165.1,15.456300934837648
165.2,14.919918151823204
165.3,9.382497234
165.4,14.944879312926034
165.5,14.159103706581913
165.6,7.586515654011787
165.7,11.243039463253123
165.8,14.159727062333541
165.9,7.7972752505499745
166,9.428248476
166.1,12.584576403166935
166.2,8.473338254434752
166.3,9.854784846442806
166.4,9.727220950298518
166.5,11.08569620828169
166.6,7.417116591132702
166.7,10.76892965369963
166.8,5.021179775561162
166.9,10.004631129473662
167,8.001873680090679
167.1,5.788411773213262
167.2,11.59370931157733
167.3,7.264955888
167.4,4.277019384112869
167.5,11.164937166463572
167.6,13.133067727919936
167.7,6.440321665
167.8,7.4971924727647465
167.9,8.600885566119322
168,6.843176381788004
168.1,9.10968197
168.2,8.083678766787106
168.3,9.156962203290469
168.4,11.45019058640165
168.5,16.236627922525795
168.6,14.136554957958202
168.7,14.343247603327807
168.8,16.46359548813279
168.9,8.17971917
169,11.156072571191158
169.1,12.41238824801011
169.2,10.909578942022238
169.3,8.178963527
169.4,19.388314476848425
169.5,8.874735715
169.6,16.106355745837735
169.7,15.586572834479437
169.8,17.6224457
169.9,10.668767586823583
170,14.413222598343445
170.1,12.829564956293524
170.2,6.978025221671899
170.3,12.451530661713564
170.4,15.38996054
170.5,11.183095665634323
170.6,18.639294692337035
170.7,10.969491243255936
170.8,11.855861065266474
170.9,22.08883498367302
171,16.731018329762446
171.1,13.373558264607677
171.2,18.933894298998823
171.3,18.63994375520243
171.4,13.54881248590409
171.5,13.055548167848993
171.6,13.104210439728769
171.7,6.285693137120082
171.8,11.302221328607917
171.9,16.574966596571873
172,9.760550320524274
172.1,9.274530064066154
172.2,9.921522537574551
172.3,8.519671287765526
172.4,9.437885923290665
172.5,5.122320853610278
172.6,8.061077362015778
172.7,10.141167698633227
172.8,8.185955308072424
172.9,5.505903647672381
173,10.046203423826746
173.1,4.402621155323934
173.2,8.583194966047722
173.3,9.885652232
173.4,9.426271542880052
173.5,7.283161769333963
173.6,12.860193721751303
173.7,8.258130171879335
173.8,5.2055424984068805
173.9,10.911807503273806
174,13.773192282634678
174.1,6.800681089
174.2,8.032426147422791
174.3,9.736429708732382
174.4,12.153506786792203
174.5,8.278328048693977
174.6,16.478410738917002
174.7,10.554623619226831
174.8,14.486461062839343
174.9,13.139654300743901
175,10.19071561950057
175.1,16.450806559822148
175.2,17.44831474165316
175.3,10.06536800870797
175.4,10.424612192841645
175.5,15.95425947648723
175.6,12.002252814730054
175.7,14.173399186127309
175.8,13.49238857992689
175.9,19.836141968502112
176,14.638819312734682
176.1,12.510331591707596
176.2,18.016920690678567
176.3,8.213754041
176.4,12.096459814562593
176.5,13.257030934652509
176.6,11.949543156776201
176.7,16.212848294715627
176.8,15.860702210825737
176.9,16.410227335553564
177,22.509104643325568
177.1,14.278698678848965
177.2,9.365431333847827
177.3,18.084223284606633
177.4,16.698615946784862
177.5,10.481048756975445
177.6,12.552041016787525
177.7,17.13782546041232
177.8,10.796865123970647
177.9,8.982394653220656
178,11.637712307474189
178.1,8.169834165978376
178.2,11.503093011465042
178.3,8.723174647188232
178.4,13.008202560438713
178.5,11.471270128120883
178.6,7.083689982548802
178.7,8.023282267528769
178.8,12.692707
178.9,16.443362875755167
179,11.887098369129573
179.1,12.359778414187355
179.2,13.745106881091566
179.3,15.903285383771179
179.4,23.981988327676653
179.5,25.958493334881073
179.6,25.562515862764528
179.7,32.12811876082785
179.8,23.18025118897106
179.9,29.44195695956862
180,26.854125492037223
180.1,32.69415824609248
180.2,35.18298592
180.3,39.45994597359618
180.4,39.73673109326927
180.5,38.24496598157258
180.6,41.85731689456668
180.7,44.26430239
180.8,48.358002977229845
180.9,44.373418291323205
181,48.81838056870362
181.1,44.06953701334939
181.2,48.40479254882682
181.3,52.60972927023003
181.4,58.46464169359632
181.5,53.611976869722646
181.6,49.11542737818141
181.7,47.122281798382616
181.8,47.00196996439317
181.9,50.171805307401215
182,55.64483342805522
182.1,51.288948240356085
182.2,59.461395779803134
182.3,54.65239604565223
182.4,54.77997057091225
182.5,57.407572286668405
182.6,56.71383063664383
182.7,61.74433865419579
182.8,59.91748271743304
182.9,59.45856737029464
183,52.84135437913507
183.1,58.55016177308428
183.2,56.827508081136195
183.3,60.40921005709685
183.4,56.81251652888604
183.5,56.07304671035776
183.6,60.76049783615544
183.7,55.75417379
183.8,60.23444331220172
183.9,60.37324904456974
184,59.35827193603187
184.1,54.253630855358466
184.2,56.581410801331195
184.3,53.307637958090176
184.4,54.39934299105235
184.5,49.16162850123864
184.6,44.46296577179247
184.7,45.19366289703371
184.8,43.718760721669625
184.9,46.547689044550324
185,42.95800750252889
185.1,43.99099188414261
185.2,40.6320732
185.3,44.27950468
185.4,41.34202913951747
185.5,36.00853182550152
185.6,32.998803295040624
185.7,26.703599898111037
185.8,30.215007186841106
185.9,34.029672044090816
186,23.852727426360254
186.1,26.89286654228443
186.2,32.05487849651677
186.3,37.219982092265994
186.4,24.297703752911453
186.5,31.46756742
186.6,31.16719535
186.7,27.14345756
186.8,25.356027373815067
186.9,28.626859058171476
187,26.701193258356795
187.1,25.084759635414773
187.2,27.454858325806324
187.3,24.083755668847164
187.4,20.422316129786683
187.5,19.40093834366588
187.6,23.249006156197186
187.7,15.929775881168293
187.8,20.522072533940843
187.9,22.035953273211504
188,18.290274816596607
188.1,20.31074208969247
188.2,22.766678071716136
188.3,19.947664954952273
188.4,17.082679835189204
188.5,15.255418362836014
188.6,10.429200214493521
188.7,11.536884102074998
188.8,14.067764020799247
188.9,15.41000582101279
189,11.455871025018306
189.1,6.400442081784971
189.2,7.994163002473415
189.3,11.671677394022781
189.4,11.469881317637967
189.5,16.11062801520301
189.6,9.193970365970412
189.7,9.331054926801839
189.8,7.728346674779989
189.9,11.282191243540764
190,8.387490061097122
190.1,8.466661716
190.2,5.172537078337777
190.3,13.241716834128988
190.4,13.237360430094002
190.5,14.648218875629253
190.6,12.235873732805864
190.7,11.223930911279401
190.8,13.661612811093745
190.9,18.223308288490223
191,17.762031572656728
191.1,20.16478151
191.2,21.246808882909896
191.3,25.798214438062555
191.4,24.105441020701633
191.5,18.372941981315392
191.6,18.022900474338346
191.7,19.29909068585186
191.8,14.996319574357239
191.9,24.737800160913647
192,21.638198523544133
192.1,21.843397507718258
192.2,28.680050506959443
192.3,31.81292461
192.4,30.456247066042295
192.5,32.616181417280444
192.6,26.99939114264754
192.7,28.556087749986393
192.8,32.19387514097841
192.9,36.222700376149405
193,35.94320239427271
193.1,31.61042526805933
193.2,33.26688804969315
193.3,34.16827547414647
193.4,31.742633307979048
193.5,41.36090328854943
193.6,29.76865243299107
193.7,30.178037158406976
193.8,37.88401109056768
193.9,31.733733574711884
194,37.79539015665505
194.1,36.089930399819025
194.2,40.10643852152003
194.3,36.53141709793839
194.4,40.93305545666964
194.5,48.21325814599933
194.6,43.04217298804331
194.7,48.085264667859676
194.8,48.19224019815187
194.9,53.92068041
195,69.53954331413132
195.1,67.6353396
195.2,69.13093943286225
195.3,66.45282692873002
195.4,66.11155591926676
195.5,65.49162049348573
195.6,66.85416906806076
195.7,30.374300649151657
195.8,26.030330796342863
195.9,34.01088509416818
196,37.57351673308486
196.1,38.08950326
196.2,43.04163018997531
196.3,36.31621703406872
196.4,41.948525567939406
196.5,45.75888307726387
196.6,50.81281087871466
196.7,43.53152380885667
196.8,49.086861384807065
196.9,43.91211653690954
197,51.45043478959485
197.1,52.62796076282859
197.2,56.03006614095721
197.3,53.28145776589627
197.4,50.28343137700406
197.5,48.75545169618432
197.6,45.20792361919883
197.7,54.64385068943646
197.8,59.13198641109275
197.9,52.93961285974354
198,57.35895343831417
198.1,51.111929241397476
198.2,59.18281368842664
198.3,59.088698789011204
198.4,57.01491005624708
198.5,59.619083136640974
198.6,58.56406467316633
198.7,59.007404061257475
198.8,60.90369941470538
198.9,56.59634628557282
199,57.43230748899984
199.1,56.09829426985153
199.2,57.94093318852162
199.3,57.517569268793146
199.4,59.716277613697955
199.5,57.10991919179211
199.6,64.50624442048202
199.7,59.271428752174806
199.8,62.236563484075084
199.9,57.77272014623928
200,57.402397778074665
200.1,57.91936980042192
200.2,58.79222727794202
200.3,61.28905807434065
200.4,54.04277734
200.5,52.907594141907374
200.6,50.632293560331625
200.7,47.79897256
200.8,49.064746411785116
200.9,53.32295498961279
201,48.249371849389036
201.1,44.89649142
201.2,46.74552628071105
201.3,42.04830035728656
201.4,39.48596984590937
201.5,40.905488993480894
201.6,39.78404088511998
201.7,33.555211303477584
201.8,42.25799423765309
201.9,35.67076076671195
202,32.77032547583765
202.1,37.877826699797595
202.2,38.53883516675457
202.3,40.28138207367677
202.4,36.47157337
202.5,36.05227301789403
202.6,40.28376365135899
202.7,39.54389169388075
202.8,28.657988726314652
202.9,35.06506816604184
203,28.47986822316297
203.1,31.746143063135506
203.2,32.207362811626496
203.3,33.93260517258364
203.4,33.537162205834406
203.5,37.89270570728315
203.6,33.390886615482735
203.7,29.026314662145438
203.8,35.857132915159504
203.9,33.60535530581002
204,37.25004449
204.1,24.784663520833206
204.2,29.55074026316283
204.3,33.02972698745665
204.4,29.47113699021601
204.5,28.672444937211537
204.6,28.007852752348395
204.7,32.64178873448959
204.8,31.453011102868444
204.9,26.178261043080553
205,27.81943973712677
205.1,35.793492687447554
205.2,39.31322188655758
205.3,35.24632069606955
205.4,34.77534138923507
205.5,32.94215135713534
205.6,33.69726037105441
205.7,30.05621961
205.8,37.23160759599821
205.9,32.63864318715207
206,29.88303025442701
206.1,37.55411167104765
206.2,32.82852937405147
206.3,42.81905798389504
206.4,39.334901798676555
206.5,35.81237800927041
206.6,37.40988482212206
206.7,40.09954278124128
206.8,36.261323314039444
206.9,33.427879663776814
207,36.14383839368867
207.1,39.02919905954186
207.2,40.52515741213745
207.3,38.44783993222539
207.4,33.099954229676605
207.5,35.86631666773658
207.6,27.878150860459108
207.7,33.62400622519622
207.8,31.99264976271738
207.9,25.611953510804497
208,25.37534899178807
208.1,32.77434353231191
208.2,33.93421681458279
208.3,29.258036370278223
208.4,29.67861672055446
208.5,30.66026292882046
208.6,30.406580495254847
208.7,35.59622782946104
208.8,38.38438550335715
208.9,29.99758174597529
209,32.51498196736869
209.1,28.726452956168426
209.2,30.50659731
209.3,36.28674725481745
209.4,32.416355524260005
209.5,32.06897146313393
209.6,36.50218792936554
209.7,35.53810776727522
209.8,44.807077478815344
209.9,33.975225286118324
210,36.62758925
210.1,40.35114065
210.2,38.98324734511744
210.3,44.975839520431016
210.4,42.58699223707189
210.5,47.89076214571041
210.6,49.956308623413356
210.7,54.73164989485268
210.8,68.76137944087783
210.9,67.29559518
211,70.02272034123017
211.1,67.64761557429254
211.2,64.90537202781076
211.3,66.85896661126543
211.4,64.12528668844175
211.5,72.66375428175294
211.6,74.30187210367163
211.7,71.63604896616488
211.8,71.26391587065584
211.9,70.38982189956457
212,70.62435162799945
212.1,71.86946200391306
212.2,66.82240078096856
212.3,71.51587643325928
212.4,66.42936268
212.5,69.90248319238569
212.6,67.21548753728167
212.7,66.41308354644652
212.8,67.30351853
212.9,65.30883986
213,64.45331491513328
213.1,68.09600268608409
213.2,63.38694650796074
213.3,62.82625607588107
213.4,68.33154121
213.5,60.77482086703094
213.6,64.19628649043881
213.7,59.339204016524064
213.8,63.773981704441546
213.9,62.27165565594062
214,59.71012577231046
214.1,64.48285952158413
214.2,63.82880038323978
214.3,64.53632537065694
214.4,61.788531502965725
214.5,58.402624397225054
214.6,60.68500819
214.7,63.21475701082028
214.8,54.810969920935904
214.9,54.00662113622178
215,58.527457766270295
215.1,61.592840202369544
215.2,55.777026995001954
215.3,56.467321461201124
215.4,56.53735904617059
215.5,56.500402688514654
215.6,56.60793333866511
215.7,54.12542332301745
215.8,54.23105262535281
215.9,59.826086352154455
216,57.49604948514446
216.1,52.504899016401765
216.2,56.11730613861443
216.3,57.343514281001376
216.4,55.90865723128318
216.5,51.421788725172604
216.6,54.240053287940896
216.7,52.64281517
216.8,49.48095392407709
216.9,57.202231635456705
217,57.184328064149184
217.1,55.14194728603107
217.2,54.465571816431925
217.3,50.398550159150716
217.4,53.71992868974691
217.5,57.47113556811331
217.6,53.35658068231452
217.7,54.27564641124918
217.8,53.20218790443577
217.9,53.00486197614374
218,54.291093514444775
218.1,53.32633405838193
218.2,54.487656405756596
218.3,50.683130029827275
218.4,48.492905070958756
218.5,51.299636805106005
218.6,53.403812612653894
218.7,53.22066940008924
218.8,48.452101714282655
218.9,46.06662721516582
219,48.86439558780751
219.1,51.61204876311728
219.2,46.55969183715546
219.3,49.321034095962304
219.4,50.81775319711143
219.5,51.78098762308987
219.6,51.67185483131481
219.7,52.274024060299055
219.8,47.37724492935069
219.9,48.288787982393345
220,48.13943935125236
220.1,48.15679863344468
220.2,53.16905359620859
220.3,50.50172432
220.4,52.42429533440298
220.5,51.000921035553745
220.6,50.68106323887301
220.7,51.280595648355124
220.8,52.16865929277261
220.9,51.87221372000597
221,50.09295957426128
221.1,46.69512299725859
221.2,48.97237809744716
221.3,46.08872348918897
221.4,41.371170443533295
221.5,43.21774084302341
221.6,40.72312052378384
221.7,39.06160557941041
221.8,38.75620896638556
221.9,44.38811429465305
222,44.21681881685801
222.1,33.70528218996603
222.2,41.51491347979787
222.3,35.16402305854834
222.4,42.71781368801391
222.5,41.21238381745888
222.6,42.122538857770735
222.7,37.44203186539755
222.8,34.30315540516993
222.9,34.886325966251505
223,36.74853731264605
223.1,35.72666473181868
223.2,36.03364968721677
223.3,28.643573351874476
223.4,31.416162917337314
223.5,36.15679764767113
223.6,44.19409720464847
223.7,37.28497107507075
223.8,38.33772784089802
223.9,41.62580426618898
224,39.53923082947216
224.1,37.51907825556583
224.2,39.44794595681087
224.3,37.36797991915192
224.4,38.19040367736821
224.5,43.76865811086588
224.6,44.158884486020526
224.7,42.68823279026238
224.8,38.960288031777104
224.9,32.81889788592982
225,34.67724627986853
225.1,33.853103813673826
225.2,31.511724986705016
225.3,28.813231496553094
225.4,31.25054916905961
225.5,36.49039646837943
225.6,38.99164970686694
225.7,36.798267924398935
225.8,31.52271458273082
225.9,39.08690449027409
226,48.09251954695681
226.1,48.08666709672342
226.2,45.88112430078904
226.3,46.491664505287616
226.4,43.21025559944691
226.5,48.185939968042156
226.6,54.33164359
226.7,57.63773241116016
226.8,49.41659167311873
226.9,47.210491430331416
227,47.91253517825492
227.1,47.14246479790788
227.2,48.31106364477229
227.3,55.349930832043384
227.4,54.732125251541866
227.5,58.02505195672076
227.6,52.19318673837224
227.7,56.988406789137365
227.8,59.89887511479801
227.9,58.35979298
228,57.24003932900999
228.1,57.02105201673774
228.2,58.18482655608867
228.3,63.04018845839889
228.4,58.54048335900757
228.5,59.04815467440406
228.6,57.53944984626517
228.7,59.85761137853128
228.8,56.140195700129574
228.9,62.41635094634526
229,59.17743553973963
229.1,61.06266363002646
229.2,57.50974349406221
229.3,58.27523175
229.4,52.69357043607397
229.5,57.839656829506566
229.6,58.38681559101152
229.7,60.93042672624809
229.8,58.116167691515514
229.9,56.503400452432125
230,56.429075898565365
230.1,55.23447039925831
230.2,55.63569021111162
230.3,53.63231699992241
230.4,52.86626893428444
230.5,58.55328786198189
230.6,59.92479881839576
230.7,60.22781785172101
230.8,59.17642027081341
230.9,63.15401415851756
231,57.42513923270379
231.1,61.66597611652333
231.2,60.243676863488666
231.3,57.48261151994279
231.4,53.783617973279725
231.5,54.021466088234476
231.6,59.39007739648621
231.7,54.14038276261262
231.8,54.043245193736276
231.9,46.55385064938575
232,53.800284945868654
232.1,49.32507743107628
232.2,45.10743408297024
232.3,46.63612820085111
232.4,42.417515409999694
232.5,42.43495171894241
232.6,36.69304823332685
232.7,40.42478178407145
232.8,40.55299166081777
232.9,41.46505605146695
233,40.63153804335063
233.1,41.52358284273957
233.2,42.04089742699489
233.3,40.85792435521703
233.4,32.691887819933356
233.5,39.38727086177808
233.6,38.089530065395785
233.7,31.07923379193263
233.8,39.040933126413094
233.9,36.21816549984648
234,24.738218322540096
234.1,31.431047824883237
234.2,29.735779090964254
234.3,27.93521189184682
234.4,26.629367057588404
234.5,32.285138920622416
234.6,31.75501222465333
234.7,35.424446770685115
234.8,36.397395944404145
234.9,27.21357089762499
235,36.624592046463164
235.1,34.20982765662349
235.2,26.605599895644175
235.3,39.86292505427012
235.4,34.82122666694785
235.5,28.231449552905186
235.6,38.19409491295497
235.7,31.85075974545228
235.8,40.61893710993532
235.9,39.90996215915824
236,40.23070030087588
236.1,38.08567582690132
236.2,37.10681418020323
236.3,35.71402168770869
236.4,34.23895182627784
236.5,34.645899121047066
236.6,34.317720161497775
236.7,27.777350296441885
236.8,32.61330676467138
236.9,34.898132418449336
237,25.452514008083597
237.1,27.17742183469596
237.2,32.61234356
237.3,25.718373033505816
237.4,25.60086379885617
237.5,28.701919482249295
237.6,29.82590825636877
237.7,35.176122163444326
237.8,27.750053694878492
237.9,28.083793559035282
238,29.985075002887328
238.1,32.46042879026179
238.2,32.78488151535518
238.3,34.05757613416155
238.4,32.941917294338666
238.5,31.73429438911509
238.6,34.45701693819857
238.7,27.338502412015018
238.8,38.89678694
238.9,33.679898069135966
239,28.886472447869036
239.1,39.78101446894561
239.2,33.07371902561075
239.3,36.40552357150292
239.4,36.84106801483182
239.5,37.849523596978955
239.6,37.34543972644535
239.7,33.21706365923956
239.8,28.66382395739242
239.9,27.823922276230967
240,33.47703324376955
240.1,32.78694474700186
240.2,32.088271168262025
240.3,28.546690294999163
240.4,28.856826587909165
240.5,24.12434757467963
240.6,22.578946428397746
240.7,28.932582648811128
240.8,27.08539449301233
240.9,32.414975418888424
241,23.874140829556552
241.1,27.406038136533446
241.2,31.779735389401655
241.3,35.75796480597509
241.4,39.38822350926522
241.5,39.86059456054351
241.6,30.817366168690615
241.7,40.408236799056304
241.8,45.825985497891814
241.9,49.443010131332805
242,47.844124351022984
242.1,44.26018495420008
242.2,40.27072586722843
242.3,50.94072955034746
242.4,52.64277373
242.5,54.109186415247486
242.6,48.61940570546934
242.7,47.366067939365735
242.8,50.089341722108365
242.9,49.88705433592701
243,54.110532375546356
243.1,58.383163959240754
243.2,55.02825156880561
243.3,55.854450761753455
243.4,53.24107012742419
243.5,54.61568825002933
243.6,62.59218506823132
243.7,56.87236683037391
243.8,58.12085879157064
243.9,60.64523812671531
244,59.70829385915882
244.1,61.12241314042604
244.2,55.67558422757466
244.3,55.49422552
244.4,57.75736155813131
244.5,59.83999092098728
244.6,61.45582487369168
244.7,57.33899788157172
244.8,57.299875599367496
244.9,58.067385886213145
245,61.12687212581388
245.1,60.47011449294649
245.2,55.82442572635764
245.3,59.509440755815504
245.4,61.84608339717223
245.5,57.95601396803943
245.6,57.478329939621744
245.7,58.58297117
245.8,57.558940617809725
245.9,56.55925453
246,55.96388640837114
246.1,50.41780789409543
246.2,55.63381583
246.3,58.41660626867034
246.4,57.54759200856825
246.5,54.510958333401184
246.6,52.50358917
246.7,54.590868927524056
246.8,56.15640783460926
246.9,56.53776839381609
247,59.70993998483836
247.1,54.291973347710744
247.2,52.580311611640305
247.3,46.799298397945314
247.4,49.63936768367756
247.5,50.68027574992954
247.6,54.34677572752906
247.7,56.14724121985207
247.8,50.50916257379896
247.9,50.649167762320275
248,48.137926568332205
248.1,42.809743936438224
248.2,44.375137273546095
248.3,42.75168965800708
248.4,45.80913329510562
248.5,42.35415202826273
248.6,42.96390871762556
248.7,44.13550380654331
248.8,40.488254608040776
248.9,40.83757414513158
249,35.91584905184552
249.1,37.06091889602579
249.2,31.07300918224466
249.3,38.23153872384647
249.4,21.63269081280531
249.5,30.82137601313929
249.6,36.09964345737015
249.7,30.755486182846546
249.8,25.517608007846192
249.9,29.118245246989265
250,31.227176553865753
250.1,28.21637188171616
250.2,25.208694744879907
250.3,27.87091887874072
250.4,27.607581986889393
250.5,36.67577884365867
250.6,38.26499601766395
250.7,29.489493574451547
250.8,36.013849623644774
250.9,33.276701149821214
251,28.82921647892645
251.1,27.020187235168294
251.2,29.172083257532766
251.3,27.852151107910096
251.4,30.192404491344046
251.5,30.970843180115637
251.6,23.652575612290036
251.7,28.645568071173873
251.8,25.271128695751194
251.9,20.71459852253619
252,20.289829622655994
252.1,15.254180318798934
252.2,10.69712912476027
252.3,11.607839849457786
252.4,18.915913578985815
252.5,14.992215830938184
252.6,13.625550417516132
252.7,16.95058114737664
252.8,16.107025714388673
252.9,22.90539607494137
253,16.635596953843866
253.1,26.667788245959894
253.2,17.110368444011332
253.3,11.759580491485801
253.4,16.136567230083852
253.5,15.538538954167757
253.6,23.24027059498136
253.7,18.190764137015318
253.8,16.24376245323833
253.9,18.427088970291287
254,17.049560600188467
254.1,19.11087228976236
254.2,14.749351481886897
254.3,11.164960273901228
254.4,8.576382065229142
254.5,7.397283822784713
254.6,3.5546210277200183
254.7,9.539052705322014
254.8,10.513575248129966
254.9,15.877959119168315
255,16.28831019069093
255.1,16.961490810403294
255.2,10.857772597041267
255.3,10.388758192508462
255.4,13.489565378257284
255.5,14.866215210163062
255.6,15.792869831701339
255.7,7.410046496822501
255.8,10.83174655513625
255.9,14.54349327348818
256,15.620803079537296
256.1,15.785324295769804
256.2,10.36880261117485
256.3,12.782645706908456
256.4,11.69625341856942
256.5,15.61858874207536
256.6,6.315605129201358
256.7,13.250146089139847
256.8,10.10571118078431
256.9,17.21404259953203
257,16.30270108594183
257.1,16.811415864445568
257.2,19.925074770469443
257.3,9.125244753
257.4,17.48127782684933
257.5,13.955592204656938
257.6,16.559973236637607
257.7,10.564079832678958
257.8,11.141435832976622
257.9,14.94201621610368
258,11.723354246323233
258.1,14.838517683618738
258.2,12.875687050660602
258.3,14.690795163408481
258.4,14.22990212606232
258.5,19.382417974521925
258.6,15.24281552210653
258.7,12.328197679359203
258.8,14.347101517476176
258.9,11.924183048964336
259,11.380551511526793
259.1,12.448134771018536
259.2,11.654077860489409
259.3,14.679632540320574
259.4,11.64095261
259.5,17.816643687355928
259.6,10.819856041479152
259.7,6.978586767329866
259.8,7.829052307608585
259.9,6.586523431252053
260,9.104753338786377
260.1,12.959165316297366
260.2,13.026593636466826
260.3,12.48291077542229
260.4,5.831519267052807
260.5,9.599132687429906
260.6,16.708524066862825
260.7,9.997150182442818
260.8,12.844887343109171
260.9,9.731772439340006
261,5.864119118
261.1,10.256273550979985
261.2,12.096627982168748
261.3,14.09824502
261.4,13.293413719657359
261.5,16.39665594532357
261.6,9.170044361711248
261.7,12.310553849238946
261.8,17.064388052584704
261.9,6.647924371875443
262,13.451735702627806
262.1,3.5435071033254633
262.2,9.969464843371203
262.3,10.35768721037439
262.4,15.783514006687632
262.5,11.385800008537204
262.6,7.3402064755849095
262.7,7.071732046859165
262.8,9.081231627943835
262.9,12.286104647256298
263,11.74390623567427
263.1,10.365478197735502
263.2,10.769583122366356
263.3,9.650158722306251
263.4,8.367359217205038
263.5,6.355364576951137
263.6,9.646544078570095
263.7,10.707077364597303
263.8,11.899998415880779
263.9,14.581698681448998
264,12.77890673570256
264.1,9.444929946
264.2,17.30099398799483
264.3,14.79683400496009
264.4,19.82047208
264.5,14.891537608812401
264.6,13.589937333811335
264.7,13.869426774212323
264.8,21.216606418766624
264.9,16.18512791826045
265,13.062181725578164
265.1,14.858541602561028
265.2,14.337054710353236
265.3,14.619691421208051
265.4,15.266961728914142
265.5,26.445376047461366
265.6,10.302068863265218
265.7,12.205313157621546
265.8,12.05889584053846
265.9,15.351541217311107
266,16.977220367474853
266.1,19.31606913667361
266.2,12.526330765992242
266.3,10.788775736054628
266.4,8.109393755
266.5,14.055347489260468
266.6,14.201881159716967
266.7,18.454991301290438
266.8,11.29821685170976
266.9,19.997519307439863
267,11.573974143196635
267.1,10.769911942695924
267.2,7.079659715485601
267.3,11.981127779314724
267.4,6.941159608458922
267.5,12.302712354634538
267.6,9.580561388520707
267.7,16.89789544996056
267.8,14.830476798550906
267.9,10.43506388
268,13.785646330302182
268.1,14.130859448753684
268.2,11.909186148410614
268.3,11.59067894375585
268.4,11.945582067325377
268.5,17.85598478459377
268.6,14.077526581307653
268.7,13.983885539713546
268.8,11.152345565437312
268.9,14.937570597416496
269,11.743214926057254
269.1,15.257903611127027
269.2,7.236689046856139
269.3,14.056747786037512
269.4,6.882342150979342
269.5,10.339909697024357
269.6,9.964004498
269.7,6.569961386589007
269.8,8.349344683235211
269.9,5.4145856910822765
270,6.723922664827106
270.1,7.745425592675243
270.2,7.148991983899262
270.3,10.904809244229694
270.4,10.198441099481817
270.5,7.9158278709664955
270.6,8.330435053904552
270.7,14.278605440948885
270.8,12.019902240887257
270.9,8.920049969842585
271,14.791618012992798
271.1,22.766771605931307
271.2,16.541345318507037
271.3,21.871177713733676
271.4,31.523566347177375
271.5,31.62605285901223
271.6,27.86859592
271.7,27.07483166349017
271.8,23.16383142671618
271.9,40.18536215930436
272,38.285095347632904
272.1,33.75472447
272.2,42.995521045285265
272.3,44.942803693270946
272.4,40.46687535391841
272.5,38.17963187805871
272.6,33.925544872599595
272.7,40.98713999953306
272.8,44.76364688530618
272.9,40.366642212553934
273,36.61167002841264
273.1,38.49288378043929
273.2,45.51957791374464
273.3,49.77921554
273.4,52.984825413541195
273.5,53.68794497739539
273.6,52.820733522327934
273.7,59.71099483522783
273.8,54.660874651306585
273.9,54.566631861964815
274,60.03373632753659
274.1,65.09043567225669
274.2,62.92582178340185
274.3,65.16940761684069
274.4,62.705482569303015
274.5,63.65811255026704
274.6,62.68707229285988
274.7,64.54500596320595
274.8,57.772619968768225
274.9,60.52121200029324
275,55.85364397708022
275.1,59.744729210164195
275.2,57.98835247404691
275.3,61.47508316038332
275.4,60.66341556615737
275.5,58.378351887581154
275.6,56.66116503342636
275.7,62.86779495427358
275.8,61.58056439113393
275.9,62.25146989852242
276,61.14503266791069
276.1,58.028327079282064
276.2,58.633265532874624
276.3,51.33985816
276.4,54.05865100876095
276.5,56.41788439578813
276.6,57.39158774979648
276.7,53.74162773142768
276.8,57.62026291959505
276.9,53.71626774893508
277,53.16309840194303
277.1,54.951414853054466
277.2,59.52859292123698
277.3,53.87651343739181
277.4,61.825692501078876
277.5,61.03488475732384
277.6,53.43420225084765
277.7,55.153877466003244
277.8,57.38979912989761
277.9,54.610775981111736
278,53.18130612487153
278.1,55.388518832474475
278.2,53.92622839798547
278.3,56.77951422658662
278.4,52.79681408738001
278.5,54.29142279835326
278.6,52.715426052331786
278.7,52.51490569413088
278.8,52.13473364980648
278.9,54.336278630087456
279,55.95648040144363
279.1,55.13935295
279.2,53.396850163402554
279.3,55.72598439509089
279.4,54.42163726460954
279.5,48.49771141726335
279.6,51.172179626268566
279.7,51.61705473677947
279.8,52.63670032033383
279.9,53.704906825235064
280,50.719946562443646
280.1,51.747317121266136
280.2,52.18400884421154
280.3,54.64534358933933
280.4,53.09283734144354
280.5,53.467233059449654
280.6,47.62443661561006
280.7,53.57597695616938
280.8,60.162622067339214
280.9,57.513912667800746
281,56.20732259427115
281.1,58.38995534166945
281.2,62.0616572
281.3,57.69700106749713
281.4,55.91881395527506
281.5,61.33879054695996
281.6,62.22269180504435
281.7,59.84769189843311
281.8,60.989100143803405
281.9,63.73750994060067
282,59.348908118890556
282.1,56.050711663748366
282.2,59.24116651
282.3,61.29209023
282.4,63.21387914824694
282.5,63.20825524223572
282.6,60.34412221606392
282.7,60.57722358523077
282.8,57.46524737939849
282.9,57.11087555411887
283,61.818021930830234
283.1,63.08643084738792
283.2,64.41947097555959
283.3,61.26972067425431
283.4,59.12702198020896
283.5,60.70965407095816
283.6,61.84408237574814
283.7,63.472917271173564
283.8,67.48495368694743
283.9,60.43918019565896
284,64.93890562577515
284.1,62.84810545547087
284.2,65.17432740615551
284.3,67.88859925044116
284.4,65.16063571
284.5,65.25892078108761
284.6,68.01818167391481
284.7,70.90336817921116
284.8,70.64512005726506
284.9,73.68371628098556
285,70.45118830777713
285.1,67.71857882
285.2,70.09483451174705
285.3,72.62420023
285.4,70.03472572847596
285.5,70.01175858906275
285.6,69.41778321475569
285.7,67.68696757434378
285.8,69.08610847443263
285.9,68.88572131402724
286,71.73739916784592
286.1,72.22279578586536
286.2,67.92233509509072
286.3,67.32543845181341
286.4,75.50072402693343
286.5,67.52205826485888
286.6,72.07117824219806
286.7,77.12014413651397
286.8,70.26119894916887
286.9,69.94432934326551
287,67.74693911
287.1,72.33672950159705
287.2,70.54684368538953
287.3,68.07886738
287.4,70.17481961694295
287.5,70.86663102358482
287.6,69.01590973
287.7,67.65109101
287.8,65.05349469205537
287.9,69.18165663195036
288,66.91507221
288.1,69.56102571182734
288.2,70.86780250964328
288.3,66.72061425840349
288.4,42.11677312979629
288.5,41.09077400664315
288.6,39.19083978
288.7,39.239069256734474
288.8,41.14663713695434
288.9,49.29686606749611
289,51.46541768368365
289.1,53.08039447910921
289.2,53.924092198529124
289.3,58.594579174047475
289.4,57.30627969103691
289.5,49.68514028099802
289.6,60.735240734683856
289.7,63.96938397934439
289.8,63.49094153672995
289.9,65.53248936
290,63.13103940085115
290.1,60.52567586482229
290.2,64.30346292603231
290.3,61.744279103121706
290.4,59.54110822121667
290.5,61.80492864810326
290.6,56.871480865883036
290.7,61.40564363612559
290.8,56.800139158496656
290.9,58.68950682
291,58.04870212178108
291.1,58.20658424795358
291.2,58.48211231574032
291.3,60.508199883398376
291.4,60.50826624676973
291.5,58.58106559195467
291.6,59.945755717269705
291.7,58.75676554
291.8,57.58193407578048
291.9,51.96822154029879
292,58.410347888914096
292.1,56.54588156057575
292.2,58.05303432354391
292.3,59.90752780379478
292.4,56.168658513004345
292.5,55.727463048734066
292.6,57.00235962744637
292.7,55.00347524810475
292.8,57.18906710577335
292.9,58.16741714549657
293,58.541429262756374
293.1,57.35661447
293.2,49.65250123171132
293.3,53.788203814731794
293.4,55.92103646211807
293.5,56.83276580861235
293.6,55.15973234714876
293.7,56.70336318873391
293.8,53.533156069909346
293.9,58.328551000125024
294,54.67339776032664
294.1,53.69800530790526
294.2,51.66797613323197
294.3,50.0767548
294.4,52.465554696214845
294.5,50.93645029
294.6,56.22906077354209
294.7,53.40605853579866
294.8,58.68021419971196
294.9,56.28844137041236
295,56.18640880933106
295.1,53.720327716399105
295.2,54.335313040622964
295.3,52.528059657805876
295.4,53.89927397983323
295.5,52.83538500642483
295.6,50.620872979319245
295.7,52.42155200627517
295.8,51.245518350627336
295.9,49.912321126076215
296,52.67511238627315
296.1,52.05655360979569
296.2,51.197800358852014
296.3,56.45243402361398
296.4,59.57417661460927
296.5,55.21776115925514
296.6,58.94098586472673
296.7,58.20597227
296.8,55.13246116419285
296.9,57.461757673510654
297,60.421231319043386
297.1,55.97463006840646
297.2,61.00401792750323
297.3,59.86455508286624
297.4,57.25418487842399
297.5,62.07539894687998
297.6,58.158062377474764
297.7,57.33163170803989
297.8,62.82830150198946
297.9,62.49106817960131
298,62.24161455528417
298.1,65.02055180508121
298.2,57.42015944045405
298.3,58.30437500445042
298.4,63.42040831368844
298.5,62.86358190107202
298.6,62.966213601117204
298.7,62.494605318574564
298.8,63.05150970232426
298.9,64.43320344379293
299,63.72756305845383
299.1,58.95395855462654
299.2,61.45360959111391
299.3,58.69810119525378
299.4,66.44117998
299.5,64.44504101429438
299.6,65.4020774
299.7,64.85813915
299.8,67.99940798022728
299.9,68.30677618230608
300,67.74514616287907
300.1,66.22488205105945
300.2,65.10970069278764
300.3,69.83906945111438
300.4,70.42836642652148
300.5,72.27874251076481
300.6,76.60233130272559
300.7,71.25751641239478
300.8,72.92777486594913
300.9,69.14289092679732
301,71.25523448456556
301.1,72.50638280998736
301.2,73.73597163598981
301.3,65.60278489924724
301.4,74.07040059
301.5,65.40122379691232
301.6,75.15442642029205
301.7,69.54548304485499
301.8,72.11133463463824
301.9,70.13921628915215
302,72.94094288501894
302.1,66.18769895661298
302.2,72.10337163292718
302.3,73.21622774440785
302.4,66.60829938608067
302.5,73.59330228213561
302.6,68.34813813893416
302.7,71.83190578081704
302.8,71.65016757293158
302.9,65.67321401789756
303,71.69403097069835
303.1,67.70865251679751
303.2,70.00121850117728
303.3,70.21222899277596
303.4,65.78355689938054
303.5,67.69379051654262
303.6,65.82533534158713
303.7,71.26171833871084
303.8,69.53054349140325
303.9,66.5103817
304,42.95742630416517
304.1,40.37484435441029
304.2,38.36697608
304.3,37.85976518825676
304.4,46.64190755735781
304.5,52.17190267686324
304.6,54.87085889965102
304.7,52.32749789
304.8,52.37672048550376
304.9,61.350331240460356
305,56.71879224044413
305.1,55.99876693632185
305.2,64.34327618
305.3,64.13614249382695
305.4,65.00200349044735
305.5,60.34612148201654
305.6,61.19518122114733
305.7,58.60330678022639
305.8,58.686254070550106
305.9,62.05246308473831
306,58.394866453901756
306.1,66.58831499439925
306.2,59.80973754711513
306.3,61.59025364861188
306.4,60.94534021003554
306.5,62.173343839421705
306.6,59.78958558376928
306.7,59.532232738548906
306.8,57.11363484377595
306.9,58.12228353965033
307,61.105377686303726
307.1,61.11997922850836
307.2,63.302197914032966
307.3,56.184957427601056
307.4,53.16388140906345
307.5,53.38073721
307.6,57.60429065133838
307.7,57.67069925980719
307.8,55.45225568
307.9,56.25108993475433
308,55.98763222504675
308.1,55.264146536643956
308.2,58.071442961003925
308.3,51.62743279958252
308.4,56.56663596728002
308.5,56.824982465987006
308.6,58.83466618764811
308.7,57.42857106732999
308.8,56.895991257671874
308.9,56.09888839269419
309,57.71095870302121
309.1,59.25801724465209
309.2,55.97387796864103
309.3,57.10074217464158
309.4,57.44703600101127
309.5,55.558408865614986
309.6,55.38551678138326
309.7,56.90063716176118
309.8,50.54203952502599
309.9,53.85541461926856
310,50.44185896166435
310.1,58.09627875243337
310.2,53.616708087085925
310.3,55.218487786207334
310.4,55.56819402
310.5,54.94938064138007
310.6,54.076582721694464
310.7,53.95565430704799
310.8,51.91445510592034
310.9,51.27716720741657
311,54.25495700752256
311.1,54.22121898813377
311.2,51.94326820795359
311.3,50.86047894405273
311.4,52.762110829913894
311.5,53.25918498734025
311.6,52.23753965095692
311.7,53.95113990304313
311.8,53.95374679569918
311.9,50.525976361091544
312,57.83566497033656
312.1,60.26869840233721
312.2,57.36352230931045
312.3,56.28208733104179
312.4,60.17240471343609
312.5,60.84720234895558
312.6,58.34047685166891
312.7,58.79911356945607
312.8,59.66842928120088
312.9,58.581246210376555
313,62.80553757980775
313.1,57.907149211816666
313.2,58.47300788663909
313.3,58.49147027907857
313.4,61.103854516934646
313.5,61.34470538424266
313.6,65.69162837001659
313.7,65.82744396363108
313.8,59.92020553034267
313.9,56.76897163776444
314,61.871667829588056
314.1,61.37153651844507
314.2,63.95089112532227
314.3,67.35993241782414
314.4,61.05707107806736
314.5,66.32006455068128
314.6,63.24470120035781
314.7,67.08869599738078
314.8,61.268426642007626
314.9,58.49692664666997
315,65.78081103600371
315.1,63.78258681503785
315.2,64.67782933622887
315.3,67.31893550682962
315.4,65.21039432603166
315.5,65.01071065946155
315.6,67.84827885615213
315.7,68.61921142296254
315.8,72.50191173663407
315.9,68.34678916
316,74.57302862756863
316.1,74.49676512060859
316.2,71.19514372819215
316.3,70.55636828001983
316.4,73.39885616978218
316.5,71.68858369698319
316.6,66.00903608671571
316.7,68.76855997
316.8,71.20543104408254
316.9,67.67750352569526
317,67.66516417067574
317.1,66.43745023968854
317.2,72.11904455540443
317.3,69.34293773441907
317.4,66.14594265559514
317.5,65.50383033391117
317.6,72.29931456857247
317.7,70.03348556938066
317.8,68.41336700651452
317.9,72.49913277
318,70.99923921153825
318.1,67.57356977065699
318.2,74.98945513252133
318.3,74.18310500469967
318.4,72.88555294828544
318.5,67.60705228406114
318.6,69.75599595659071
318.7,72.21055728147051
318.8,65.03769255512626
318.9,68.59936784404346
319,68.54836518
319.1,66.76356237588105
319.2,65.44057965448634
319.3,73.22459346
319.4,70.29752811701066
319.5,66.64600609669208
319.6,38.73164302514105
319.7,39.51224971226813
319.8,34.36039650803362
319.9,41.76284113869185
320,46.93704495984876
320.1,48.95174401877379
320.2,49.81211558938008
320.3,55.99332407782616
320.4,56.50591975384608
320.5,64.99573822081635
320.6,54.76029805
320.7,57.206715123593895
320.8,63.42075035558767
320.9,63.92059193609136
321,67.08963622306433
321.1,65.73211287587964
321.2,65.00382638425518
321.3,60.96220355
321.4,61.85000342014711
321.5,62.373526033818806
321.6,62.33802521475003
321.7,60.06435717450314
321.8,60.20982483771232
321.9,61.509769950533176
322,58.544305692307624
322.1,58.42663487819271
322.2,60.92450017506258
322.3,55.80956709340954
322.4,54.39180817804415
322.5,57.77637468006615
322.6,61.37873779803657
322.7,63.230446408951664
322.8,59.26108842237101
322.9,55.740669540434205
323,58.98397112732438
323.1,58.43570741619053
323.2,57.835127728775895
323.3,57.861647094065624
323.4,56.22635984839313
323.5,59.62725885527614
323.6,55.07883009147539
323.7,53.445545993079726
323.8,55.352104698437245
323.9,53.694931247853575
324,56.865427664028445
324.1,57.13012497116847
324.2,59.54711499417661
324.3,57.04994647846716
324.4,53.99219742
324.5,54.037483256759984
324.6,61.847115775087026
324.7,57.49708465
324.8,52.26879426890553
324.9,51.53427197264282
325,57.99546746077939
325.1,54.20704960380611
325.2,58.105507746057185
325.3,55.20349056801316
325.4,51.221340177140924
325.5,53.684822914291225
325.6,53.84730305629404
325.7,50.86184732957545
325.8,54.53676525338387
325.9,54.513080631579285
326,54.89115748773567
326.1,56.30223465029552
326.2,53.493376245878714
326.3,49.71268203686456
326.4,56.633768456712424
326.5,54.52727913232314
326.6,50.799333760347395
326.7,52.66115443496655
326.8,50.67006134429323
326.9,50.18087286858023
327,52.82937726091763
327.1,49.86242394382496
327.2,50.170123367683416
327.3,51.43391997450607
327.4,54.15506982548372
327.5,53.255034861485875
327.6,57.73038773561857
327.7,53.07300060646339
327.8,55.93290108227116
327.9,62.05506470874831
328,54.12730126729942
328.1,54.81051165267206
328.2,58.42466616900275
328.3,61.07628244843787
328.4,59.76201031168505
328.5,60.91254208981496
328.6,59.96460671
328.7,63.64163406
328.8,51.55355491384135
328.9,57.43643615224949
329,59.64370965525213
329.1,61.397388571377796
329.2,61.56437368514627
329.3,62.05725466173714
329.4,60.66248935208714
329.5,58.24039194531654
329.6,63.35375587879214
329.7,65.80695781394958
329.8,61.75072928231299
329.9,62.06784006235495
330,60.20945884876789
330.1,61.42483411184703
330.2,60.84227476164755
330.3,57.92680959819439
330.4,65.41600052808528
330.5,62.66507180422969
330.6,62.55789437142832
330.7,67.94038732
330.8,65.44999803167464
330.9,67.06629577
331,68.75917520820175
331.1,69.17724517190531
331.2,65.59447147193612
331.3,68.44095815
331.4,66.09824724147936
331.5,68.63344953580992
331.6,72.24624738166771
331.7,72.54171321
331.8,71.5294883
331.9,66.54089007242163
332,67.39561436908185
332.1,70.64844989
332.2,69.86514617
332.3,69.64175151625724
332.4,69.39188141936881
332.5,66.73573533298133
332.6,72.12508438700876
332.7,67.15713641939861
332.8,73.75637155506524
332.9,70.67171042854005
333,69.19987837123666
333.1,68.63559209467905
333.2,71.39203271351857
333.3,70.77095188778091
333.4,72.34627752
333.5,70.48056237
333.6,68.39637051471324
333.7,71.14822445
333.8,71.92179836038235
333.9,74.05958317924991
334,70.11737784449225
334.1,68.70150341132302
334.2,73.17724383108789
334.3,70.62053395630092
334.4,66.60383210197013
334.5,71.39387460537013
334.6,65.38244574878411
334.7,66.26479678622174
334.8,64.61605912594257
334.9,74.58577455013494
335,66.27349534
335.1,67.87097602341083
335.2,41.93000187927661
335.3,38.64116741631267
335.4,41.208345294101534
335.5,38.54010269065227
335.6,42.22747944696808
335.7,48.37047378
335.8,52.82051178360211
335.9,56.56292246503288
336,54.369272143286985
336.1,57.35517987050536
336.2,59.091733355033924
336.3,57.28934706884257
336.4,56.75077472080699
336.5,64.22536529515261
336.6,65.26350639601216
336.7,66.18543826167836
336.8,65.26468863137978
336.9,58.359408413854695
337,62.94394315444837
337.1,64.46434044232561
337.2,59.482242237812585
337.3,57.798926799985985
337.4,58.63106379441077
337.5,57.957207027940214
337.6,62.61382936698279
337.7,61.26488429966062
337.8,60.52308321965421
337.9,56.66597647977848
338,58.95751113874395
338.1,59.19323879596832
338.2,61.31121963405419
338.3,58.609926844558224
338.4,60.24250064164854
338.5,60.526888277577136
338.6,55.51220943366077
338.7,57.642042323159714
338.8,58.393214685803706
338.9,59.35617525221266
339,61.07981265973244
339.1,53.07330563179956
339.2,57.018234069930145
339.3,58.50011134224877
339.4,58.824573823852376
339.5,53.018346367781724
339.6,55.08563283
339.7,55.23623417966723
339.8,62.34273645962613
339.9,62.20900945697092
340,57.68133145518362
340.1,55.68601782040655
340.2,49.285825194677784
340.3,51.38380965
340.4,54.793126506579284
340.5,55.007714460369776
340.6,51.88486497823999
340.7,57.269069689362176
340.8,56.55123093
340.9,53.27323910453589
341,53.39807421
341.1,55.164133719303855
341.2,53.74171128150113
341.3,55.771644382430935
341.4,56.93274212208846
341.5,53.52488114542932
341.6,55.05404697514219
341.7,55.42044080869717
341.8,47.389609803606554
341.9,48.796731220542696
342,56.31256857650083
342.1,49.63453473036277
342.2,51.42232709931228
342.3,53.21504222356523
342.4,54.27432268293833
342.5,53.49497684
342.6,47.97990147339746
342.7,55.34025967788516
342.8,51.66261857730679
342.9,55.003276337869366
343,52.13002540915406
343.1,52.62151654630279
343.2,59.080315464010525
343.3,57.02658094521912
343.4,56.79646644758444
343.5,55.79898873
343.6,56.63884662
343.7,57.287342539089124
343.8,57.823915174502815
343.9,58.46324221544597
344,58.20573748389361
344.1,62.064623150208405
344.2,62.281525241582095
344.3,62.202587782286514
344.4,60.29536816907093
344.5,62.58733835048299
344.6,58.36053453543581
344.7,62.61240660323562
344.8,61.89108406
344.9,65.73394988028289
345,58.01847646100837
345.1,58.758525240041315
345.2,64.58005858749624
345.3,59.3455012
345.4,59.98931440586432
345.5,65.86884200772495
345.6,65.78550877040777
345.7,62.571752192746956
345.8,61.60384576903262
345.9,61.860755640053966
346,63.92751802507937
346.1,64.58880307161732
346.2,64.83174400094542
346.3,66.72613135
346.4,63.125241529654915
346.5,63.54151582339452
346.6,65.01150777059414
346.7,68.64130541279236
346.8,68.73775488573737
346.9,70.74249960015912
347,66.71725672830718
347.1,70.11369320192938
347.2,66.30404843120522
347.3,69.20345942499782
347.4,69.81127258
347.5,70.61947359329693
347.6,72.49216813328232
347.7,71.30710724321759
347.8,67.13435893149168
347.9,66.81380017943474
348,74.54079446025264
348.1,68.56165214213814
348.2,70.27352515448754
348.3,66.38565316244001
348.4,71.69147206558318
348.5,73.27793326094452
348.6,66.56072578
348.7,68.61788276273995
348.8,72.77720502
348.9,67.02348153931719
349,71.95680363074327
349.1,73.46842772414084
349.2,66.02290664523949
349.3,71.35782794700889
349.4,67.47759228977885
349.5,71.15218775175178
349.6,71.25101389099913
349.7,70.18945155353104
349.8,67.24579905955237
349.9,68.77045672151262
350,64.87269293850318
350.1,74.59307435106768
350.2,66.53934016374649
350.3,64.17396173156015
350.4,68.92723872
350.5,73.96115172028473
350.6,68.26492839805188
350.7,68.06078559
350.8,43.32553997940402
350.9,40.79259003
351,41.522695129724575
351.1,38.94081770677041
351.2,47.76446943353158
351.3,48.56037606512869
351.4,52.13485624
351.5,55.78903579446695
351.6,51.89173273050737
351.7,61.375988383902175
351.8,57.463776462067926
351.9,55.80276249697001
352,64.09800288373438
352.1,66.04412227703718
352.2,65.54024267782766
352.3,65.41917758315469
352.4,61.72735518187244
352.5,62.387531635366194
352.6,60.05278354810844
352.7,64.5714743
352.8,60.16282519032015
352.9,59.35062753247635
353,61.89465197805949
353.1,58.84674124994135
353.2,59.992495831959346
353.3,60.09097040614988
353.4,59.159219079822236
353.5,55.014653079565754
353.6,58.847057271149694
353.7,62.75805988551592
353.8,60.33360292976151
353.9,58.76958474534456
354,61.17170982470518
354.1,58.383594880619626
354.2,56.675064312899536
354.3,56.63693966017388
354.4,55.395782757699656
354.5,53.45103481406012
354.6,58.679553564313096
354.7,54.42822133
354.8,55.329904765629934
354.9,56.658674842862375
355,55.582875594724825
355.1,56.03028210094141
355.2,51.80989995366875
355.3,56.817520957339106
355.4,52.84153932
355.5,55.50719156241458
355.6,50.39943857903915
355.7,55.681464465951265
355.8,53.37394101349875
355.9,54.94229505342765
356,53.033223097581384
356.1,58.39997568422262
356.2,55.89922304510942
356.3,55.32772700250969
356.4,51.333657487452086
356.5,57.34634665508203
356.6,52.47549186411895
356.7,53.85345163418037
356.8,53.197087774085794
356.9,50.34528544065732
357,56.704358506592534
357.1,55.73999855
357.2,57.276509399262224
357.3,55.69353502684077
357.4,50.689770176751644
357.5,53.437816527484536
357.6,55.10320941873297
357.7,52.83954180471692
357.8,50.84289049029016
357.9,52.52671803109075
358,51.94957016844557
358.1,50.70203786586402
358.2,51.600340762524546
358.3,51.937006981331386
358.4,51.05882462623241
358.5,55.641934798955155
358.6,57.187421682695394
358.7,54.569428013886906
358.8,59.00849420719654
358.9,60.854905671275915
359,55.81234942854549
359.1,57.08836863517521
359.2,57.84930781989669
359.3,55.07150003722633
359.4,58.710301675637254
359.5,60.06036667279963
359.6,62.23609556236101
359.7,56.76570797575754
359.8,61.56738060395811
359.9,59.62983569607587
360,57.381560732588305
360.1,58.05353690075136
360.2,60.034226891502804
360.3,62.328201345467356
360.4,63.43122116859825
360.5,63.73337954818111
360.6,58.512740704356574
360.7,60.896987860902826
360.8,61.46789482755384
360.9,64.61633669752341
361,61.34615554
361.1,62.15547689589312
361.2,66.32671379267748
361.3,59.77035278767722
361.4,62.177576421467734
361.5,62.82612231285854
361.6,62.78411318485675
361.7,63.215186534615974
361.8,66.68345084845163
361.9,63.48760350064369
362,64.11715988980265
362.1,66.45112919290425
362.2,66.09409070915981
362.3,67.66003662345948
362.4,65.24159080363707
362.5,70.39193361498921
362.6,68.10748200853159
362.7,72.02571536
362.8,73.27981169128596
362.9,71.45439660721499
363,72.61611167
363.1,69.42264498291466
363.2,70.43713795985052
363.3,65.92578039668894
363.4,71.28247448677504
363.5,70.32022318718856
363.6,73.33629521131081
363.7,69.44820852370904
363.8,69.88469279852679
363.9,66.50339238
364,73.23840838
364.1,68.37250824510741
364.2,70.81563984877297
364.3,68.43262787127657
364.4,71.73616812629982
364.5,69.33743264808363
364.6,70.59527695808164
364.7,70.30584314928963
364.8,66.27658570270863
364.9,69.06806169695292
365,75.45868604905858
365.1,78.50183446
365.2,68.18686210668052
365.3,66.41310665
365.4,69.57327283
365.5,72.27352601010898
365.6,63.37458234492393
365.7,71.89209680953249
365.8,65.89535080267854
365.9,68.76379309544313
366,67.91064377508351
366.1,71.81629252
366.2,68.35560923079017
366.3,71.31364462344943
366.4,61.73593731
366.5,64.05914559360234
366.6,62.58427602994119
366.7,63.326566492219065
366.8,63.61429169921041
366.9,64.22039053
367,61.09373200845763
367.1,62.31554096239293
367.2,57.91100035
367.3,61.57904343579818
367.4,57.41397829
367.5,56.85624678369706
367.6,60.91310320638343
367.7,62.30869426855641
367.8,57.45010273169021
367.9,56.946974953826505
368,57.01579133704437
368.1,55.96299153359127
368.2,58.436940913469115
368.3,55.535348072245185
368.4,60.589923633529935
368.5,62.53996451124222
368.6,62.65197431907005
368.7,60.883438071804285
368.8,58.19563113799851
368.9,55.26096897974073
369,59.648993750690956
369.1,59.41191972240953
369.2,62.05276296070522
369.3,59.80938500411408
369.4,55.95151933823419
369.5,59.10601838
369.6,52.801904271673266
369.7,56.056482225396465
369.8,59.655706021256755
369.9,53.92013032
370,56.426242079310214
370.1,60.36016895
370.2,56.78256844311795
370.3,59.900426278939285
370.4,57.50181571831245
370.5,62.73658955
370.6,53.617799119376585
370.7,56.71269268913717
370.8,55.47243822
370.9,57.950092354458626
371,58.27573398299097
371.1,55.75970156435836
371.2,60.31512813584935
371.3,61.796613464067015
371.4,55.38679776687218
371.5,54.531476465618184
371.6,61.014646833642026
371.7,59.54896511513816
371.8,56.934583059535036
371.9,58.67555616530922
372,58.52364688588313
372.1,60.25854754
372.2,57.677288673268926
372.3,55.92829625842542
372.4,57.95299577319489
372.5,61.25850908581009
372.6,55.318825176418045
372.7,53.407578979110994
372.8,58.40482400015467
372.9,60.18715667055675
373,59.16849716399497
373.1,54.60776924656257
373.2,57.10813875078582
373.3,61.38401979563941
373.4,64.09688971973317
373.5,64.90934984441598
373.6,63.64993174903349
373.7,60.40255302945969
373.8,58.71637177842322
373.9,58.231989889015416
374,62.27472968209681
374.1,62.04173398767524
374.2,59.24758671435616
374.3,63.730630983840776
374.4,59.469683440639585
374.5,62.989718720184115
374.6,60.581156106795014
374.7,59.39799401033136
374.8,61.26749657011249
374.9,59.816005951253146
375,61.65463885
375.1,63.34036365797237
375.2,61.43110548772522
375.3,60.97212384898696
375.4,58.30928024124741
375.5,62.09024593515191
375.6,61.140033480555864
375.7,61.09940930920876
375.8,60.46960631675949
375.9,58.966592717600044
376,61.42907745
376.1,57.957105181149835
376.2,58.551742049664526
376.3,61.136792018356665
376.4,60.420027708935706
376.5,60.248531190266675
376.6,60.85438829794804
376.7,64.27442741407462
376.8,65.48155429101763
376.9,63.90289157117635
377,63.02602385539063
377.1,63.79006024561925
377.2,66.55033927467352
377.3,62.494647739482154
377.4,64.39139662902983
377.5,68.26386221321569
377.6,71.19819050919324
377.7,68.23004831123912
377.8,70.27094390796516
377.9,66.55205687922346
378,66.45146842212877
378.1,66.34607884191425
378.2,68.44448644302392
378.3,69.22062447766044
378.4,70.79295172181389
378.5,69.99015989
378.6,72.80453120994022
378.7,70.43918214
378.8,73.16452856337933
378.9,71.80972281036766
379,68.64058590951136
379.1,72.10771084291989
379.2,69.30182984479917
379.3,68.32149194481768
379.4,70.98895178453739
379.5,70.25513420801379
379.6,71.29946491245744
379.7,70.5950169
379.8,71.02476599543711
379.9,73.45853229039619
380,67.50699164649907
380.1,72.34827464794587
380.2,68.83872793685701
380.3,69.44352458152278
380.4,64.41239226
380.5,65.96007394092413
380.6,66.31401070372254
380.7,68.28267485911644
380.8,69.21388132267457
380.9,69.80058899153714
381,64.32967596163986
381.1,66.96474574981627
381.2,67.08982010210924
381.3,63.947771677467934
381.4,60.18573436
381.5,59.39774287
381.6,56.00280355768779
381.7,51.526322088093046
381.8,54.22951285720191
381.9,51.84053826201753
382,59.29603018638314
382.1,55.643252851847066
382.2,47.49642816094147
382.3,50.08885216147922
382.4,48.167597659430335
382.5,47.88911886835998
382.6,46.54098070500464
382.7,45.61110236458807
382.8,40.530618678137444
382.9,38.523802370179276
383,41.304173874331674
383.1,42.864701311647806
383.2,34.421803956212386
383.3,43.71809711470971
383.4,45.53684265906034
383.5,37.01783760576821
383.6,36.534047244120586
383.7,31.25212021881918
383.8,35.58712871
383.9,30.31000137204011
384,33.16825318263457
384.1,30.47129801059594
384.2,27.1628744
384.3,30.745863689054307
384.4,26.45533243065202
384.5,22.74601469547955
384.6,16.889474788028227
384.7,23.442418484954594
384.8,20.71652524231126
384.9,20.48843213054093
385,12.65109246383713
385.1,17.163493488194526
385.2,12.786729888372697
385.3,12.994194409321976
385.4,16.387932661198267
385.5,21.11045899312953
385.6,14.096070473178472
385.7,13.746017180844245
385.8,10.15860227420739
385.9,16.488964497624096
386,16.050015809169274
386.1,10.414630044563973
386.2,7.018978136317116
386.3,16.090211401327405
386.4,18.380033083788454
386.5,14.781745804382833
386.6,15.843261890003292
386.7,14.921807430581017
386.8,16.632588281121023
386.9,16.791840726629953
387,13.375893762535826
387.1,14.356485212149142
387.2,13.79640056962857
387.3,8.04198581
387.4,10.872600543986447
387.5,9.698598149916789
387.6,13.413732016272728
387.7,7.340308931830146
387.8,7.967058899222986
387.9,6.052307890368854
388,5.990346056517874
388.1,8.242690904358863
388.2,13.478322893728446
388.3,6.505848996
388.4,6.339947062854002
388.5,14.963466202969817
388.6,9.281613730520037
388.7,7.2805607612031915
388.8,3.7690747563810625
388.9,8.721226845753257
389,8.054860515
389.1,11.382500257987834
389.2,12.932473856302014
389.3,5.415352868158009
389.4,8.303719641453245
389.5,6.133680857
389.6,6.754821759202634
389.7,8.143175937273654
389.8,4.336160216874742
389.9,3.950610494411406
390,6.492597029033888
390.1,0.6217752210718119
390.2,3.4929491879185433
390.3,5.325925287076791
390.4,1.9101968187906677
390.5,0
390.6,4.717056678214549
390.7,4.285319716616698
390.8,2.8497913326040227
390.9,3.703777023684508
391,7.765621015895151
391.1,7.501544117456575
391.2,9.391389362
391.3,5.207685197948626
391.4,11.184850013411697
391.5,5.120184820522683
391.6,0
391.7,2.446689975813296
391.8,0
391.9,0.4486088829917474
392,0
392.1,0
392.2,3.5302640558328773
392.3,0
392.4,2.8520309571236258
392.5,0
392.6,3.303330841530421
392.7,7.627422375343764
392.8,10.999790800667437
392.9,9.024156948711926
393,3.5465336891285464
393.1,6.446808545735857
393.2,8.169156713418616
393.3,6.169369175368385
393.4,10.013921098500676
393.5,7.592867237432882
393.6,12.237303796504467
393.7,14.948263731505568
393.8,12.766790527571597
393.9,13.386652167826504
394,10.110737070768877
394.1,13.764890179143856
394.2,11.536926173939587
394.3,10.078905089377376
394.4,13.94765546163227
394.5,10.588196789709944
394.6,16.690261502811335
394.7,20.250188110496186
394.8,20.536402834841425
394.9,16.325462578120913
395,14.382007129943595
395.1,15.974814543002687
395.2,20.150848269025655
395.3,20.444236281782157
395.4,16.70199202944304
395.5,18.02640474498687
395.6,19.49160840555758
395.7,23.02217777673271
395.8,19.81562004011829
395.9,22.67280024839954
396,22.317821776874894
396.1,24.680066031788716
396.2,24.60679013825416
396.3,21.152309618303047
396.4,24.403914014243743
396.5,24.552998647326692
396.6,27.913806611016543
396.7,25.446477296339996
396.8,23.53313085815136
396.9,21.972584691366645
397,19.062731854639058
397.1,19.98818803167556
397.2,15.86947624953097
397.3,20.000066048447245
397.4,19.994104505283428
397.5,22.294395371897668
397.6,1.583717905908994
397.7,22.531295034416665
397.8,26.41728786222689
397.9,30.619972341782947
398,30.27850494175347
398.1,35.69696834
398.2,35.79443554048079
398.3,36.89784951009755
398.4,37.318655569170296
398.5,32.51173877
398.6,37.47644533174435
398.7,38.29990505050198
398.8,41.23283948002529
398.9,31.639684853598098
399,38.360498873578756
399.1,38.23034936506212
399.2,39.972811103308224
399.3,36.11521050609415
399.4,38.95593956463742
399.5,39.805585724358856
399.6,42.59112392550926
399.7,38.366140791983995
399.8,40.33020089559496
399.9,40.33231440250726
400,24.8
400.1,24.8
400.2,24.8
400.3,26.6
400.4,24.8
400.5,24.8
400.6,24.8
400.7,24.8
400.8,24.8
400.9,24.8
401,24.8
401.1,26.6
401.2,26.6
401.3,26.6
401.4,26.6
401.5,26.6
401.6,26.6
401.7,26.6
401.8,26.6
401.9,26.6
402,26.6
402.1,26.6
402.2,26.6
402.3,26.6
402.4,26.6
402.5,26.6
402.6,26.6
402.7,26.6
402.8,26.6
402.9,26.6
403,26.6
403.1,26.6
403.2,26.6
403.3,26.6
403.4,28.400000000000002
403.5,28.400000000000002
403.6,28.400000000000002
403.7,28.400000000000002
403.8,26.6
403.9,26.6
404,26.6
404.1,26.6
404.2,26.6
404.3,26.6
404.4,28.400000000000002
404.5,28.400000000000002
404.6,28.400000000000002
404.7,28.400000000000002
404.8,28.400000000000002
404.9,28.400000000000002
405,26.6
405.1,26.6
405.2,28.400000000000002
405.3,28.400000000000002
405.4,28.400000000000002
405.5,28.400000000000002
405.6,26.6
405.7,26.6
405.8,26.6
405.9,28.400000000000002
406,28.400000000000002
406.1,28.400000000000002
406.2,28.400000000000002
406.3,28.400000000000002
406.4,28.400000000000002
406.5,28.400000000000002
406.6,28.400000000000002
406.7,28.400000000000002
406.8,28.400000000000002
406.9,28.400000000000002
407,28.400000000000002
407.1,28.400000000000002
407.2,26.6
407.3,26.6
407.4,26.6
407.5,26.6
407.6,26.6
407.7,28.400000000000002
407.8,28.400000000000002
407.9,28.400000000000002
408,26.6
408.1,26.6
408.2,26.6
408.3,26.6
408.4,26.6
408.5,26.6
408.6,26.6
408.7,26.6
408.8,24.8
408.9,23
409,23
409.1,23
409.2,24.8
409.3,24.8
409.4,24.8
409.5,23
409.6,23
409.7,23
409.8,23
409.9,23
410,23
410.1,23
410.2,23
410.3,23
410.4,23
410.5,21.2
410.6,21.2
410.7,19.4
410.8,21.2
410.9,21.2
411,19.4
411.1,19.4
411.2,19.4
411.3,19.4
411.4,17.6
411.5,17.6
411.6,17.6
411.7,19.4
411.8,19.4
411.9,19.4
412,19.4
412.1,17.6
412.2,15.8
412.3,15.8
412.4,15.8
412.5,15.8
412.6,15.8
412.7,15.8
412.8,15.8
412.9,14
413,12.2
413.1,12.2
413.2,12.2
413.3,12.2
413.4,12.2
413.5,14
413.6,14
413.7,12.2
413.8,12.2
413.9,8.6
414,8.6
414.1,8.6
414.2,8.6
414.3,8.6
414.4,8.6
414.5,8.6
414.6,8.6
414.7,6.8
414.8,8.6
414.9,8.6
415,8.6
415.1,8.6
415.2,8.6
415.3,8.6
415.4,6.8
415.5,6.8
415.6,6.8
415.7,6.8
415.8,6.8
415.9,6.8
416,6.8
416.1,6.8
416.2,6.8
416.3,6.8
416.4,5
416.5,5
416.6,6.8
416.7,6.8
416.8,6.8
416.9,6.8
417,6.8
417.1,6.8
417.2,6.8
417.3,8.6
417.4,8.6
417.5,8.6
417.6,10.4
417.7,8.6
417.8,6.8
417.9,8.6
418,6.8
418.1,8.6
418.2,10.4
418.3,8.6
418.4,6.8
418.5,6.8
418.6,6.8
418.7,6.8
418.8,6.8
418.9,6.8
419,8.6
419.1,8.6
419.2,8.6
419.3,6.8
419.4,6.8
419.5,6.8
419.6,6.8
419.7,10.4
419.8,6.8
419.9,6.8
420,6.8
420.1,6.8
420.2,8.6
420.3,8.6
420.4,8.6
420.5,8.6
420.6,8.6
420.7,8.6
420.8,8.6
420.9,10.4
421,10.4
421.1,10.4
421.2,10.4
421.3,10.4
421.4,10.4
421.5,10.4
421.6,10.4
421.7,10.4
421.8,12.2
421.9,12.2
422,12.2
422.1,12.2
422.2,12.2
422.3,12.2
422.4,12.2
422.5,12.2
422.6,14
422.7,14
422.8,14
422.9,14
423,14
423.1,14
423.2,14
423.3,14
423.4,14
423.5,15.8
423.6,15.8
423.7,15.8
423.8,15.8
423.9,15.8
424,15.8
424.1,15.8
424.2,15.8
424.3,15.8
424.4,17.6
424.5,17.6
424.6,17.6
424.7,17.6
424.8,17.6
424.9,17.6
425,17.6
425.1,17.6
425.2,19.4
425.3,19.4
425.4,19.4
425.5,17.6
425.6,17.6
425.7,19.4
425.8,19.4
425.9,19.4
426,19.4
426.1,21.2
426.2,21.2
426.3,21.2
426.4,21.2
426.5,21.2
426.6,19.4
426.7,19.4
426.8,21.2
426.9,21.2
427,21.2
427.1,21.2
427.2,19.4
427.3,21.2
427.4,21.2
427.5,21.2
427.6,21.2
427.7,21.2
427.8,23
427.9,23
428,23
428.1,23
428.2,23
428.3,23
428.4,23
428.5,23
428.6,23
428.7,23
428.8,23
428.9,23
429,23
429.1,23
429.2,23
429.3,23
429.4,23
429.5,23
429.6,24.8
429.7,24.8
429.8,24.8
429.9,23
430,23
430.1,23
430.2,23
430.3,23
430.4,23
430.5,23
430.6,23
430.7,23
430.8,23
430.9,23
431,23
431.1,23
431.2,23
431.3,23
431.4,24.8
431.5,23
431.6,23
431.7,21.2
431.8,21.2
431.9,21.2
432,21.2
432.1,23
432.2,21.2
432.3,21.2
432.4,21.2
432.5,21.2
432.6,23
432.7,21.2
432.8,21.2
432.9,23
433,21.2
433.1,21.2
433.2,21.2
433.3,19.4
433.4,19.4
433.5,19.4
433.6,19.4
433.7,19.4
433.8,21.2
433.9,19.4
434,19.4
434.1,19.4
434.2,19.4
434.3,21.2
434.4,21.2
434.5,21.2
434.6,21.2
434.7,21.2
434.8,21.2
434.9,21.2
435,21.2
435.1,21.2
435.2,21.2
435.3,21.2
435.4,21.2
435.5,21.2
435.6,21.2
435.7,21.2
435.8,21.2
435.9,21.2
436,21.2
436.1,21.2
436.2,21.2
436.3,21.2
436.4,21.2
436.5,21.2
436.6,19.4
436.7,19.4
436.8,19.4
436.9,19.4
437,19.4
437.1,19.4
437.2,19.4
437.3,19.4
437.4,19.4
437.5,19.4
437.6,19.4
437.7,21.2
437.8,21.2
437.9,21.2
438,21.2
438.1,21.2
438.2,21.2
438.3,19.4
438.4,19.4
438.5,21.2
438.6,19.4
438.7,21.2
438.8,21.2
438.9,21.2
439,21.2
439.1,21.2
439.2,21.2
439.3,19.4
439.4,19.4
439.5,21.2
439.6,23
439.7,21.2
439.8,21.2
439.9,21.2
440,21.2
440.1,21.2
440.2,21.2
440.3,21.2
440.4,21.2
440.5,21.2
440.6,21.2
440.7,21.2
440.8,21.2
440.9,21.2
441,21.2
441.1,23
441.2,23
441.3,23
441.4,23
441.5,21.2
441.6,21.2
441.7,21.2
441.8,21.2
441.9,21.2
442,21.2
442.1,21.2
442.2,21.2
442.3,21.2
442.4,21.2
442.5,21.2
442.6,21.2
442.7,23
442.8,23
442.9,23
443,23
443.1,23
443.2,23
443.3,21.2
443.4,21.2
443.5,23
443.6,21.2
443.7,23
443.8,23
443.9,23
444,23
444.1,23
444.2,23
444.3,23
444.4,23
444.5,23
444.6,23
444.7,23
444.8,24.8
444.9,23
445,23
445.1,24.8
445.2,24.8
445.3,24.8
445.4,23
445.5,23
445.6,23
445.7,23
445.8,23
445.9,24.8
446,24.8
446.1,24.8
446.2,24.8
446.3,23
446.4,23
446.5,23
446.6,23
446.7,24.8
446.8,24.8
446.9,24.8
447,24.8
447.1,23
447.2,21.2
447.3,21.2
447.4,23
447.5,23
447.6,21.2
447.7,21.2
447.8,21.2
447.9,21.2
448,21.2
448.1,21.2
448.2,21.2
448.3,21.2
448.4,21.2
448.5,23
448.6,23
448.7,23
448.8,21.2
448.9,21.2
449,21.2
449.1,21.2
449.2,21.2
449.3,21.2
449.4,21.2
449.5,21.2
449.6,21.2
449.7,21.2
449.8,21.2
449.9,21.2
450,21.2
450.1,21.2
450.2,23
450.3,21.2
450.4,21.2
450.5,19.4
450.6,19.4
450.7,19.4
450.8,19.4
450.9,19.4
451,19.4
451.1,19.4
451.2,19.4
451.3,19.4
451.4,19.4
451.5,19.4
451.6,19.4
451.7,19.4
451.8,19.4
451.9,19.4
452,19.4
452.1,17.6
452.2,17.6
452.3,17.6
452.4,19.4
452.5,19.4
452.6,19.4
452.7,19.4
452.8,19.4
452.9,19.4
453,17.6
453.1,17.6
453.2,19.4
453.3,19.4
453.4,19.4
453.5,19.4
453.6,19.4
453.7,19.4
453.8,17.6
453.9,17.6
454,15.8
454.1,17.6
454.2,19.4
454.3,17.6
454.4,17.6
454.5,17.6
454.6,15.8
454.7,15.8
454.8,15.8
454.9,17.6
455,17.6
455.1,17.6
455.2,17.6
455.3,17.6
455.4,17.6
455.5,15.8
455.6,17.6
455.7,17.6
455.8,17.6
455.9,17.6
456,19.4
456.1,17.6
456.2,17.6
456.3,17.6
456.4,15.8
456.5,17.6
456.6,17.6
456.7,19.4
456.8,19.4
456.9,19.4
457,19.4
457.1,19.4
457.2,19.4
457.3,19.4
457.4,19.4
457.5,19.4
457.6,19.4
457.7,19.4
457.8,19.4
457.9,21.2
458,21.2
458.1,21.2
458.2,21.2
458.3,21.2
458.4,21.2
458.5,21.2
458.6,21.2
458.7,23
458.8,21.2
458.9,21.2
459,21.2
459.1,21.2
459.2,23
459.3,23
459.4,23
459.5,23
459.6,23
459.7,21.2
459.8,23
459.9,21.2
460,23
460.1,23
460.2,23
460.3,23
460.4,23
460.5,23
460.6,23
460.7,23
460.8,23
460.9,23
461,23
461.1,23
461.2,23
461.3,23
461.4,23
461.5,23
461.6,23
461.7,23
461.8,23
461.9,23
462,23
462.1,23
462.2,23
462.3,23
462.4,23
462.5,23
462.6,23
462.7,23
462.8,24.8
462.9,23
463,24.8
463.1,24.8
463.2,24.8
463.3,24.8
463.4,24.8
463.5,24.8
463.6,24.8
463.7,24.8
463.8,24.8
463.9,24.8
464,24.8
464.1,24.8
464.2,24.8
464.3,24.8
464.4,24.8
464.5,24.8
464.6,23
464.7,23
464.8,23
464.9,23
465,23
465.1,23
465.2,24.8
465.3,24.8
465.4,23
465.5,21.2
465.6,21.2
465.7,23
465.8,23
465.9,23
466,23
466.1,23
466.2,23
466.3,21.2
466.4,21.2
466.5,23
466.6,23
466.7,23
466.8,23
466.9,23
467,21.2
467.1,19.4
467.2,19.4
467.3,19.4
467.4,21.2
467.5,21.2
467.6,19.4
467.7,21.2
467.8,19.4
467.9,19.4
468,17.6
468.1,17.6
468.2,19.4
468.3,19.4
468.4,19.4
468.5,19.4
468.6,17.6
468.7,17.6
468.8,14
468.9,14
469,14
469.1,14
469.2,12.2
469.3,12.2
469.4,12.2
469.5,12.2
469.6,10.4
469.7,10.4
469.8,10.4
469.9,10.4
470,10.4
470.1,10.4
470.2,10.4
470.3,8.6
470.4,8.6
470.5,8.6
470.6,10.4
470.7,8.6
470.8,10.4
470.9,8.6
471,10.4
471.1,6.8
471.2,6.8
471.3,8.6
471.4,6.8
471.5,23
471.6,21.2
471.7,21.2
471.8,21.2
471.9,21.2
472,21.2
472.1,21.2
472.2,21.2
472.3,21.2
472.4,21.2
472.5,21.2
472.6,21.2
472.7,21.2
472.8,23
472.9,23
473,23
473.1,23
473.2,23
473.3,23
473.4,21.2
473.5,21.2
473.6,23
473.7,21.2
473.8,23
473.9,23
474,23
474.1,23
474.2,23
474.3,23
474.4,23
474.5,23
474.6,23
474.7,23
474.8,23
474.9,24.8
475,23
475.1,23
475.2,24.8
475.3,24.8
475.4,24.8
475.5,23
475.6,23
475.7,23
475.8,23
475.9,23
476,24.8
476.1,24.8
476.2,24.8
476.3,24.8
476.4,23
476.5,23
476.6,23
476.7,23
476.8,24.8
476.9,24.8
477,24.8
477.1,24.8
477.2,23
477.3,21.2
477.4,21.2
477.5,23
477.6,23
477.7,21.2
477.8,21.2
477.9,21.2
478,21.2
478.1,21.2
478.2,21.2
478.3,21.2
478.4,21.2
478.5,21.2
478.6,23
478.7,23
478.8,23
478.9,21.2
479,21.2
479.1,21.2
479.2,21.2
479.3,21.2
479.4,21.2
479.5,21.2
479.6,21.2
479.7,21.2
479.8,21.2
479.9,21.2
480,21.2
480.1,21.2
480.2,21.2
480.3,23
480.4,21.2
480.5,21.2
480.6,19.4
480.7,19.4
480.8,19.4
480.9,19.4
481,19.4
481.1,19.4
481.2,19.4
481.3,19.4
481.4,19.4
481.5,19.4
481.6,19.4
481.7,19.4
481.8,19.4
481.9,19.4
482,19.4
482.1,19.4
482.2,17.6
482.3,17.6
482.4,17.6
482.5,19.4
482.6,19.4
482.7,19.4
482.8,19.4
482.9,19.4
483,19.4
483.1,17.6
483.2,17.6
483.3,19.4
483.4,19.4
483.5,19.4
483.6,19.4
483.7,19.4
483.8,19.4
483.9,17.6
484,17.6
484.1,15.8
484.2,17.6
484.3,19.4
484.4,17.6
484.5,17.6
484.6,17.6
484.7,15.8
484.8,15.8
484.9,15.8
485,17.6
485.1,17.6
485.2,17.6
485.3,17.6
485.4,17.6
485.5,17.6
485.6,15.8
485.7,17.6
485.8,17.6
485.9,17.6
486,17.6
486.1,19.4
486.2,17.6
486.3,17.6
486.4,17.6
486.5,15.8
486.6,17.6
486.7,17.6
486.8,19.4
486.9,19.4
487,19.4
487.1,19.4
487.2,19.4
487.3,19.4
487.4,19.4
487.5,19.4
487.6,19.4
487.7,19.4
487.8,19.4
487.9,19.4
488,21.2
488.1,21.2
488.2,21.2
488.3,21.2
488.4,21.2
488.5,21.2
488.6,21.2
488.7,21.2
488.8,23
488.9,21.2
489,21.2
489.1,21.2
489.2,21.2
489.3,23
489.4,23
489.5,23
489.6,23
489.7,23
489.8,21.2
489.9,23
490,21.2
490.1,23
490.2,23
490.3,23
490.4,23
490.5,23
490.6,23
490.7,23
490.8,23
490.9,23
491,23
491.1,23
491.2,23
491.3,23
491.4,23
491.5,23
491.6,23
491.7,23
491.8,23
491.9,23
492,23
492.1,23
492.2,23
492.3,23
492.4,23
492.5,23
492.6,23
492.7,23
492.8,23
492.9,24.8
493,23
493.1,24.8
493.2,24.8
493.3,24.8
493.4,24.8
493.5,24.8
493.6,24.8
493.7,24.8
493.8,24.8
493.9,24.8
494,24.8
494.1,24.8
494.2,24.8
494.3,24.8
494.4,24.8
494.5,24.8
494.6,24.8
494.7,23
494.8,23
494.9,23
495,23
495.1,23
495.2,23
495.3,24.8
495.4,24.8
495.5,23
495.6,21.2
495.7,21.2
495.8,23
495.9,23
496,23
496.1,23
496.2,23
496.3,23
496.4,21.2
496.5,21.2
496.6,23
496.7,23
496.8,23
496.9,23
497,23
497.1,21.2
497.2,19.4
497.3,19.4
497.4,19.4
497.5,21.2
497.6,21.2
497.7,19.4
497.8,21.2
497.9,19.4
498,19.4
498.1,17.6
498.2,17.6
498.3,19.4
498.4,19.4
498.5,19.4
498.6,19.4
498.7,17.6
498.8,17.6
498.9,14
499,14
499.1,14
499.2,14
499.3,12.2
499.4,12.2
499.5,12.2
499.6,12.2
499.7,10.4
499.8,10.4
499.9,10.4
500,10.4
500.1,10.4
500.2,10.4
500.3,10.4
500.4,8.6
500.5,8.6
500.6,8.6
500.7,10.4
500.8,8.6
500.9,10.4
501,8.6
501.1,10.4
501.2,6.8
501.3,6.8
501.4,8.6
501.5,6.8
501.6,8.6
501.7,10.4
501.8,8.6
501.9,12.2
502,10.4
502.1,12.2
502.2,10.4
502.3,8.6
502.4,12.2
502.5,14
502.6,12.2
502.7,14
502.8,15.8
502.9,17.6
503,15.8
503.1,17.6
503.2,19.4
503.3,15.8
503.4,14
503.5,15.8
503.6,17.6
503.7,19.4
503.8,21.2
503.9,17.6
504,14
504.1,19.4
504.2,21.2
504.3,23
504.4,26.6
504.5,26.6
504.6,28.400000000000002
504.7,32
504.8,32
504.9,30.2
505,32
505.1,35.6
505.2,39.2
505.3,33.8
505.4,35.6
505.5,37.4
505.6,39.2
505.7,35.6
505.8,35.6
505.9,33.8
506,39.2
506.1,39.2
506.2,35.6
506.3,37.4
506.4,37.4
506.5,39.2
506.6,41
506.7,41
506.8,42.800000000000004
506.9,39.2
507,39.2
507.1,41
507.2,39.2
507.3,37.4
507.4,35.6
507.5,39.2
507.6,39.2
507.7,37.4
507.8,35.6
507.9,33.8
508,32
508.1,37.4
508.2,35.6
508.3,33.8
508.4,37.4
508.5,32
508.6,35.6
508.7,37.4
508.8,32
508.9,35.6
509,30.2
509.1,32
509.2,33.8
509.3,32
509.4,30.2
509.5,26.6
509.6,28.400000000000002
509.7,24.8
509.8,23
509.9,21.2
510,17.6
510.1,19.4
510.2,15.8
510.3,14
510.4,14
510.5,12.2
510.6,12.2
510.7,10.4
510.8,12.2
510.9,12.2
511,12.2
511.1,14
511.2,12.2
511.3,12.2
511.4,12.2
511.5,14
511.6,15.8
511.7,14
511.8,15.8
511.9,15.8
512,15.8
512.1,15.8
512.2,15.8
512.3,17.6
512.4,17.6
512.5,17.6
512.6,17.6
512.7,19.4
512.8,19.4
512.9,19.4
513,19.4
513.1,21.2
513.2,19.4
513.3,17.6
513.4,21.2
513.5,14
513.6,15.8
513.7,15.8
513.8,14
513.9,12.2
514,10.4
514.1,12.2
514.2,14
514.3,10.4
514.4,6.8
514.5,6.8
514.6,6.8
514.7,8.6
514.8,10.4
514.9,8.6
515,12.2
515.1,8.6
515.2,14
515.3,10.4
515.4,10.4
515.5,10.4
515.6,10.4
515.7,8.6
515.8,12.2
515.9,10.4
516,10.4
516.1,14
516.2,12.2
516.3,12.2
516.4,12.2
516.5,12.2
516.6,14
516.7,14
516.8,14
516.9,14
517,14
517.1,15.8
517.2,14
517.3,14
517.4,14
517.5,14
517.6,15.8
517.7,15.8
517.8,15.8
517.9,15.8
518,15.8
518.1,14
518.2,15.8
518.3,15.8
518.4,15.8
518.5,15.8
518.6,17.6
518.7,17.6
518.8,17.6
518.9,15.8
519,15.8
519.1,15.8
519.2,15.8
519.3,15.8
519.4,15.8
519.5,15.8
519.6,15.8
519.7,17.6
519.8,17.6
519.9,17.6
520,17.6
520.1,17.6
520.2,17.6
520.3,17.6
520.4,19.4
520.5,19.4
520.6,19.4
520.7,17.6
520.8,17.6
520.9,17.6
521,19.4
521.1,19.4
521.2,19.4
521.3,19.4
521.4,19.4
521.5,19.4
521.6,19.4
521.7,21.2
521.8,23
521.9,26.6
522,28.400000000000002
522.1,28.400000000000002
522.2,32
522.3,30.2
522.4,32
522.5,37.4
522.6,33.8
522.7,35.6
522.8,35.6
522.9,39.2
523,37.4
523.1,37.4
523.2,35.6
523.3,39.2
523.4,37.4
523.5,39.2
523.6,41
523.7,42.800000000000004
523.8,46.4
523.9,48.2
524,48.2
524.1,46.4
524.2,50
524.3,48.2
524.4,50
524.5,48.2
524.6,42.800000000000004
524.7,46.4
524.8,44.6
524.9,46.4
525,44.6
525.1,39.2
525.2,37.4
525.3,39.2
525.4,41
525.5,42.800000000000004
525.6,42.800000000000004
525.7,44.6
525.8,42.800000000000004
525.9,41
526,39.2
526.1,39.2
526.2,39.2
526.3,39.2
526.4,39.2
526.5,37.4
526.6,37.4
526.7,37.4
526.8,37.4
526.9,37.4
527,39.2
527.1,39.2
527.2,37.4
527.3,37.4
527.4,35.6
527.5,35.6
527.6,33.8
527.7,30.2
527.8,33.8
527.9,32
528,32
528.1,28.400000000000002
528.2,26.6
528.3,28.400000000000002
528.4,30.2
528.5,28.400000000000002
528.6,26.6
528.7,26.6
528.8,24.8
528.9,26.6
529,23
529.1,21.2
529.2,23
529.3,26.6
529.4,24.8
529.5,21.2
529.6,19.4
529.7,19.4
529.8,17.6
529.9,19.4
530,17.6
530.1,17.6
530.2,17.6
530.3,19.4
530.4,19.4
530.5,19.4
530.6,19.4
530.7,17.6
530.8,19.4
530.9,19.4
531,19.4
531.1,19.4
531.2,17.6
531.3,19.4
531.4,19.4
531.5,19.4
531.6,19.4
531.7,19.4
531.8,21.2
531.9,21.2
532,21.2
532.1,21.2
532.2,21.2
532.3,21.2
532.4,19.4
532.5,21.2
532.6,21.2
532.7,21.2
532.8,21.2
532.9,21.2
533,21.2
533.1,21.2
533.2,21.2
533.3,21.2
533.4,21.2
533.5,21.2
533.6,21.2
533.7,23
533.8,21.2
533.9,21.2
534,19.4
534.1,17.6
534.2,19.4
534.3,19.4
534.4,19.4
534.5,19.4
534.6,19.4
534.7,19.4
534.8,19.4
534.9,19.4
535,19.4
535.1,19.4
535.2,19.4
535.3,21.2
535.4,21.2
535.5,21.2
535.6,19.4
535.7,19.4
535.8,19.4
535.9,19.4
536,19.4
536.1,19.4
536.2,21.2
536.3,21.2
536.4,19.4
536.5,19.4
536.6,19.4
536.7,17.6
536.8,19.4
536.9,19.4
537,19.4
537.1,17.6
537.2,19.4
537.3,15.8
537.4,15.8
537.5,17.6
537.6,17.6
537.7,17.6
537.8,17.6
537.9,17.6
538,17.6
538.1,17.6
538.2,17.6
538.3,19.4
538.4,17.6
538.5,17.6
538.6,19.4
538.7,19.4
538.8,17.6
538.9,17.6
539,15.8
539.1,15.8
539.2,15.8
539.3,15.8
539.4,15.8
539.5,15.8
539.6,17.6
539.7,17.6
539.8,17.6
539.9,17.6
540,17.6
540.1,17.6
540.2,19.4
540.3,19.4
540.4,19.4
540.5,19.4
540.6,17.6
540.7,17.6
540.8,17.6
540.9,19.4
541,19.4
541.1,19.4
541.2,19.4
541.3,19.4
541.4,19.4
541.5,19.4
541.6,19.4
541.7,19.4
541.8,21.2
541.9,21.2
542,21.2
542.1,21.2
542.2,21.2
542.3,21.2
542.4,21.2
542.5,21.2
542.6,23
542.7,21.2
542.8,21.2
542.9,21.2
543,21.2
543.1,21.2
543.2,23
543.3,23
543.4,21.2
543.5,21.2
543.6,21.2
543.7,19.4
543.8,19.4
543.9,21.2
544,21.2
544.1,21.2
544.2,21.2
544.3,21.2
544.4,19.4
544.5,17.6
544.6,17.6
544.7,17.6
544.8,17.6
544.9,17.6
545,15.8
545.1,15.8
545.2,15.8
545.3,15.8
545.4,15.8
545.5,15.8
545.6,15.8
545.7,15.8
545.8,15.8
545.9,15.8
546,17.6
546.1,15.8
546.2,14
546.3,14
546.4,15.8
546.5,15.8
546.6,15.8
546.7,15.8
546.8,15.8
546.9,15.8
547,14
547.1,14
547.2,15.8
547.3,15.8
547.4,15.8
547.5,15.8
547.6,15.8
547.7,15.8
547.8,15.8
547.9,14
548,14
548.1,14
548.2,15.8
548.3,15.8
548.4,15.8
548.5,15.8
548.6,15.8
548.7,15.8
548.8,15.8
548.9,15.8
549,15.8
549.1,17.6
549.2,15.8
549.3,17.6
549.4,17.6
549.5,15.8
549.6,15.8
549.7,15.8
549.8,15.8
549.9,17.6
550,15.8
550.1,15.8
550.2,14
550.3,14
550.4,12.2
550.5,14
550.6,14
550.7,14
550.8,14
550.9,14
551,14
551.1,12.2
551.2,10.4
551.3,10.4
551.4,10.4
551.5,10.4
551.6,10.4
551.7,10.4
551.8,8.6
551.9,8.6
552,8.6
552.1,6.8
552.2,6.8
552.3,6.8
552.4,8.6
552.5,8.6
552.6,8.6
552.7,6.8
552.8,10.4
552.9,8.6
553,10.4
553.1,10.4
553.2,6.8
553.3,6.8
553.4,6.8
553.5,8.6
553.6,6.8
553.7,10.4
553.8,8.6
553.9,10.4
554,6.8
554.1,6.8
554.2,6.8
554.3,6.8
554.4,10.4
554.5,10.4
554.6,8.6
554.7,10.4
554.8,8.6
554.9,6.8
555,6.8
555.1,6.8
555.2,6.8
555.3,10.4
555.4,10.4
555.5,6.8
555.6,6.8
555.7,6.8
555.8,8.6
555.9,8.6
556,8.6
556.1,8.6
556.2,6.8
556.3,6.8
556.4,8.6
556.5,6.8
556.6,8.6
556.7,8.6
556.8,10.4
556.9,8.6
557,8.6
557.1,8.6
557.2,8.6
557.3,10.4
557.4,10.4
557.5,12.2
557.6,12.2
557.7,12.2
557.8,10.4
557.9,8.6
558,8.6
558.1,10.4
558.2,10.4
558.3,10.4
558.4,12.2
558.5,12.2
558.6,10.4
558.7,10.4
558.8,12.2
558.9,12.2
559,12.2
559.1,12.2
559.2,12.2
559.3,12.2
559.4,10.4
559.5,10.4
559.6,8.6
559.7,8.6
559.8,8.6
559.9,8.6
560,8.6
560.1,6.8
560.2,6.8
560.3,8.6
560.4,8.6
560.5,6.8
560.6,10.4
560.7,8.6
560.8,8.6
560.9,10.4
561,8.6
561.1,6.8
561.2,8.6
561.3,8.6
561.4,8.6
561.5,8.6
561.6,8.6
561.7,6.8
561.8,6.8
561.9,8.6
562,8.6
562.1,6.8
562.2,10.4
562.3,8.6
562.4,8.6
562.5,8.6
562.6,8.6
562.7,8.6
562.8,6.8
562.9,6.8
563,8.6
563.1,8.6
563.2,6.8
563.3,10.4
563.4,8.6
563.5,8.6
563.6,8.6
563.7,8.6
563.8,8.6
563.9,6.8
564,6.8
564.1,8.6
564.2,8.6
564.3,6.8
564.4,10.4
564.5,8.6
564.6,8.6
564.7,8.6
564.8,8.6
564.9,8.6
565,6.8
565.1,6.8
565.2,8.6
565.3,8.6
565.4,6.8
565.5,10.4
565.6,8.6
565.7,10.4
565.8,6.8
565.9,12.2
566,8.6
566.1,10.4
566.2,12.2
566.3,14
566.4,12.2
566.5,10.4
566.6,14
566.7,12.2
566.8,10.4
566.9,12.2
567,12.2
567.1,10.4
567.2,8.6
567.3,10.4
567.4,8.6
567.5,8.6
567.6,6.8
567.7,6.8
567.8,8.6
567.9,10.4
568,14
568.1,12.2
568.2,10.4
568.3,14
568.4,8.6
568.5,14
568.6,12.2
568.7,10.4
568.8,8.6
568.9,8.6
569,10.4
569.1,8.6
569.2,6.8
569.3,8.6
569.4,8.6
569.5,10.4
569.6,8.6
569.7,10.4
569.8,12.2
569.9,14
570,10.4
570.1,12.2
570.2,8.6
570.3,12.2
570.4,14
570.5,10.4
570.6,12.2
570.7,10.4
570.8,10.4
570.9,10.4
571,8.6
571.1,8.6
571.2,10.4
571.3,12.2
571.4,14
571.5,14
571.6,12.2
571.7,10.4
571.8,12.2
571.9,10.4
572,12.2
572.1,8.6
572.2,14
572.3,12.2
572.4,10.4
572.5,8.6
572.6,14
572.7,12.2
572.8,10.4
572.9,8.6
573,12.2
573.1,14
573.2,10.4
573.3,14
573.4,15.8
573.5,12.2
573.6,8.6
573.7,12.2
573.8,10.4
573.9,12.2
574,14
574.1,15.8
574.2,12.2
574.3,10.4
574.4,12.2
574.5,14
574.6,14
574.7,17.6
574.8,19.4
574.9,21.2
575,23
575.1,23
575.2,21.2
575.3,21.2
575.4,21.2
575.5,23
575.6,19.4
575.7,17.6
575.8,15.8
575.9,17.6
576,19.4
576.1,15.8
576.2,15.8
576.3,17.6
576.4,14
576.5,17.6
576.6,15.8
576.7,17.6
576.8,21.2
576.9,17.6
577,15.8
577.1,14
577.2,17.6
577.3,19.4
577.4,21.2
577.5,23
577.6,24.8
577.7,26.6
577.8,24.8
577.9,23
578,21.2
578.1,17.6
578.2,19.4
578.3,19.4
578.4,19.4
578.5,21.2
578.6,17.6
578.7,19.4
578.8,23
578.9,26.6
579,28.400000000000002
579.1,23
579.2,26.6
579.3,28.400000000000002
579.4,24.8
579.5,23
579.6,17.6
579.7,17.6
579.8,15.8
579.9,15.8
580,12.2
580.1,12.2
580.2,10.4
580.3,12.2
580.4,12.2
580.5,12.2
580.6,12.2
580.7,10.4
580.8,8.6
580.9,6.8
581,10.4
581.1,8.6
581.2,10.4
581.3,10.4
581.4,10.4
581.5,10.4
581.6,10.4
581.7,8.6
581.8,10.4
581.9,12.2
582,12.2
582.1,12.2
582.2,14
582.3,14
582.4,15.8
582.5,14
582.6,15.8
582.7,17.6
582.8,19.4
582.9,19.4
583,21.2
583.1,23
583.2,23
583.3,21.2
583.4,21.2
583.5,21.2
583.6,23
583.7,19.4
583.8,24.8
583.9,26.6
584,26.6
584.1,26.6
584.2,26.6
584.3,28.400000000000002
584.4,30.2
584.5,33.8
584.6,33.8
584.7,33.8
584.8,35.6
584.9,33.8
585,33.8
585.1,33.8
585.2,35.6
585.3,37.4
585.4,37.4
585.5,37.4
585.6,39.2
585.7,39.2
585.8,39.2
585.9,39.2
586,41
586.1,42.800000000000004
586.2,42.800000000000004
586.3,44.6
586.4,44.6
586.5,44.6
586.6,44.6
586.7,44.6
586.8,44.6
586.9,44.6
587,44.6
587.1,46.4
587.2,46.4
587.3,44.6
587.4,44.6
587.5,44.6
587.6,44.6
587.7,44.6
587.8,44.6
587.9,44.6
588,44.6
588.1,46.4
588.2,46.4
588.3,44.6
588.4,44.6
588.5,44.6
588.6,44.6
588.7,44.6
588.8,44.6
588.9,44.6
589,44.6
589.1,46.4
589.2,46.4
589.3,46.4
589.4,46.4
589.5,46.4
589.6,46.4
589.7,48.2
589.8,48.2
589.9,48.2
590,50
590.1,51.800000000000004
590.2,53.6
590.3,53.6
590.4,53.6
590.5,51.800000000000004
590.6,55.4
590.7,53.6
590.8,51.800000000000004
590.9,53.6
591,53.6
591.1,51.800000000000004
591.2,53.6
591.3,53.6
591.4,51.800000000000004
591.5,51.800000000000004
591.6,53.6
591.7,53.6
591.8,51.800000000000004
591.9,50
592,51.800000000000004
592.1,46.4
592.2,50
592.3,48.2
592.4,50
592.5,51.800000000000004
592.6,50
592.7,48.2
592.8,50
592.9,51.800000000000004
593,46.4
593.1,50
593.2,48.2
593.3,50
593.4,46.4
593.5,51.800000000000004
593.6,53.6
593.7,57.2
593.8,59
593.9,59
594,59
594.1,59
594.2,59
594.3,59
594.4,59
594.5,59
594.6,55.4
594.7,55.4
594.8,53.6
594.9,51.800000000000004
595,50
595.1,48.2
595.2,46.4
595.3,50
595.4,48.2
595.5,50
595.6,46.4
595.7,46.4
595.8,48.2
595.9,50
596,50
596.1,51.800000000000004
596.2,51.800000000000004
596.3,53.6
596.4,53.6
596.5,53.6
596.6,51.800000000000004
596.7,55.4
596.8,53.6
596.9,51.800000000000004
597,53.6
597.1,53.6
597.2,51.800000000000004
597.3,53.6
597.4,53.6
597.5,51.800000000000004
597.6,51.800000000000004
597.7,53.6
597.8,53.6
597.9,51.800000000000004
598,50
598.1,51.800000000000004
598.2,46.4
598.3,50
598.4,48.2
598.5,50
598.6,51.800000000000004
598.7,50
598.8,48.2
598.9,50
599,51.800000000000004
599.1,46.4
599.2,50
599.3,48.2
599.4,50
599.5,46.4
599.6,51.800000000000004
599.7,50
599.8,48.2
599.9,51.800000000000004
600,50
600.1,48.2
600.2,50
600.3,46.4
600.4,51.800000000000004
600.5,50
600.6,44.6
600.7,48.2
600.8,50
600.9,44.6
601,46.4
601.1,51.800000000000004
601.2,50
601.3,48.2
601.4,51.800000000000004
601.5,51.800000000000004
601.6,50
601.7,51.800000000000004
601.8,53.6
601.9,51.800000000000004
602,51.800000000000004
602.1,51.800000000000004
602.2,53.6
602.3,51.800000000000004
602.4,53.6
602.5,53.6
602.6,53.6
602.7,51.800000000000004
602.8,55.4
602.9,53.6
603,51.800000000000004
603.1,53.6
603.2,53.6
603.3,51.800000000000004
603.4,53.6
603.5,53.6
603.6,51.800000000000004
603.7,51.800000000000004
603.8,53.6
603.9,53.6
604,51.800000000000004
604.1,50
604.2,51.800000000000004
604.3,46.4
604.4,50
604.5,48.2
604.6,50
604.7,51.800000000000004
604.8,50
604.9,48.2
605,50
605.1,51.800000000000004
605.2,46.4
605.3,50
605.4,48.2
605.5,50
605.6,46.4
605.7,51.800000000000004
605.8,50
605.9,48.2
606,51.800000000000004
606.1,50
606.2,48.2
606.3,50
606.4,46.4
606.5,51.800000000000004
606.6,50
606.7,44.6
606.8,48.2
606.9,50
607,44.6
607.1,46.4
607.2,51.800000000000004
607.3,50
607.4,48.2
607.5,51.800000000000004
607.6,51.800000000000004
607.7,50
607.8,51.800000000000004
607.9,53.6
608,51.800000000000004
608.1,51.800000000000004
608.2,51.800000000000004
608.3,53.6
608.4,51.800000000000004
608.5,53.6
608.6,53.6
608.7,53.6
608.8,51.800000000000004
608.9,55.4
609,53.6
609.1,51.800000000000004
609.2,53.6
609.3,53.6
609.4,51.800000000000004
609.5,53.6
609.6,53.6
609.7,51.800000000000004
609.8,51.800000000000004
609.9,53.6
610,53.6
610.1,51.800000000000004
610.2,50
610.3,51.800000000000004
610.4,46.4
610.5,50
610.6,48.2
610.7,50
610.8,51.800000000000004
610.9,50
611,48.2
611.1,50
611.2,51.800000000000004
611.3,46.4
611.4,50
611.5,48.2
611.6,50
611.7,46.4
611.8,51.800000000000004
611.9,50
612,48.2
612.1,51.800000000000004
612.2,50
612.3,48.2
612.4,50
612.5,46.4
612.6,51.800000000000004
612.7,50
612.8,44.6
612.9,48.2
613,50
613.1,44.6
613.2,46.4
613.3,51.800000000000004
613.4,50
613.5,48.2
613.6,51.800000000000004
613.7,51.800000000000004
613.8,50
613.9,51.800000000000004
614,53.6
614.1,51.800000000000004
614.2,51.800000000000004
614.3,51.800000000000004
614.4,53.6
614.5,51.800000000000004
614.6,53.6
614.7,53.6
614.8,53.6
614.9,51.800000000000004
615,55.4
615.1,53.6
615.2,51.800000000000004
615.3,53.6
615.4,53.6
615.5,51.800000000000004
615.6,53.6
615.7,53.6
615.8,51.800000000000004
615.9,51.800000000000004
616,53.6
616.1,53.6
616.2,51.800000000000004
616.3,50
616.4,51.800000000000004
616.5,46.4
616.6,50
616.7,48.2
616.8,50
616.9,51.800000000000004
617,50
617.1,48.2
617.2,50
617.3,51.800000000000004
617.4,46.4
617.5,50
617.6,48.2
617.7,50
617.8,46.4
617.9,51.800000000000004
618,50
618.1,48.2
618.2,51.800000000000004
618.3,50
618.4,48.2
618.5,50
618.6,46.4
618.7,51.800000000000004
618.8,50
618.9,44.6
619,48.2
619.1,50
619.2,44.6
619.3,46.4
619.4,51.800000000000004
619.5,50
619.6,48.2
619.7,51.800000000000004
619.8,51.800000000000004
619.9,50
620,51.800000000000004
620.1,53.6
620.2,51.800000000000004
620.3,51.800000000000004
620.4,51.800000000000004
620.5,53.6
620.6,51.800000000000004
620.7,53.6
620.8,53.6
620.9,53.6
621,51.800000000000004
621.1,55.4
621.2,53.6
621.3,51.800000000000004
621.4,53.6
621.5,53.6
621.6,51.800000000000004
621.7,53.6
621.8,53.6
621.9,51.800000000000004
622,51.800000000000004
622.1,53.6
622.2,53.6
622.3,51.800000000000004
622.4,50
622.5,51.800000000000004
622.6,46.4
622.7,50
622.8,48.2
622.9,50
623,51.800000000000004
623.1,50
623.2,48.2
623.3,50
623.4,51.800000000000004
623.5,46.4
623.6,50
623.7,48.2
623.8,50
623.9,46.4
624,51.800000000000004
624.1,50
624.2,48.2
624.3,51.800000000000004
624.4,50
624.5,48.2
624.6,50
624.7,46.4
624.8,51.800000000000004
624.9,50
625,44.6
625.1,48.2
625.2,50
625.3,44.6
625.4,46.4
625.5,51.800000000000004
625.6,50
625.7,48.2
625.8,51.800000000000004
625.9,51.800000000000004
626,50
626.1,51.800000000000004
626.2,53.6
626.3,51.800000000000004
626.4,51.800000000000004
626.5,51.800000000000004
626.6,53.6
626.7,51.800000000000004
626.8,53.6
626.9,53.6
627,53.6
627.1,51.800000000000004
627.2,55.4
627.3,53.6
627.4,51.800000000000004
627.5,53.6
627.6,53.6
627.7,51.800000000000004
627.8,53.6
627.9,53.6
628,51.800000000000004
628.1,51.800000000000004
628.2,53.6
628.3,53.6
628.4,51.800000000000004
628.5,50
628.6,51.800000000000004
628.7,46.4
628.8,50
628.9,48.2
629,50
629.1,51.800000000000004
629.2,50
629.3,48.2
629.4,50
629.5,51.800000000000004
629.6,46.4
629.7,50
629.8,48.2
629.9,50
630,46.4
630.1,51.800000000000004
630.2,50
630.3,48.2
630.4,51.800000000000004
630.5,50
630.6,48.2
630.7,50
630.8,46.4
630.9,51.800000000000004
631,50
631.1,44.6
631.2,48.2
631.3,50
631.4,44.6
631.5,46.4
631.6,51.800000000000004
631.7,50
631.8,48.2
631.9,51.800000000000004
632,51.800000000000004
632.1,50
632.2,51.800000000000004
632.3,53.6
632.4,51.800000000000004
632.5,51.800000000000004
632.6,51.800000000000004
632.7,53.6
632.8,51.800000000000004
632.9,53.6
633,53.6
633.1,53.6
633.2,51.800000000000004
633.3,55.4
633.4,53.6
633.5,51.800000000000004
633.6,53.6
633.7,53.6
633.8,51.800000000000004
633.9,53.6
634,53.6
634.1,51.800000000000004
634.2,51.800000000000004
634.3,53.6
634.4,53.6
634.5,51.800000000000004
634.6,50
634.7,51.800000000000004
634.8,46.4
634.9,50
635,48.2
635.1,50
635.2,51.800000000000004
635.3,50
635.4,48.2
635.5,50
635.6,51.800000000000004
635.7,46.4
635.8,50
635.9,48.2
636,50
636.1,46.4
636.2,51.800000000000004
636.3,50
636.4,48.2
636.5,51.800000000000004
636.6,50
636.7,48.2
636.8,50
636.9,46.4
637,51.800000000000004
637.1,50
637.2,44.6
637.3,48.2
637.4,50
637.5,44.6
637.6,46.4
637.7,51.800000000000004
637.8,50
637.9,48.2
638,51.800000000000004
638.1,51.800000000000004
638.2,50
638.3,51.800000000000004
638.4,53.6
638.5,51.800000000000004
638.6,51.800000000000004
638.7,51.800000000000004
638.8,53.6
638.9,51.800000000000004
639,50
639.1,46.4
639.2,50
639.3,48.2
639.4,50
639.5,46.4
639.6,42.800000000000004
639.7,41
639.8,39.2
639.9,35.6
640,39.2
640.1,37.4
640.2,39.2
640.3,35.6
640.4,33.8
640.5,32
640.6,30.2
640.7,33.8
640.8,28.400000000000002
640.9,26.6
641,23
641.1,26.6
641.2,24.8
641.3,26.6
641.4,23
641.5,21.2
641.6,19.4
641.7,21.2
641.8,23
641.9,23
642,24.8
642.1,21.2
642.2,19.4
642.3,19.4
642.4,17.6
642.5,21.2
642.6,17.6
642.7,15.8
642.8,17.6
642.9,15.8
643,15.8
643.1,15.8
643.2,15.8
643.3,17.6
643.4,17.6
643.5,17.6
643.6,17.6
643.7,17.6
643.8,15.8
643.9,15.8
644,15.8
644.1,15.8
644.2,15.8
644.3,17.6
644.4,17.6
644.5,17.6
644.6,17.6
644.7,17.6
644.8,17.6
644.9,17.6
645,17.6
645.1,19.4
645.2,19.4
645.3,19.4
645.4,21.2
645.5,23
645.6,21.2
645.7,19.4
645.8,21.2
645.9,28.400000000000002
646,24.8
646.1,26.6
646.2,30.2
646.3,30.2
646.4,33.8
646.5,33.8
646.6,32
646.7,32
646.8,30.2
646.9,32
647,30.2
647.1,28.400000000000002
647.2,30.2
647.3,32
647.4,37.4
647.5,35.6
647.6,33.8
647.7,33.8
647.8,37.4
647.9,37.4
648,41
648.1,39.2
648.2,35.6
648.3,33.8
648.4,32
648.5,33.8
648.6,35.6
648.7,39.2
648.8,35.6
648.9,39.2
649,37.4
649.1,35.6
649.2,39.2
649.3,39.2
649.4,37.4
649.5,35.6
649.6,33.8
649.7,32
649.8,37.4
649.9,35.6
650,33.8
650.1,37.4
650.2,32
650.3,35.6
650.4,37.4
650.5,32
650.6,35.6
650.7,30.2
650.8,32
650.9,33.8
651,32
651.1,30.2
651.2,26.6
651.3,28.400000000000002
651.4,26.6
651.5,28.400000000000002
651.6,26.6
651.7,28.400000000000002
651.8,28.400000000000002
651.9,32
652,35.6
652.1,35.6
652.2,33.8
652.3,37.4
652.4,39.2
652.5,37.4
652.6,35.6
652.7,39.2
652.8,39.2
652.9,37.4
653,39.2
653.1,39.2
653.2,41
653.3,42.800000000000004
653.4,46.4
653.5,42.800000000000004
653.6,46.4
653.7,44.6
653.8,48.2
653.9,46.4
654,50
654.1,46.4
654.2,48.2
654.3,50
654.4,51.800000000000004
654.5,50
654.6,48.2
654.7,50
654.8,50
654.9,51.800000000000004
655,50
655.1,50
655.2,46.4
655.3,50
655.4,46.4
655.5,51.800000000000004
655.6,50
655.7,50
655.8,53.6
655.9,53.6
656,53.6
656.1,51.800000000000004
656.2,50
656.3,50
656.4,50
656.5,51.800000000000004
656.6,53.6
656.7,51.800000000000004
656.8,53.6
656.9,55.4
657,55.4
657.1,57.2
657.2,59
657.3,57.2
657.4,55.4
657.5,57.2
657.6,59
657.7,59
657.8,59
657.9,59
658,59
658.1,59
658.2,59
658.3,57.2
658.4,55.4
658.5,57.2
658.6,57.2
658.7,55.4
658.8,53.6
658.9,51.800000000000004
659,51.800000000000004
659.1,53.6
659.2,55.4
659.3,53.6
659.4,53.6
659.5,51.800000000000004
659.6,53.6
659.7,55.4
659.8,53.6
659.9,51.800000000000004
660,53.6
660.1,55.4
660.2,55.4
660.3,53.6
660.4,53.6
660.5,53.6
660.6,53.6
660.7,53.6
660.8,53.6
660.9,55.4
661,55.4
661.1,53.6
661.2,53.6
661.3,53.6
661.4,51.800000000000004
661.5,51.800000000000004
661.6,51.800000000000004
661.7,51.800000000000004
661.8,51.800000000000004
661.9,51.800000000000004
662,51.800000000000004
662.1,51.800000000000004
662.2,51.800000000000004
662.3,51.800000000000004
662.4,51.800000000000004
662.5,50
662.6,51.800000000000004
662.7,51.800000000000004
662.8,50
662.9,50
663,46.4
663.1,46.4
663.2,46.4
663.3,48.2
663.4,48.2
663.5,48.2
663.6,48.2
663.7,48.2
663.8,50
663.9,53.6
664,50
664.1,53.6
664.2,51.800000000000004
664.3,53.6
664.4,53.6
664.5,51.800000000000004
664.6,53.6
664.7,55.4
664.8,55.4
664.9,53.6
665,57.2
665.1,57.2
665.2,55.4
665.3,53.6
665.4,51.800000000000004
665.5,50
665.6,55.4
665.7,53.6
665.8,51.800000000000004
665.9,55.4
666,50
666.1,53.6
666.2,55.4
666.3,50
666.4,53.6
666.5,48.2
666.6,50
666.7,51.800000000000004
666.8,50
666.9,48.2
667,44.6
667.1,46.4
667.2,46.4
667.3,46.4
667.4,48.2
667.5,46.4
667.6,46.4
667.7,44.6
667.8,42.800000000000004
667.9,46.4
668,42.800000000000004
668.1,41
668.2,39.2
668.3,37.4
668.4,35.6
668.5,39.2
668.6,39.2
668.7,37.4
668.8,35.6
668.9,33.8
669,32
669.1,37.4
669.2,35.6
669.3,33.8
669.4,37.4
669.5,32
669.6,35.6
669.7,37.4
669.8,32
669.9,35.6
670,30.2
670.1,32
670.2,33.8
670.3,32
670.4,30.2
670.5,26.6
670.6,28.400000000000002
670.7,24.8
670.8,23
670.9,21.2
671,10.4
671.1,10.4
671.2,10.4
671.3,10.4
671.4,10.4
671.5,12.2
671.6,12.2
671.7,6.8
671.8,6.8
671.9,8.6
672,8.6
672.1,8.6
672.2,8.6
672.3,8.6
672.4,10.4
672.5,10.4
672.6,10.4
672.7,8.6
672.8,10.4
672.9,10.4
673,10.4
673.1,10.4
673.2,12.2
673.3,12.2
673.4,12.2
673.5,12.2
673.6,12.2
673.7,12.2
673.8,12.2
673.9,14
674,14
674.1,14
674.2,14
674.3,14
674.4,14
674.5,14
674.6,15.8
674.7,15.8
674.8,15.8
674.9,15.8
675,17.6
675.1,17.6
675.2,17.6
675.3,17.6
675.4,17.6
675.5,17.6
675.6,17.6
675.7,17.6
675.8,17.6
675.9,19.4
676,17.6
676.1,17.6
676.2,19.4
676.3,19.4
676.4,19.4
676.5,19.4
676.6,19.4
676.7,21.2
676.8,21.2
676.9,21.2
677,21.2
677.1,19.4
677.2,19.4
677.3,19.4
677.4,21.2
677.5,21.2
677.6,21.2
677.7,19.4
677.8,21.2
677.9,19.4
678,19.4
678.1,21.2
678.2,21.2
678.3,21.2
678.4,21.2
678.5,23
678.6,23
678.7,23
678.8,21.2
678.9,21.2
679,23
679.1,23
679.2,23
679.3,23
679.4,23
679.5,23
679.6,23
679.7,23
679.8,23
679.9,23
680,24.8
680.1,23
680.2,24.8
680.3,23
680.4,23
680.5,21.2
680.6,21.2
680.7,23
680.8,23
680.9,23
681,23
681.1,23
681.2,21.2
681.3,21.2
681.4,21.2
681.5,21.2
681.6,21.2
681.7,21.2
681.8,23
681.9,23
682,21.2
682.1,19.4
682.2,19.4
682.3,19.4
682.4,19.4
682.5,21.2
682.6,21.2
682.7,21.2
682.8,19.4
682.9,19.4
683,19.4
683.1,19.4
683.2,19.4
683.3,17.6
683.4,17.6
683.5,17.6
683.6,17.6
683.7,15.8
683.8,14
683.9,12.2
684,12.2
684.1,12.2
684.2,12.2
684.3,12.2
684.4,12.2
684.5,12.2
684.6,10.4
684.7,10.4
684.8,10.4
684.9,8.6
685,8.6
685.1,8.6
685.2,8.6
685.3,6.8
685.4,8.6
685.5,10.4
685.6,12.2
685.7,12.2
685.8,14
685.9,10.4
686,14
686.1,12.2
686.2,12.2
686.3,10.4
686.4,10.4
686.5,10.4
686.6,12.2
686.7,14
686.8,14
686.9,10.4
687,12.2
687.1,14
687.2,12.2
687.3,14
687.4,12.2
687.5,10.4
687.6,12.2
687.7,10.4
687.8,10.4
687.9,6.8
688,8.6
688.1,8.6
688.2,8.6
688.3,8.6
688.4,8.6
688.5,10.4
688.6,8.6
688.7,8.6
688.8,10.4
688.9,10.4
689,10.4
689.1,10.4
689.2,10.4
689.3,10.4
689.4,10.4
689.5,10.4
689.6,12.2
689.7,12.2
689.8,12.2
689.9,12.2
690,12.2
690.1,12.2
690.2,12.2
690.3,12.2
690.4,12.2
690.5,12.2
690.6,12.2
690.7,12.2
690.8,12.2
690.9,14
691,14
691.1,14
691.2,14
691.3,14
691.4,14
691.5,14
691.6,15.8
691.7,15.8
691.8,14
691.9,14
692,14
692.1,14
692.2,15.8
692.3,15.8
692.4,15.8
692.5,15.8
692.6,15.8
692.7,15.8
692.8,15.8
692.9,15.8
693,15.8
693.1,15.8
693.2,17.6
693.3,17.6
693.4,17.6
693.5,17.6
693.6,15.8
693.7,15.8
693.8,17.6
693.9,17.6
694,17.6
694.1,17.6
694.2,17.6
694.3,17.6
694.4,17.6
694.5,19.4
694.6,19.4
694.7,19.4
694.8,19.4
694.9,19.4
695,19.4
695.1,19.4
695.2,19.4
695.3,19.4
695.4,19.4
695.5,19.4
695.6,19.4
695.7,19.4
695.8,19.4
695.9,19.4
696,19.4
696.1,19.4
696.2,21.2
696.3,21.2
696.4,21.2
696.5,21.2
696.6,21.2
696.7,21.2
696.8,21.2
696.9,19.4
697,19.4
697.1,21.2
697.2,19.4
697.3,21.2
697.4,21.2
697.5,21.2
697.6,21.2
697.7,21.2
697.8,21.2
697.9,21.2
698,21.2
698.1,21.2
698.2,21.2
698.3,21.2
698.4,21.2
698.5,19.4
698.6,19.4
698.7,19.4
698.8,19.4
698.9,19.4
699,19.4
699.1,19.4
699.2,19.4
699.3,19.4
699.4,19.4
699.5,19.4
699.6,19.4
699.7,19.4
699.8,21.2
699.9,21.2
700,21.2
700.1,19.4
700.2,19.4
700.3,17.6
700.4,17.6
700.5,19.4
700.6,19.4
700.7,19.4
700.8,19.4
700.9,19.4
701,19.4
701.1,19.4
701.2,19.4
701.3,21.2
701.4,19.4
701.5,21.2
701.6,21.2
701.7,21.2
701.8,19.4
701.9,19.4
702,19.4
702.1,19.4
702.2,21.2
702.3,21.2
702.4,21.2
702.5,21.2
702.6,21.2
702.7,21.2
702.8,21.2
702.9,21.2
703,23
703.1,23
703.2,23
703.3,23
703.4,23
703.5,21.2
703.6,21.2
703.7,21.2
703.8,21.2
703.9,21.2
704,23
704.1,21.2
704.2,21.2
704.3,21.2
704.4,23
704.5,23
704.6,23
704.7,23
704.8,23
704.9,24.8
705,23
705.1,23
705.2,23
705.3,21.2
705.4,21.2
705.5,23
705.6,21.2
705.7,21.2
705.8,21.2
705.9,23
706,23
706.1,23
706.2,23
706.3,23
706.4,23
706.5,24.8
706.6,24.8
706.7,24.8
706.8,23
706.9,21.2
707,23
707.1,23
707.2,23
707.3,23
707.4,23
707.5,23
707.6,23
707.7,21.2
707.8,21.2
707.9,21.2
708,21.2
708.1,21.2
708.2,21.2
708.3,21.2
708.4,19.4
708.5,19.4
708.6,17.6
708.7,15.8
708.8,15.8
708.9,15.8
709,17.6
709.1,17.6
709.2,17.6
709.3,15.8
709.4,15.8
709.5,14
709.6,14
709.7,14
709.8,14
709.9,14
710,14
710.1,12.2
710.2,10.4
710.3,8.6
710.4,8.6
710.5,6.8
710.6,6.8
710.7,6.8
710.8,8.6
710.9,8.6
711,6.8
711.1,6.8
711.2,8.6
711.3,6.8
711.4,6.8
711.5,8.6
711.6,10.4
711.7,10.4
711.8,8.6
711.9,10.4
712,14
712.1,12.2
712.2,12.2
712.3,14
712.4,15.8
712.5,17.6
712.6,17.6
712.7,15.8
712.8,17.6
712.9,19.4
713,19.4
713.1,21.2
713.2,19.4
713.3,21.2
713.4,23
713.5,24.8
713.6,24.8
713.7,26.6
713.8,24.8
713.9,30.2
714,28.400000000000002
714.1,30.2
714.2,30.2
714.3,30.2
714.4,28.400000000000002
714.5,28.400000000000002
714.6,28.400000000000002
714.7,32
714.8,33.8
714.9,35.6
715,35.6
715.1,33.8
715.2,37.4
715.3,39.2
715.4,37.4
715.5,35.6
715.6,39.2
715.7,39.2
715.8,37.4
715.9,35.6
716,33.8
716.1,32
716.2,37.4
716.3,35.6
716.4,33.8
716.5,37.4
716.6,32
716.7,35.6
716.8,37.4
716.9,32
717,35.6
717.1,30.2
717.2,32
717.3,33.8
717.4,32
717.5,30.2
717.6,26.6
717.7,28.400000000000002
717.8,24.8
717.9,28.400000000000002
718,32
718.1,28.400000000000002
718.2,28.400000000000002
718.3,28.400000000000002
718.4,28.400000000000002
718.5,28.400000000000002
718.6,30.2
718.7,30.2
718.8,39.2
718.9,37.4
719,35.6
719.1,39.2
719.2,39.2
719.3,37.4
719.4,35.6
719.5,33.8
719.6,32
719.7,37.4
719.8,35.6
719.9,33.8
720,37.4
720.1,32
720.2,35.6
720.3,37.4
720.4,32
720.5,35.6
720.6,30.2
720.7,32
720.8,33.8
720.9,32
721,30.2
721.1,26.6
721.2,28.400000000000002
721.3,24.8
721.4,28.400000000000002
721.5,30.2
721.6,28.400000000000002
721.7,32
721.8,32
721.9,28.400000000000002
722,28.400000000000002
722.1,30.2
722.2,30.2
722.3,37.4
722.4,39.2
722.5,35.6
722.6,33.8
722.7,32
722.8,30.2
722.9,33.8
723,28.400000000000002
723.1,26.6
723.2,23
723.3,26.6
723.4,24.8
723.5,26.6
723.6,23
723.7,21.2
723.8,19.4
723.9,21.2
724,23
724.1,23
724.2,24.8
724.3,21.2
724.4,19.4
724.5,19.4
724.6,17.6
724.7,21.2
724.8,17.6
724.9,15.8
725,17.6
725.1,15.8
725.2,15.8
725.3,15.8
725.4,15.8
725.5,17.6
725.6,17.6
725.7,17.6
725.8,17.6
725.9,17.6
726,15.8
726.1,15.8
726.2,15.8
726.3,15.8
726.4,15.8
726.5,17.6
726.6,17.6
726.7,17.6
726.8,17.6
726.9,17.6
727,17.6
727.1,17.6
727.2,17.6
727.3,19.4
727.4,19.4
727.5,17.6
727.6,19.4
727.7,21.2
727.8,23
727.9,23
728,24.8
728.1,30.2
728.2,26.6
728.3,28.400000000000002
728.4,28.400000000000002
728.5,33.8
728.6,33.8
728.7,33.8
728.8,32
728.9,32
729,33.8
729.1,33.8
729.2,32
729.3,32
729.4,28.400000000000002
729.5,28.400000000000002
729.6,28.400000000000002
729.7,30.2
729.8,30.2
729.9,30.2
730,30.2
730.1,32
730.2,33.8
730.3,32
730.4,33.8
730.5,35.6
730.6,33.8
730.7,35.6
730.8,37.4
730.9,35.6
731,35.6
731.1,39.2
731.2,37.4
731.3,35.6
731.4,39.2
731.5,39.2
731.6,37.4
731.7,35.6
731.8,33.8
731.9,32
732,30.2
732.1,28.400000000000002
732.2,24.8
732.3,10.4
732.4,24.8
732.5,23
732.6,21.2
732.7,23
732.8,21.2
732.9,17.6
733,15.8
733.1,15.8
733.2,14
733.3,12.2
733.4,8.6
733.5,10.4
733.6,6.8
733.7,6.8
733.8,6.8
733.9,6.8
734,6.8
734.1,6.8
734.2,6.8
734.3,8.6
734.4,8.6
734.5,8.6
734.6,8.6
734.7,10.4
734.8,10.4
734.9,10.4
735,10.4
735.1,10.4
735.2,10.4
735.3,12.2
735.4,10.4
735.5,10.4
735.6,12.2
735.7,12.2
735.8,12.2
735.9,12.2
736,12.2
736.1,14
736.2,14
736.3,14
736.4,14
736.5,14
736.6,15.8
736.7,14
736.8,14
736.9,14
737,14
737.1,15.8
737.2,15.8
737.3,15.8
737.4,15.8
737.5,15.8
737.6,14
737.7,15.8
737.8,15.8
737.9,15.8
738,15.8
738.1,17.6
738.2,17.6
738.3,17.6
738.4,15.8
738.5,15.8
738.6,15.8
738.7,15.8
738.8,15.8
738.9,15.8
739,15.8
739.1,15.8
739.2,17.6
739.3,17.6
739.4,17.6
739.5,17.6
739.6,17.6
739.7,17.6
739.8,17.6
739.9,19.4
740,19.4
740.1,19.4
740.2,17.6
740.3,17.6
740.4,17.6
740.5,19.4
740.6,19.4
740.7,19.4
740.8,19.4
740.9,19.4
741,19.4
741.1,19.4
741.2,19.4
741.3,19.4
741.4,21.2
741.5,21.2
741.6,21.2
741.7,19.4
741.8,19.4
741.9,19.4
742,19.4
742.1,19.4
742.2,21.2
742.3,21.2
742.4,19.4
742.5,21.2
742.6,21.2
742.7,21.2
742.8,21.2
742.9,21.2
743,23
743.1,23
743.2,23
743.3,23
743.4,21.2
743.5,21.2
743.6,21.2
743.7,21.2
743.8,21.2
743.9,23
744,21.2
744.1,21.2
744.2,21.2
744.3,21.2
744.4,21.2
744.5,21.2
744.6,23
744.7,21.2
744.8,23
744.9,23
745,23
745.1,21.2
745.2,21.2
745.3,19.4
745.4,19.4
745.5,21.2
745.6,21.2
745.7,21.2
745.8,21.2
745.9,21.2
746,19.4
746.1,19.4
746.2,19.4
746.3,19.4
746.4,19.4
746.5,21.2
746.6,21.2
746.7,19.4
746.8,17.6
746.9,17.6
747,15.8
747.1,15.8
747.2,15.8
747.3,15.8
747.4,17.6
747.5,17.6
747.6,17.6
747.7,15.8
747.8,17.6
747.9,17.6
748,17.6
748.1,17.6
748.2,17.6
748.3,17.6
748.4,17.6
748.5,15.8
748.6,15.8
748.7,15.8
748.8,15.8
748.9,15.8
749,15.8
749.1,15.8
749.2,15.8
749.3,17.6
749.4,17.6
749.5,17.6
749.6,17.6
749.7,17.6
749.8,19.4
749.9,19.4
750,19.4
750.1,19.4
750.2,17.6
750.3,19.4
750.4,19.4
750.5,19.4
750.6,19.4
750.7,17.6
750.8,19.4
750.9,19.4
751,19.4
751.1,19.4
751.2,19.4
751.3,21.2
751.4,21.2
751.5,21.2
751.6,21.2
751.7,21.2
751.8,21.2
751.9,19.4
752,21.2
752.1,21.2
752.2,21.2
752.3,21.2
752.4,21.2
752.5,21.2
752.6,21.2
752.7,21.2
752.8,21.2
752.9,21.2
753,21.2
753.1,21.2
753.2,23
753.3,21.2
753.4,21.2
753.5,19.4
753.6,17.6
753.7,19.4
753.8,19.4
753.9,19.4
754,19.4
754.1,19.4
754.2,19.4
754.3,19.4
754.4,19.4
754.5,19.4
754.6,19.4
754.7,19.4
754.8,21.2
754.9,21.2
755,21.2
755.1,19.4
755.2,19.4
755.3,19.4
755.4,19.4
755.5,19.4
755.6,19.4
755.7,21.2
755.8,21.2
755.9,19.4
756,19.4
756.1,19.4
756.2,17.6
756.3,19.4
756.4,19.4
756.5,19.4
756.6,17.6
756.7,19.4
756.8,15.8
756.9,15.8
757,17.6
757.1,17.6
757.2,17.6
757.3,17.6
757.4,17.6
757.5,17.6
757.6,17.6
757.7,17.6
757.8,19.4
757.9,17.6
758,17.6
758.1,19.4
758.2,19.4
758.3,17.6
758.4,17.6
758.5,15.8
758.6,15.8
758.7,15.8
758.8,15.8
758.9,15.8
759,15.8
759.1,17.6
759.2,17.6
759.3,17.6
759.4,17.6
759.5,17.6
759.6,17.6
759.7,19.4
759.8,19.4
759.9,19.4
760,19.4
760.1,17.6
760.2,17.6
760.3,17.6
760.4,19.4
760.5,19.4
760.6,19.4
760.7,19.4
760.8,19.4
760.9,19.4
761,19.4
761.1,19.4
761.2,19.4
761.3,21.2
761.4,21.2
761.5,21.2
761.6,21.2
761.7,21.2
761.8,21.2
761.9,21.2
762,21.2
762.1,23
762.2,21.2
762.3,21.2
762.4,21.2
762.5,21.2
762.6,21.2
762.7,23
762.8,23
762.9,21.2
763,21.2
763.1,21.2
763.2,19.4
763.3,19.4
763.4,21.2
763.5,21.2
763.6,21.2
763.7,21.2
763.8,21.2
763.9,19.4
764,17.6
764.1,17.6
764.2,17.6
764.3,17.6
764.4,17.6
764.5,15.8
764.6,15.8
764.7,15.8
764.8,15.8
764.9,15.8
765,15.8
765.1,15.8
765.2,15.8
765.3,15.8
765.4,15.8
765.5,17.6
765.6,15.8
765.7,14
765.8,14
765.9,15.8
766,15.8
766.1,15.8
766.2,15.8
766.3,15.8
766.4,15.8
766.5,14
766.6,14
766.7,15.8
766.8,15.8
766.9,15.8
767,15.8
767.1,15.8
767.2,15.8
767.3,15.8
767.4,14
767.5,14
767.6,14
767.7,15.8
767.8,15.8
767.9,15.8
768,15.8
768.1,15.8
768.2,15.8
768.3,15.8
768.4,15.8
768.5,15.8
768.6,17.6
768.7,15.8
768.8,17.6
768.9,17.6
769,15.8
769.1,15.8
769.2,15.8
769.3,15.8
769.4,17.6
769.5,15.8
769.6,15.8
769.7,14
769.8,14
769.9,12.2
770,14
770.1,14
770.2,14
770.3,14
770.4,14
770.5,14
770.6,12.2
770.7,10.4
770.8,10.4
770.9,10.4
771,10.4
771.1,10.4
771.2,10.4
771.3,8.6
771.4,8.6
771.5,8.6
771.6,6.8
771.7,6.8
771.8,6.8
771.9,8.6
772,8.6
772.1,8.6
772.2,6.8
772.3,8.6
772.4,6.8
772.5,6.8
772.6,8.6
772.7,6.8
772.8,6.8
772.9,6.8
773,8.6
773.1,6.8
773.2,6.8
773.3,6.8
773.4,6.8
773.5,6.8
773.6,6.8
773.7,6.8
773.8,6.8
773.9,8.6
774,8.6
774.1,10.4
774.2,8.6
774.3,10.4
774.4,12.2
774.5,10.4
774.6,8.6
774.7,10.4
774.8,8.6
774.9,10.4
775,8.6
775.1,10.4
775.2,12.2
775.3,8.6
775.4,8.6
775.5,8.6
775.6,8.6
775.7,6.8
775.8,6.8
775.9,8.6
776,6.8
776.1,8.6
776.2,8.6
776.3,10.4
776.4,8.6
776.5,8.6
776.6,8.6
776.7,8.6
776.8,10.4
776.9,10.4
777,12.2
777.1,12.2
777.2,12.2
777.3,10.4
777.4,8.6
777.5,8.6
777.6,10.4
777.7,10.4
777.8,10.4
777.9,12.2
778,12.2
778.1,10.4
778.2,10.4
778.3,12.2
778.4,12.2
778.5,12.2
778.6,12.2
778.7,12.2
778.8,12.2
778.9,10.4
779,10.4
779.1,8.6
779.2,8.6
779.3,8.6
779.4,8.6
779.5,8.6
779.6,6.8
779.7,6.8
779.8,10.4
779.9,10.4
780,8.6
780.1,10.4
780.2,8.6
780.3,8.6
780.4,10.4
780.5,8.6
780.6,12.2
780.7,10.4
780.8,12.2
780.9,14
781,17.6
781.1,15.8
781.2,14
781.3,19.4
781.4,17.6
781.5,19.4
781.6,21.2
781.7,21.2
781.8,21.2
781.9,21.2
782,19.4
782.1,21.2
782.2,21.2
782.3,21.2
782.4,21.2
782.5,21.2
782.6,21.2
782.7,21.2
782.8,21.2
782.9,21.2
783,21.2
783.1,21.2
783.2,21.2
783.3,23
783.4,21.2
783.5,21.2
783.6,19.4
783.7,17.6
783.8,19.4
783.9,19.4
784,19.4
784.1,19.4
784.2,19.4
784.3,19.4
784.4,19.4
784.5,19.4
784.6,19.4
784.7,19.4
784.8,19.4
784.9,21.2
785,21.2
785.1,21.2
785.2,19.4
785.3,19.4
785.4,19.4
785.5,19.4
785.6,19.4
785.7,19.4
785.8,21.2
785.9,21.2
786,19.4
786.1,19.4
786.2,19.4
786.3,17.6
786.4,19.4
786.5,19.4
786.6,19.4
786.7,17.6
786.8,19.4
786.9,15.8
787,15.8
787.1,17.6
787.2,17.6
787.3,17.6
787.4,17.6
787.5,17.6
787.6,17.6
787.7,17.6
787.8,17.6
787.9,19.4
788,17.6
788.1,17.6
788.2,19.4
788.3,19.4
788.4,17.6
788.5,17.6
788.6,15.8
788.7,15.8
788.8,15.8
788.9,15.8
789,15.8
789.1,15.8
789.2,17.6
789.3,17.6
789.4,17.6
789.5,17.6
789.6,17.6
789.7,17.6
789.8,19.4
789.9,19.4
790,19.4
790.1,19.4
790.2,17.6
790.3,17.6
790.4,17.6
790.5,19.4
790.6,19.4
790.7,19.4
790.8,19.4
790.9,19.4
791,19.4
791.1,19.4
791.2,19.4
791.3,19.4
791.4,21.2
791.5,21.2
791.6,21.2
791.7,21.2
791.8,21.2
791.9,21.2
792,21.2
792.1,21.2
792.2,23
792.3,21.2
792.4,21.2
792.5,21.2
792.6,21.2
792.7,21.2
792.8,23
792.9,23
793,21.2
793.1,21.2
793.2,21.2
793.3,19.4
793.4,19.4
793.5,21.2
793.6,21.2
793.7,21.2
793.8,21.2
793.9,21.2
794,19.4
794.1,17.6
794.2,17.6
794.3,17.6
794.4,17.6
794.5,17.6
794.6,15.8
794.7,15.8
794.8,15.8
794.9,15.8
795,15.8
795.1,15.8
795.2,15.8
795.3,15.8
795.4,15.8
795.5,15.8
795.6,17.6
795.7,15.8
795.8,14
795.9,14
796,15.8
796.1,15.8
796.2,15.8
796.3,15.8
796.4,15.8
796.5,15.8
796.6,14
796.7,14
796.8,15.8
796.9,15.8
797,15.8
797.1,15.8
797.2,15.8
797.3,15.8
797.4,15.8
797.5,14
797.6,14
797.7,14
797.8,15.8
797.9,15.8
798,15.8
798.1,15.8
798.2,15.8
798.3,15.8
798.4,15.8
798.5,15.8
798.6,15.8
798.7,17.6
798.8,15.8
798.9,17.6
799,17.6
799.1,15.8
799.2,15.8
799.3,15.8
799.4,15.8
799.5,17.6
799.6,15.8
799.7,15.8
799.8,14
799.9,14
800,5.2
800.1,5
800.2,5
800.3,5
800.4,5
800.5,5
800.6,5
800.7,5.2
800.8,5.4
800.9,5.4
801,5.4
801.1,5.4
801.2,5.4
801.3,5.4
801.4,5.6000000000000005
801.5,5.6000000000000005
801.6,5.6000000000000005
801.7,5.800000000000001
801.8,5.800000000000001
801.9,5.800000000000001
802,5.6000000000000005
802.1,5.6000000000000005
802.2,5.6000000000000005
802.3,5.800000000000001
802.4,5.6000000000000005
802.5,5.800000000000001
802.6,5.800000000000001
802.7,5.6000000000000005
802.8,5.800000000000001
802.9,5.800000000000001
803,5.800000000000001
803.1,5.6000000000000005
803.2,5.800000000000001
803.3,5.800000000000001
803.4,5.800000000000001
803.5,5.800000000000001
803.6,5.800000000000001
803.7,5.800000000000001
803.8,5.800000000000001
803.9,5.800000000000001
804,5.6000000000000005
804.1,5.6000000000000005
804.2,5.4
804.3,5.6000000000000005
804.4,5.4
804.5,5.2
804.6,5.4
804.7,5.6000000000000005
804.8,5.4
804.9,5.6000000000000005
805,5.4
805.1,5.6000000000000005
805.2,5.4
805.3,5.2
805.4,5.6000000000000005
805.5,5.6000000000000005
805.6,5.6000000000000005
805.7,5.6000000000000005
805.8,5.800000000000001
805.9,5.800000000000001
806,5.6000000000000005
806.1,5.800000000000001
806.2,5.6000000000000005
806.3,5.6000000000000005
806.4,5.4
806.5,5.6000000000000005
806.6,5.6000000000000005
806.7,5.6000000000000005
806.8,5.6000000000000005
806.9,5.4
807,5.4
807.1,5.2
807.2,5.2
807.3,5.2
807.4,5.4
807.5,5.6000000000000005
807.6,5.6000000000000005
807.7,5.4
807.8,5.4
807.9,5.4
808,5.2
808.1,5.2
808.2,5.4
808.3,5.4
808.4,5.2
808.5,5.2
808.6,5.2
808.7,5.2
808.8,5.2
808.9,5.2
809,5.4
809.1,5.2
809.2,4.6000000000000005
809.3,4.800000000000001
809.4,5
809.5,4.800000000000001
809.6,4.2
809.7,4
809.8,4.2
809.9,4.4
810,4.2
810.1,3.8000000000000003
810.2,4
810.3,3.8000000000000003
810.4,3.8000000000000003
810.5,3.4000000000000004
810.6,3.6
810.7,3.2
810.8,3.4000000000000004
810.9,3.6
811,3.6
811.1,3.4000000000000004
811.2,3.6
811.3,3.8000000000000003
811.4,4
811.5,4.2
811.6,4
811.7,4.2
811.8,4.2
811.9,4.2
812,4.2
812.1,4.4
812.2,4.2
812.3,4.2
812.4,4.2
812.5,4.2
812.6,4.2
812.7,4.2
812.8,4.2
812.9,4.2
813,4.2
813.1,4.2
813.2,4.2
813.3,4.2
813.4,4
813.5,4.2
813.6,4.2
813.7,4.4
813.8,4.6000000000000005
813.9,4.4
814,4.4
814.1,4.4
814.2,4.4
814.3,4.4
814.4,4.4
814.5,4.4
814.6,4.4
814.7,4.4
814.8,4.4
814.9,4.4
815,4.2
815.1,4.2
815.2,4.2
815.3,4.4
815.4,4.4
815.5,4.4
815.6,4.4
815.7,4.4
815.8,4.4
815.9,4.2
816,4.2
816.1,4.4
816.2,4.4
816.3,4.4
816.4,4.6000000000000005
816.5,4.4
816.6,4.4
816.7,4.4
816.8,4.6000000000000005
816.9,4.4
817,4.800000000000001
817.1,4.800000000000001
817.2,4.6000000000000005
817.3,4.6000000000000005
817.4,4.6000000000000005
817.5,4.6000000000000005
817.6,4.6000000000000005
817.7,4.6000000000000005
817.8,4.6000000000000005
817.9,4.6000000000000005
818,4.4
818.1,4.6000000000000005
818.2,4.6000000000000005
818.3,4.4
818.4,4.4
818.5,4.6000000000000005
818.6,4.6000000000000005
818.7,4.800000000000001
818.8,4.800000000000001
818.9,4.800000000000001
819,4.800000000000001
819.1,4.800000000000001
819.2,4.800000000000001
819.3,4.6000000000000005
819.4,4.6000000000000005
819.5,4.6000000000000005
819.6,4.6000000000000005
819.7,4.6000000000000005
819.8,4.6000000000000005
819.9,4.4
820,4.4
820.1,4.4
820.2,4.4
820.3,4.6000000000000005
820.4,4.6000000000000005
820.5,4.6000000000000005
820.6,4.4
820.7,4.4
820.8,4.4
820.9,4.4
821,4.4
821.1,4.4
821.2,4.4
821.3,4.4
821.4,4.4
821.5,4.2
821.6,4.2
821.7,4.2
821.8,4.2
821.9,4.2
822,4.2
822.1,4.2
822.2,4.2
822.3,4
822.4,4.2
822.5,4.2
822.6,4.2
822.7,4.2
822.8,4.2
822.9,4
823,4
823.1,4.2
823.2,4.2
823.3,4.2
823.4,4.4
823.5,4.4
823.6,4.2
823.7,4.2
823.8,4.2
823.9,4.2
824,4.2
824.1,4.4
824.2,4.6000000000000005
824.3,4.6000000000000005
824.4,4.6000000000000005
824.5,4.6000000000000005
824.6,4.6000000000000005
824.7,4.800000000000001
824.8,4.800000000000001
824.9,4.800000000000001
825,4.800000000000001
825.1,4.800000000000001
825.2,4.800000000000001
825.3,4.800000000000001
825.4,4.800000000000001
825.5,4.800000000000001
825.6,4.800000000000001
825.7,4.6000000000000005
825.8,4.800000000000001
825.9,5
826,5
826.1,4.800000000000001
826.2,4.800000000000001
826.3,4.800000000000001
826.4,4.800000000000001
826.5,4.800000000000001
826.6,4.800000000000001
826.7,5
826.8,5
826.9,4.800000000000001
827,4.800000000000001
827.1,4.800000000000001
827.2,4.800000000000001
827.3,4.800000000000001
827.4,4.800000000000001
827.5,4.800000000000001
827.6,5
827.7,5
827.8,5
827.9,4.800000000000001
828,4.800000000000001
828.1,4.800000000000001
828.2,4.800000000000001
828.3,4.800000000000001
828.4,4.800000000000001
828.5,4.800000000000001
828.6,4.800000000000001
828.7,4.800000000000001
828.8,4.6000000000000005
828.9,4.800000000000001
829,4.6000000000000005
829.1,4.6000000000000005
829.2,4.800000000000001
829.3,4.800000000000001
829.4,4.800000000000001
829.5,4.800000000000001
829.6,4.6000000000000005
829.7,4.800000000000001
829.8,4.800000000000001
829.9,5
830,5
830.1,5.2
830.2,5
830.3,5
830.4,5
830.5,5
830.6,5
830.7,5
830.8,5.2
830.9,5.4
831,5.4
831.1,5.4
831.2,5.4
831.3,5.4
831.4,5.4
831.5,5.6000000000000005
831.6,5.6000000000000005
831.7,5.6000000000000005
831.8,5.800000000000001
831.9,5.800000000000001
832,5.800000000000001
832.1,5.6000000000000005
832.2,5.6000000000000005
832.3,5.6000000000000005
832.4,5.800000000000001
832.5,5.6000000000000005
832.6,5.800000000000001
832.7,5.800000000000001
832.8,5.6000000000000005
832.9,5.800000000000001
833,5.800000000000001
833.1,5.800000000000001
833.2,5.6000000000000005
833.3,5.800000000000001
833.4,5.800000000000001
833.5,5.800000000000001
833.6,5.800000000000001
833.7,5.800000000000001
833.8,5.800000000000001
833.9,5.800000000000001
834,5.800000000000001
834.1,5.6000000000000005
834.2,5.6000000000000005
834.3,5.4
834.4,5.6000000000000005
834.5,5.4
834.6,5.2
834.7,5.4
834.8,5.6000000000000005
834.9,5.4
835,5.6000000000000005
835.1,5.4
835.2,5.6000000000000005
835.3,5.4
835.4,5.2
835.5,5.6000000000000005
835.6,5.6000000000000005
835.7,5.6000000000000005
835.8,5.6000000000000005
835.9,5.800000000000001
836,5.800000000000001
836.1,5.6000000000000005
836.2,5.800000000000001
836.3,5.6000000000000005
836.4,5.6000000000000005
836.5,5.4
836.6,5.6000000000000005
836.7,5.6000000000000005
836.8,5.6000000000000005
836.9,5.6000000000000005
837,5.4
837.1,5.4
837.2,5.2
837.3,5.2
837.4,5.2
837.5,5.4
837.6,5.6000000000000005
837.7,5.6000000000000005
837.8,5.4
837.9,5.4
838,5.4
838.1,5.2
838.2,5.2
838.3,5.4
838.4,5.4
838.5,5.2
838.6,5.2
838.7,5.2
838.8,5.2
838.9,5.2
839,5.2
839.1,5.4
839.2,5.4
839.3,5.6000000000000005
839.4,5.6000000000000005
839.5,5.6000000000000005
839.6,5.6000000000000005
839.7,5.6000000000000005
839.8,5.800000000000001
839.9,5.800000000000001
840,5.4
840.1,5.4
840.2,5.6000000000000005
840.3,5.4
840.4,5.6000000000000005
840.5,5.6000000000000005
840.6,5.4
840.7,5.6000000000000005
840.8,5.2
840.9,5.4
841,5.6000000000000005
841.1,5.6000000000000005
841.2,5.4
841.3,5.2
841.4,5
841.5,4.4
841.6,4.800000000000001
841.7,4.4
841.8,4.2
841.9,4.2
842,4.2
842.1,4.2
842.2,4.4
842.3,4.2
842.4,4.2
842.5,4.2
842.6,4.2
842.7,4.2
842.8,4.2
842.9,4.2
843,4.2
843.1,4.2
843.2,4.2
843.3,4.2
843.4,4.2
843.5,4
843.6,4.2
843.7,4.2
843.8,4.4
843.9,4.6000000000000005
844,4.4
844.1,4.4
844.2,4.4
844.3,4.4
844.4,4.4
844.5,4.4
844.6,4.4
844.7,4.4
844.8,4.4
844.9,4.4
845,4.4
845.1,4.2
845.2,4.2
845.3,4.2
845.4,4.4
845.5,4.4
845.6,4.4
845.7,4.4
845.8,4.4
845.9,4.4
846,4.2
846.1,4.2
846.2,4.4
846.3,4.4
846.4,4.4
846.5,4.6000000000000005
846.6,4.4
846.7,4.4
846.8,4.4
846.9,4.6000000000000005
847,4.4
847.1,4.800000000000001
847.2,4.800000000000001
847.3,4.6000000000000005
847.4,4.6000000000000005
847.5,4.6000000000000005
847.6,4.6000000000000005
847.7,4.6000000000000005
847.8,4.6000000000000005
847.9,4.6000000000000005
848,4.6000000000000005
848.1,4.4
848.2,4.6000000000000005
848.3,4.6000000000000005
848.4,4.4
848.5,4.4
848.6,4.6000000000000005
848.7,4.6000000000000005
848.8,4.800000000000001
848.9,4.800000000000001
849,4.800000000000001
849.1,4.800000000000001
849.2,4.800000000000001
849.3,4.800000000000001
849.4,4.6000000000000005
849.5,4.6000000000000005
849.6,4.6000000000000005
849.7,4.6000000000000005
849.8,4.6000000000000005
849.9,4.6000000000000005
850,4.4
850.1,4.4
850.2,4.4
850.3,4.4
850.4,4.6000000000000005
850.5,4.6000000000000005
850.6,4.6000000000000005
850.7,4.4
850.8,4.4
850.9,4.4
851,4.4
851.1,4.4
851.2,4.4
851.3,4.4
851.4,4.4
851.5,4.4
851.6,4.2
851.7,4.2
851.8,4.2
851.9,4.2
852,4.2
852.1,4.2
852.2,4.2
852.3,4.2
852.4,4
852.5,4.2
852.6,4.2
852.7,4.2
852.8,4.2
852.9,4.2
853,4
853.1,4
853.2,4.2
853.3,4.2
853.4,4.2
853.5,4.4
853.6,4.4
853.7,4.2
853.8,4.2
853.9,4.2
854,4.2
854.1,4.2
854.2,4.4
854.3,4.6000000000000005
854.4,4.6000000000000005
854.5,4.6000000000000005
854.6,4.6000000000000005
854.7,4.6000000000000005
854.8,4.800000000000001
854.9,4.800000000000001
855,4.800000000000001
855.1,4.800000000000001
855.2,4.800000000000001
855.3,4.800000000000001
855.4,4.800000000000001
855.5,4.800000000000001
855.6,4.800000000000001
855.7,4.800000000000001
855.8,4.6000000000000005
855.9,4.800000000000001
856,5
856.1,5
856.2,4.800000000000001
856.3,4.800000000000001
856.4,4.800000000000001
856.5,4.800000000000001
856.6,4.800000000000001
856.7,4.800000000000001
856.8,5
856.9,5
857,4.800000000000001
857.1,4.800000000000001
857.2,4.800000000000001
857.3,4.800000000000001
857.4,4.800000000000001
857.5,4.800000000000001
857.6,4.800000000000001
857.7,5
857.8,5
857.9,5
858,4.800000000000001
858.1,4.800000000000001
858.2,4.800000000000001
858.3,4.800000000000001
858.4,4.800000000000001
858.5,4.800000000000001
858.6,4.800000000000001
858.7,4.800000000000001
858.8,4.800000000000001
858.9,4.6000000000000005
859,4.800000000000001
859.1,4.6000000000000005
859.2,4.6000000000000005
859.3,4.800000000000001
859.4,4.800000000000001
859.5,4.800000000000001
859.6,4.800000000000001
859.7,4.6000000000000005
859.8,4.800000000000001
859.9,4.800000000000001
860,5
860.1,5
860.2,5.2
860.3,5
860.4,5
860.5,5
860.6,5
860.7,5
860.8,5
860.9,5.2
861,5.4
861.1,5.4
861.2,5.4
861.3,5.4
861.4,5.4
861.5,5.4
861.6,5.6000000000000005
861.7,5.6000000000000005
861.8,5.6000000000000005
861.9,5.800000000000001
862,5.800000000000001
862.1,5.800000000000001
862.2,5.6000000000000005
862.3,5.6000000000000005
862.4,5.6000000000000005
862.5,5.800000000000001
862.6,5.6000000000000005
862.7,5.800000000000001
862.8,5.800000000000001
862.9,5.6000000000000005
863,5.800000000000001
863.1,5.800000000000001
863.2,5.800000000000001
863.3,5.6000000000000005
863.4,5.800000000000001
863.5,5.800000000000001
863.6,5.800000000000001
863.7,5.800000000000001
863.8,5.800000000000001
863.9,5.800000000000001
864,5.800000000000001
864.1,5.800000000000001
864.2,5.6000000000000005
864.3,5.6000000000000005
864.4,5.4
864.5,5.6000000000000005
864.6,5.4
864.7,5.2
864.8,5.4
864.9,5.6000000000000005
865,5.4
865.1,5.6000000000000005
865.2,5.4
865.3,5.6000000000000005
865.4,5.4
865.5,5.2
865.6,5.6000000000000005
865.7,5.6000000000000005
865.8,5.6000000000000005
865.9,5.6000000000000005
866,5.800000000000001
866.1,5.800000000000001
866.2,5.6000000000000005
866.3,5.800000000000001
866.4,5.6000000000000005
866.5,5.6000000000000005
866.6,5.4
866.7,5.6000000000000005
866.8,5.6000000000000005
866.9,5.6000000000000005
867,5.6000000000000005
867.1,5.4
867.2,5.4
867.3,5.2
867.4,5.2
867.5,5.2
867.6,5.4
867.7,5.6000000000000005
867.8,5.6000000000000005
867.9,5.4
868,5.4
868.1,5.4
868.2,5.2
868.3,5.2
868.4,5.4
868.5,5.4
868.6,5.2
868.7,5.2
868.8,5.2
868.9,5.2
869,5.2
869.1,5.2
869.2,5.4
869.3,5.4
869.4,5.6000000000000005
869.5,5.6000000000000005
869.6,5.6000000000000005
869.7,5.6000000000000005
869.8,5.6000000000000005
869.9,5.800000000000001
870,5.800000000000001
870.1,5.4
870.2,5.4
870.3,5.6000000000000005
870.4,5.4
870.5,5.6000000000000005
870.6,5.6000000000000005
870.7,5.4
870.8,5.6000000000000005
870.9,5.2
871,5.4
871.1,5.6000000000000005
871.2,5.6000000000000005
871.3,5.4
871.4,5.6000000000000005
871.5,5.4
871.6,5.6000000000000005
871.7,5.6000000000000005
871.8,5.800000000000001
871.9,4.2
872,4.2
872.1,4.2
872.2,4.2
872.3,4.4
872.4,4.2
872.5,4.2
872.6,4.2
872.7,4.2
872.8,4.2
872.9,4.2
873,4.2
873.1,4.2
873.2,4.2
873.3,4.2
873.4,4.2
873.5,4.2
873.6,4
873.7,4.2
873.8,4.2
873.9,4.4
874,4.6000000000000005
874.1,4.4
874.2,4.4
874.3,4.4
874.4,4.4
874.5,4.4
874.6,4.4
874.7,4.4
874.8,4.4
874.9,4.4
875,4.4
875.1,4.4
875.2,4.2
875.3,4.2
875.4,4.2
875.5,4.4
875.6,4.4
875.7,4.4
875.8,4.4
875.9,4.4
876,4.4
876.1,4.2
876.2,4.2
876.3,4.4
876.4,4.4
876.5,4.4
876.6,4.6000000000000005
876.7,4.4
876.8,4.4
876.9,4.4
877,4.6000000000000005
877.1,4.4
877.2,4.800000000000001
877.3,4.800000000000001
877.4,4.6000000000000005
877.5,4.6000000000000005
877.6,4.6000000000000005
877.7,4.6000000000000005
877.8,4.6000000000000005
877.9,4.6000000000000005
878,4.6000000000000005
878.1,4.6000000000000005
878.2,4.4
878.3,4.6000000000000005
878.4,4.6000000000000005
878.5,4.4
878.6,4.4
878.7,4.6000000000000005
878.8,4.6000000000000005
878.9,4.800000000000001
879,4.800000000000001
879.1,4.800000000000001
879.2,4.800000000000001
879.3,4.800000000000001
879.4,4.800000000000001
879.5,4.6000000000000005
879.6,4.6000000000000005
879.7,4.6000000000000005
879.8,4.6000000000000005
879.9,4.6000000000000005
880,4.6000000000000005
880.1,4.4
880.2,4.4
880.3,4.4
880.4,4.4
880.5,4.6000000000000005
880.6,4.6000000000000005
880.7,4.6000000000000005
880.8,4.4
880.9,4.4
881,4.4
881.1,4.4
881.2,4.4
881.3,4.4
881.4,4.4
881.5,4.4
881.6,4.4
881.7,4.2
881.8,4.2
881.9,4.2
882,4.2
882.1,4.2
882.2,4.2
882.3,4.2
882.4,4.2
882.5,4
882.6,4.2
882.7,4.2
882.8,4.2
882.9,4.2
883,4.2
883.1,4
883.2,4
883.3,4.2
883.4,4.2
883.5,4.2
883.6,4.4
883.7,4.4
883.8,4.2
883.9,4.2
884,4.2
884.1,4.2
884.2,4.2
884.3,4.4
884.4,4.6000000000000005
884.5,4.6000000000000005
884.6,4.6000000000000005
884.7,4.6000000000000005
884.8,4.6000000000000005
884.9,4.800000000000001
885,4.800000000000001
885.1,4.800000000000001
885.2,4.800000000000001
885.3,4.800000000000001
885.4,4.800000000000001
885.5,4.800000000000001
885.6,4.800000000000001
885.7,4.800000000000001
885.8,4.800000000000001
885.9,4.6000000000000005
886,4.800000000000001
886.1,5
886.2,5
886.3,4.800000000000001
886.4,4.800000000000001
886.5,4.800000000000001
886.6,4.800000000000001
886.7,4.800000000000001
886.8,4.800000000000001
886.9,5
887,5
887.1,4.800000000000001
887.2,4.800000000000001
887.3,4.800000000000001
887.4,4.800000000000001
887.5,4.800000000000001
887.6,4.800000000000001
887.7,4.800000000000001
887.8,5
887.9,5
888,5
888.1,4.800000000000001
888.2,4.800000000000001
888.3,4.800000000000001
888.4,4.800000000000001
888.5,4.800000000000001
888.6,4.800000000000001
888.7,4.800000000000001
888.8,4.800000000000001
888.9,4.800000000000001
889,4.6000000000000005
889.1,4.800000000000001
889.2,4.6000000000000005
889.3,4.6000000000000005
889.4,4.800000000000001
889.5,4.800000000000001
889.6,4.800000000000001
889.7,4.800000000000001
889.8,4.6000000000000005
889.9,4.800000000000001
890,4.800000000000001
890.1,5
890.2,5
890.3,5.2
890.4,5
890.5,5
890.6,5
890.7,5
890.8,5
890.9,5
891,5.2
891.1,5.4
891.2,5.4
891.3,5.4
891.4,5.4
891.5,5.4
891.6,5.4
891.7,5.6000000000000005
891.8,5.6000000000000005
891.9,5.6000000000000005
892,5.800000000000001
892.1,5.800000000000001
892.2,5.800000000000001
892.3,5.6000000000000005
892.4,5.6000000000000005
892.5,5.6000000000000005
892.6,5.800000000000001
892.7,5.6000000000000005
892.8,5.800000000000001
892.9,5.800000000000001
893,5.6000000000000005
893.1,5.800000000000001
893.2,5.800000000000001
893.3,5.800000000000001
893.4,5.6000000000000005
893.5,5.800000000000001
893.6,5.800000000000001
893.7,5.800000000000001
893.8,5.800000000000001
893.9,5.800000000000001
894,5.800000000000001
894.1,5.800000000000001
894.2,5.800000000000001
894.3,5.6000000000000005
894.4,5.6000000000000005
894.5,5.4
894.6,5.6000000000000005
894.7,5.4
894.8,5.2
894.9,5.4
895,5.6000000000000005
895.1,5.4
895.2,5.6000000000000005
895.3,5.4
895.4,5.6000000000000005
895.5,5.4
895.6,5.2
895.7,5.6000000000000005
895.8,5.6000000000000005
895.9,5.6000000000000005
896,5.6000000000000005
896.1,5.800000000000001
896.2,5.800000000000001
896.3,5.6000000000000005
896.4,5.800000000000001
896.5,5.6000000000000005
896.6,5.6000000000000005
896.7,5.4
896.8,5.6000000000000005
896.9,5.6000000000000005
897,5.6000000000000005
897.1,5.6000000000000005
897.2,5.4
897.3,5.4
897.4,5.2
897.5,5.2
897.6,5.2
897.7,5.4
897.8,5.6000000000000005
897.9,5.6000000000000005
898,5.4
898.1,5.4
898.2,5.4
898.3,5.2
898.4,5.2
898.5,5.4
898.6,5.4
898.7,5.2
898.8,5.2
898.9,5.2
899,5.2
899.1,5.2
899.2,5.2
899.3,5.4
899.4,5.4
899.5,5.6000000000000005
899.6,5.6000000000000005
899.7,5.6000000000000005
899.8,5.6000000000000005
899.9,5.6000000000000005
900,5.800000000000001
900.1,5.800000000000001
900.2,5.4
900.3,5.4
900.4,5.6000000000000005
900.5,5.4
900.6,5.6000000000000005
900.7,5.6000000000000005
900.8,5.4
900.9,5.6000000000000005
901,5.2
901.1,5.4
901.2,5.6000000000000005
901.3,5.6000000000000005
901.4,5.4
901.5,5.6000000000000005
901.6,5.4
901.7,5.6000000000000005
901.8,5.6000000000000005
901.9,5.800000000000001
902,5.4
902.1,4.4
902.2,4.4
902.3,4.4
902.4,4.2
902.5,4.2
902.6,4.6000000000000005
902.7,5
902.8,5
902.9,5
903,5
903.1,5.2
903.2,4.6000000000000005
903.3,4.4
903.4,4.4
903.5,4.2
903.6,4.2
903.7,4.2
903.8,4
903.9,3.8000000000000003
904,3.8000000000000003
904.1,3.8000000000000003
904.2,3.6
904.3,3.6
904.4,3.6
904.5,3.4000000000000004
904.6,3.4000000000000004
904.7,3.2
904.8,3.2
904.9,3
905,3
905.1,2.8000000000000003
905.2,2.8000000000000003
905.3,2.8000000000000003
905.4,2.8000000000000003
905.5,2.6
905.6,2.6
905.7,2.4000000000000004
905.8,2.4000000000000004
905.9,2.2
906,2.4000000000000004
906.1,2.2
906.2,2.2
906.3,2
906.4,2
906.5,1.8
906.6,1.8
906.7,1.8
906.8,1.8
906.9,1.8
907,1.8
907.1,1.6
907.2,1.6
907.3,1.4000000000000001
907.4,1.4000000000000001
907.5,1.6
907.6,1.6
907.7,1.8
907.8,2.2
907.9,2.4000000000000004
908,2.2
908.1,2
908.2,2.2
908.3,2.6
908.4,2.4000000000000004
908.5,2.2
908.6,2.6
908.7,2.8000000000000003
908.8,2.6
908.9,2.8000000000000003
909,3
909.1,3.4000000000000004
909.2,3.6
909.3,2.8000000000000003
909.4,2.8000000000000003
909.5,3
909.6,3.6
909.7,3.8000000000000003
909.8,4
909.9,4
910,3.8000000000000003
910.1,4.4
910.2,4.2
910.3,4.2
910.4,4.2
910.5,4.2
910.6,4
910.7,4
910.8,4
910.9,4
911,4
911.1,4
911.2,4
911.3,4.2
911.4,4.4
911.5,4.6000000000000005
911.6,4.800000000000001
911.7,4.2
911.8,4.2
911.9,4.4
912,4.6000000000000005
912.1,4.800000000000001
912.2,5
912.3,5.2
912.4,4.800000000000001
912.5,5
912.6,5.2
912.7,4.800000000000001
912.8,5
912.9,5.2
913,5.4
913.1,5.2
913.2,5.2
913.3,5.2
913.4,5.2
913.5,5.2
913.6,5.2
913.7,5.2
913.8,5.2
913.9,5.2
914,5.2
914.1,5.2
914.2,5.2
914.3,5.2
914.4,5
914.5,5
914.6,5
914.7,5
914.8,5
914.9,5
915,5
915.1,4.800000000000001
915.2,4.800000000000001
915.3,5
915.4,5
915.5,5
915.6,5
915.7,4.800000000000001
915.8,4.800000000000001
915.9,4.800000000000001
916,4.800000000000001
916.1,4.800000000000001
916.2,4.800000000000001
916.3,4.800000000000001
916.4,4.800000000000001
916.5,4.800000000000001
916.6,4.800000000000001
916.7,4.6000000000000005
916.8,4.6000000000000005
916.9,4.6000000000000005
917,4.6000000000000005
917.1,4.800000000000001
917.2,4.800000000000001
917.3,4.6000000000000005
917.4,4.6000000000000005
917.5,4.6000000000000005
917.6,4.6000000000000005
917.7,4.6000000000000005
917.8,4.6000000000000005
917.9,4.6000000000000005
918,4.4
918.1,4.4
918.2,4.4
918.3,4.4
918.4,4.4
918.5,4.4
918.6,4.4
918.7,4.4
918.8,4.4
918.9,4.4
919,4.4
919.1,4.4
919.2,4.4
919.3,4.4
919.4,4.4
919.5,4.4
919.6,4.4
919.7,4.2
919.8,4.2
919.9,4.2
920,4.2
920.1,4.2
920.2,4.2
920.3,4.2
920.4,4.4
920.5,4.4
920.6,4.2
920.7,4.4
920.8,4.2
920.9,4.2
921,4.2
921.1,4.2
921.2,4.2
921.3,4.2
921.4,4.2
921.5,4.2
921.6,4.2
921.7,4.2
921.8,4.2
921.9,4.2
922,4.4
922.1,4.4
922.2,4.4
922.3,4.4
922.4,4.4
922.5,4.4
922.6,4.4
922.7,4.4
922.8,4.4
922.9,4.4
923,4.4
923.1,4.4
923.2,4.4
923.3,4.2
923.4,4.2
923.5,4.2
923.6,4.4
923.7,4.4
923.8,4.6000000000000005
923.9,4.6000000000000005
924,4.4
924.1,4.4
924.2,4.4
924.3,4.4
924.4,4.4
924.5,4.4
924.6,4.4
924.7,4.4
924.8,4.2
924.9,4.4
925,4.2
925.1,4.2
925.2,4.2
925.3,4.4
925.4,4.4
925.5,4.4
925.6,4.4
925.7,4.2
925.8,4.2
925.9,4.2
926,4.2
926.1,4.2
926.2,4.2
926.3,4.2
926.4,4.2
926.5,4
926.6,4
926.7,4
926.8,4
926.9,4
927,4.2
927.1,4.2
927.2,4.2
927.3,4.2
927.4,4.2
927.5,4
927.6,4.2
927.7,4.2
927.8,4.2
927.9,4
928,4
928.1,4
928.2,4
928.3,4
928.4,3.8000000000000003
928.5,4
928.6,4
928.7,4
928.8,4.2
928.9,4.2
929,4
929.1,4.2
929.2,4.2
929.3,4.2
929.4,4
929.5,4
929.6,4
929.7,4
929.8,4
929.9,4
930,3.8000000000000003
930.1,3.8000000000000003
930.2,3.8000000000000003
930.3,4
930.4,4.2
930.5,4
930.6,4
930.7,4
930.8,4
930.9,4
931,4
931.1,4
931.2,4.2
931.3,4.2
931.4,4.2
931.5,4.2
931.6,4.2
931.7,4.2
931.8,4.2
931.9,4.4
932,4.4
932.1,4.6000000000000005
932.2,4.800000000000001
932.3,4.800000000000001
932.4,4.800000000000001
932.5,4.6000000000000005
932.6,4.6000000000000005
932.7,4.6000000000000005
932.8,4.800000000000001
932.9,4.800000000000001
933,5
933.1,5
933.2,5
933.3,5
933.4,5.2
933.5,5.4
933.6,5.2
933.7,4.800000000000001
933.8,5
933.9,5.2
934,4.800000000000001
934.1,4.800000000000001
934.2,5
934.3,4.6000000000000005
934.4,4.4
934.5,5
934.6,4.6000000000000005
934.7,4.4
934.8,4.2
934.9,4.2
935,4.4
935.1,4
935.2,4.2
935.3,3.8000000000000003
935.4,3.6
935.5,3.4000000000000004
935.6,3
935.7,3.2
935.8,3
935.9,2.8000000000000003
936,3
936.1,3.2
936.2,3
936.3,2.8000000000000003
936.4,3.4000000000000004
936.5,3
936.6,3.2
936.7,3
936.8,3.4000000000000004
936.9,3.4000000000000004
937,3
937.1,3.2
937.2,2.8000000000000003
937.3,2.8000000000000003
937.4,2.6
937.5,2.8000000000000003
937.6,2.4000000000000004
937.7,2.2
937.8,1.8
937.9,2.2
938,2.2
938.1,2
938.2,1.8
938.3,1.6
938.4,1.4000000000000001
938.5,1.4000000000000001
938.6,1.2000000000000002
938.7,0.8
938.8,0.8
938.9,1
939,0.8
939.1,0.6000000000000001
939.2,0.8
939.3,0.8
939.4,0.8
939.5,0.6000000000000001
939.6,0.8
939.7,1
939.8,0.8
939.9,1.2000000000000002
940,1
940.1,1.4000000000000001
940.2,1.4000000000000001
940.3,1.4000000000000001
940.4,1.4000000000000001
940.5,1.4000000000000001
940.6,1
940.7,1.2000000000000002
940.8,1
940.9,0.8
941,1
941.1,1.2000000000000002
941.2,1
941.3,0.8
941.4,1.4000000000000001
941.5,1
941.6,1.2000000000000002
941.7,1
941.8,1.4000000000000001
941.9,0.8
942,1
942.1,1.2000000000000002
942.2,0.8
942.3,1
942.4,1.2000000000000002
942.5,1
942.6,1.4000000000000001
942.7,0.8
942.8,1
942.9,1.6
943,1.2000000000000002
943.1,1
943.2,1.6
943.3,1.4000000000000001
943.4,0.8
943.5,1
943.6,1.2000000000000002
943.7,0.8
943.8,0.8
943.9,1
944,0.8
944.1,0.6000000000000001
944.2,0.8
944.3,0.8
944.4,0.8
944.5,0.6000000000000001
944.6,0.8
944.7,1
944.8,0.8
944.9,1.2000000000000002
945,1
945.1,1.4000000000000001
945.2,1.4000000000000001
945.3,1.6
945.4,1.2000000000000002
945.5,1.4000000000000001
945.6,1
945.7,1.2000000000000002
945.8,1
945.9,0.8
946,1
946.1,1.2000000000000002
946.2,1
946.3,0.8
946.4,1.4000000000000001
946.5,1
946.6,1.2000000000000002
946.7,1
946.8,1.4000000000000001
946.9,0.8
947,1
947.1,1.2000000000000002
947.2,0.8
947.3,1
947.4,1.2000000000000002
947.5,1
947.6,1.4000000000000001
947.7,0.8
947.8,1
947.9,1.6
948,1.2000000000000002
948.1,1
948.2,1.6
948.3,1.4000000000000001
948.4,0.8
948.5,1
948.6,1.2000000000000002
948.7,0.8
948.8,0.8
948.9,1
949,0.8
949.1,0.6000000000000001
949.2,0.8
949.3,0.8
949.4,0.8
949.5,0.6000000000000001
949.6,0.8
949.7,1
949.8,0.8
949.9,1.2000000000000002
950,1
950.1,1.4000000000000001
950.2,1.4000000000000001
950.3,1.6
950.4,1.8
950.5,1.4000000000000001
950.6,1
950.7,1.2000000000000002
950.8,1
950.9,0.8
951,1
951.1,1.2000000000000002
951.2,1
951.3,0.8
951.4,1.4000000000000001
951.5,1
951.6,1.2000000000000002
951.7,1
951.8,1.4000000000000001
951.9,0.8
952,1
952.1,1.2000000000000002
952.2,0.8
952.3,1
952.4,1.2000000000000002
952.5,1
952.6,1.4000000000000001
952.7,0.8
952.8,1
952.9,1.6
953,1.2000000000000002
953.1,1
953.2,1.6
953.3,1.4000000000000001
953.4,0.8
953.5,1
953.6,1.2000000000000002
953.7,0.8
953.8,0.8
953.9,1
954,0.8
954.1,0.6000000000000001
954.2,0.8
954.3,0.8
954.4,0.8
954.5,0.6000000000000001
954.6,0.8
954.7,1
954.8,0.8
954.9,1.2000000000000002
955,1
955.1,1.4000000000000001
955.2,1.4000000000000001
955.3,1.6
955.4,1.6
955.5,1.4000000000000001
955.6,1
955.7,1.2000000000000002
955.8,1
955.9,0.8
956,1
956.1,1.2000000000000002
956.2,1
956.3,0.8
956.4,1.4000000000000001
956.5,1
956.6,1.2000000000000002
956.7,1
956.8,1.4000000000000001
956.9,0.8
957,1
957.1,1.2000000000000002
957.2,0.8
957.3,1
957.4,1.2000000000000002
957.5,1
957.6,1.4000000000000001
957.7,0.8
957.8,1
957.9,1.6
958,1.2000000000000002
958.1,1
958.2,1.6
958.3,1.4000000000000001
958.4,0.8
958.5,1
958.6,1.2000000000000002
958.7,0.8
958.8,0.8
958.9,1
959,0.8
959.1,0.6000000000000001
959.2,0.8
959.3,0.8
959.4,0.8
959.5,0.6000000000000001
959.6,0.8
959.7,1
959.8,0.8
959.9,1.2000000000000002
960,1
960.1,1.4000000000000001
960.2,1.4000000000000001
960.3,1.6
960.4,2
960.5,2.2
960.6,2
960.7,1.8
960.8,1.4000000000000001
960.9,2.2
961,2.6
961.1,2.8000000000000003
961.2,2.8000000000000003
961.3,2.8000000000000003
961.4,2.8000000000000003
961.5,2.8000000000000003
961.6,2.6
961.7,2.6
961.8,2.6
961.9,2.8000000000000003
962,2.8000000000000003
962.1,2.8000000000000003
962.2,2.8000000000000003
962.3,2.8000000000000003
962.4,2.8000000000000003
962.5,2.8000000000000003
962.6,2.8000000000000003
962.7,2.8000000000000003
962.8,2.6
962.9,2.6
963,2.6
963.1,2.6
963.2,2.6
963.3,2.6
963.4,2.4000000000000004
963.5,2.4000000000000004
963.6,2.4000000000000004
963.7,2.4000000000000004
963.8,2.4000000000000004
963.9,2.6
964,2.4000000000000004
964.1,2.8000000000000003
964.2,3
964.3,2.8000000000000003
964.4,2.8000000000000003
964.5,2.6
964.6,2.8000000000000003
964.7,3.2
964.8,3.2
964.9,3.4000000000000004
965,3.4000000000000004
965.1,3.6
965.2,3.2
965.3,3.6
965.4,3.8000000000000003
965.5,4
965.6,4.2
965.7,3.8000000000000003
965.8,4
965.9,4.2
966,4.2
966.1,4.2
966.2,4.2
966.3,4.2
966.4,4.2
966.5,4
966.6,4
966.7,4
966.8,4
966.9,4.2
967,4.2
967.1,4.2
967.2,4.2
967.3,4.2
967.4,4
967.5,4.2
967.6,4.2
967.7,4.2
967.8,4.2
967.9,4.2
968,4.2
968.1,4
968.2,4.2
968.3,4
968.4,4
968.5,4
968.6,4.2
968.7,4.2
968.8,4.4
968.9,4.4
969,4.2
969.1,4.2
969.2,4.2
969.3,4.2
969.4,4.2
969.5,4.4
969.6,4.4
969.7,4.4
969.8,4.4
969.9,4.4
970,4.2
970.1,4.2
970.2,4.4
970.3,4.6000000000000005
970.4,4.6000000000000005
970.5,4.800000000000001
970.6,4.800000000000001
970.7,4.800000000000001
970.8,4.800000000000001
970.9,4.6000000000000005
971,4.6000000000000005
971.1,4.6000000000000005
971.2,4.800000000000001
971.3,4.6000000000000005
971.4,4.6000000000000005
971.5,4.6000000000000005
971.6,4.6000000000000005
971.7,4.6000000000000005
971.8,4.6000000000000005
971.9,4.6000000000000005
972,4.800000000000001
972.1,4.800000000000001
972.2,4.800000000000001
972.3,4.800000000000001
972.4,4.800000000000001
972.5,4.800000000000001
972.6,4.800000000000001
972.7,4.800000000000001
972.8,4.6000000000000005
972.9,4.6000000000000005
973,4.6000000000000005
973.1,4.6000000000000005
973.2,4.6000000000000005
973.3,4.4
973.4,4.4
973.5,4.4
973.6,4.4
973.7,4.6000000000000005
973.8,4.4
973.9,4.4
974,4.4
974.1,4.4
974.2,4.6000000000000005
974.3,4.4
974.4,4.4
974.5,4.4
974.6,4.4
974.7,4.4
974.8,4.2
974.9,4.2
975,4.2
975.1,4.2
975.2,4.2
975.3,4.2
975.4,4.4
975.5,4.2
975.6,4.2
975.7,4.2
975.8,4.2
975.9,4.2
976,4.2
976.1,4.2
976.2,4.2
976.3,4.2
976.4,4.2
976.5,4.2
976.6,4.2
976.7,4
976.8,4.2
976.9,4.2
977,4.4
977.1,4.6000000000000005
977.2,4.4
977.3,4.4
977.4,4.4
977.5,4.4
977.6,4.4
977.7,4.4
977.8,4.4
977.9,4.4
978,4.4
978.1,4.4
978.2,4.4
978.3,4.2
978.4,4.2
978.5,4.2
978.6,4.4
978.7,4.4
978.8,4.4
978.9,4.4
979,4.4
979.1,4.4
979.2,4.2
979.3,4.2
979.4,4.4
979.5,4.4
979.6,4.4
979.7,4.6000000000000005
979.8,4.4
979.9,4.4
980,4.4
980.1,4.6000000000000005
980.2,4.4
980.3,4.800000000000001
980.4,4.800000000000001
980.5,4.6000000000000005
980.6,4.6000000000000005
980.7,4.6000000000000005
980.8,4.6000000000000005
980.9,4.6000000000000005
981,4.6000000000000005
981.1,4.6000000000000005
981.2,4.6000000000000005
981.3,4.4
981.4,4.6000000000000005
981.5,4.6000000000000005
981.6,4.4
981.7,4.4
981.8,4.6000000000000005
981.9,4.6000000000000005
982,4.800000000000001
982.1,4.800000000000001
982.2,4.800000000000001
982.3,4.800000000000001
982.4,4.800000000000001
982.5,4.800000000000001
982.6,4.6000000000000005
982.7,4.6000000000000005
982.8,4.6000000000000005
982.9,4.6000000000000005
983,4.6000000000000005
983.1,4.6000000000000005
983.2,4.4
983.3,4.4
983.4,4.4
983.5,4.4
983.6,4.6000000000000005
983.7,4.6000000000000005
983.8,4.6000000000000005
983.9,4.4
984,4.4
984.1,4.4
984.2,4.4
984.3,4.4
984.4,4.4
984.5,4.4
984.6,4.4
984.7,4.4
984.8,4.2
984.9,4.2
985,4.2
985.1,4.2
985.2,4.2
985.3,4.2
985.4,4.2
985.5,4.2
985.6,4
985.7,4.2
985.8,4.2
985.9,4.2
986,4.2
986.1,4.2
986.2,4
986.3,4
986.4,4.2
986.5,4.2
986.6,4.2
986.7,4.4
986.8,4.4
986.9,4.2
987,4.2
987.1,4.2
987.2,4.2
987.3,4.2
987.4,4.4
987.5,4.6000000000000005
987.6,4.6000000000000005
987.7,4.6000000000000005
987.8,4.6000000000000005
987.9,4.6000000000000005
988,4.800000000000001
988.1,4.800000000000001
988.2,4.800000000000001
988.3,4.800000000000001
988.4,4.800000000000001
988.5,4.800000000000001
988.6,4.800000000000001
988.7,4.800000000000001
988.8,4.800000000000001
988.9,4.800000000000001
989,4.6000000000000005
989.1,4.800000000000001
989.2,5
989.3,5
989.4,4.800000000000001
989.5,4.800000000000001
989.6,4.800000000000001
989.7,4.800000000000001
989.8,4.800000000000001
989.9,4.800000000000001
990,5
990.1,5
990.2,4.800000000000001
990.3,4.800000000000001
990.4,4.800000000000001
990.5,4.800000000000001
990.6,4.800000000000001
990.7,4.800000000000001
990.8,4.800000000000001
990.9,5
991,5
991.1,5
991.2,4.800000000000001
991.3,4.800000000000001
991.4,4.800000000000001
991.5,4.800000000000001
991.6,4.800000000000001
991.7,4.800000000000001
991.8,4.800000000000001
991.9,4.800000000000001
992,4.800000000000001
992.1,4.6000000000000005
992.2,4.800000000000001
992.3,4.6000000000000005
992.4,4.6000000000000005
992.5,4.800000000000001
992.6,4.800000000000001
992.7,4.800000000000001
992.8,4.800000000000001
992.9,4.6000000000000005
993,4.800000000000001
993.1,4.800000000000001
993.2,5
993.3,5
993.4,5.2
993.5,5
993.6,5
993.7,5
993.8,5
993.9,5
994,5
994.1,5.2
994.2,5.4
994.3,5.4
994.4,5.4
994.5,5.4
994.6,5.4
994.7,5.4
994.8,5.6000000000000005
994.9,5.6000000000000005
995,5.6000000000000005
995.1,5.800000000000001
995.2,5.800000000000001
995.3,5.800000000000001
995.4,5.6000000000000005
995.5,5.6000000000000005
995.6,5.6000000000000005
995.7,5.800000000000001
995.8,5.4
995.9,5.6000000000000005
996,5.4
996.1,5.2
996.2,5.4
996.3,5.800000000000001
996.4,5.800000000000001
996.5,5.6000000000000005
996.6,5.800000000000001
996.7,5.4
996.8,5.6000000000000005
996.9,5.800000000000001
997,5.800000000000001
997.1,5.800000000000001
997.2,5.800000000000001
997.3,5.800000000000001
997.4,5.4
997.5,5.4
997.6,5.4
997.7,5.2
997.8,5.6000000000000005
997.9,5.800000000000001
998,5.800000000000001
998.1,5.800000000000001
998.2,5.800000000000001
998.3,5.4
998.4,5.6000000000000005
998.5,5.2
998.6,5.800000000000001
998.7,5.800000000000001
998.8,5.6000000000000005
998.9,5.6000000000000005
999,5.6000000000000005
999.1,5.6000000000000005
999.2,5.800000000000001
999.3,5.800000000000001
999.4,5.6000000000000005
999.5,5.800000000000001
999.6,5.6000000000000005
999.7,5.6000000000000005
999.8,5.4
999.9,5.6000000000000005
1000,5.6000000000000005
1000.1,5.6000000000000005
1000.2,5.6000000000000005
1000.3,5.4
1000.4,5.4
1000.5,5.2
1000.6,5.2
1000.7,5.2
1000.8,5.4
1000.9,5.6000000000000005
1001,5.6000000000000005
1001.1,5.4
1001.2,5.4
1001.3,5.4
1001.4,5.2
1001.5,5.2
1001.6,5.4
1001.7,5.4
1001.8,5.2
1001.9,5.2
1002,5.2
1002.1,5.2
1002.2,5.2
1002.3,5.2
1002.4,5.4
1002.5,5.4
1002.6,5.6000000000000005
1002.7,5.6000000000000005
1002.8,5.6000000000000005
1002.9,5.6000000000000005
1003,5.6000000000000005
1003.1,5.800000000000001
1003.2,5.800000000000001
1003.3,5.6000000000000005
1003.4,5.4
1003.5,5.6000000000000005
1003.6,5.6000000000000005
1003.7,5.6000000000000005
1003.8,5.4
1003.9,5.6000000000000005
1004,5.4
1004.1,5.6000000000000005
1004.2,5.4
1004.3,5.2
1004.4,5.2
1004.5,5
1004.6,5
1004.7,5
1004.8,5.2
1004.9,5.4
1005,5
1005.1,4.800000000000001
1005.2,4.6000000000000005
1005.3,4
1005.4,4.2
1005.5,4
1005.6,4
1005.7,4
1005.8,4.4
1005.9,4.6000000000000005
1006,4.6000000000000005
1006.1,4.6000000000000005
1006.2,4.6000000000000005
1006.3,4.800000000000001
1006.4,5
1006.5,5
1006.6,5.2
1006.7,5.4
1006.8,5.4
1006.9,5.4
1007,5.4
1007.1,5.4
1007.2,5.6000000000000005
1007.3,5.800000000000001
1007.4,5.2
1007.5,5
1007.6,5
1007.7,4.800000000000001
1007.8,5
1007.9,4.800000000000001
1008,4.6000000000000005
1008.1,4.4
1008.2,4.4
1008.3,4.2
1008.4,4
1008.5,4
1008.6,4.2
1008.7,4.2
1008.8,4.2
1008.9,4
1009,4.4
1009.1,3.8000000000000003
1009.2,3.6
1009.3,3.6
1009.4,3.6
1009.5,3.6
1009.6,3.4000000000000004
1009.7,3.2
1009.8,2.8000000000000003
1009.9,2.8000000000000003
1010,2.8000000000000003
1010.1,2.6
1010.2,2.8000000000000003
1010.3,2.8000000000000003
1010.4,2.8000000000000003
1010.5,2.6
1010.6,2.4000000000000004
1010.7,2.4000000000000004
1010.8,2.4000000000000004
1010.9,2.2
1011,2.2
1011.1,2.2
1011.2,2.2
1011.3,2
1011.4,1.8
1011.5,1.8
1011.6,1.6
1011.7,1.6
1011.8,1.6
1011.9,1.6
1012,1.6
1012.1,1.6
1012.2,1.6
1012.3,1.6
1012.4,1.4000000000000001
1012.5,1.4000000000000001
1012.6,1.6
1012.7,1.6
1012.8,1.6
1012.9,1.6
1013,1.6
1013.1,1.6
1013.2,1.6
1013.3,1.6
1013.4,1.4000000000000001
1013.5,1.4000000000000001
1013.6,1.6
1013.7,1.6
1013.8,1.6
1013.9,1.6
1014,1.6
1014.1,1.6
1014.2,1.6
1014.3,1.6
1014.4,1.4000000000000001
1014.5,1.4000000000000001
1014.6,1.4000000000000001
1014.7,1.4000000000000001
1014.8,1.4000000000000001
1014.9,1.4000000000000001
1015,1.2000000000000002
1015.1,1.2000000000000002
1015.2,1.2000000000000002
1015.3,1
1015.4,0.8
1015.5,0.6000000000000001
1015.6,0.6000000000000001
1015.7,0.6000000000000001
1015.8,0.8
1015.9,0.4
1016,0.6000000000000001
1016.1,0.8
1016.2,0.6000000000000001
1016.3,0.6000000000000001
1016.4,0.8
1016.5,0.6000000000000001
1016.6,0.6000000000000001
1016.7,0.8
1016.8,0.8
1016.9,0.6000000000000001
1017,0.6000000000000001
1017.1,0.8
1017.2,1
1017.3,0.8
1017.4,1.4000000000000001
1017.5,1
1017.6,1.2000000000000002
1017.7,1
1017.8,0.8
1017.9,1
1018,1.2000000000000002
1018.1,1
1018.2,0.8
1018.3,1.4000000000000001
1018.4,1
1018.5,1.2000000000000002
1018.6,1
1018.7,1.4000000000000001
1018.8,0.8
1018.9,1
1019,1.2000000000000002
1019.1,0.8
1019.2,1
1019.3,1.2000000000000002
1019.4,1
1019.5,1.4000000000000001
1019.6,0.8
1019.7,1
1019.8,1.6
1019.9,1.2000000000000002
1020,1
1020.1,1.6
1020.2,1.4000000000000001
1020.3,0.8
1020.4,1
1020.5,1.2000000000000002
1020.6,0.8
1020.7,0.8
1020.8,1
1020.9,0.8
1021,0.6000000000000001
1021.1,0.8
1021.2,0.8
1021.3,0.8
1021.4,0.6000000000000001
1021.5,0.8
1021.6,0.6000000000000001
1021.7,0.6000000000000001
1021.8,0.6000000000000001
1021.9,0.8
1022,0.4
1022.1,0.6000000000000001
1022.2,0.8
1022.3,0.6000000000000001
1022.4,0.6000000000000001
1022.5,0.8
1022.6,0.6000000000000001
1022.7,0.6000000000000001
1022.8,0.8
1022.9,0.8
1023,0.6000000000000001
1023.1,0.6000000000000001
1023.2,0.8
1023.3,1
1023.4,0.8
1023.5,1.4000000000000001
1023.6,1
1023.7,1.2000000000000002
1023.8,1
1023.9,0.8
1024,1
1024.1,1.2000000000000002
1024.2,1
1024.3,0.8
1024.4,1.4000000000000001
1024.5,1
1024.6,1.2000000000000002
1024.7,1
1024.8,1.4000000000000001
1024.9,0.8
1025,1
1025.1,1.2000000000000002
1025.2,0.8
1025.3,1
1025.4,1.2000000000000002
1025.5,1
1025.6,1.4000000000000001
1025.7,0.8
1025.8,1
1025.9,1.6
1026,1.2000000000000002
1026.1,1
1026.2,1.6
1026.3,1.4000000000000001
1026.4,0.8
1026.5,1
1026.6,1.2000000000000002
1026.7,0.8
1026.8,0.8
1026.9,1
1027,0.8
1027.1,0.6000000000000001
1027.2,0.8
1027.3,0.8
1027.4,0.8
1027.5,0.6000000000000001
1027.6,0.8
1027.7,0.6000000000000001
1027.8,0.6000000000000001
1027.9,0.6000000000000001
1028,0.8
1028.1,0.4
1028.2,0.6000000000000001
1028.3,0.8
1028.4,0.6000000000000001
1028.5,0.6000000000000001
1028.6,0.8
1028.7,0.6000000000000001
1028.8,0.6000000000000001
1028.9,0.8
1029,0.8
1029.1,0.6000000000000001
1029.2,0.6000000000000001
1029.3,0.8
1029.4,1
1029.5,0.8
1029.6,1.4000000000000001
1029.7,1
1029.8,1.2000000000000002
1029.9,1
1030,0.8
1030.1,1
1030.2,1.2000000000000002
1030.3,1
1030.4,0.8
1030.5,1.4000000000000001
1030.6,1
1030.7,1.2000000000000002
1030.8,1
1030.9,1.4000000000000001
1031,0.8
1031.1,1
1031.2,1.2000000000000002
1031.3,0.8
1031.4,1
1031.5,1.2000000000000002
1031.6,1
1031.7,1.4000000000000001
1031.8,0.8
1031.9,1
1032,1.6
1032.1,1.2000000000000002
1032.2,1
1032.3,1.6
1032.4,1.4000000000000001
1032.5,0.8
1032.6,1
1032.7,1.2000000000000002
1032.8,0.8
1032.9,0.8
1033,1
1033.1,0.8
1033.2,0.6000000000000001
1033.3,0.8
1033.4,0.8
1033.5,0.8
1033.6,0.6000000000000001
1033.7,0.8
1033.8,0.6000000000000001
1033.9,0.6000000000000001
1034,0.6000000000000001
1034.1,0.8
1034.2,0.4
1034.3,0.6000000000000001
1034.4,0.8
1034.5,0.6000000000000001
1034.6,0.6000000000000001
1034.7,0.8
1034.8,0.6000000000000001
1034.9,0.6000000000000001
1035,0.8
1035.1,0.8
1035.2,0.6000000000000001
1035.3,0.6000000000000001
1035.4,0.8
1035.5,1
1035.6,0.8
1035.7,1.4000000000000001
1035.8,1
1035.9,1.2000000000000002
1036,1
1036.1,0.8
1036.2,1
1036.3,1.2000000000000002
1036.4,1
1036.5,0.8
1036.6,1.4000000000000001
1036.7,1
1036.8,1.2000000000000002
1036.9,1
1037,1.4000000000000001
1037.1,0.8
1037.2,1
1037.3,1.2000000000000002
1037.4,0.8
1037.5,1
1037.6,1.2000000000000002
1037.7,1
1037.8,1.4000000000000001
1037.9,0.8
1038,1
1038.1,1.6
1038.2,1.2000000000000002
1038.3,1
1038.4,1.6
1038.5,1.4000000000000001
1038.6,0.8
1038.7,1
1038.8,1.2000000000000002
1038.9,0.8
1039,0.8
1039.1,1
1039.2,0.8
1039.3,0.6000000000000001
1039.4,0.8
1039.5,0.8
1039.6,0.8
1039.7,0.6000000000000001
1039.8,0.8
1039.9,0.6000000000000001
1040,0.6000000000000001
1040.1,0.6000000000000001
1040.2,0.8
1040.3,0.4
1040.4,0.6000000000000001
1040.5,0.8
1040.6,0.6000000000000001
1040.7,0.6000000000000001
1040.8,0.8
1040.9,0.6000000000000001
1041,0.6000000000000001
1041.1,0.8
1041.2,0.8
1041.3,0.6000000000000001
1041.4,0.6000000000000001
1041.5,0.8
1041.6,1
1041.7,0.8
1041.8,1.4000000000000001
1041.9,1
1042,1.2000000000000002
1042.1,1
1042.2,0.8
1042.3,1
1042.4,1.2000000000000002
1042.5,1
1042.6,0.8
1042.7,1.4000000000000001
1042.8,1
1042.9,1.2000000000000002
1043,1
1043.1,1.4000000000000001
1043.2,0.8
1043.3,1
1043.4,1.2000000000000002
1043.5,0.8
1043.6,1
1043.7,1.2000000000000002
1043.8,1
1043.9,1.4000000000000001
1044,0.8
1044.1,1
1044.2,1.6
1044.3,1.2000000000000002
1044.4,1
1044.5,1.6
1044.6,1.4000000000000001
1044.7,0.8
1044.8,1
1044.9,1.2000000000000002
1045,0.8
1045.1,0.8
1045.2,1
1045.3,0.8
1045.4,0.6000000000000001
1045.5,0.8
1045.6,0.8
1045.7,0.8
1045.8,0.6000000000000001
1045.9,0.8
1046,0.6000000000000001
1046.1,0.6000000000000001
1046.2,0.6000000000000001
1046.3,0.8
1046.4,0.4
1046.5,0.6000000000000001
1046.6,1
1046.7,1
1046.8,1.4000000000000001
1046.9,1
1047,1.2000000000000002
1047.1,1.4000000000000001
1047.2,1.8
1047.3,2.2
1047.4,2.2
1047.5,2.2
1047.6,3
1047.7,2.8000000000000003
1047.8,2.6
1047.9,2.6
1048,2.6
1048.1,3
1048.2,2.8000000000000003
1048.3,3.2
1048.4,2.2
1048.5,3
1048.6,2.6
1048.7,2.8000000000000003
1048.8,2.2
1048.9,3
1049,3
1049.1,2.8000000000000003
1049.2,2.6
1049.3,2.4000000000000004
1049.4,3
1049.5,2.8000000000000003
1049.6,3.2
1049.7,2.2
1049.8,3.8000000000000003
1049.9,3.4000000000000004
1050,3
1050.1,2.8000000000000003
1050.2,2.2
1050.3,1.6
1050.4,1.6
1050.5,1.4000000000000001
1050.6,1.8
1050.7,2.2
1050.8,2.4000000000000004
1050.9,3.2
1051,3
1051.1,3.2
1051.2,3.6
1051.3,4
1051.4,4.4
1051.5,4.6000000000000005
1051.6,4.800000000000001
1051.7,4.2
1051.8,5
1051.9,5.2
1052,5.6000000000000005
1052.1,5.800000000000001
1052.2,5.4
1052.3,5.6000000000000005
1052.4,5.4
1052.5,5.2
1052.6,5
1052.7,5
1052.8,4.800000000000001
1052.9,4.6000000000000005
1053,5
1053.1,5
1053.2,5.4
1053.3,5.6000000000000005
1053.4,5.800000000000001
1053.5,5.4
1053.6,5.4
1053.7,5.4
1053.8,5.4
1053.9,5.6000000000000005
1054,5.6000000000000005
1054.1,5.800000000000001
1054.2,5.800000000000001
1054.3,5.6000000000000005
1054.4,5.6000000000000005
1054.5,5.6000000000000005
1054.6,5.6000000000000005
1054.7,5.6000000000000005
1054.8,5.800000000000001
1054.9,5.4
1055,5.6000000000000005
1055.1,5.4
1055.2,5.800000000000001
1055.3,5.6000000000000005
1055.4,5.6000000000000005
1055.5,5.4
1055.6,5.800000000000001
1055.7,5.4
1055.8,5.6000000000000005
1055.9,5.800000000000001
1056,5.4
1056.1,5.6000000000000005
1056.2,5.800000000000001
1056.3,5.800000000000001
1056.4,5.6000000000000005
1056.5,5.4
1056.6,5.6000000000000005
1056.7,5.6000000000000005
1056.8,5.4
1056.9,5.6000000000000005
1057,5.4
1057.1,5.4
1057.2,5.4
1057.3,5.800000000000001
1057.4,5.6000000000000005
1057.5,5.4
1057.6,3.4000000000000004
1057.7,3.2
1057.8,3
1057.9,3.2
1058,3.6
1058.1,4
1058.2,4.2
1058.3,4.4
1058.4,4.2
1058.5,4.800000000000001
1058.6,4.6000000000000005
1058.7,4.4
1058.8,5
1058.9,5.2
1059,5.2
1059.1,5.2
1059.2,5
1059.3,5
1059.4,5
1059.5,5
1059.6,4.800000000000001
1059.7,4.800000000000001
1059.8,4.800000000000001
1059.9,4.800000000000001
1060,4.800000000000001
1060.1,4.800000000000001
1060.2,4.800000000000001
1060.3,4.6000000000000005
1060.4,4.6000000000000005
1060.5,4.800000000000001
1060.6,4.800000000000001
1060.7,4.800000000000001
1060.8,4.800000000000001
1060.9,4.6000000000000005
1061,4.6000000000000005
1061.1,4.4
1061.2,4.6000000000000005
1061.3,4.6000000000000005
1061.4,4.6000000000000005
1061.5,4.4
1061.6,4.4
1061.7,4.4
1061.8,4.4
1061.9,4.4
1062,4.4
1062.1,4.4
1062.2,4.6000000000000005
1062.3,4.6000000000000005
1062.4,4.4
1062.5,4.4
1062.6,4.4
1062.7,4.4
1062.8,4.4
1062.9,4.4
1063,4.4
1063.1,4.4
1063.2,4.4
1063.3,4.4
1063.4,4.2
1063.5,4.2
1063.6,4.2
1063.7,4.2
1063.8,4.4
1063.9,4.4
1064,4.4
1064.1,4.4
1064.2,4.2
1064.3,4.2
1064.4,4.2
1064.5,4.2
1064.6,4.2
1064.7,4.2
1064.8,4.2
1064.9,4.2
1065,4.2
1065.1,4.2
1065.2,4.2
1065.3,4.2
1065.4,4.2
1065.5,4.4
1065.6,4.6000000000000005
1065.7,4.6000000000000005
1065.8,4.6000000000000005
1065.9,4.6000000000000005
1066,4.6000000000000005
1066.1,4.6000000000000005
1066.2,4.6000000000000005
1066.3,4.800000000000001
1066.4,4.800000000000001
1066.5,4.800000000000001
1066.6,4.800000000000001
1066.7,4.800000000000001
1066.8,4.6000000000000005
1066.9,4.6000000000000005
1067,4.800000000000001
1067.1,4.800000000000001
1067.2,5
1067.3,5
1067.4,4.800000000000001
1067.5,4.800000000000001
1067.6,5
1067.7,5
1067.8,5
1067.9,5
1068,5
1068.1,5
1068.2,5
1068.3,5
1068.4,5
1068.5,5
1068.6,5.2
1068.7,5.2
1068.8,5.2
1068.9,5.4
1069,5.4
1069.1,5.4
1069.2,5.4
1069.3,5.4
1069.4,5.4
1069.5,5.6000000000000005
1069.6,5.6000000000000005
1069.7,5.800000000000001
1069.8,5.800000000000001
1069.9,5.6000000000000005
1070,5.6000000000000005
1070.1,5.6000000000000005
1070.2,5.6000000000000005
1070.3,5.6000000000000005
1070.4,5.800000000000001
1070.5,5.4
1070.6,5.6000000000000005
1070.7,5.4
1070.8,5.800000000000001
1070.9,5.6000000000000005
1071,5.6000000000000005
1071.1,5.4
1071.2,5.800000000000001
1071.3,5.4
1071.4,5.6000000000000005
1071.5,5.800000000000001
1071.6,5.4
1071.7,5.6000000000000005
1071.8,5.800000000000001
1071.9,5.800000000000001
1072,5.6000000000000005
1072.1,5.4
1072.2,5.6000000000000005
1072.3,5.6000000000000005
1072.4,5.4
1072.5,5.6000000000000005
1072.6,5.4
1072.7,5.4
1072.8,5.4
1072.9,5.800000000000001
1073,5.6000000000000005
1073.1,5.4
1073.2,3.4000000000000004
1073.3,3.2
1073.4,3
1073.5,3.2
1073.6,3.6
1073.7,4
1073.8,4.2
1073.9,4.4
1074,4.2
1074.1,4.800000000000001
1074.2,4.6000000000000005
1074.3,4.4
1074.4,5
1074.5,5.2
1074.6,5.2
1074.7,5.2
1074.8,5
1074.9,5
1075,5
1075.1,5
1075.2,4.800000000000001
1075.3,4.800000000000001
1075.4,4.800000000000001
1075.5,4.800000000000001
1075.6,4.800000000000001
1075.7,4.800000000000001
1075.8,4.800000000000001
1075.9,4.6000000000000005
1076,4.6000000000000005
1076.1,4.800000000000001
1076.2,4.800000000000001
1076.3,4.800000000000001
1076.4,4.800000000000001
1076.5,4.6000000000000005
1076.6,4.6000000000000005
1076.7,4.4
1076.8,4.6000000000000005
1076.9,4.6000000000000005
1077,4.6000000000000005
1077.1,4.4
1077.2,4.4
1077.3,4.4
1077.4,4.4
1077.5,4.4
1077.6,4.4
1077.7,4.4
1077.8,4.6000000000000005
1077.9,4.6000000000000005
1078,4.4
1078.1,4.4
1078.2,4.4
1078.3,4.4
1078.4,4.4
1078.5,4.4
1078.6,4.4
1078.7,4.4
1078.8,4.4
1078.9,4.4
1079,4.2
1079.1,4.2
1079.2,4.2
1079.3,4.2
1079.4,4.4
1079.5,4.4
1079.6,4.4
1079.7,4.4
1079.8,4.2
1079.9,4.2
1080,4.2
1080.1,4.2
1080.2,4.2
1080.3,4.2
1080.4,4.2
1080.5,4.2
1080.6,4.2
1080.7,4.2
1080.8,4.2
1080.9,4.2
1081,4.2
1081.1,4.4
1081.2,4.6000000000000005
1081.3,4.6000000000000005
1081.4,4.6000000000000005
1081.5,4.6000000000000005
1081.6,4.6000000000000005
1081.7,4.6000000000000005
1081.8,4.6000000000000005
1081.9,4.800000000000001
1082,4.800000000000001
1082.1,4.800000000000001
1082.2,4.800000000000001
1082.3,4.800000000000001
1082.4,4.6000000000000005
1082.5,4.6000000000000005
1082.6,4.800000000000001
1082.7,4.800000000000001
1082.8,5
1082.9,5
1083,4.800000000000001
1083.1,4.800000000000001
1083.2,5
1083.3,5
1083.4,5
1083.5,5
1083.6,5
1083.7,5
1083.8,5
1083.9,5
1084,5
1084.1,5
1084.2,5.2
1084.3,5.2
1084.4,5.2
1084.5,5.4
1084.6,5.4
1084.7,5.4
1084.8,5.4
1084.9,5.4
1085,5.4
1085.1,5.6000000000000005
1085.2,5.6000000000000005
1085.3,5.800000000000001
1085.4,5.800000000000001
1085.5,5.6000000000000005
1085.6,5.6000000000000005
1085.7,5.6000000000000005
1085.8,5.6000000000000005
1085.9,5.6000000000000005
1086,5.800000000000001
1086.1,5.4
1086.2,5.6000000000000005
1086.3,5.4
1086.4,5.800000000000001
1086.5,5.6000000000000005
1086.6,5.6000000000000005
1086.7,5.4
1086.8,5.800000000000001
1086.9,5.4
1087,5.6000000000000005
1087.1,5.800000000000001
1087.2,5.4
1087.3,5.6000000000000005
1087.4,5.800000000000001
1087.5,5.800000000000001
1087.6,5.6000000000000005
1087.7,5.4
1087.8,5.6000000000000005
1087.9,5.6000000000000005
1088,5.4
1088.1,5.6000000000000005
1088.2,5.4
1088.3,5.4
1088.4,5.4
1088.5,5.800000000000001
1088.6,5.6000000000000005
1088.7,5.4
1088.8,3.4000000000000004
1088.9,3.2
1089,3
1089.1,3.2
1089.2,3.6
1089.3,4
1089.4,4.2
1089.5,4.4
1089.6,4.2
1089.7,4.800000000000001
1089.8,4.6000000000000005
1089.9,4.4
1090,5
1090.1,5.2
1090.2,5.2
1090.3,5.2
1090.4,5
1090.5,5
1090.6,5
1090.7,5
1090.8,4.800000000000001
1090.9,4.800000000000001
1091,4.800000000000001
1091.1,4.800000000000001
1091.2,4.800000000000001
1091.3,4.800000000000001
1091.4,4.800000000000001
1091.5,4.6000000000000005
1091.6,4.6000000000000005
1091.7,4.800000000000001
1091.8,4.800000000000001
1091.9,4.800000000000001
1092,4.800000000000001
1092.1,4.6000000000000005
1092.2,4.6000000000000005
1092.3,4.4
1092.4,4.6000000000000005
1092.5,4.6000000000000005
1092.6,4.6000000000000005
1092.7,4.4
1092.8,4.4
1092.9,4.4
1093,4.4
1093.1,4.4
1093.2,4.4
1093.3,4.4
1093.4,4.6000000000000005
1093.5,4.6000000000000005
1093.6,4.4
1093.7,4.4
1093.8,4.4
1093.9,4.4
1094,4.4
1094.1,4.4
1094.2,4.4
1094.3,4.4
1094.4,4.4
1094.5,4.4
1094.6,4.2
1094.7,4.2
1094.8,4.2
1094.9,4.2
1095,4.4
1095.1,4.4
1095.2,4.4
1095.3,4.4
1095.4,4.2
1095.5,4.2
1095.6,4.2
1095.7,4.2
1095.8,4.2
1095.9,4.2
1096,4.2
1096.1,4.2
1096.2,4.2
1096.3,4.2
1096.4,4.2
1096.5,4.2
1096.6,4.2
1096.7,4.4
1096.8,4.6000000000000005
1096.9,4.6000000000000005
1097,4.6000000000000005
1097.1,4.6000000000000005
1097.2,4.6000000000000005
1097.3,4.6000000000000005
1097.4,4.6000000000000005
1097.5,4.800000000000001
1097.6,4.800000000000001
1097.7,4.800000000000001
1097.8,4.800000000000001
1097.9,4.800000000000001
1098,4.6000000000000005
1098.1,4.6000000000000005
1098.2,4.800000000000001
1098.3,4.800000000000001
1098.4,5
1098.5,5
1098.6,4.800000000000001
1098.7,4.800000000000001
1098.8,5
1098.9,5
1099,5
1099.1,5
1099.2,5
1099.3,5
1099.4,5
1099.5,5
1099.6,5
1099.7,5
1099.8,5.2
1099.9,5.2
1100,5.2
1100.1,5.4
1100.2,5.4
1100.3,5.4
1100.4,5.4
1100.5,5.4
1100.6,5.4
1100.7,5.6000000000000005
1100.8,5.6000000000000005
1100.9,5.800000000000001
1101,5.800000000000001
1101.1,5.6000000000000005
1101.2,5.6000000000000005
1101.3,5.6000000000000005
1101.4,5.6000000000000005
1101.5,5.6000000000000005
1101.6,5.800000000000001
1101.7,5.4
1101.8,5.6000000000000005
1101.9,5.4
1102,5.800000000000001
1102.1,5.6000000000000005
1102.2,5.6000000000000005
1102.3,5.4
1102.4,5.800000000000001
1102.5,5.4
1102.6,5.6000000000000005
1102.7,5.800000000000001
1102.8,5.4
1102.9,5.6000000000000005
1103,5.800000000000001
1103.1,5.800000000000001
1103.2,5.6000000000000005
1103.3,5.4
1103.4,5.6000000000000005
1103.5,5.6000000000000005
1103.6,5.4
1103.7,5.6000000000000005
1103.8,5.4
1103.9,5.4
1104,5.4
1104.1,5.800000000000001
1104.2,5.6000000000000005
1104.3,5.4
1104.4,3.4000000000000004
1104.5,3.2
1104.6,3
1104.7,3.2
1104.8,3.6
1104.9,4
1105,4.2
1105.1,4.4
1105.2,4.2
1105.3,4.800000000000001
1105.4,4.6000000000000005
1105.5,4.4
1105.6,5
1105.7,5.2
1105.8,5.2
1105.9,5.2
1106,5
1106.1,5
1106.2,5
1106.3,5
1106.4,4.800000000000001
1106.5,4.800000000000001
1106.6,4.800000000000001
1106.7,4.800000000000001
1106.8,4.800000000000001
1106.9,4.800000000000001
1107,4.800000000000001
1107.1,4.6000000000000005
1107.2,4.6000000000000005
1107.3,4.800000000000001
1107.4,4.800000000000001
1107.5,4.800000000000001
1107.6,4.800000000000001
1107.7,4.6000000000000005
1107.8,4.6000000000000005
1107.9,4.4
1108,4.6000000000000005
1108.1,4.6000000000000005
1108.2,4.6000000000000005
1108.3,4.4
1108.4,4.4
1108.5,4.4
1108.6,4.4
1108.7,4.4
1108.8,4.4
1108.9,4.4
1109,4.6000000000000005
1109.1,4.6000000000000005
1109.2,4.4
1109.3,4.4
1109.4,4.4
1109.5,4.4
1109.6,4.4
1109.7,4.4
1109.8,4.4
1109.9,4.4
1110,4.4
1110.1,4.4
1110.2,4.2
1110.3,4.2
1110.4,4.2
1110.5,4.2
1110.6,4.4
1110.7,4.4
1110.8,4.4
1110.9,4.4
1111,4.2
1111.1,4.2
1111.2,4.2
1111.3,4.2
1111.4,4.2
1111.5,4.2
1111.6,4.2
1111.7,4.2
1111.8,4.2
1111.9,4.2
1112,4.2
1112.1,4.2
1112.2,4.2
1112.3,4.4
1112.4,4.6000000000000005
1112.5,4.6000000000000005
1112.6,4.6000000000000005
1112.7,4.6000000000000005
1112.8,4.6000000000000005
1112.9,4.6000000000000005
1113,4.6000000000000005
1113.1,4.800000000000001
1113.2,4.800000000000001
1113.3,4.800000000000001
1113.4,4.800000000000001
1113.5,4.800000000000001
1113.6,4.6000000000000005
1113.7,4.6000000000000005
1113.8,4.800000000000001
1113.9,4.800000000000001
1114,5
1114.1,5
1114.2,4.800000000000001
1114.3,4.800000000000001
1114.4,5
1114.5,5
1114.6,5
1114.7,5
1114.8,5
1114.9,5
1115,5
1115.1,5
1115.2,5
1115.3,5
1115.4,5.2
1115.5,5.2
1115.6,5.2
1115.7,5.4
1115.8,5.4
1115.9,5.4
1116,5.4
1116.1,5.4
1116.2,5.4
1116.3,5.6000000000000005
1116.4,5.6000000000000005
1116.5,5.800000000000001
1116.6,5.800000000000001
1116.7,5.6000000000000005
1116.8,5.6000000000000005
1116.9,5.6000000000000005
1117,5.6000000000000005
1117.1,5.6000000000000005
1117.2,5.800000000000001
1117.3,5.4
1117.4,5.6000000000000005
1117.5,5.4
1117.6,5.800000000000001
1117.7,5.6000000000000005
1117.8,5.6000000000000005
1117.9,5.4
1118,5.800000000000001
1118.1,5.4
1118.2,5.6000000000000005
1118.3,5.800000000000001
1118.4,5.4
1118.5,5.6000000000000005
1118.6,5.800000000000001
1118.7,5.800000000000001
1118.8,5.6000000000000005
1118.9,5.4
1119,5.6000000000000005
1119.1,5.6000000000000005
1119.2,5.4
1119.3,5.6000000000000005
1119.4,5.4
1119.5,5.4
1119.6,5.4
1119.7,5.800000000000001
1119.8,5.6000000000000005
1119.9,5.4
1120,5
1120.1,5
1120.2,5
1120.3,5
1120.4,5
1120.5,5
1120.6,5
1120.7,5
1120.8,4.800000000000001
1120.9,4.800000000000001
1121,4.800000000000001
1121.1,4.800000000000001
1121.2,4.800000000000001
1121.3,4.800000000000001
1121.4,4.6000000000000005
1121.5,4.6000000000000005
1121.6,4.6000000000000005
1121.7,4.6000000000000005
1121.8,4.6000000000000005
1121.9,4.6000000000000005
1122,4.800000000000001
1122.1,4.800000000000001
1122.2,4.800000000000001
1122.3,4.800000000000001
1122.4,4.6000000000000005
1122.5,4.6000000000000005
1122.6,4.800000000000001
1122.7,4.800000000000001
1122.8,4.6000000000000005
1122.9,4.6000000000000005
1123,4.6000000000000005
1123.1,4.6000000000000005
1123.2,4.6000000000000005
1123.3,4.6000000000000005
1123.4,4.4
1123.5,4.4
1123.6,4.6000000000000005
1123.7,4.800000000000001
1123.8,4.800000000000001
1123.9,4.800000000000001
1124,4.800000000000001
1124.1,4.800000000000001
1124.2,4.6000000000000005
1124.3,4.6000000000000005
1124.4,4.6000000000000005
1124.5,4.6000000000000005
1124.6,4.6000000000000005
1124.7,4.6000000000000005
1124.8,4.6000000000000005
1124.9,4.6000000000000005
1125,4.4
1125.1,4.4
1125.2,4.6000000000000005
1125.3,4.6000000000000005
1125.4,4.6000000000000005
1125.5,4.6000000000000005
1125.6,4.6000000000000005
1125.7,4.6000000000000005
1125.8,4.6000000000000005
1125.9,4.4
1126,4.6000000000000005
1126.1,4.6000000000000005
1126.2,4.6000000000000005
1126.3,4.6000000000000005
1126.4,4.6000000000000005
1126.5,4.6000000000000005
1126.6,4.6000000000000005
1126.7,4.6000000000000005
1126.8,4.6000000000000005
1126.9,4.800000000000001
1127,5
1127.1,5
1127.2,5
1127.3,4.800000000000001
1127.4,4.800000000000001
1127.5,4.800000000000001
1127.6,4.800000000000001
1127.7,4.800000000000001
1127.8,4.800000000000001
1127.9,4.800000000000001
1128,4.800000000000001
1128.1,4.800000000000001
1128.2,4.800000000000001
1128.3,4.800000000000001
1128.4,4.800000000000001
1128.5,4.800000000000001
1128.6,4.800000000000001
1128.7,5
1128.8,5
1128.9,4.800000000000001
1129,4.800000000000001
1129.1,4.800000000000001
1129.2,4.800000000000001
1129.3,4.800000000000001
1129.4,4.800000000000001
1129.5,4.800000000000001
1129.6,5
1129.7,4.800000000000001
1129.8,4.800000000000001
1129.9,4.800000000000001
1130,4.800000000000001
1130.1,4.800000000000001
1130.2,5
1130.3,5.2
1130.4,5.2
1130.5,5.2
1130.6,5.2
1130.7,5.2
1130.8,5.2
1130.9,5
1131,5.2
1131.1,5.2
1131.2,5.4
1131.3,5.4
1131.4,5.4
1131.5,5.4
1131.6,5.4
1131.7,5.4
1131.8,5.4
1131.9,5.6000000000000005
1132,5.6000000000000005
1132.1,5.800000000000001
1132.2,5.800000000000001
1132.3,5.800000000000001
1132.4,5.800000000000001
1132.5,5.6000000000000005
1132.6,5.6000000000000005
1132.7,5.6000000000000005
1132.8,5.6000000000000005
1132.9,5.6000000000000005
1133,5.6000000000000005
1133.1,5.6000000000000005
1133.2,5.6000000000000005
1133.3,5.800000000000001
1133.4,5.6000000000000005
1133.5,5.6000000000000005
1133.6,5.6000000000000005
1133.7,5.6000000000000005
1133.8,5.6000000000000005
1133.9,5.4
1134,5.4
1134.1,5.4
1134.2,5.4
1134.3,5.4
1134.4,5.4
1134.5,5.4
1134.6,5.2
1134.7,5.2
1134.8,5.2
1134.9,5.2
1135,5
1135.1,5
1135.2,5
1135.3,5
1135.4,5
1135.5,5
1135.6,5
1135.7,4.800000000000001
1135.8,4.800000000000001
1135.9,5
1136,5
1136.1,4.800000000000001
1136.2,4.800000000000001
1136.3,4.800000000000001
1136.4,4.800000000000001
1136.5,4.800000000000001
1136.6,4.800000000000001
1136.7,4.800000000000001
1136.8,4.800000000000001
1136.9,4.800000000000001
1137,4.800000000000001
1137.1,5
1137.2,4.4
1137.3,5
1137.4,5
1137.5,4.6000000000000005
1137.6,4.4
1137.7,4.4
1137.8,4.2
1137.9,4
1138,3.6
1138.1,3.8000000000000003
1138.2,3.8000000000000003
1138.3,3.8000000000000003
1138.4,3.4000000000000004
1138.5,3.6
1138.6,3.8000000000000003
1138.7,3
1138.8,2.8000000000000003
1138.9,3.4000000000000004
1139,3
1139.1,3.2
1139.2,2.8000000000000003
1139.3,3.6
1139.4,3.4000000000000004
1139.5,3
1139.6,2.8000000000000003
1139.7,2.6
1139.8,2.8000000000000003
1139.9,2.2
1140,2.4000000000000004
1140.1,2.2
1140.2,2.8000000000000003
1140.3,3.6
1140.4,2.2
1140.5,1.6
1140.6,1.8
1140.7,1.4000000000000001
1140.8,1.6
1140.9,1
1141,0.8
1141.1,1.6
1141.2,1.4000000000000001
1141.3,1
1141.4,1.4000000000000001
1141.5,1
1141.6,1.4000000000000001
1141.7,0.8
1141.8,1.4000000000000001
1141.9,1
1142,0.8
1142.1,1
1142.2,1.6
1142.3,1
1142.4,0.4
1142.5,0.8
1142.6,1.4000000000000001
1142.7,1
1142.8,0.4
1142.9,1
1143,0.6000000000000001
1143.1,0.4
1143.2,0.8
1143.3,1.2000000000000002
1143.4,1
1143.5,0.4
1143.6,0.8
1143.7,1
1143.8,0.4
1143.9,0.8
1144,1
1144.1,0.4
1144.2,0.2
1144.3,0.8
1144.4,0.4
1144.5,1
1144.6,0.2
1144.7,0.8
1144.8,1
1144.9,0.4
1145,0.8
1145.1,1
1145.2,0.4
1145.3,0.4
1145.4,0.2
1145.5,0.4
1145.6,0.8
1145.7,1
1145.8,0.6000000000000001
1145.9,0.4
1146,1
1146.1,0.8
1146.2,0.2
1146.3,0.4
1146.4,1
1146.5,0.8
1146.6,0.2
1146.7,0.4
1146.8,1
1146.9,0.4
1147,0.8
1147.1,0.2
1147.2,0.4
1147.3,0.6000000000000001
1147.4,0.4
1147.5,1
1147.6,0.8
1147.7,0.2
1147.8,1.2000000000000002
1147.9,1.6
1148,1.8
1148.1,1.6
1148.2,1.2000000000000002
1148.3,1.6
1148.4,2.2
1148.5,2.8000000000000003
1148.6,2.4000000000000004
1148.7,2.2
1148.8,1.8
1148.9,1.2000000000000002
1149,0.4
1149.1,0.6000000000000001
1149.2,1
1149.3,0.8
1149.4,1.4000000000000001
1149.5,1.6
1149.6,1.8
1149.7,1.8
1149.8,2.2
1149.9,2.2
1150,2.6
1150.1,3.2
1150.2,3.8000000000000003
1150.3,3.4000000000000004
1150.4,3
1150.5,2.4000000000000004
1150.6,2.6
1150.7,3
1150.8,3.6
1150.9,3
1151,2.4000000000000004
1151.1,2.2
1151.2,1.6
1151.3,0.8
1151.4,0.6000000000000001
1151.5,0.2
1151.6,0.8
1151.7,1.4000000000000001
1151.8,1
1151.9,0.8
