0,61.7719238
0.10417571,61.69452479
0.208351419,63.25409412
0.312527129,64.82194103
0.416702839,65.75673046
0.520878548,61.45692887
0.625054258,63.01057717
0.729229968,61.57979069
0.833405678,62.65871715
0.937581387,65.17038449
1.041757097,63.94053726
1.145932807,63.49347619
1.250108516,63.78212546
1.354284226,62.3915041
1.458459936,65.29905512
1.562635645,63.93974405
1.666811355,63.40005552
1.770987065,63.54997522
1.875162775,63.73427766
1.979338484,62.88327918
2.083514194,65.64308123
2.187689904,61.61162316
2.291865613,62.20703748
2.396041323,60.75479746
2.500217033,61.48118411
2.604392742,62.5794559
2.708568452,64.88896218
2.812744162,63.36294284
2.916919872,63.21443025
3.021095581,62.52660689
3.125271291,63.4687558
3.229447001,62.36086985
3.33362271,63.35039282
3.43779842,62.54970296
3.54197413,62.81001674
3.646149839,64.5636309
3.750325549,63.73063323
3.854501259,65.62006262
3.958676968,63.69094202
4.062852678,63.12788106
4.167028388,62.59450877
4.271204098,65.17581261
4.375379807,62.56324631
4.479555517,65.34087834
4.583731227,63.55923038
4.687906936,62.09760806
4.792082646,61.44497897
4.896258356,61.95479629
5.000434065,66.52915009
5.104609775,65.42154278
5.208785485,64.67900503
5.312961195,64.3033141
5.417136904,62.11350887
5.521312614,64.38230106
5.625488324,62.64030437
5.729664033,62.03614597
5.833839743,61.50371781
5.938015453,62.03559821
6.042191162,60.46593186
6.146366872,64.10468388
6.250542582,66.57935709
6.354718292,62.39341379
6.458894001,64.86371613
6.563069711,62.6884754
6.667245421,63.95199763
6.77142113,63.99227715
6.87559684,62.89507352
6.97977255,65.64766812
7.083948259,66.97797266
7.188123969,64.38614524
7.292299679,63.32963165
7.396475388,61.97874507
7.500651098,63.34737651
7.604826808,63.64935203
7.709002518,59.79354092
7.813178227,64.75489065
7.917353937,61.92348723
8.021529647,64.10847025
8.125705356,61.20894962
8.229881066,62.58212757
8.334056776,64.89486172
8.438232485,62.71391362
8.542408195,63.31625405
8.646583905,64.51794037
8.750759615,62.75698253
8.854935324,64.12617018
8.959111034,65.79639711
9.063286744,62.84260596
9.167462453,61.69794351
9.271638163,64.27688108
9.375813873,60.41930636
9.479989582,63.80571438
9.584165292,64.09655238
9.688341002,65.25559317
9.792516712,63.78902271
9.896692421,60.95636858
10.00086813,62.50568978
10.10504384,62.88067748
10.20921955,62.50304743
10.31339526,63.28285915
10.41757097,61.93473733
10.52174668,65.5468479
10.62592239,65.49528757
10.7300981,64.88145572
10.83427381,65.39636349
10.93844952,67.78766732
11.04262523,66.36724899
11.14680094,61.8072472
11.25097665,62.7320352
11.35515236,65.73050026
11.45932807,63.35424079
11.56350378,64.85961698
11.66767949,63.60945849
11.7718552,63.43778176
11.87603091,63.86204052
11.98020662,63.63827654
12.08438232,64.04123359
12.18855803,64.6739916
12.29273374,61.18480199
12.39690945,61.73876457
12.50108516,62.48871475
12.60526087,64.39656125
12.70943658,64.71032777
12.81361229,63.64527551
12.917788,64.18829287
13.02196371,63.93335451
13.12613942,64.31860453
13.23031513,60.65628573
13.33449084,62.21871171
13.43866655,63.42045771
13.54284226,63.49373541
13.64701797,61.237162
13.75119368,64.10596256
13.85536939,62.41934675
13.9595451,65.82529199
14.06372081,60.83275699
14.16789652,62.18152514
14.27207223,65.22934701
14.37624794,64.02638761
14.48042365,62.67239502
14.58459936,65.46003069
14.68877507,61.66992994
14.79295078,66.30974153
14.89712649,63.2142346
15.0013022,66.55265955
15.10547791,64.41082299
15.20965362,63.29739185
15.31382933,65.06725537
15.41800504,63.66522457
15.52218074,66.53990527
15.62635645,64.46021618
15.73053216,61.53429053
15.83470787,66.1631786
15.93888358,62.7854279
16.04305929,64.09475707
16.147235,61.52320048
16.25141071,65.35295213
16.35558642,62.84727249
16.45976213,65.54872627
16.56393784,66.38826577
16.66811355,64.53356785
16.77228926,63.77690082
16.87646497,64.1011917
16.98064068,64.92970222
17.08481639,65.68341713
17.1889921,63.15541631
17.29316781,65.93587703
17.39734352,64.85218022
17.50151923,61.7772
17.60569494,64.71572924
17.70987065,62.40306339
17.81404636,61.73254551
17.91822207,64.77313464
18.02239778,63.30584635
18.12657349,64.76492594
18.2307492,64.06591308
18.33492491,62.55326257
18.43910062,61.67399727
18.54327633,63.30278112
18.64745204,63.15176158
18.75162775,66.596036
18.85580346,64.68883615
18.95997916,64.6969054
19.06415487,63.85260078
19.16833058,64.7312332
19.27250629,63.10275012
19.376682,61.75845619
19.48085771,66.46206648
19.58503342,63.80245364
19.68920913,65.12212514
19.79338484,62.04529343
19.89756055,64.58620763
20.00173626,66.36786557
20.10591197,66.44952612
20.21008768,64.31704041
20.31426339,66.00032498
20.4184391,63.73564308
20.52261481,61.65089544
20.62679052,60.94097563
20.73096623,64.95176461
20.83514194,65.74010852
20.93931765,65.74968884
21.04349336,65.0261218
21.14766907,65.74524424
21.25184478,64.23881104
21.35602049,67.75791071
21.4601962,65.79160225
21.56437191,64.74569897
21.66854762,63.98985623
21.77272333,63.21246708
21.87689904,63.42638979
21.98107475,62.18324839
22.08525046,66.46608482
22.18942617,67.00863228
22.29360188,62.262433
22.39777758,64.90433875
22.50195329,64.04775279
22.606129,63.43480089
22.71030471,67.01355461
22.81448042,63.85286649
22.91865613,66.18200365
23.02283184,64.55260815
23.12700755,66.7627018
23.23118326,64.72579199
23.33535897,65.02784358
23.43953468,64.8500815
23.54371039,66.06319537
23.6478861,63.94368259
23.75206181,68.68127621
23.85623752,62.59689264
23.96041323,65.31777098
24.06458894,65.94975233
24.16876465,66.06848441
24.27294036,62.98263648
24.37711607,62.35114407
24.48129178,61.9084983
24.58546749,64.36309887
24.6896432,65.19675649
24.79381891,64.52284668
24.89799462,64.34961858
25.00217033,65.90226723
25.10634604,65.06274682
25.21052175,64.62073574
25.31469746,63.64959285
25.41887317,65.31670696
25.52304888,66.28726976
25.62722459,63.72781646
25.7314003,64.00954782
25.835576,67.43988602
25.93975171,66.41961562
26.04392742,65.45262192
26.14810313,64.37071577
26.25227884,66.7821386
26.35645455,65.43020276
26.46063026,65.79561078
26.56480597,64.76715611
26.66898168,62.38571109
26.77315739,64.63762139
26.8773331,64.67033783
26.98150881,64.20709927
27.08568452,65.81823329
27.18986023,64.81995228
27.29403594,64.19162031
27.39821165,64.75554913
27.50238736,64.9491546
27.60656307,66.68533288
27.71073878,66.04546159
27.81491449,64.91181583
27.9190902,64.03610255
28.02326591,65.87746442
28.12744162,66.68813191
28.23161733,64.17844837
28.33579304,66.64757082
28.43996875,67.10751148
28.54414446,66.86071362
28.64832017,67.25685575
28.75249588,67.53883833
28.85667159,64.73484504
28.9608473,62.98440921
29.06502301,65.63818445
29.16919872,63.65600723
29.27337442,65.13905127
29.37755013,66.76480975
29.48172584,67.64654518
29.58590155,67.18790639
29.69007726,63.54706257
29.79425297,67.4649073
29.89842868,68.99680841
30.00260439,67.60413956
30.1067801,64.39479394
30.21095581,67.77087026
30.31513152,65.61241525
30.41930723,66.02248928
30.52348294,67.91029931
30.62765865,61.69363024
30.73183436,64.92666483
30.83601007,66.90515529
30.94018578,66.03223586
31.04436149,67.19432156
31.1485372,65.78115763
31.25271291,65.0590412
31.35688862,64.00736747
31.46106433,65.72509421
31.56524004,65.28750545
31.66941575,65.38656826
31.77359146,65.58977232
31.87776717,65.91880623
31.98194288,64.66217521
32.08611859,65.43854802
32.1902943,66.78884607
32.29447001,65.02090308
32.39864572,66.03592507
32.50282143,68.15548277
32.60699714,63.71014578
32.71117284,67.89124355
32.81534855,65.77467018
32.91952426,66.37381079
33.02369997,67.66213094
33.12787568,67.33820696
33.23205139,65.75592691
33.3362271,67.85902582
33.44040281,65.40341061
33.54457852,66.38163687
33.64875423,67.00354631
33.75292994,68.17410661
33.85710565,66.13078705
33.96128136,64.75175822
34.06545707,68.26273162
34.16963278,63.60533952
34.27380849,67.66377129
34.3779842,65.83566239
34.48215991,65.2509912
34.58633562,66.55595209
34.69051133,65.33961625
34.79468704,68.58416415
34.89886275,65.34350329
35.00303846,67.10335402
35.10721417,66.45034131
35.21138988,65.52599824
35.31556559,66.25956836
35.4197413,66.14409337
35.52391701,62.67038272
35.62809272,67.01827816
35.73226843,67.41665345
35.83644414,64.7414943
35.94061985,66.60387154
36.04479556,65.66094667
36.14897126,65.77216782
36.25314697,65.19161557
36.35732268,67.68779905
36.46149839,63.41241895
36.5656741,67.91764574
36.66984981,67.05061282
36.77402552,65.69452594
36.87820123,65.63051467
36.98237694,65.60388324
37.08655265,66.67420065
37.19072836,67.78804216
37.29490407,67.88950986
37.39907978,65.87460099
37.50325549,65.23562266
37.6074312,66.16704937
37.71160691,67.35357898
37.81578262,67.99565162
37.91995833,67.54127535
38.02413404,65.3684395
38.12830975,66.12334153
38.23248546,70.41713961
38.33666117,64.80516288
38.44083688,66.80532787
38.54501259,67.49581507
38.6491883,64.69636609
38.75336401,64.79941484
38.85753972,68.43327608
38.96171543,67.44798177
39.06589114,67.62465615
39.17006685,66.06257053
39.27424256,68.05230846
39.37841827,66.83816614
39.48259398,65.76665851
39.58676968,65.99460643
39.69094539,68.05334012
39.7951211,67.70181717
39.89929681,63.09656703
40.00347252,67.98585583
40.10764823,67.21830467
40.21182394,68.34494282
40.31599965,69.01436232
40.42017536,69.02900023
40.52435107,67.6418047
40.62852678,66.65492233
40.73270249,65.35920978
40.8368782,65.35946366
40.94105391,67.60049276
41.04522962,67.70338768
41.14940533,66.0410974
41.25358104,66.34520243
41.35775675,64.67899588
41.46193246,64.98859792
41.56610817,68.48232393
41.67028388,68.2354435
41.77445959,68.71286582
41.8786353,67.09832746
41.98281101,70.84168144
42.08698672,66.26272166
42.19116243,64.87330625
42.29533814,65.50228505
42.39951385,66.34462162
42.50368956,67.29371329
42.60786527,66.64048753
42.71204098,65.92917377
42.81621669,65.74118555
42.9203924,65.96852043
43.0245681,65.04704852
43.12874381,67.09577065
43.23291952,66.48875963
43.33709523,67.28325446
43.44127094,66.10631822
43.54544665,67.93090125
43.64962236,66.28212328
43.75379807,66.33956177
43.85797378,65.89754759
43.96214949,67.50033373
44.0663252,67.88350106
44.17050091,65.78348016
44.27467662,65.560295
44.37885233,64.67351935
44.48302804,68.17757045
44.58720375,71.4307801
44.69137946,67.43405766
44.79555517,67.86147212
44.89973088,67.82485761
45.00390659,67.39850431
45.1080823,66.01598893
45.21225801,65.09228652
45.31643372,67.40632176
45.42060943,67.59913668
45.52478514,67.04149116
45.62896085,67.5812887
45.73313656,66.86259346
45.83731227,68.73757143
45.94148798,66.62481961
46.04566369,67.81865926
46.1498394,71.04659386
46.25401511,66.60324365
46.35819082,66.52359907
46.46236652,68.74481087
46.56654223,69.43807221
46.67071794,69.56862753
46.77489365,65.72109762
46.87906936,69.27126487
46.98324507,67.47236472
47.08742078,68.52888187
47.19159649,67.87085547
47.2957722,67.25873345
47.39994791,67.36214955
47.50412362,65.61879061
47.60829933,68.88187534
47.71247504,67.51090689
47.81665075,69.30429346
47.92082646,67.41011053
48.02500217,67.107393
48.12917788,68.52960425
48.23335359,67.18700861
48.3375293,68.65531905
48.44170501,67.18120976
48.54588072,69.79200499
48.65005643,68.31525222
48.75423214,67.76466686
48.85840785,68.43002727
48.96258356,67.72975903
49.06675927,68.89481054
49.17093498,66.74459853
49.27511069,69.55198463
49.3792864,67.33837061
49.48346211,67.12204425
49.58763782,70.5473215
49.69181353,65.10583722
49.79598924,69.94239269
49.90016494,68.0057481
50.00434065,69.72903956
50.10851636,65.93887334
50.21269207,66.28699625
50.31686778,70.05786892
50.42104349,69.94183281
50.5252192,64.60045204
50.62939491,69.30985434
50.73357062,70.55289916
50.83774633,70.22508363
50.94192204,69.48647173
51.04609775,67.59499307
51.15027346,72.20349816
51.25444917,68.65200528
51.35862488,70.62949152
51.46280059,69.34349766
51.5669763,67.14603885
51.67115201,69.85892897
51.77532772,66.1137198
51.87950343,69.10061928
51.98367914,68.23105017
52.08785485,66.81442064
52.19203056,69.30821057
52.29620627,69.35613053
52.40038198,67.01514325
52.50455769,69.0142966
52.6087334,68.52308114
52.71290911,65.91126228
52.81708482,66.93891905
52.92126053,69.76073089
53.02543624,69.17438996
53.12961195,65.64258702
53.23378766,69.31822114
53.33796336,67.1778992
53.44213907,67.22321606
53.54631478,67.9547424
53.65049049,68.8523925
53.7546662,68.40715904
53.85884191,68.83300012
53.96301762,65.13671458
54.06719333,70.90009729
54.17136904,67.36989734
54.27554475,70.56100387
54.37972046,69.17985767
54.48389617,69.05236247
54.58807188,68.98108256
54.69224759,69.74659442
54.7964233,68.94008177
54.90059901,69.34362822
55.00477472,67.76674892
55.10895043,68.72008223
55.21312614,68.44992301
55.31730185,70.17562893
55.42147756,69.87231
55.52565327,68.44505212
55.62982898,68.78518471
55.73400469,70.44295557
55.8381804,67.44221116
55.94235611,68.99712453
56.04653182,69.17671945
56.15070753,69.36065699
56.25488324,70.37297543
56.35905895,69.09894186
56.46323466,67.04106184
56.56741037,70.99171918
56.67158608,69.52539369
56.77576178,70.07088197
56.87993749,71.33293444
56.9841132,69.04538609
57.08828891,69.90587954
57.19246462,69.94706319
57.29664033,66.27197919
57.40081604,68.76602653
57.50499175,67.47401766
57.60916746,69.20397219
57.71334317,68.87442193
57.81751888,66.60189062
57.92169459,68.92935968
58.0258703,73.05833269
58.13004601,70.66855034
58.23422172,68.73545526
58.33839743,68.13146265
58.44257314,71.18221366
58.54674885,68.56802634
58.65092456,70.74021201
58.75510027,69.50465556
58.85927598,70.58393013
58.96345169,68.61767369
59.0676274,67.71875329
59.17180311,66.30119798
59.27597882,69.16634718
59.38015453,71.80602691
59.48433024,69.51852679
59.58850595,70.72264921
59.69268166,66.85314881
59.79685737,69.16169157
59.90103308,67.58976643
60.00520879,67.73430946
60.1093845,68.2900181
60.2135602,68.10695247
60.31773591,70.04755575
60.42191162,67.21530989
60.52608733,70.73590212
60.63026304,71.23438375
60.73443875,69.07146365
60.83861446,68.7094526
60.94279017,70.56585501
61.04696588,67.57050361
61.15114159,71.63215567
61.2553173,71.54723359
61.35949301,68.00800568
61.46366872,69.72431366
61.56784443,70.36420799
61.67202014,68.48615243
61.77619585,72.12695474
61.88037156,68.50649895
61.98454727,67.05020859
62.08872298,71.16424384
62.19289869,69.11571848
62.2970744,66.44281514
62.40125011,67.31077462
62.50542582,70.72990614
62.60960153,66.86730926
62.71377724,72.49170486
62.81795295,72.04428611
62.92212866,68.1027628
63.02630437,68.416057
63.13048008,69.41715895
63.23465579,70.40157722
63.3388315,69.64941215
63.44300721,72.09399679
63.54718292,72.0486706
63.65135862,70.82798687
63.75553433,67.78806408
63.85971004,68.24956109
63.96388575,69.89760475
64.06806146,70.10104605
64.17223717,67.33771607
64.27641288,68.68492363
64.38058859,71.90126788
64.4847643,71.88208574
64.58894001,69.33647129
64.69311572,72.93548089
64.79729143,70.68839512
64.90146714,69.64996151
65.00564285,70.61063371
65.10981856,70.26048603
65.21399427,72.22958101
65.31816998,70.5848032
65.42234569,70.6246166
65.5265214,69.01910384
65.63069711,67.318189
65.73487282,72.8993414
65.83904853,71.35521074
65.94322424,67.96207941
66.04739995,68.6001484
66.15157566,68.06122742
66.25575137,68.04835188
66.35992708,70.34055154
66.46410279,70.79314373
66.5682785,67.84009194
66.67245421,73.02213618
66.77662992,71.18866387
66.88080563,71.28153734
66.98498134,70.2644054
67.08915704,67.90966514
67.19333275,69.45505502
67.29750846,68.88840768
67.40168417,71.49210365
67.50585988,68.70638958
67.61003559,68.45606186
67.7142113,67.29735569
67.81838701,67.81866351
67.92256272,72.15437456
68.02673843,67.47777716
68.13091414,68.10628435
68.23508985,69.82726323
68.33926556,68.6332774
68.44344127,71.03064027
68.54761698,71.62294379
68.65179269,67.19134434
68.7559684,70.5994744
68.86014411,70.19424874
68.96431982,70.6827169
69.06849553,70.58792364
69.17267124,72.62811303
69.27684695,69.22079469
69.38102266,70.48839967
69.48519837,69.4353532
69.58937408,71.20619574
69.69354979,68.90118048
69.7977255,70.28375038
69.90190121,71.39517905
70.00607692,69.85541281
70.11025263,68.55592497
70.21442834,69.12659494
70.31860405,70.99052597
70.42277976,70.66309684
70.52695546,71.44137292
70.63113117,69.91585853
70.73530688,70.42261233
70.83948259,69.3060577
70.9436583,70.95615139
71.04783401,71.65512841
71.15200972,68.20396152
71.25618543,68.84790858
71.36036114,70.48395263
71.46453685,70.47168097
71.56871256,70.81918619
71.67288827,68.57934475
71.77706398,71.71834052
71.88123969,71.70381369
71.9854154,68.73297095
72.08959111,69.30799778
72.19376682,68.39071393
72.29794253,71.90230524
72.40211824,69.05840106
72.50629395,69.68101708
72.61046966,73.60993018
72.71464537,67.88429418
72.81882108,66.95181886
72.92299679,70.07105553
73.0271725,69.87225233
73.13134821,67.92865786
73.23552392,69.19645656
73.33969963,71.0095995
73.44387534,71.29953888
73.54805105,71.13151507
73.65222676,71.9663505
73.75640247,71.28515076
73.86057818,71.45044757
73.96475388,71.16595451
74.06892959,70.45450494
74.1731053,69.546172
74.27728101,71.06326325
74.38145672,71.13398748
74.48563243,71.16819459
74.58980814,71.35602971
74.69398385,69.69400742
74.79815956,69.86428062
74.90233527,70.34508873
75.00651098,71.75481591
75.11068669,67.52369922
75.2148624,69.6394568
75.31903811,68.93627786
75.42321382,69.81972013
75.52738953,69.75608463
75.63156524,69.26826673
75.73574095,70.43657771
75.83991666,70.5617227
75.94409237,72.16522233
76.04826808,69.59789184
76.15244379,71.41355241
76.2566195,67.85684806
76.36079521,69.35546157
76.46497092,70.00545236
76.56914663,70.40703889
76.67332234,70.71819227
76.77749805,69.5770645
76.88167376,70.56494881
76.98584947,67.73237054
77.09002518,70.06375203
77.19420089,70.79308934
77.2983766,70.558155
77.4025523,70.21472311
77.50672801,70.83452134
77.61090372,71.55857922
77.71507943,70.53515086
77.81925514,70.03838405
77.92343085,71.38972286
78.02760656,72.39236807
78.13178227,71.5044798
78.23595798,70.05775945
78.34013369,72.28970854
78.4443094,69.8007403
78.54848511,68.61421656
78.65266082,72.08572593
78.75683653,70.62561248
78.86101224,70.72454923
78.96518795,71.38937261
79.06936366,71.04990475
79.17353937,68.6874732
79.27771508,68.38846793
79.38189079,69.64209814
79.4860665,68.53165752
79.59024221,69.99001852
79.69441792,70.67630109
79.79859363,70.08917014
79.90276934,69.9300092
80.00694505,70.95065505
80.11112076,70.00828844
80.21529647,68.61160984
80.31947218,70.60680443
80.42364789,68.33195341
80.5278236,72.67775501
80.63199931,71.2344966
80.73617502,73.09075356
80.84035072,70.99386001
80.94452643,69.4862656
81.04870214,69.44884515
81.15287785,68.13307263
81.25705356,69.76608976
81.36122927,72.58099472
81.46540498,70.67385013
81.56958069,71.05769519
81.6737564,72.87889887
81.77793211,69.38355239
81.88210782,67.46058399
81.98628353,70.66063012
82.09045924,71.34112059
82.19463495,71.60954871
82.29881066,69.20500429
82.40298637,70.54352731
82.50716208,69.10295775
82.61133779,69.2905678
82.7155135,70.78539376
82.81968921,70.06230027
82.92386492,72.3820816
83.02804063,67.77951407
83.13221634,71.00339798
83.23639205,69.93112308
83.34056776,71.51977585
83.44474347,72.20898823
83.54891918,69.99680646
83.65309489,70.72544819
83.7572706,68.64794372
83.86144631,68.38925343
83.96562202,69.76232134
84.06979773,69.21761873
84.17397344,68.75201773
84.27814914,66.51909264
84.38232485,69.26878924
84.48650056,67.13028481
84.59067627,69.52373986
84.69485198,70.27768912
84.79902769,67.67321909
84.9032034,70.71820709
85.00737911,69.94873342
85.11155482,70.56383533
85.21573053,68.93209416
85.31990624,69.28292816
85.42408195,71.1419031
85.52825766,68.97959006
85.63243337,69.10753512
85.73660908,70.27578067
85.84078479,71.45080781
85.9449605,68.75529034
86.04913621,67.58662035
86.15331192,68.76730279
86.25748763,70.30159541
86.36166334,69.85058428
86.46583905,67.28365389
86.57001476,70.90858864
86.67419047,70.99732947
86.77836618,69.55983172
86.88254189,67.61973854
86.9867176,71.12762504
87.09089331,67.48334477
87.19506902,72.53724042
87.29924473,67.48513552
87.40342044,70.78613803
87.50759615,71.19090867
87.61177186,71.88645194
87.71594756,70.12126873
87.82012327,72.49452664
87.92429898,70.31875549
88.02847469,69.0350794
88.1326504,67.79963992
88.23682611,68.45326647
88.34100182,70.41819968
88.44517753,70.15816652
88.54935324,69.78363514
88.65352895,70.86355773
88.75770466,67.7540054
88.86188037,70.84880434
88.96605608,70.1031251
89.07023179,66.4316118
89.1744075,67.91320004
89.27858321,70.86416634
89.38275892,71.29565488
89.48693463,66.72147788
89.59111034,67.96205301
89.69528605,68.00509265
89.79946176,73.00494462
89.90363747,67.3152595
90.00781318,67.43882929
90.11198889,67.29645305
90.2161646,69.39718041
90.32034031,66.2515941
90.42451602,69.53467675
90.52869173,67.37130755
90.63286744,70.19073099
90.73704315,67.12945329
90.84121886,68.72738188
90.94539457,66.50112252
91.04957028,70.94824918
91.15374598,66.21949438
91.25792169,69.27142145
91.3620974,69.74275548
91.46627311,68.22872078
91.57044882,70.2413227
91.67462453,70.98456364
91.77880024,68.47633373
91.88297595,69.76526273
91.98715166,71.19883474
92.09132737,67.92625166
92.19550308,68.46425425
92.29967879,68.84036064
92.4038545,72.05255743
92.50803021,72.85332191
92.61220592,71.433053
92.71638163,70.84107882
92.82055734,68.34437698
92.92473305,68.16878263
93.02890876,69.59044971
93.13308447,69.85013465
93.23726018,69.1556738
93.34143589,65.88414146
93.4456116,67.67524001
93.54978731,70.15922901
93.65396302,70.23988095
93.75813873,70.30820957
93.86231444,69.14137081
93.96649015,67.93284066
94.07066586,69.77979178
94.17484157,67.76935522
94.27901728,70.43449357
94.38319299,70.44825009
94.4873687,66.22593705
94.5915444,68.49120473
94.69572011,68.45273493
94.79989582,67.6282976
94.90407153,66.91521003
95.00824724,66.94609702
95.11242295,68.2827488
95.21659866,71.22323919
95.32077437,70.46413095
95.42495008,68.62838836
95.52912579,68.32699575
95.6333015,69.36715287
95.73747721,69.40891837
95.84165292,68.82129127
95.94582863,65.84644648
96.05000434,68.89046546
96.15418005,67.18501496
96.25835576,67.60912005
96.36253147,67.03650178
96.46670718,70.94253276
96.57088289,68.49170777
96.6750586,67.31875524
96.77923431,71.39792008
96.88341002,69.04006947
96.98758573,66.39836039
97.09176144,69.15390811
97.19593715,70.99115908
97.30011286,70.48563558
97.40428857,66.49640058
97.50846428,65.45923818
97.61263999,68.26048098
97.7168157,69.354945
97.82099141,69.89885397
97.92516712,68.5149643
98.02934282,68.17493391
98.13351853,71.27894187
98.23769424,67.90751224
98.34186995,69.01007295
98.44604566,68.73596666
98.55022137,68.84432547
98.65439708,67.79477584
98.75857279,68.05779387
98.8627485,70.81531672
98.96692421,67.31172955
99.07109992,66.90644313
99.17527563,66.00179698
99.27945134,66.32053884
99.38362705,68.974613
99.48780276,68.61817408
99.59197847,67.31405555
99.69615418,67.75836958
99.80032989,69.93820653
99.9045056,67.62789792
100.0086813,69.39038128
100.112857,68.22175711
100.2170327,66.75333501
100.3212084,68.86580874
100.4253841,67.57371563
100.5295599,67.53346353
100.6337356,68.72569924
100.7379113,67.71127064
100.842087,70.12065997
100.9462627,68.05515092
101.0504384,66.91935815
101.1546141,70.89211948
101.2587898,69.52457789
101.3629655,68.48366438
101.4671412,70.0301327
101.571317,68.10070146
101.6754927,67.85940113
101.7796684,64.88374514
101.8838441,69.01230029
101.9880198,68.16193451
102.0921955,70.64055015
102.1963712,68.35077794
102.3005469,67.26395866
102.4047226,69.13105414
102.5088983,67.10133686
102.6130741,68.58215935
102.7172498,64.66607952
102.8214255,68.35790527
102.9256012,64.67712458
103.0297769,66.5693875
103.1339526,67.80341922
103.2381283,69.29138512
103.342304,67.35238437
103.4464797,70.13024001
103.5506554,66.60147433
103.6548311,67.29460386
103.7590069,69.22994096
103.8631826,69.60535033
103.9673583,68.98965277
104.071534,69.20576858
104.1757097,66.89728399
104.2798854,67.30687017
104.3840611,66.99203226
104.4882368,66.97309249
104.5924125,66.69192691
104.6965882,67.83491665
104.800764,65.07514929
104.9049397,68.97831025
105.0091154,69.65201916
105.1132911,68.45036659
105.2174668,65.66240143
105.3216425,67.66506684
105.4258182,70.21504065
105.5299939,68.5176707
105.6341696,66.92511752
105.7383453,67.49135065
105.8425211,67.94888325
105.9466968,70.6686551
106.0508725,67.84585614
106.1550482,68.04254981
106.2592239,68.0182897
106.3633996,68.74348925
106.4675753,66.87479759
106.571751,66.50067388
106.6759267,66.02501187
106.7801024,66.28885982
106.8842781,65.90246657
106.9884539,67.0135821
107.0926296,68.36291332
107.1968053,65.45095814
107.300981,66.25212695
107.4051567,64.64161957
107.5093324,68.76429245
107.6135081,66.42182023
107.7176838,64.42301077
107.8218595,67.62874754
107.9260352,67.17588294
108.030211,65.8579533
108.1343867,66.41609695
108.2385624,67.50414192
108.3427381,69.24549634
108.4469138,70.06071459
108.5510895,69.0374005
108.6552652,66.64250979
108.7594409,67.35597336
108.8636166,66.78126183
108.9677923,67.80148087
109.0719681,66.80877982
109.1761438,67.18647725
109.2803195,64.86482462
109.3844952,65.98575415
109.4886709,68.85367583
109.5928466,65.31782384
109.6970223,65.5791159
109.801198,65.68698932
109.9053737,68.22505288
110.0095494,66.25856892
110.1137251,68.08505876
110.2179009,67.30141617
110.3220766,66.15220049
110.4262523,66.5562316
110.530428,66.74522361
110.6346037,68.87200068
110.7387794,67.21770636
110.8429551,66.92674375
110.9471308,66.88710808
111.0513065,67.98220492
111.1554822,66.5739012
111.259658,68.03369013
111.3638337,67.9413026
111.4680094,68.0044483
111.5721851,66.80390013
111.6763608,67.9637484
111.7805365,62.14869959
111.8847122,67.74642844
111.9888879,68.31384999
112.0930636,67.13359199
112.1972393,65.61543709
112.3014151,66.34562179
112.4055908,68.02508806
112.5097665,65.23446992
112.6139422,63.93776121
112.7181179,67.22371848
112.8222936,67.84691219
112.9264693,67.9547564
113.030645,68.09385193
113.1348207,65.09941643
113.2389964,67.27363064
113.3431722,65.31996299
113.4473479,65.67293975
113.5515236,65.29935037
113.6556993,66.60191213
113.759875,66.13292923
113.8640507,65.26714604
113.9682264,64.39683457
114.0724021,66.2064598
114.1765778,66.15193133
114.2807535,65.60271309
114.3849292,67.26410684
114.489105,64.12277745
114.5932807,62.61856917
114.6974564,65.97921289
114.8016321,64.06065156
114.9058078,67.06241391
115.0099835,62.16630452
115.1141592,65.32523469
115.2183349,67.9521348
115.3225106,67.3342599
115.4266863,67.96403931
115.5308621,63.81815922
115.6350378,61.80485955
115.7392135,65.36563295
115.8433892,65.03983158
115.9475649,64.02320386
116.0517406,66.61593192
116.1559163,67.00733585
116.260092,65.60644121
116.3642677,64.52696508
116.4684434,64.79291635
116.5726192,64.22660976
116.6767949,67.10552706
116.7809706,64.8499409
116.8851463,69.83272913
116.989322,64.4933561
117.0934977,66.87301639
117.1976734,67.4704651
117.3018491,63.76958033
117.4060248,65.24400268
117.5102005,65.36771506
117.6143762,65.88866067
117.718552,63.10613205
117.8227277,65.5714839
117.9269034,66.4607559
118.0310791,65.73351147
118.1352548,64.86603028
118.2394305,67.59605638
118.3436062,64.8409166
118.4477819,65.08444467
118.5519576,63.54510583
118.6561333,67.75439496
118.7603091,64.79958672
118.8644848,66.34588581
118.9686605,65.2199651
119.0728362,65.84807728
119.1770119,66.81808816
119.2811876,63.40235607
119.3853633,65.3337554
119.489539,66.83910055
119.5937147,66.77047898
119.6978904,66.44174487
119.8020662,65.96207732
119.9062419,67.70252196
120.0104176,64.57621934
120.1145933,65.33326838
120.218769,68.56361669
120.3229447,66.51400227
120.4271204,66.44686334
120.5312961,68.67004596
120.6354718,64.33706407
120.7396475,64.71841056
120.8438232,66.47177394
120.947999,64.20899883
121.0521747,63.96038699
121.1563504,64.30920269
121.2605261,60.68470577
121.3647018,62.89000396
121.4688775,68.88314086
121.5730532,62.39154477
121.6772289,63.10117706
121.7814046,63.6785143
121.8855803,66.2914767
121.9897561,65.38045457
122.0939318,64.16250003
122.1981075,67.04710154
122.3022832,65.42807537
122.4064589,64.71264664
122.5106346,62.7419026
122.6148103,64.20041571
122.718986,64.54716485
122.8231617,63.72247296
122.9273374,65.10338449
123.0315132,65.22599157
123.1356889,65.84939649
123.2398646,65.42321114
123.3440403,67.51917822
123.448216,64.5488578
123.5523917,65.60298994
123.6565674,65.5921049
123.7607431,65.32635198
123.8649188,66.55931649
123.9690945,64.16966671
124.0732702,65.65117877
124.177446,63.04844611
124.2816217,63.94687981
124.3857974,65.99258453
124.4899731,64.3412994
124.5941488,63.77509824
124.6983245,64.28977608
124.8025002,64.63733031
124.9066759,64.68263852
125.0108516,64.31556008
125.1150273,63.21906164
125.2192031,65.19760549
125.3233788,64.28399569
125.4275545,64.82394624
125.5317302,64.83329453
125.6359059,65.07740884
125.7400816,64.68369821
125.8442573,64.67393523
125.948433,64.70580141
126.0526087,66.54056769
126.1567844,68.0290389
126.2609602,63.55645922
126.3651359,63.80166477
126.4693116,65.41392452
126.5734873,65.0929267
126.677663,65.35219297
126.7818387,66.36016048
126.8860144,62.87931652
126.9901901,66.7340829
127.0943658,63.5751256
127.1985415,65.89462063
127.3027172,64.19480209
127.406893,63.50321351
127.5110687,64.87392168
127.6152444,63.91217332
127.7194201,64.25166854
127.8235958,62.00701688
127.9277715,64.86238923
128.0319472,63.04119589
128.1361229,65.81738247
128.2402986,64.30100583
128.3444743,66.0646163
128.4486501,61.79386745
128.5528258,63.51179394
128.6570015,61.89746713
128.7611772,65.83050459
128.8653529,64.46165843
128.9695286,66.59265779
129.0737043,64.70723178
129.17788,64.50201235
129.2820557,67.53627652
129.3862314,65.00676769
129.4904072,63.48542171
129.5945829,64.55477386
129.6987586,63.80058901
129.8029343,62.30176185
129.90711,63.87909086
130.0112857,63.74017547
130.1154614,64.28755248
130.2196371,64.16931735
130.3238128,65.18562049
130.4279885,64.17135149
130.5321643,64.26654876
130.63634,61.69134301
130.7405157,62.56805485
130.8446914,64.60255844
130.9488671,63.84374883
131.0530428,62.60830695
131.1572185,65.50350566
131.2613942,66.29783111
131.3655699,63.90827539
131.4697456,66.20045391
131.5739213,66.27437135
131.6780971,63.64282005
131.7822728,63.68028909
131.8864485,64.1714329
131.9906242,64.30559689
132.0947999,62.96977635
132.1989756,64.49491954
132.3031513,66.34934996
132.407327,65.86642045
132.5115027,63.84574552
132.6156784,63.72913127
132.7198542,63.55255387
132.8240299,66.21526977
132.9282056,64.06953804
133.0323813,64.03462332
133.136557,65.72861596
133.2407327,62.97354328
133.3449084,63.74184471
133.4490841,62.07149758
133.5532598,63.81591525
133.6574355,62.23730934
133.7616113,62.4152441
133.865787,63.45675515
133.9699627,63.14453707
134.0741384,64.04604488
134.1783141,63.42448147
134.2824898,63.74294283
134.3866655,66.6320597
134.4908412,63.9604031
134.5950169,64.36358331
134.6991926,61.4013657
134.8033683,63.93087492
134.9075441,63.54529802
135.0117198,61.90568093
135.1158955,67.29060809
135.2200712,64.67827185
135.3242469,65.09516573
135.4284226,64.29586021
135.5325983,63.97429115
135.636774,62.26956268
135.7409497,63.38002737
135.8451254,63.55626999
135.9493012,64.54786014
136.0534769,64.780541
136.1576526,64.07325502
136.2618283,64.11772988
136.366004,66.92854985
136.4701797,65.31471161
136.5743554,62.26418747
136.6785311,64.86489123
136.7827068,61.98188809
136.8868825,62.33565184
136.9910583,61.51045067
137.095234,65.07680519
137.1994097,60.90681153
137.3035854,63.94369203
137.4077611,61.56687341
137.5119368,63.62823506
137.6161125,64.32297759
137.7202882,62.144441
137.8244639,62.41541006
137.9286396,61.6466687
138.0328153,63.22652415
138.1369911,63.95425723
138.2411668,62.82740708
138.3453425,60.73649695
138.4495182,65.62138366
138.5536939,61.59807137
138.6578696,64.86438001
138.7620453,62.34398672
138.866221,64.27284069
138.9703967,63.68668316
139.0745724,61.67271219
139.1787482,65.64444679
139.2829239,63.16728544
139.3870996,64.66554629
139.4912753,63.17739834
139.595451,61.84611115
139.6996267,64.4948613
139.8038024,64.77333972
139.9079781,65.16518816
140.0121538,61.14345372
140.1163295,62.52825519
140.2205053,63.93637165
140.324681,64.16733132
140.4288567,61.70858853
140.5330324,62.81456069
140.6372081,61.98860424
140.7413838,64.2577123
140.8455595,60.22640321
140.9497352,62.21628238
141.0539109,61.67745625
141.1580866,64.13302851
141.2622623,64.03603403
141.3664381,61.89059115
141.4706138,63.08307228
141.5747895,65.96388027
141.6789652,64.69495826
141.7831409,63.08331097
141.8873166,64.00369299
141.9914923,62.38156487
142.095668,61.6938448
142.1998437,62.10730114
142.3040194,62.38871322
142.4081952,64.76203709
142.5123709,63.47831221
142.6165466,61.37015168
142.7207223,64.27461711
142.824898,62.86119537
142.9290737,60.82034447
143.0332494,63.6666424
143.1374251,62.80529066
143.2416008,60.81085483
143.3457765,64.8167172
143.4499523,60.6163761
143.554128,63.1588017
143.6583037,63.19881314
143.7624794,65.3334174
143.8666551,62.9374219
143.9708308,62.68885887
144.0750065,63.67614684
144.1791822,61.39645066
144.2833579,65.60645414
144.3875336,62.89785351
144.4917093,64.40400455
144.5958851,59.789588
144.7000608,61.91712792
144.8042365,64.14631962
144.9084122,61.48378139
145.0125879,63.93597741
145.1167636,63.79554926
145.2209393,64.85201389
145.325115,61.06706637
145.4292907,59.57749993
145.5334664,62.57618833
145.6376422,64.22773267
145.7418179,64.4817948
145.8459936,64.75020436
145.9501693,61.2053332
146.054345,61.79439534
146.1585207,64.56404396
146.2626964,64.1963394
146.3668721,61.60886871
146.4710478,63.67048265
146.5752235,60.72414072
146.6793993,61.34186217
146.783575,62.20022344
146.8877507,62.48193885
146.9919264,64.43917334
147.0961021,64.68450744
147.2002778,63.69180968
147.3044535,63.84889243
147.4086292,62.55728992
147.5128049,61.34789965
147.6169806,64.25938853
147.7211564,64.34696369
147.8253321,65.66635736
147.9295078,62.684892
148.0336835,64.05994205
148.1378592,62.76892417
148.2420349,63.01587303
148.3462106,62.82372129
148.4503863,63.85919334
148.554562,63.16084256
148.6587377,62.3336254
148.7629134,60.15085899
148.8670892,61.05755896
148.9712649,60.23239066
149.0754406,61.71272751
149.1796163,63.74598865
149.283792,60.86290095
149.3879677,62.381579
149.4921434,63.81780228
149.5963191,61.20128275
149.7004948,60.16372545
149.8046705,62.52572474
149.9088463,64.17373497
150.013022,66.77929219
150.1171977,66.30454529
150.2213734,69.52316912
150.3255491,65.64197234
150.4297248,68.3546559
150.5339005,68.31563754
150.6380762,67.58569997
150.7422519,66.68808188
150.8464276,65.95192656
150.9506034,65.54358911
151.0547791,68.30167354
151.1589548,66.86448535
151.2631305,67.4821651
151.3673062,64.3778361
151.4714819,65.72188899
151.5756576,65.59027786
151.6798333,69.00242903
151.784009,66.93736801
151.8881847,69.73247028
151.9923604,66.83661943
152.0965362,69.25988951
152.2007119,67.18477679
152.3048876,66.6197107
152.4090633,67.33977822
152.513239,67.55278337
152.6174147,67.46655802
152.7215904,63.76449987
152.8257661,65.46820044
152.9299418,65.44701553
153.0341175,65.80722851
153.1382933,65.561781
153.242469,66.91134071
153.3466447,67.76176926
153.4508204,69.33829044
153.5549961,64.81338001
153.6591718,69.34546431
153.7633475,68.91687844
153.8675232,67.72980307
153.9716989,66.37506934
154.0758746,64.40744528
154.1800504,63.52780721
154.2842261,68.95617758
154.3884018,70.59401287
154.4925775,70.01093891
154.5967532,68.58120665
154.7009289,67.84612768
154.8051046,67.42685019
154.9092803,67.71687702
155.013456,67.49263551
155.1176317,66.3548636
155.2218074,68.65333326
155.3259832,68.52566656
155.4301589,64.49227632
155.5343346,70.3235751
155.6385103,68.44038711
155.742686,66.87917349
155.8468617,66.44073495
155.9510374,66.37034717
156.0552131,65.25894866
156.1593888,66.19099895
156.2635645,66.65395248
156.3677403,66.27286823
156.471916,68.13938921
156.5760917,67.51446147
156.6802674,68.66213808
156.7844431,66.86553544
156.8886188,66.8125065
156.9927945,68.18953782
157.0969702,65.64735876
157.2011459,67.11801221
157.3053216,70.79770794
157.4094974,65.25082073
157.5136731,68.40935408
157.6178488,68.10442897
157.7220245,66.79135842
157.8262002,69.33315045
157.9303759,66.91764846
158.0345516,65.10630545
158.1387273,65.85720163
158.242903,70.25584185
158.3470787,66.09641828
158.4512544,68.32755378
158.5554302,65.8850507
158.6596059,66.70899002
158.7637816,65.52289606
158.8679573,65.41018489
158.972133,64.89442979
159.0763087,63.09081837
159.1804844,68.19612631
159.2846601,66.90876001
159.3888358,66.5858907
159.4930115,66.51283149
159.5971873,66.84632858
159.701363,64.082489
159.8055387,65.17822418
159.9097144,67.14328752
160.0138901,68.92343657
160.1180658,63.03289264
160.2222415,64.80347182
160.3264172,69.71767864
160.4305929,66.19513334
160.5347686,65.99540222
160.6389444,69.43825164
160.7431201,65.46101847
160.8472958,66.41579842
160.9514715,68.13610788
161.0556472,67.32627986
161.1598229,64.68541765
161.2639986,69.46008617
161.3681743,66.8540589
161.47235,66.2338018
161.5765257,65.86753348
161.6807014,67.86875935
161.7848772,67.9610294
161.8890529,65.60846193
161.9932286,66.28779382
162.0974043,66.20313953
162.20158,63.52305189
162.3057557,68.60214988
162.4099314,64.83027495
162.5141071,64.94469852
162.6182828,67.12789897
162.7224585,69.16589551
162.8266343,69.17072603
162.93081,66.36343391
163.0349857,63.98905886
163.1391614,66.86476078
163.2433371,63.93438778
163.3475128,65.41404188
163.4516885,67.06242676
163.5558642,67.70507809
163.6600399,67.101885
163.7642156,64.84332436
163.8683914,66.2201646
163.9725671,63.58596152
164.0767428,65.14304866
164.1809185,63.43971105
164.2850942,66.92297674
164.3892699,64.47134748
164.4934456,65.0007902
164.5976213,65.14449202
164.701797,68.16433481
164.8059727,65.68435241
164.9101485,62.85798753
165.0143242,66.86993273
165.1184999,67.55720517
165.2226756,65.47557624
165.3268513,65.09335174
165.431027,65.68327942
165.5352027,64.21947904
165.6393784,66.5693989
165.7435541,65.2775083
165.8477298,65.77038165
165.9519055,66.24028169
166.0560813,65.93521832
166.160257,67.79430804
166.2644327,64.80544754
166.3686084,65.10184563
166.4727841,67.5320753
166.5769598,63.87072568
166.6811355,64.49141727
166.7853112,64.62555849
166.8894869,65.35545157
166.9936626,66.41447955
167.0978384,68.08693885
167.2020141,66.54182506
167.3061898,65.0301808
167.4103655,68.37371838
167.5145412,66.16982347
167.6187169,65.1657311
167.7228926,65.01713676
167.8270683,66.82938163
167.931244,65.16146481
168.0354197,66.4762344
168.1395955,65.20912816
168.2437712,66.43595327
168.3479469,68.4571717
168.4521226,66.11689972
168.5562983,67.53257586
168.660474,66.022294
168.7646497,67.16349439
168.8688254,61.84669429
168.9730011,63.57856249
169.0771768,64.97845973
169.1813525,66.48213462
169.2855283,65.41626085
169.389704,65.2399966
169.4938797,64.85097972
169.5980554,66.88151619
169.7022311,64.39222877
169.8064068,66.4936349
169.9105825,66.16533947
170.0147582,66.2127699
170.1189339,65.627
170.2231096,68.92437263
170.3272854,65.51656514
170.4314611,68.08077079
170.5356368,62.75885599
170.6398125,65.12389017
170.7439882,65.99640798
170.8481639,64.87113552
170.9523396,67.99443925
171.0565153,64.42494677
171.160691,65.20813145
171.2648667,67.14068536
171.3690425,65.04435401
171.4732182,64.93627535
171.5773939,63.51599369
171.6815696,65.82239835
171.7857453,67.43354833
171.889921,65.48665589
171.9940967,65.50468298
172.0982724,66.18571293
172.2024481,64.04484225
172.3066238,64.06961429
172.4107995,63.82049831
172.5149753,66.45634805
172.619151,66.15044846
172.7233267,64.72379644
172.8275024,64.33831542
172.9316781,64.34771385
173.0358538,67.42904668
173.1400295,67.03957894
173.2442052,66.46190717
173.3483809,64.53121814
173.4525566,69.16342548
173.5567324,64.50811635
173.6609081,64.50390658
173.7650838,64.09482124
173.8692595,64.2638159
173.9734352,66.16058786
174.0776109,63.22787474
174.1817866,63.8438326
174.2859623,65.91640389
174.390138,65.74167374
174.4943137,65.26190377
174.5984895,67.69172896
174.7026652,66.81015787
174.8068409,64.68922688
174.9110166,64.13281684
175.0151923,64.61920023
175.119368,67.68068214
175.2235437,65.25902271
175.3277194,68.50573262
175.4318951,67.63809544
175.5360708,62.74447899
175.6402465,63.67951882
175.7444223,64.61229052
175.848598,63.09618233
175.9527737,63.17466903
176.0569494,65.48283944
176.1611251,63.82847221
176.2653008,68.13357477
176.3694765,65.64498015
176.4736522,64.77199136
176.5778279,65.24775562
176.6820036,66.40109266
176.7861794,65.89520288
176.8903551,65.42359346
176.9945308,62.01275299
177.0987065,65.40225399
177.2028822,63.21224148
177.3070579,63.08237623
177.4112336,64.03568291
177.5154093,65.17640568
177.619585,64.86159046
177.7237607,64.45519562
177.8279365,66.64577975
177.9321122,64.11895626
178.0362879,64.06383437
178.1404636,63.17329596
178.2446393,63.76072576
178.348815,64.66954804
178.4529907,64.92958874
178.5571664,65.51998214
178.6613421,64.11198801
178.7655178,63.34194423
178.8696935,64.04189649
178.9738693,64.26928764
179.078045,65.97774524
179.1822207,64.97368313
179.2863964,65.00898868
179.3905721,63.14142896
179.4947478,63.94623881
179.5989235,63.60388294
179.7030992,65.95703933
179.8072749,64.74351052
179.9114506,63.25789013
180.0156264,63.08447222
180.1198021,61.41899357
180.2239778,64.98009169
180.3281535,65.75696359
180.4323292,62.4749836
180.5365049,64.10128986
180.6406806,65.47141164
180.7448563,65.03251931
180.849032,66.49879753
180.9532077,64.19623185
181.0573835,63.96726284
181.1615592,62.69371941
181.2657349,61.64259778
181.3699106,63.47114778
181.4740863,63.38995166
181.578262,64.2411372
181.6824377,65.46065831
181.7866134,65.05634235
181.8907891,66.04469099
181.9949648,61.47281324
182.0991406,64.1176371
182.2033163,62.70622089
182.307492,63.61020667
182.4116677,66.15062905
182.5158434,64.24848686
182.6200191,64.66593469
182.7241948,63.20145209
182.8283705,62.78161132
182.9325462,64.32340271
183.0367219,64.757987
183.1408976,66.41668579
183.2450734,63.31852226
183.3492491,65.22491364
183.4534248,64.57225915
183.5576005,62.66067268
183.6617762,64.4424347
183.7659519,65.21066419
183.8701276,60.25407226
183.9743033,67.1300392
184.078479,63.46373651
184.1826547,63.71340354
184.2868305,64.7018445
184.3910062,65.65358142
184.4951819,61.94948456
184.5993576,63.12674663
184.7035333,64.57173785
184.807709,66.14238974
184.9118847,66.64913349
185.0160604,67.60072468
185.1202361,61.49537682
185.2244118,65.3029221
185.3285876,64.04771111
185.4327633,63.51201354
185.536939,66.17107325
185.6411147,64.04210206
185.7452904,62.85085192
185.8494661,65.86989295
185.9536418,65.62336923
186.0578175,63.52396391
186.1619932,61.28213909
186.2661689,64.52944382
186.3703446,64.74539604
186.4745204,63.37366049
186.5786961,65.44797172
186.6828718,63.80696365
186.7870475,60.81206421
186.8912232,64.60382278
186.9953989,63.00798049
187.0995746,62.72896145
187.2037503,64.00859245
187.307926,65.38982701
187.4121017,62.84364781
187.5162775,65.35961622
187.6204532,62.2609492
187.7246289,61.99219146
187.8288046,60.44527194
187.9329803,60.28399117
188.037156,64.67713816
188.1413317,64.60755911
188.2455074,63.39383634
188.3496831,63.17051911
188.4538588,61.09927966
188.5580346,61.17834064
188.6622103,61.12892094
188.766386,62.2071207
188.8705617,63.02359752
188.9747374,60.08393222
189.0789131,61.01205263
189.1830888,64.30439035
189.2872645,64.06628987
189.3914402,63.18786219
189.4956159,63.98536903
189.5997916,62.05571001
189.7039674,61.21944339
189.8081431,65.51486493
189.9123188,61.09779122
190.0164945,62.68092511
190.1206702,61.3026717
190.2248459,64.00330134
190.3290216,62.14031488
190.4331973,63.85368415
190.537373,61.7944723
190.6415487,64.11299074
190.7457245,62.35963161
190.8499002,65.75800165
190.9540759,64.90583654
191.0582516,62.58451682
191.1624273,60.65290041
191.266603,62.3674596
191.3707787,62.15634248
191.4749544,61.96603006
191.5791301,64.70138706
191.6833058,62.85606047
191.7874816,60.45828248
191.8916573,61.69018579
191.995833,64.41103138
192.1000087,61.79769394
192.2041844,62.16985127
192.3083601,64.30525582
192.4125358,63.68012882
192.5167115,61.706058
192.6208872,60.96893142
192.7250629,63.8809697
192.8292386,63.87551689
192.9334144,62.91793691
193.0375901,64.8446511
193.1417658,63.5824697
193.2459415,63.30471154
193.3501172,65.38364726
193.4542929,63.83347182
193.5584686,63.45262719
193.6626443,62.71298826
193.76682,60.03388323
193.8709957,63.7643084
193.9751715,61.61540229
194.0793472,62.63980307
194.1835229,60.27389813
194.2876986,61.97998254
194.3918743,62.38681929
194.49605,64.0712022
194.6002257,59.46733474
194.7044014,61.40382286
194.8085771,60.3240696
194.9127528,60.32910408
195.0169286,61.59618243
195.1211043,62.79177006
195.22528,62.00757088
195.3294557,62.64259938
195.4336314,61.49084493
195.5378071,62.70490288
195.6419828,60.46247225
195.7461585,62.29389431
195.8503342,62.57233829
195.9545099,62.14101593
196.0586856,58.48323557
196.1628614,61.4828857
196.2670371,61.40697061
196.3712128,62.3770409
196.4753885,62.39809392
196.5795642,62.31128955
196.6837399,61.95487487
196.7879156,62.35292166
196.8920913,63.61494732
196.996267,62.96025574
197.1004427,62.15678595
197.2046185,62.22825779
197.3087942,59.8148119
197.4129699,63.09018733
197.5171456,63.28819566
197.6213213,62.87654276
197.725497,62.54989747
197.8296727,63.31361786
197.9338484,61.63509104
198.0380241,62.83082406
198.1421998,61.33198537
198.2463756,63.27833286
198.3505513,59.73237899
198.454727,62.04481724
198.5589027,61.86165804
198.6630784,60.49002984
198.7672541,62.18133782
198.8714298,60.96962032
198.9756055,61.22372501
199.0797812,61.15216522
199.1839569,59.77874372
199.2881327,62.0048385
199.3923084,62.6868354
199.4964841,61.3680888
199.6006598,62.03588188
199.7048355,60.20530629
199.8090112,62.14134535
199.9131869,62.46882041
200.0173626,59.51967566
200.1215383,60.38224974
200.225714,61.54258246
200.3298897,60.07827105
200.4340655,61.82209495
200.5382412,62.47778998
200.6424169,63.94016788
200.7465926,62.28258388
200.8507683,61.52164865
200.954944,61.50328751
201.0591197,61.25990487
201.1632954,61.06809572
201.2674711,59.96386156
201.3716468,62.10841147
201.4758226,63.4645339
201.5799983,63.37814813
201.684174,61.01651057
201.7883497,61.09657425
201.8925254,61.01227349
201.9967011,60.18302278
202.1008768,62.31824183
202.2050525,62.61551785
202.3092282,61.96493446
202.4134039,62.33205713
202.5175797,58.57923504
202.6217554,61.11798821
202.7259311,59.52229622
202.8301068,61.53579699
202.9342825,60.43975795
203.0384582,58.79545261
203.1426339,60.53562444
203.2468096,58.69807001
203.3509853,62.0651313
203.455161,59.97217071
203.5593367,58.60875989
203.6635125,62.28572925
203.7676882,60.70466844
203.8718639,62.72581866
203.9760396,58.87412698
204.0802153,62.3190414
204.184391,59.36251176
204.2885667,61.29003073
204.3927424,63.37048064
204.4969181,60.47030709
204.6010938,61.12964822
204.7052696,60.93631593
204.8094453,61.23373971
204.913621,60.50075291
205.0177967,60.78120367
205.1219724,60.67192436
205.2261481,62.80239689
205.3303238,63.36987065
205.4344995,58.87312652
205.5386752,61.18358761
205.6428509,61.09467507
205.7470267,57.55598175
205.8512024,59.6477565
205.9553781,62.60805934
206.0595538,60.88958958
206.1637295,62.86897636
206.2679052,61.17586991
206.3720809,61.86728134
206.4762566,59.01900663
206.5804323,62.8350251
206.684608,62.95113808
206.7887837,63.33510462
206.8929595,60.39880764
206.9971352,60.31826295
207.1013109,61.08415109
207.2054866,64.01819871
207.3096623,60.50549943
207.413838,62.10758252
207.5180137,59.56419752
207.6221894,64.09415897
207.7263651,61.17152488
207.8305408,59.64733024
207.9347166,60.01934655
208.0388923,59.32630064
208.143068,60.35255131
208.2472437,61.9223186
208.3514194,63.32513972
208.4555951,62.44394743
208.5597708,62.96101035
208.6639465,59.89268222
208.7681222,60.40855124
208.8722979,59.88881856
208.9764737,61.05204226
209.0806494,63.56595804
209.1848251,57.85097807
209.2890008,59.42820883
209.3931765,61.01006156
209.4973522,60.58585328
209.6015279,59.81200817
209.7057036,60.00851847
209.8098793,57.71570302
209.914055,61.85850483
210.0182307,58.81828775
210.1224065,60.82847584
210.2265822,60.08016941
210.3307579,58.43596971
210.4349336,61.27385429
210.5391093,61.2041684
210.643285,64.46856781
210.7474607,61.27428699
210.8516364,59.89607782
210.9558121,60.31935745
211.0599878,62.57144553
211.1641636,59.3411912
211.2683393,58.44760306
211.372515,61.00852993
211.4766907,61.81519597
211.5808664,59.0776411
211.6850421,57.85104648
211.7892178,59.36608272
211.8933935,61.18357932
211.9975692,59.47206204
212.1017449,61.34991204
212.2059207,61.88518294
212.3100964,60.61527663
212.4142721,61.35880603
212.5184478,60.09715566
212.6226235,60.93068815
212.7267992,63.55992693
212.8309749,62.95952078
212.9351506,59.81773746
213.0393263,62.09144128
213.143502,61.51361189
213.2476777,58.63678689
213.3518535,60.80299562
213.4560292,61.40663927
213.5602049,61.44108086
213.6643806,61.86658794
213.7685563,58.01479807
213.872732,60.94177759
213.9769077,61.89429479
214.0810834,63.57604828
214.1852591,60.18488025
214.2894348,62.1369018
214.3936106,61.4614584
214.4977863,61.42978479
214.601962,59.3857407
214.7061377,61.14926505
214.8103134,61.2112524
214.9144891,63.36429317
215.0186648,62.20007799
215.1228405,59.45531065
215.2270162,62.25480533
215.3311919,61.0859008
215.4353677,62.55268227
215.5395434,58.23090097
215.6437191,60.07826886
215.7478948,61.7088989
215.8520705,61.74068612
215.9562462,62.21016095
216.0604219,61.94455661
216.1645976,60.56473881
216.2687733,59.45016065
216.372949,60.57262891
216.4771248,60.48360911
216.5813005,61.55265064
216.6854762,59.9505974
216.7896519,58.38964288
216.8938276,61.6513906
216.9980033,57.86466118
217.102179,63.7571314
217.2063547,62.56591517
217.3105304,60.18186258
217.4147061,61.37044672
217.5188818,61.7910651
217.6230576,60.02290185
217.7272333,56.85250679
217.831409,61.35299135
217.9355847,62.16723294
218.0397604,63.0696861
218.1439361,59.24981381
218.2481118,57.75097421
218.3522875,59.68792087
218.4564632,59.41999968
218.5606389,59.94168813
218.6648147,57.19741544
218.7689904,60.02921967
218.8731661,58.71151606
218.9773418,61.64999653
219.0815175,63.84842579
219.1856932,61.24696166
219.2898689,55.7700401
219.3940446,58.84903557
219.4982203,59.45886032
219.602396,59.02482061
219.7065718,59.6669041
219.8107475,61.7208389
219.9149232,60.39283321
220.0190989,61.76744091
220.1232746,59.32747064
220.2274503,57.73695893
220.331626,58.14346795
220.4358017,61.64435069
220.5399774,57.65564194
220.6441531,60.42827821
220.7483288,58.88205548
220.8525046,59.333226
220.9566803,60.04251711
221.060856,55.99608064
221.1650317,59.21393481
221.2692074,57.84370551
221.3733831,58.40173282
221.4775588,59.94460124
221.5817345,58.67511786
221.6859102,59.41416522
221.7900859,62.81337493
221.8942617,60.71875823
221.9984374,60.02755176
222.1026131,59.85936981
222.2067888,60.88191554
222.3109645,60.33635258
222.4151402,58.40230503
222.5193159,58.35516631
222.6234916,61.71154683
222.7276673,59.75049895
222.831843,59.11485443
222.9360188,58.03509419
223.0401945,61.04128502
223.1443702,61.05719919
223.2485459,58.08053895
223.3527216,59.99430315
223.4568973,60.16266366
223.561073,58.20364934
223.6652487,61.01670925
223.7694244,61.45598192
223.8736001,58.41975778
223.9777758,59.49129789
224.0819516,59.34423106
224.1861273,57.1793262
224.290303,59.23307124
224.3944787,60.2559066
224.4986544,57.90779184
224.6028301,59.35915253
224.7070058,58.86191686
224.8111815,56.03241903
224.9153572,59.95022695
225.0195329,60.47277634
225.1237087,57.68401312
225.2278844,63.30172331
225.3320601,59.60843512
225.4362358,57.88711781
225.5404115,60.9291669
225.6445872,59.74856688
225.7487629,59.23955223
225.8529386,61.91653551
225.9571143,61.06175007
226.06129,60.39707983
226.1654658,58.97352807
226.2696415,57.7588766
226.3738172,60.44888731
226.4779929,61.19595468
226.5821686,61.83397922
226.6863443,60.47107914
226.79052,60.27805883
226.8946957,61.08730815
226.9988714,58.18851943
227.1030471,62.07495573
227.2072228,59.72182078
227.3113986,59.21228624
227.4155743,58.76642715
227.51975,58.69009548
227.6239257,57.89706754
227.7281014,60.62972046
227.8322771,59.66524857
227.9364528,60.38767549
228.0406285,59.77623968
228.1448042,60.63616082
228.2489799,62.93336088
228.3531557,61.80662006
228.4573314,59.10964133
228.5615071,60.55924223
228.6656828,60.65281882
228.7698585,62.92124891
228.8740342,60.69254123
228.9782099,59.95713172
229.0823856,60.18848563
229.1865613,59.68269674
229.290737,58.79651583
229.3949128,60.01521913
229.4990885,61.1212407
229.6032642,59.93510149
229.7074399,59.85474253
229.8116156,62.31428219
229.9157913,58.33164768
230.019967,58.5324059
230.1241427,60.80776596
230.2283184,59.46529
230.3324941,59.57172083
230.4366698,59.77565718
230.5408456,61.42534272
230.6450213,60.84656342
230.749197,61.72602026
230.8533727,61.34216357
230.9575484,57.61512215
231.0617241,60.71280198
231.1658998,60.41415235
231.2700755,60.50832011
231.3742512,59.74764374
231.4784269,61.71893387
231.5826027,57.67620983
231.6867784,60.57373318
231.7909541,59.38689214
231.8951298,58.76808323
231.9993055,60.6386441
232.1034812,59.30277571
232.2076569,61.76804044
232.3118326,59.23355574
232.4160083,63.45498928
232.520184,58.32389275
232.6243598,61.59136033
232.7285355,59.97263635
232.8327112,58.70621312
232.9368869,58.68799266
233.0410626,59.31299618
233.1452383,57.73475062
233.249414,58.65954654
233.3535897,59.74065228
233.4577654,58.16511222
233.5619411,60.28757895
233.6661169,60.26946206
233.7702926,60.16890136
233.8744683,61.20889544
233.978644,59.23463376
234.0828197,60.59824889
234.1869954,61.41564857
234.2911711,61.59757206
234.3953468,59.10688434
234.4995225,59.74996421
234.6036982,59.51919668
234.7078739,59.80589914
234.8120497,56.83150571
234.9162254,59.43763106
235.0204011,62.37721746
235.1245768,64.21418311
235.2287525,57.27998683
235.3329282,61.45053141
235.4371039,62.82652553
235.5412796,60.21182361
235.6454553,62.03005113
235.749631,58.34705842
235.8538068,63.36418064
235.9579825,56.48636894
236.0621582,61.48510711
236.1663339,62.15807743
236.2705096,59.78270838
236.3746853,59.16465504
236.478861,59.72975097
236.5830367,60.51953304
236.6872124,61.67276516
236.7913881,60.29231574
236.8955639,56.74535271
236.9997396,61.5530985
237.1039153,61.67606512
237.208091,62.82430603
237.3122667,59.9063735
237.4164424,58.98548476
237.5206181,60.29690507
237.6247938,59.05855783
237.7289695,63.14541622
237.8331452,59.96444992
237.9373209,60.54052764
238.0414967,58.85484416
238.1456724,58.47023649
238.2498481,59.53373286
238.3540238,61.63525127
238.4581995,59.76158251
238.5623752,59.99400977
238.6665509,60.20257126
238.7707266,57.65810248
238.8749023,61.47280816
238.979078,62.42300052
239.0832538,63.88746189
239.1874295,61.21480117
239.2916052,63.49772257
239.3957809,59.83349668
239.4999566,60.08744729
239.6041323,60.36812516
239.708308,59.37399846
239.8124837,60.66963676
239.9166594,61.39079372
240.0208351,58.70286544
240.1250109,60.2604814
240.2291866,61.97536831
240.3333623,60.62613947
240.437538,61.52551944
240.5417137,59.82363409
240.6458894,59.27403287
240.7500651,60.34085288
240.8542408,61.81432452
240.9584165,58.74460781
241.0625922,60.73317659
241.1667679,59.52551932
241.2709437,61.14904055
241.3751194,64.48521406
241.4792951,61.63865132
241.5834708,60.21428815
241.6876465,61.36467413
241.7918222,60.91749221
241.8959979,57.58950718
242.0001736,61.71361936
242.1043493,60.00804187
242.208525,59.96066361
242.3127008,59.59185099
242.4168765,63.26460265
242.5210522,59.63068377
242.6252279,61.25683595
242.7294036,60.8666817
242.8335793,60.53918805
242.937755,59.11022627
243.0419307,60.14265521
243.1461064,59.54365416
243.2502821,58.22065591
243.3544579,61.81435167
243.4586336,61.76733731
243.5628093,61.3458528
243.666985,60.5746023
243.7711607,62.54494781
243.8753364,60.74398288
243.9795121,61.56868689
244.0836878,60.55098173
244.1878635,63.22702305
244.2920392,60.03657118
244.3962149,61.26116178
244.5003907,60.56737427
244.6045664,59.92027861
244.7087421,62.06762981
244.8129178,59.50685209
244.9170935,61.06650234
245.0212692,63.16472744
245.1254449,58.67047379
245.2296206,59.71514185
245.3337963,59.50785308
245.437972,59.90794865
245.5421478,61.16424815
245.6463235,62.44087785
245.7504992,61.79294861
245.8546749,60.51423224
245.9588506,61.98046539
246.0630263,63.05061477
246.167202,58.91237595
246.2713777,61.05428613
246.3755534,61.40483334
246.4797291,61.38918882
246.5839049,62.19519454
246.6880806,60.48350476
246.7922563,59.5031459
246.896432,64.07196413
247.0006077,59.96328201
247.1047834,59.8293199
247.2089591,58.49005098
247.3131348,61.46393347
247.4173105,59.69321163
247.5214862,62.44293967
247.6256619,58.83706415
247.7298377,61.34448086
247.8340134,60.69221877
247.9381891,62.54749138
248.0423648,62.38955694
248.1465405,62.44125091
248.2507162,63.87296873
248.3548919,60.8452303
248.4590676,62.14847209
248.5632433,60.99390887
248.667419,62.79859013
248.7715948,63.18031466
248.8757705,61.19283433
248.9799462,63.08297182
249.0841219,60.10967958
249.1882976,61.00777164
249.2924733,62.7061409
249.396649,62.12439541
249.5008247,63.5517569
249.6050004,62.05138413
249.7091761,61.5127414
249.8133519,64.20419188
249.9175276,59.96643092
250.0217033,63.55064933
250.125879,63.20651311
250.2300547,63.63749753
250.3342304,62.05113057
250.4384061,62.54530077
250.5425818,63.13822393
250.6467575,62.64969433
250.7509332,61.99321868
250.855109,60.33605302
250.9592847,62.69667385
251.0634604,62.45816755
251.1676361,62.44468829
251.2718118,62.03707631
251.3759875,62.75646529
251.4801632,58.94524758
251.5843389,60.71806582
251.6885146,62.65976772
251.7926903,62.62510134
251.896866,61.50890333
252.0010418,62.24842118
252.1052175,59.29798389
252.2093932,62.22313499
252.3135689,63.84809217
252.4177446,64.98321316
252.5219203,62.40069
252.626096,62.14356438
252.7302717,62.35059947
252.8344474,60.50317625
252.9386231,60.85867182
253.0427989,62.37478323
253.1469746,63.20781919
253.2511503,60.26377744
253.355326,63.83219912
253.4595017,59.73459486
253.5636774,61.78640143
253.6678531,60.20503833
253.7720288,62.33185546
253.8762045,63.32264238
253.9803802,61.66974236
254.084556,61.84987235
254.1887317,60.27070379
254.2929074,62.39614419
254.3970831,60.24525128
254.5012588,60.74421921
254.6054345,62.29338463
254.7096102,61.55244491
254.8137859,60.82074355
254.9179616,60.95209287
255.0221373,60.83474223
255.126313,61.91026147
255.2304888,64.61798154
255.3346645,63.43292792
255.4388402,63.53028192
255.5430159,62.29605301
255.6471916,63.70600541
255.7513673,62.18423146
255.855543,60.25622442
255.9597187,63.56388658
256.0638944,61.68639258
256.1680701,62.89785327
256.2722459,60.37355565
256.3764216,61.6928019
256.4805973,62.00771588
256.584773,63.31619503
256.6889487,61.24150635
256.7931244,61.85012704
256.8973001,62.37835361
257.0014758,64.0260483
257.1056515,60.55136599
257.2098272,60.89665166
257.314003,62.87221407
257.4181787,62.3779665
257.5223544,61.04630466
257.6265301,64.14594861
257.7307058,62.19900647
257.8348815,61.69064576
257.9390572,62.09864085
258.0432329,64.71324617
258.1474086,62.20486146
258.2515843,63.22452213
258.35576,63.28775913
258.4599358,61.45313481
258.5641115,65.26068381
258.6682872,63.62325532
258.7724629,63.87582622
258.8766386,63.78019738
258.9808143,61.53242486
259.08499,64.56506492
259.1891657,61.47046327
259.2933414,61.27523088
259.3975171,62.80371047
259.5016929,65.29550483
259.6058686,63.37780805
259.7100443,63.48722164
259.81422,62.40427571
259.9183957,62.09949371
260.0225714,63.52818685
260.1267471,63.27260269
260.2309228,63.64097697
260.3350985,64.88875781
260.4392742,64.98380682
260.54345,63.94234784
260.6476257,64.62524689
260.7518014,62.20400408
260.8559771,63.26331756
260.9601528,60.24752529
261.0643285,63.14724828
261.1685042,63.04726015
261.2726799,59.43624157
261.3768556,66.82506739
261.4810313,61.81143667
261.585207,63.40734048
261.6893828,64.04121311
261.7935585,64.53038374
261.8977342,62.1832479
262.0019099,61.43856823
262.1060856,64.01346517
262.2102613,61.63675361
262.314437,59.90683401
262.4186127,62.48696167
262.5227884,65.3842444
262.6269641,63.74797738
262.7311399,62.6065453
262.8353156,61.43599218
262.9394913,65.31473919
263.043667,62.48457155
263.1478427,63.78245551
263.2520184,62.04921186
263.3561941,66.57647034
263.4603698,63.20031012
263.5645455,62.44570465
263.6687212,64.99745962
263.772897,65.45366897
263.8770727,63.95360954
263.9812484,64.13752298
264.0854241,61.53327684
264.1895998,64.71175878
264.2937755,63.66781773
264.3979512,61.65228293
264.5021269,63.79031651
264.6063026,64.29663318
264.7104783,65.05179156
264.814654,61.78356997
264.9188298,64.43111295
265.0230055,63.3595282
265.1271812,63.32681026
265.2313569,63.10827443
265.3355326,64.59345375
265.4397083,61.56401617
265.543884,63.17100341
265.6480597,66.5431554
265.7522354,64.24919587
265.8564111,63.74524748
265.9605869,68.16237407
266.0647626,63.49424731
266.1689383,66.25152736
266.273114,64.19021381
266.3772897,64.60879611
266.4814654,64.55323794
266.5856411,63.08221462
266.6898168,63.72210878
266.7939925,63.86287044
266.8981682,65.67123009
267.002344,66.36731332
267.1065197,62.50213896
267.2106954,65.42906061
267.3148711,64.84930635
267.4190468,62.81332389
267.5232225,66.12768966
267.6273982,63.45652306
267.7315739,62.83955628
267.8357496,64.00444063
267.9399253,63.80504213
268.0441011,61.01252133
268.1482768,65.97283624
268.2524525,66.81322819
268.3566282,62.83659051
268.4608039,65.73455074
268.5649796,64.13711267
268.6691553,64.71871912
268.773331,65.16092681
268.8775067,63.94890574
268.9816824,63.02884447
269.0858581,64.91604296
269.1900339,65.61496083
269.2942096,62.22104445
269.3983853,64.49932935
269.502561,64.9394013
269.6067367,64.443463
269.7109124,66.42396036
269.8150881,65.09209236
269.9192638,65.65739883
270.0234395,63.29387
270.1276152,64.22586708
270.231791,64.59696641
270.3359667,65.20630375
270.4401424,65.86907045
270.5443181,66.48543252
270.6484938,64.04188773
270.7526695,62.93797849
270.8568452,65.05457351
270.9610209,65.72167123
271.0651966,66.33034546
271.1693723,65.40113168
271.2735481,65.22094117
271.3777238,64.34502194
271.4818995,64.86606071
271.5860752,62.12649368
271.6902509,62.34156606
271.7944266,66.00071352
271.8986023,66.75383246
272.002778,65.53159215
272.1069537,66.3250135
272.2111294,61.96536532
272.3153051,65.33766247
272.4194809,65.43372875
272.5236566,65.24351695
272.6278323,68.40940503
272.732008,64.85844786
272.8361837,68.11855986
272.9403594,64.7089272
273.0445351,68.36337047
273.1487108,65.27698526
273.2528865,66.87544151
273.3570622,65.7882887
273.461238,62.37640359
273.5654137,66.86857773
273.6695894,65.16987435
273.7737651,65.48323614
273.8779408,66.07755692
273.9821165,62.57725566
274.0862922,63.64566532
274.1904679,64.08259837
274.2946436,62.83989346
274.3988193,66.70858034
274.5029951,65.19333204
274.6071708,64.38200022
274.7113465,63.32396312
274.8155222,67.61098839
274.9196979,64.50986318
275.0238736,63.94217414
275.1280493,66.15196379
275.232225,64.0758795
275.3364007,65.42070757
275.4405764,66.61131254
275.5447521,63.88129542
275.6489279,65.03962767
275.7531036,65.60139507
275.8572793,63.03010402
275.961455,64.43148558
276.0656307,63.40509466
276.1698064,66.23880425
276.2739821,64.7120079
276.3781578,65.59128267
276.4823335,65.29723915
276.5865092,62.79445804
276.690685,64.2360756
276.7948607,67.40407355
276.8990364,65.7082957
277.0032121,63.62665747
277.1073878,66.11782793
277.2115635,65.82167628
277.3157392,64.53404835
277.4199149,63.77091414
277.5240906,63.4620914
277.6282663,65.36934682
277.7324421,65.280907
277.8366178,66.42983992
277.9407935,66.133282
278.0449692,65.98744096
278.1491449,66.1898705
278.2533206,68.09897912
278.3574963,66.20447983
278.461672,64.24072748
278.5658477,65.62880728
278.6700234,65.90199907
278.7741991,63.54324878
278.8783749,65.51001262
278.9825506,66.82280456
279.0867263,66.62121824
279.190902,66.24873476
279.2950777,64.15693955
279.3992534,69.34249457
279.5034291,67.61623967
279.6076048,69.68106994
279.7117805,64.90230934
279.8159562,67.50333279
279.920132,65.73591462
280.0243077,63.78552423
280.1284834,63.65802791
280.2326591,65.14057718
280.3368348,62.45439844
280.4410105,66.40072498
280.5451862,66.30481434
280.6493619,68.64737496
280.7535376,66.00649032
280.8577133,69.64595026
280.9618891,64.15087414
281.0660648,65.50524168
281.1702405,66.49261972
281.2744162,63.52035504
281.3785919,64.41999969
281.4827676,62.17098593
281.5869433,64.77193068
281.691119,67.77867492
281.7952947,65.93790936
281.8994704,68.97667434
282.0036461,64.25997476
282.1078219,65.4847973
282.2119976,67.77705892
282.3161733,64.87905595
282.420349,67.96765157
282.5245247,67.28973388
282.6287004,65.6145326
282.7328761,65.54412056
282.8370518,64.22394694
282.9412275,65.40357249
283.0454032,66.64080169
283.149579,63.99808061
283.2537547,64.04165323
283.3579304,66.76576762
283.4621061,65.84280365
283.5662818,61.8797969
283.6704575,66.83591025
283.7746332,65.46887074
283.8788089,70.06826137
283.9829846,64.67966912
284.0871603,66.43132049
284.1913361,65.72505601
284.2955118,68.17115758
284.3996875,66.19215045
284.5038632,66.97351424
284.6080389,66.28423565
284.7122146,68.32572072
284.8163903,64.3791258
284.920566,66.61458991
285.0247417,67.56257632
285.1289174,65.93524677
285.2330932,65.30554461
285.3372689,65.77405857
285.4414446,67.45280464
285.5456203,67.18084814
285.649796,65.9884442
285.7539717,67.72959118
285.8581474,67.77980127
285.9623231,63.05484526
286.0664988,64.87616043
286.1706745,64.34750881
286.2748502,68.13819594
286.379026,65.93704198
286.4832017,64.99630796
286.5873774,65.7594218
286.6915531,64.12074171
286.7957288,65.37868772
286.8999045,68.48306387
287.0040802,68.33769418
287.1082559,65.34478253
287.2124316,67.65873196
287.3166073,69.11191919
287.4207831,66.12356054
287.5249588,66.99784027
287.6291345,66.21192986
287.7333102,67.992783
287.8374859,65.21258486
287.9416616,67.05603446
288.0458373,67.28132465
288.150013,65.33693925
288.2541887,67.13899013
288.3583644,66.56717468
288.4625402,67.88392341
288.5667159,68.3632985
288.6708916,67.18317323
288.7750673,66.60038863
288.879243,65.51789937
288.9834187,65.84996112
289.0875944,64.67113223
289.1917701,66.58270422
289.2959458,66.17616822
289.4001215,70.01696374
289.5042972,66.50911022
289.608473,66.86605819
289.7126487,66.20931197
289.8168244,67.71002459
289.9210001,65.28179163
290.0251758,68.9516575
290.1293515,65.8352105
290.2335272,66.03423924
290.3377029,66.72342205
290.4418786,65.54491669
290.5460543,66.4913175
290.6502301,64.70245847
290.7544058,66.51951182
290.8585815,64.72319357
290.9627572,70.0474262
291.0669329,66.63597187
291.1711086,66.44064298
291.2752843,67.57760259
291.37946,64.13318753
291.4836357,66.80133171
291.5878114,66.82110503
291.6919872,67.607415
291.7961629,66.80704868
291.9003386,69.65644452
292.0045143,69.71027386
292.10869,66.09971818
292.2128657,65.86941165
292.3170414,67.75583774
292.4212171,65.33602167
292.5253928,66.20606547
292.6295685,69.3601133
292.7337442,65.22538562
292.83792,67.58317231
292.9420957,67.98878936
293.0462714,66.00882716
293.1504471,66.56251873
293.2546228,68.75327667
293.3587985,69.60103608
293.4629742,64.42037401
293.5671499,66.16685485
293.6713256,68.13712606
293.7755013,66.21425668
293.8796771,68.58677421
293.9838528,63.93329872
294.0880285,66.09864431
294.1922042,65.27614926
294.2963799,66.3344339
294.4005556,66.37874639
294.5047313,64.85888566
294.608907,65.94644665
294.7130827,66.58029492
294.8172584,64.56649201
294.9214342,66.05787008
295.0256099,68.51116901
295.1297856,64.71058143
295.2339613,67.54921359
295.338137,65.23895123
295.4423127,68.29062413
295.5464884,68.10686262
295.6506641,65.56661698
295.7548398,66.09834266
295.8590155,67.46942605
295.9631912,66.95184066
296.067367,68.84036299
296.1715427,66.05487329
296.2757184,67.2139577
296.3798941,67.49959266
296.4840698,68.28557745
296.5882455,66.88358555
296.6924212,66.31749516
296.7965969,65.22155135
296.9007726,67.27820948
297.0049483,65.22300345
297.1091241,69.29312055
297.2132998,67.28235075
297.3174755,66.86619325
297.4216512,63.7636356
297.5258269,66.41571807
297.6300026,63.89235557
297.7341783,68.82634954
297.838354,68.57850185
297.9425297,65.55229394
298.0467054,66.66105139
298.1508812,68.23976573
298.2550569,68.1093092
298.3592326,64.67289663
298.4634083,68.092523
298.567584,65.74335213
298.6717597,64.43467515
298.7759354,63.71512193
298.8801111,66.49119736
298.9842868,68.27238852
299.0884625,68.66665157
299.1926382,66.64195548
299.296814,66.14195556
299.4009897,66.27057492
299.5051654,68.08135708
299.6093411,65.325908
299.7135168,65.93046118
299.8176925,64.68560946
299.9218682,67.8115711
300.0260439,71.63041282
300.1302196,72.44293911
300.2343953,71.21989564
300.3385711,70.44372774
300.4427468,64.05600426
300.5469225,65.99797275
300.6510982,66.41861855
300.7552739,69.46143398
300.8594496,65.32348828
300.9636253,67.9939231
301.067801,69.14918629
301.1719767,66.56452559
301.2761524,68.56336407
301.3803282,67.67194366
301.4845039,69.83589896
301.5886796,68.2180161
301.6928553,69.5664475
301.797031,72.16308053
301.9012067,70.61031534
302.0053824,69.96577947
302.1095581,72.31866313
302.2137338,72.41815917
302.3179095,69.37812316
302.4220853,73.40831082
302.526261,69.5257797
302.6304367,70.32466201
302.7346124,68.37520527
302.8387881,71.25417629
302.9429638,70.4395495
303.0471395,70.68842307
303.1513152,69.2364503
303.2554909,70.60008401
303.3596666,71.94793414
303.4638423,70.80569002
303.5680181,70.02412509
303.6721938,69.0745585
303.7763695,71.62296995
303.8805452,68.43129446
303.9847209,67.91729137
304.0888966,68.07142094
304.1930723,68.8625968
304.297248,70.33640169
304.4014237,68.92170956
304.5055994,70.77081102
304.6097752,68.72332932
304.7139509,69.63413324
304.8181266,69.99235342
304.9223023,68.25695256
305.026478,71.68339487
305.1306537,70.59341487
305.2348294,70.31721454
305.3390051,69.95465791
305.4431808,68.90849891
305.5473565,69.63956905
305.6515323,70.75322411
305.755708,65.4482923
305.8598837,66.26703999
305.9640594,70.03596515
306.0682351,67.86222998
306.1724108,68.90702198
306.2765865,70.11059293
306.3807622,67.5056602
306.4849379,65.19124516
306.5891136,67.89309892
306.6932893,65.32987266
306.7974651,67.2118781
306.9016408,68.02960509
307.0058165,69.91730127
307.1099922,70.74548291
307.2141679,72.54592863
307.3183436,71.28502077
307.4225193,68.47405193
307.526695,70.04972335
307.6308707,69.32050179
307.7350464,70.18130457
307.8392222,69.49264612
307.9433979,69.96574495
308.0475736,68.5552957
308.1517493,67.50927672
308.255925,68.66717727
308.3601007,70.39018307
308.4642764,69.83959153
308.5684521,69.16887174
308.6726278,70.79369267
308.7768035,70.4001098
308.8809793,68.82641473
308.985155,69.17324978
309.0893307,68.89683065
309.1935064,67.34454294
309.2976821,68.49993367
309.4018578,68.58601842
309.5060335,68.91988208
309.6102092,71.25861147
309.7143849,71.09852023
309.8185606,68.51185237
309.9227363,70.81129114
310.0269121,70.35941374
310.1310878,70.64188066
310.2352635,72.17456998
310.3394392,71.43783526
310.4436149,71.02373954
310.5477906,72.11796284
310.6519663,67.21622754
310.756142,68.98468302
310.8603177,72.01706824
310.9644934,71.52702248
311.0686692,71.7403709
311.1728449,73.34051245
311.2770206,70.14501655
311.3811963,71.03931594
311.485372,70.35723254
311.5895477,69.03854633
311.6937234,67.31406497
311.7978991,67.79321467
311.9020748,70.05871306
312.0062505,71.74098572
312.1104263,72.51871617
312.214602,71.77640298
312.3187777,72.7856589
312.4229534,72.8178095
312.5271291,71.82420606
312.6313048,73.5902861
312.7354805,72.87050276
312.8396562,70.90959308
312.9438319,71.69724223
313.0480076,71.81961747
313.1521833,75
313.2563591,71.33230228
313.3605348,73.60526359
313.4647105,71.61451841
313.5688862,75
313.6730619,73.61485461
313.7772376,75
313.8814133,69.95111282
313.985589,73.12444427
314.0897647,71.75279893
314.1939404,74.73846526
314.2981162,71.63338255
314.4022919,74.67510387
314.5064676,72.99507333
314.6106433,74.71491978
314.714819,71.69333696
314.8189947,74.43368325
314.9231704,75
315.0273461,74.12024686
315.1315218,74.27062133
315.2356975,73.20683501
315.3398733,73.95884161
315.444049,73.38467218
315.5482247,73.82175813
315.6524004,75
315.7565761,70.62799102
315.8607518,74.15012621
315.9649275,74.16880762
316.0691032,72.68094556
316.1732789,74.09128783
316.2774546,74.1873004
316.3816303,73.52650855
316.4858061,71.3842435
316.5899818,71.94288699
316.6941575,64.8277843
316.7983332,63.90947304
316.9025089,63.37170242
317.0066846,66.39420746
317.1108603,64.36816278
317.215036,71.66797012
317.3192117,70.3437891
317.4233874,69.54814116
317.5275632,67.86333494
317.6317389,69.98840323
317.7359146,71.6671433
317.8400903,71.1555256
317.944266,70.28854379
318.0484417,71.61789111
318.1526174,70.1336643
318.2567931,70.3321883
318.3609688,72.84697814
318.4651445,68.61962277
318.5693203,69.85012705
318.673496,71.39458335
318.7776717,68.18641495
318.8818474,71.70634724
318.9860231,69.09394865
319.0901988,70.69770177
319.1943745,71.68917368
319.2985502,72.57458481
319.4027259,70.44509064
319.5069016,70.10970099
319.6110774,70.64572847
319.7152531,68.55248396
319.8194288,71.63149496
319.9236045,72.39687546
320.0277802,70.94316036
320.1319559,69.92830522
320.2361316,68.85667624
320.3403073,70.14326356
320.444483,71.7906368
320.5486587,72.50216925
320.6528344,69.35346885
320.7570102,71.75801147
320.8611859,67.93241932
320.9653616,69.68796389
321.0695373,70.67979985
321.173713,67.6896438
321.2778887,70.84352402
321.3820644,71.2854976
321.4862401,68.93855041
321.5904158,67.71094655
321.6945915,69.44940954
321.7987673,70.54972307
321.902943,69.67472325
322.0071187,70.48575953
322.1112944,69.34967084
322.2154701,70.77615666
322.3196458,72.52963429
322.4238215,68.7512124
322.5279972,69.66507501
322.6321729,70.22445114
322.7363486,69.05289577
322.8405244,68.21087826
322.9447001,67.75610391
323.0488758,69.9679122
323.1530515,67.89067234
323.2572272,66.60187232
323.3614029,74.03310879
323.4655786,69.37731902
323.5697543,69.70504828
323.67393,69.35131967
323.7781057,67.1197229
323.8822814,65.1528811
323.9864572,69.87640134
324.0906329,68.62475048
324.1948086,66.61752656
324.2989843,69.34337393
324.40316,70.4185076
324.5073357,69.74519021
324.6115114,67.8862138
324.7156871,68.90468097
324.8198628,69.54297175
324.9240385,68.40539897
325.0282143,72.12456004
325.13239,70.53839342
325.2365657,69.92103023
325.3407414,69.89995011
325.4449171,68.64651491
325.5490928,70.00468638
325.6532685,67.85189737
325.7574442,69.35297898
325.8616199,67.74176015
325.9657956,72.53375086
326.0699714,72.87279527
326.1741471,69.16793513
326.2783228,70.56185886
326.3824985,71.24871566
326.4866742,69.52454152
326.5908499,72.21686786
326.6950256,72.87503433
326.7992013,75
326.903377,69.02870411
327.0075527,70.42459756
327.1117284,72.19800928
327.2159042,71.91499995
327.3200799,71.96862348
327.4242556,74.03493278
327.5284313,70.99338486
327.632607,74.63643888
327.7367827,71.29055556
327.8409584,72.74145009
327.9451341,71.84673246
328.0493098,69.63366223
328.1534855,73.02070775
328.2576613,71.87971735
328.361837,69.5500417
328.4660127,72.7203467
328.5701884,71.23774359
328.6743641,72.79343412
328.7785398,70.49049364
328.8827155,72.14617498
328.9868912,72.60791189
329.0910669,72.31653899
329.1952426,72.14545368
329.2994184,75
329.4035941,73.67826571
329.5077698,75
329.6119455,74.72402128
329.7161212,71.25003172
329.8202969,72.73030505
329.9244726,73.21594014
330.0286483,74.03289794
330.132824,72.20547127
330.2369997,71.60448308
330.3411754,72.42791695
330.4453512,73.10823386
330.5495269,72.4278617
330.6537026,70.6363542
330.7578783,73.55681564
330.862054,73.64414619
330.9662297,73.01975793
331.0704054,71.8795604
331.1745811,72.38922015
331.2787568,73.95290517
331.3829325,71.30996111
331.4871083,71.18964901
331.591284,72.512518
331.6954597,72.94110377
331.7996354,71.75622814
331.9038111,70.63762901
332.0079868,71.15861256
332.1121625,70.88526307
332.2163382,71.08580232
332.3205139,71.96784541
332.4246896,73.90213555
332.5288654,72.79159536
332.6330411,71.07358044
332.7372168,73.63921732
332.8413925,69.55525655
332.9455682,63.59449007
333.0497439,63.41915779
333.1539196,63.69862766
333.2580953,66.07060996
333.362271,62.49990361
333.4664467,66.20700904
333.5706224,67.95471389
333.6747982,70.7383702
333.7789739,69.1573276
333.8831496,74.54918965
333.9873253,68.57624269
334.091501,67.47595377
334.1956767,71.7953
334.2998524,69.04712057
334.4040281,69.41727843
334.5082038,73.02418537
334.6123795,72.55187015
334.7165553,68.80238894
334.820731,69.70157274
334.9249067,70.3177835
335.0290824,70.21885038
335.1332581,66.98304117
335.2374338,70.70464327
335.3416095,71.4711725
335.4457852,70.20698506
335.5499609,71.61329674
335.6541366,71.72267024
335.7583124,68.88309134
335.8624881,67.96620797
335.9666638,69.94300502
336.0708395,67.13888906
336.1750152,71.04472932
336.2791909,70.92443439
336.3833666,68.12463563
336.4875423,71.78113861
336.591718,69.63353658
336.6958937,70.53636954
336.8000695,69.89581813
336.9042452,70.80039592
337.0084209,72.76106668
337.1125966,67.38598518
337.2167723,69.88997948
337.320948,72.34970301
337.4251237,69.24203297
337.5292994,66.50739381
337.6334751,67.63506526
337.7376508,72.29593628
337.8418265,70.63064087
337.9460023,70.22498104
338.050178,68.30361961
338.1543537,71.2699744
338.2585294,68.96739015
338.3627051,69.56132666
338.4668808,66.2108542
338.5710565,70.89902814
338.6752322,69.70107625
338.7794079,69.20123854
338.8835836,68.80729314
338.9877594,66.50230809
339.0919351,66.36832724
339.1961108,67.32176982
339.3002865,68.49024969
339.4044622,69.53759198
339.5086379,70.88140595
339.6128136,69.34733116
339.7169893,70.29463864
339.821165,66.87887544
339.9253407,67.91919391
340.0295165,68.7294301
340.1336922,69.10006625
340.2378679,65.64263484
340.3420436,68.77683738
340.4462193,69.68092919
340.550395,68.2704892
340.6545707,68.92584473
340.7587464,67.09880646
340.8629221,67.17029987
340.9670978,69.48606507
341.0712735,68.25984907
341.1754493,68.70233186
341.279625,70.17119713
341.3838007,69.45577687
341.4879764,68.27792409
341.5921521,67.77869699
341.6963278,66.68180958
341.8005035,69.17874998
341.9046792,70.3234246
342.0088549,71.52995265
342.1130306,68.59350859
342.2172064,71.6659609
342.3213821,68.95132244
342.4255578,73.1553334
342.5297335,66.96623491
342.6339092,71.9309365
342.7380849,68.27187775
342.8422606,70.08264253
342.9464363,70.07975118
343.050612,72.78730494
343.1547877,69.85609274
343.2589635,67.81655092
343.3631392,71.24191727
343.4673149,72.08092583
343.5714906,69.51485024
343.6756663,69.50846457
343.779842,68.85523326
343.8840177,68.25263929
343.9881934,71.35176561
344.0923691,69.98447309
344.1965448,72.52853849
344.3007205,70.6506992
344.4048963,69.39141517
344.509072,73.8620733
344.6132477,71.57180398
344.7174234,71.00891184
344.8215991,75
344.9257748,70.32303781
345.0299505,70.35505991
345.1341262,71.06775936
345.2383019,71.46366376
345.3424776,73.08855054
345.4466534,72.43220543
345.5508291,72.17859087
345.6550048,70.71988794
345.7591805,71.59848631
345.8633562,71.8514379
345.9675319,72.71023198
346.0717076,72.36675701
346.1758833,72.97804591
346.280059,74.47671557
346.3842347,70.21468288
346.4884105,75
346.5925862,73.90851383
346.6967619,72.94498611
346.8009376,74.36048961
346.9051133,73.73239645
347.009289,72.18912155
347.1134647,75
347.2176404,73.3301883
347.3218161,74.39145728
347.4259918,72.20731282
347.5301675,72.65653135
347.6343433,72.30991744
347.738519,74.79152631
347.8426947,72.74384752
347.9468704,73.09598649
348.0510461,73.21642626
348.1552218,71.4071682
348.2593975,73.9798462
348.3635732,71.56683525
348.4677489,72.5430118
348.5719246,72.15159687
348.6761004,71.60635824
348.7802761,70.97757479
348.8844518,72.695606
348.9886275,75
349.0928032,73.68081024
349.1969789,64.28484128
349.3011546,66.82468803
349.4053303,65.6098599
349.509506,65.70401713
349.6136817,65.73003373
349.7178575,68.58189992
349.8220332,70.14655353
349.9262089,69.41131423
350.0303846,67.41283306
350.1345603,63.45578338
350.238736,71.17242762
350.3429117,69.64672894
350.4470874,65.31869346
350.5512631,71.06363757
350.6554388,71.3224761
350.7596145,70.05157964
350.8637903,73.41745454
350.967966,72.48361225
351.0721417,70.07425133
351.1763174,73.13525516
351.2804931,70.27526591
351.3846688,71.22652326
351.4888445,72.70388677
351.5930202,70.09026959
351.6971959,72.13891959
351.8013716,70.87622977
351.9055474,68.13632143
352.0097231,67.66244061
352.1138988,70.72955713
352.2180745,68.17581694
352.3222502,70.39750684
352.4264259,68.27555141
352.5306016,72.19857843
352.6347773,69.19171185
352.738953,69.02981886
352.8431287,71.09060678
352.9473045,69.53274723
353.0514802,69.86998279
353.1556559,69.79575331
353.2598316,68.71191591
353.3640073,69.59225064
353.468183,70.78069227
353.5723587,70.3142066
353.6765344,67.03957098
353.7807101,68.08448906
353.8848858,71.63057204
353.9890616,71.07607323
354.0932373,70.2674832
354.197413,72.1802873
354.3015887,67.35927175
354.4057644,67.61360606
354.5099401,70.11508276
354.6141158,69.74419108
354.7182915,70.6378665
354.8224672,67.13965281
354.9266429,69.78014705
355.0308186,68.34901112
355.1349944,69.192278
355.2391701,69.77633954
355.3433458,69.88964895
355.4475215,68.1308547
355.5516972,71.52022872
355.6558729,69.49428095
355.7600486,67.42372902
355.8642243,68.44062142
355.9684,68.99966311
356.0725757,65.36166313
356.1767515,66.65385136
356.2809272,68.7774342
356.3851029,64.03850974
356.4892786,70.25594269
356.5934543,70.83919999
356.69763,71.04851203
356.8018057,68.1548369
356.9059814,69.90828884
357.0101571,71.52846167
357.1143328,70.39551158
357.2185086,67.27835092
357.3226843,68.13723312
357.42686,67.45642675
357.5310357,71.46550269
357.6352114,69.95358732
357.7393871,68.38458779
357.8435628,70.00042932
357.9477385,68.81343932
358.0519142,69.95481042
358.1560899,72.07973601
358.2602656,72.31396917
358.3644414,67.22835577
358.4686171,72.21213658
358.5727928,69.83947262
358.6769685,70.04494648
358.7811442,72.95948145
358.8853199,68.84314896
358.9894956,70.63019522
359.0936713,72.28282987
359.197847,70.49788095
359.3020227,72.70443881
359.4061985,69.3452409
359.5103742,69.16588496
359.6145499,73.06685309
359.7187256,73.8814966
359.8229013,70.30106677
359.927077,70.4196599
360.0312527,71.24285628
360.1354284,68.89752676
360.2396041,72.78241428
360.3437798,70.59334643
360.4479556,71.31057131
360.5521313,71.87703357
360.656307,72.7108694
360.7604827,73.73689509
360.8646584,69.04164238
360.9688341,70.51633669
361.0730098,72.48461054
361.1771855,73.67029572
361.2813612,72.21875757
361.3855369,71.99832708
361.4897126,71.86468993
361.5938884,72.94487417
361.6980641,71.18587835
361.8022398,75
361.9064155,74.4189178
362.0105912,71.91934715
362.1147669,75
362.2189426,72.95341925
362.3231183,71.99493509
362.427294,69.30048464
362.5314697,74.31136997
362.6356455,71.19296235
362.7398212,72.99813154
362.8439969,69.65371807
362.9481726,74.99615062
363.0523483,73.77783075
363.156524,71.70688469
363.2606997,74.42931618
363.3648754,73.37213926
363.4690511,71.46618401
363.5732268,74.01630245
363.6774026,73.92271916
363.7815783,70.29796968
363.885754,73.89354996
363.9899297,72.2962653
364.0941054,73.71223433
364.1982811,75
364.3024568,72.14703241
364.4066325,72.36611233
364.5108082,72.64075869
364.6149839,74.66780695
364.7191596,75
364.8233354,69.79510145
364.9275111,72.49285607
365.0316868,73.26219491
365.1358625,73.6879083
365.2400382,72.33373391
365.3442139,71.53848813
365.4483896,63.20707423
365.5525653,63.81529245
365.656741,66.95158108
365.7609167,64.94123293
365.8650925,67.6698067
365.9692682,66.6799273
366.0734439,70.08459387
366.1776196,70.45551952
366.2817953,67.23807474
366.385971,70.7773571
366.4901467,68.60526692
366.5943224,68.26012558
366.6984981,69.73176985
366.8026738,73.61196691
366.9068496,70.28827493
367.0110253,69.8187702
367.115201,69.29249154
367.2193767,70.23776077
367.3235524,69.56647853
367.4277281,73.50589224
367.5319038,69.1742992
367.6360795,68.91288817
367.7402552,68.85218902
367.8444309,72.4457348
367.9486066,69.83017738
368.0527824,68.60136919
368.1569581,69.6944626
368.2611338,69.74888118
368.3653095,70.67521045
368.4694852,73.33071225
368.5736609,66.82680332
368.6778366,70.62079668
368.7820123,71.64571515
368.886188,70.00077176
368.9903637,69.42585684
369.0945395,71.75332007
369.1987152,70.68418663
369.3028909,66.1272219
369.4070666,72.07896258
369.5112423,67.65127584
369.615418,68.21570745
369.7195937,69.79885762
369.8237694,70.76836171
369.9279451,71.43277056
370.0321208,66.65784368
370.1362966,67.4859598
370.2404723,67.16907561
370.344648,70.21795951
370.4488237,68.03050192
370.5529994,72.80917852
370.6571751,68.02579843
370.7613508,70.0730398
370.8655265,69.26857174
370.9697022,68.77785434
371.0738779,68.35707843
371.1780537,71.6739444
371.2822294,68.41461992
371.3864051,71.22963331
371.4905808,66.21591301
371.5947565,70.27554794
371.6989322,67.92752304
371.8031079,68.06745508
371.9072836,71.65223028
372.0114593,69.53117184
372.115635,66.76479694
372.2198107,69.49367939
372.3239865,67.74051176
372.4281622,69.5645966
372.5323379,66.46997308
372.6365136,68.6433104
372.7406893,68.41998802
372.844865,69.16602486
372.9490407,68.00857808
373.0532164,69.46303686
373.1573921,70.10692894
373.2615678,67.51003417
373.3657436,67.31528737
373.4699193,70.84147667
373.574095,67.30043434
373.6782707,71.13795758
373.7824464,72.51010374
373.8866221,70.51302877
373.9907978,68.27343299
374.0949735,70.22302091
374.1991492,68.94838708
374.3033249,68.58043763
374.4075007,69.8670204
374.5116764,70.02779392
374.6158521,70.22333147
374.7200278,69.66227009
374.8242035,70.72551726
374.9283792,69.94605914
375.0325549,68.47482049
375.1367306,68.18131211
375.2409063,70.0887673
375.345082,74.58918845
375.4492577,71.53626729
375.5534335,70.3447672
375.6576092,68.97093775
375.7617849,70.80885404
375.8659606,72.65602671
375.9701363,70.2354943
376.074312,72.62912589
376.1784877,68.43573224
376.2826634,72.46096419
376.3868391,72.12678262
376.4910148,69.05569154
376.5951906,70.5426209
376.6993663,69.98394532
376.803542,70.09583429
376.9077177,75
377.0118934,70.77578951
377.1160691,68.75577958
377.2202448,71.62647586
377.3244205,73.52245138
377.4285962,71.7461443
377.5327719,71.18465031
377.6369477,72.42548043
377.7411234,73.27764832
377.8452991,74.29511694
377.9494748,75
378.0536505,73.54096058
378.1578262,72.99032178
378.2620019,74.81941432
378.3661776,72.98667902
378.4703533,70.31806027
378.574529,73.40609427
378.6787047,74.3175402
378.7828805,72.29296933
378.8870562,75
378.9912319,73.11583175
379.0954076,73.11739448
379.1995833,73.96701437
379.303759,70.01360967
379.4079347,75
379.5121104,73.04408759
379.6162861,72.57005756
379.7204618,73.54899033
379.8246376,73.1575226
379.9288133,73.38031713
380.032989,68.54934974
380.1371647,70.85639861
380.2413404,75
380.3455161,75
380.4496918,74.73379039
380.5538675,70.94699514
380.6580432,73.11209278
380.7622189,75
380.8663947,71.89892507
380.9705704,72.57319992
381.0747461,71.07437656
381.1789218,70.94812504
381.2830975,72.96394853
381.3872732,75
381.4914489,70.56084702
381.5956246,75
381.6998003,70.5119731
381.803976,74.06894114
381.9081517,71.94668346
382.0123275,70.47457899
382.1165032,69.47623291
382.2206789,69.94203135
382.3248546,71.22766395
382.4290303,72.05855471
382.533206,68.05826585
382.6373817,70.95041559
382.7415574,69.53624289
382.8457331,72.16921135
382.9499088,69.09484134
383.0540846,70.94360001
383.1582603,69.20405188
383.262436,71.05099897
383.3666117,69.57638492
383.4707874,66.4244158
383.5749631,69.65216639
383.6791388,70.57431203
383.7833145,68.61184278
383.8874902,73.36769424
383.9916659,71.99615071
384.0958417,73.7141486
384.2000174,67.75387386
384.3041931,70.62405928
384.4083688,67.70363302
384.5125445,71.11077681
384.6167202,73.19691868
384.7208959,67.61720453
384.8250716,69.83658734
384.9292473,73.5105336
385.033423,66.99676124
385.1375987,71.91973918
385.2417745,68.26020105
385.3459502,69.90049973
385.4501259,67.40465159
385.5543016,71.46357623
385.6584773,67.84754287
385.762653,71.03452975
385.8668287,70.60693618
385.9710044,70.23945768
386.0751801,68.04179677
386.1793558,66.94184379
386.2835316,68.92664112
386.3877073,71.47630839
386.491883,71.19332659
386.5960587,70.5102005
386.7002344,70.36895715
386.8044101,70.55113218
386.9085858,67.66021926
387.0127615,70.6193455
387.1169372,74.36410684
387.2211129,70.11692071
387.3252887,69.50536473
387.4294644,70.07772186
387.5336401,69.31539694
387.6378158,70.01585628
387.7419915,72.31674572
387.8461672,72.07101947
387.9503429,69.36936945
388.0545186,68.84446211
388.1586943,68.17441425
388.26287,67.61428345
388.3670458,70.35976478
388.4712215,73.77209577
388.5753972,69.87155473
388.6795729,70.89910468
388.7837486,68.19071791
388.8879243,69.79066565
388.9921,73.40751469
389.0962757,70.82015715
389.2004514,70.68001116
389.3046271,70.59294514
389.4088028,68.51214517
389.5129786,68.80313392
389.6171543,69.91570781
389.72133,71.393249
389.8255057,71.9370576
389.9296814,70.89345049
390.0338571,71.19897598
390.1380328,72.3036314
390.2422085,68.82660624
390.3463842,68.33036084
390.4505599,69.73226843
390.5547357,70.96397148
390.6589114,69.85597374
390.7630871,69.94545927
390.8672628,69.1515559
390.9714385,71.24547104
391.0756142,70.43652618
391.1797899,70.75371046
391.2839656,69.39641157
391.3881413,71.69929345
391.492317,72.26219156
391.5964928,71.81103521
391.7006685,70.52714934
391.8048442,68.88171328
391.9090199,70.00107533
392.0131956,70.57817276
392.1173713,69.62818379
392.221547,73.72859684
392.3257227,70.65565621
392.4298984,70.75885805
392.5340741,73.87326694
392.6382498,69.36816231
392.7424256,70.25506064
392.8466013,72.14135423
392.950777,71.76133915
393.0549527,72.83722499
393.1591284,70.38989052
393.2633041,72.63461014
393.3674798,72.23199416
393.4716555,72.68508217
393.5758312,73.9466889
393.6800069,71.86478308
393.7841827,70.3041351
393.8883584,72.88469944
393.9925341,73.62303866
394.0967098,73.50159233
394.2008855,74.34157577
394.3050612,71.00686199
394.4092369,71.55245364
394.5134126,71.56499215
394.6175883,75
394.721764,74.43578768
394.8259398,72.20362704
394.9301155,73.14716218
395.0342912,74.48422632
395.1384669,74.85675208
395.2426426,70.49437422
395.3468183,71.22059736
395.450994,74.3543021
395.5551697,73.76411565
395.6593454,71.62693935
395.7635211,74.42853768
395.8676968,74.18700565
395.9718726,75
396.0760483,73.31619242
396.180224,71.22218854
396.2843997,68.7798683
396.3885754,69.10373965
396.4927511,69.79529407
396.5969268,72.96707611
396.7011025,73.5494619
396.8052782,70.28669644
396.9094539,69.41771668
397.0136297,70.45315585
397.1178054,71.92787897
397.2219811,72.42586448
397.3261568,68.45312921
397.4303325,70.04835271
397.5345082,71.18902669
397.6386839,71.21241533
397.7428596,69.58232043
397.8470353,69.59341595
397.951211,69.67600561
398.0553868,70.66911694
398.1595625,67.56451139
398.2637382,68.99345927
398.3679139,69.12592828
398.4720896,69.13726989
398.5762653,66.52217254
398.680441,66.99945953
398.7846167,65.02201365
398.8887924,68.24900767
398.9929681,63.39317782
399.0971438,66.07718954
399.2013196,65.2268989
399.3054953,66.32502522
399.409671,66.60724919
399.5138467,62.98068717
399.6180224,66.11745275
399.7221981,64.92583473
399.8263738,65.92323315
399.9305495,58.90638662
400.0347252,63.18395514
400.1389009,63.12079092
400.2430767,63.21524384
400.3472524,64.22338895
400.4514281,61.65429223
400.5556038,59.41969836
400.6597795,59.24506716
400.7639552,62.18308927
400.8681309,62.97126662
400.9723066,60.40215295
401.0764823,58.70410829
401.180658,57.00569123
401.2848338,58.70336834
401.3890095,60.39752534
401.4931852,58.96491387
401.5973609,59.72217697
401.7015366,58.91733297
401.8057123,63.29650365
401.909888,59.76321437
402.0140637,58.01828699
402.1182394,58.9603738
402.2224151,56.94970993
402.3265908,57.24333174
402.4307666,58.32662616
402.5349423,61.09109684
402.639118,58.02203867
402.7432937,59.57325364
402.8474694,59.58531938
402.9516451,57.17827807
403.0558208,58.67884735
403.1599965,58.7781838
403.2641722,57.58944134
403.3683479,56.4516836
403.4725237,55.64016972
403.5766994,57.99372863
403.6808751,56.26952171
403.7850508,57.72238283
403.8892265,55.4386671
403.9934022,55.34382288
404.0975779,56.46744489
404.2017536,55.83880196
404.3059293,59.65297908
404.410105,58.64317851
404.5142808,55
404.6184565,55.70851549
404.7226322,58.47530831
404.8268079,59.64117583
404.9309836,58.55505611
405.0351593,60.18846478
405.139335,60.75379811
405.2435107,56.05686718
405.3476864,59.46617974
405.4518621,59.9074776
405.5560379,57.05427793
405.6602136,55.24524454
405.7643893,58.5078857
405.868565,58.77534806
405.9727407,59.77441378
406.0769164,55.5471303
406.1810921,55
406.2852678,55
406.3894435,55
406.4936192,55.0365999
406.5977949,58.03955932
406.7019707,55
406.8061464,55
406.9103221,57.42353392
407.0144978,55.72355981
407.1186735,58.31572207
407.2228492,57.44101159
407.3270249,60.22261524
407.4312006,55.76536431
407.5353763,59.17779197
407.639552,58.53356768
407.7437278,58.00814134
407.8479035,55.70126083
407.9520792,55
408.0562549,55.85573651
408.1604306,56.09459804
408.2646063,55
408.368782,55
408.4729577,55
408.5771334,56.42295832
408.6813091,55
408.7854849,55.24057273
408.8896606,55
408.9938363,55.23418543
409.098012,58.90243976
409.2021877,59.68693766
409.3063634,55
409.4105391,58.21205632
409.5147148,56.31402397
409.6188905,56.61427284
409.7230662,58.73035785
409.8272419,55
409.9314177,57.58747944
410.0355934,55.73322514
410.1397691,58.14872624
410.2439448,58.52446658
410.3481205,57.30910577
410.4522962,56.77632595
410.5564719,58.3094106
410.6606476,57.43870121
410.7648233,58.06621967
410.868999,59.03938669
410.9731748,59.2260206
411.0773505,57.40461512
411.1815262,59.16087498
411.2857019,56.99721352
411.3898776,58.98679334
411.4940533,56.20663239
411.598229,58.16068053
411.7024047,62.20403044
411.8065804,60.74663425
411.9107561,60.24566562
412.0149319,61.07044363
412.1191076,58.00042885
412.2232833,61.25713554
412.327459,61.39059248
412.4316347,57.67082899
412.5358104,61.55693399
412.6399861,61.34105639
412.7441618,60.69243016
412.8483375,60.33843486
412.9525132,59.68489596
413.0566889,59.23525351
413.1608647,64.01236248
413.2650404,61.61020626
413.3692161,58.94095296
413.4733918,61.44162327
413.5775675,58.42868334
413.6817432,57.91725984
413.7859189,58.66140329
413.8900946,62.04667724
413.9942703,62.56664282
414.098446,60.83411856
414.2026218,55
414.3067975,60.30054239
414.4109732,61.24920548
414.5151489,62.05169728
414.6193246,62.73626405
414.7235003,66.61322702
414.827676,63.59210283
414.9318517,63.10408363
415.0360274,64.58399065
415.1402031,63.11009088
415.2443789,64.13922166
415.3485546,67.30584525
415.4527303,66.2977038
415.556906,66.0479132
415.6610817,64.07916378
415.7652574,62.66907548
415.8694331,62.4573376
415.9736088,64.9230416
416.0777845,64.86496887
416.1819602,67.70867283
416.2861359,67.38225806
416.3903117,65.87810853
416.4944874,67.01991706
416.5986631,66.14858398
416.7028388,60.31020578
416.8070145,61.32359916
416.9111902,63.5168962
417.0153659,63.20909009
417.1195416,58.36163189
417.2237173,60.58245709
417.327893,60.92436581
417.4320688,61.72494394
417.5362445,62.74628111
417.6404202,60.25360755
417.7445959,60.61606227
417.8487716,63.13497647
417.9529473,61.17259216
418.057123,64.07482174
418.1612987,59.07071138
418.2654744,60.79608866
418.3696501,64.10532824
418.4738259,61.75161825
418.5780016,64.33425098
418.6821773,62.71642161
418.786353,61.48873496
418.8905287,59.99803029
418.9947044,60.80341176
419.0988801,62.11498264
419.2030558,60.01038229
419.3072315,62.38805818
419.4114072,59.78004005
419.5155829,62.26705438
419.6197587,61.73639379
419.7239344,63.96083277
419.8281101,60.72788764
419.9322858,62.31811092
420.0364615,63.19985994
420.1406372,61.46297946
420.2448129,62.23273277
420.3489886,62.17388436
420.4531643,62.7464178
420.55734,64.0640027
420.6615158,60.25397457
420.7656915,60.78933624
420.8698672,60.90114798
420.9740429,63.29538289
421.0782186,60.73237137
421.1823943,60.73268648
421.28657,64.88792049
421.3907457,60.36174598
421.4949214,62.5969438
421.5990971,64.33459719
421.7032729,62.85977784
421.8074486,63.52032112
421.9116243,62.35821972
422.0158,65.08354529
422.1199757,63.22630273
422.2241514,61.59321671
422.3283271,62.88336695
422.4325028,62.42507815
422.5366785,66.58125497
422.6408542,61.123164
422.74503,61.70451686
422.8492057,61.46007818
422.9533814,58.2251889
423.0575571,61.44592186
423.1617328,59.79276822
423.2659085,62.80975566
423.3700842,62.48148746
423.4742599,60.88390146
423.5784356,60.10940658
423.6826113,61.67677331
423.786787,61.58101857
423.8909628,61.70171948
423.9951385,64.61413669
424.0993142,61.28350164
424.2034899,61.93237176
424.3076656,61.2555245
424.4118413,60.51551467
424.516017,65.02198343
424.6201927,61.83221304
424.7243684,62.56886346
424.8285441,62.34098333
424.9327199,63.53055344
425.0368956,60.94072476
425.1410713,62.39818676
425.245247,61.80277083
425.3494227,62.95852008
425.4535984,62.24130156
425.5577741,61.59387816
425.6619498,63.98711935
425.7661255,61.91310733
425.8703012,60.35491685
425.974477,63.69131201
426.0786527,62.07118436
426.1828284,61.17263312
426.2870041,59.13954858
426.3911798,60.55333095
426.4953555,61.02469252
426.5995312,62.68114487
426.7037069,58.76461198
426.8078826,61.64335162
426.9120583,61.11071541
427.016234,59.84934545
427.1204098,63.1453888
427.2245855,62.41917321
427.3287612,59.14238928
427.4329369,60.93105343
427.5371126,59.63552544
427.6412883,60.91210322
427.745464,60.58584309
427.8496397,61.72906869
427.9538154,60.13962218
428.0579911,61.33363108
428.1621669,58.54241104
428.2663426,57.74023
428.3705183,61.09268678
428.474694,60.73540744
428.5788697,59.30174025
428.6830454,60.10823419
428.7872211,57.89995117
428.8913968,58.52434515
428.9955725,59.46052175
429.0997482,60.22511973
429.203924,60.73653741
429.3080997,59.08398263
429.4122754,58.32424841
429.5164511,59.06485942
429.6206268,58.04339122
429.7248025,58.55124982
429.8289782,56.22441941
429.9331539,55.85730755
430.0373296,59.07619266
430.1415053,55
430.245681,55
430.3498568,57.51757515
430.4540325,56.62900866
430.5582082,59.03149765
430.6623839,55.97570724
430.7665596,57.06162249
430.8707353,61.32052202
430.974911,57.74503054
431.0790867,57.65605291
431.1832624,56.01209504
431.2874381,57.64227158
431.3916139,58.59792744
431.4957896,56.70118002
431.5999653,56.87479868
431.704141,55.24022847
431.8083167,60.36874935
431.9124924,58.43256603
432.0166681,56.93965138
432.1208438,56.3020965
432.2250195,57.64661436
432.3291952,57.95704075
432.433371,55
432.5375467,56.6259635
432.6417224,56.46412521
432.7458981,56.94888283
432.8500738,57.56151547
432.9542495,55.56642926
433.0584252,56.55213748
433.1626009,56.5593304
433.2667766,55
433.3709523,57.68082472
433.475128,55.03294829
433.5793038,57.64027722
433.6834795,55.33710791
433.7876552,56.59409963
433.8918309,57.69586151
433.9960066,59.13465595
434.1001823,57.9984081
434.204358,58.64955344
434.3085337,57.54318611
434.4127094,56.78180919
434.5168851,57.50628838
434.6210609,56.23151363
434.7252366,58.65520252
434.8294123,56.30725112
434.933588,56.25313245
435.0377637,59.37423101
435.1419394,55.22385615
435.2461151,56.64274754
435.3502908,56.74433826
435.4544665,55
435.5586422,57.55295163
435.662818,56.50979891
435.7669937,58.98087079
435.8711694,55.41176062
435.9753451,57.46083243
436.0795208,55.3010508
436.1836965,57.29427552
436.2878722,56.76767077
436.3920479,60.91747881
436.4962236,56.19840183
436.6003993,57.06909594
436.704575,55.77073053
436.8087508,55.7725664
436.9129265,58.58371211
437.0171022,58.33834591
437.1212779,55.42082318
437.2254536,59.01681379
437.3296293,55.81964849
437.433805,56.49615292
437.5379807,60.57887588
437.6421564,57.69499104
437.7463321,57.85316254
437.8505079,57.21674715
437.9546836,56.91375831
438.0588593,58.75090757
438.163035,55.54873507
438.2672107,55
438.3713864,56.54651517
438.4755621,55.82607602
438.5797378,57.02188304
438.6839135,57.36625563
438.7880892,60.42551972
438.892265,58.51597182
438.9964407,57.74960623
439.1006164,59.41623898
439.2047921,57.7716486
439.3089678,57.01792657
439.4131435,55.28127567
439.5173192,56.92736775
439.6214949,61.23771507
439.7256706,58.37081577
439.8298463,58.18635287
439.9340221,56.81866454
440.0381978,58.87272887
440.1423735,56.14200479
440.2465492,56.39499886
440.3507249,58.79322252
440.4549006,56.75279334
440.5590763,59.39757414
440.663252,59.46983952
440.7674277,57.88538561
440.8716034,58.60776248
440.9757791,56.94016267
441.0799549,58.64655143
441.1841306,59.41884419
441.2883063,58.13300949
441.392482,60.26223416
441.4966577,60.82556694
441.6008334,62.8081769
441.7050091,59.76805355
441.8091848,58.15766847
441.9133605,58.58125453
442.0175362,61.05130439
442.121712,59.92002077
442.2258877,57.41143286
442.3300634,60.22197128
442.4342391,61.69167104
442.5384148,57.68672342
442.6425905,57.05692872
442.7467662,60.99428806
442.8509419,59.10681744
442.9551176,59.40052744
443.0592933,59.80528933
443.1634691,59.18227201
443.2676448,58.45053509
443.3718205,61.45113349
443.4759962,61.10771926
443.5801719,57.95831689
443.6843476,60.9479634
443.7885233,59.22222819
443.892699,62.21311499
443.9968747,60.20775853
444.1010504,61.97619936
444.2052261,59.05119901
444.3094019,61.13161711
444.4135776,59.29279401
444.5177533,60.11132822
444.621929,58.31939715
444.7261047,60.93320744
444.8302804,61.74714228
444.9344561,58.99200936
445.0386318,59.18442828
445.1428075,60.16856417
445.2469832,60.25914143
445.351159,61.36962623
445.4553347,59.53392143
445.5595104,63.73529199
445.6636861,59.91867239
445.7678618,60.92616412
445.8720375,60.76149663
445.9762132,60.91765546
446.0803889,60.06494351
446.1845646,61.25035705
446.2887403,59.52323845
446.3929161,60.16114529
446.4970918,63.3348278
446.6012675,59.76281654
446.7054432,59.7202364
446.8096189,63.02934451
446.9137946,61.68486537
447.0179703,61.72609282
447.122146,61.67302912
447.2263217,60.64756829
447.3304974,60.32433844
447.4346731,64.21585362
447.5388489,60.42879953
447.6430246,62.88891156
447.7472003,59.03182403
447.851376,59.35570592
447.9555517,61.17646246
448.0597274,60.89708404
448.1639031,64.48741365
448.2680788,62.62365336
448.3722545,62.32915285
448.4764302,61.89411608
448.580606,61.91995309
448.6847817,60.48541394
448.7889574,57.22859846
448.8931331,57.66586019
448.9973088,61.41037959
449.1014845,59.69171109
449.2056602,60.01353198
449.3098359,60.30324992
449.4140116,61.39241746
449.5181873,60.99664616
449.6223631,61.6408135
449.7265388,60.63834228
449.8307145,60.26289889
449.9348902,61.17332016
450.0390659,59.64927532
450.1432416,61.91501705
450.2474173,61.12855085
450.351593,61.72478805
450.4557687,61.75954518
450.5599444,60.87457314
450.6641201,60.48544685
450.7682959,59.35879161
450.8724716,61.46223061
450.9766473,61.02189491
451.080823,61.14606743
451.1849987,59.86111752
451.2891744,59.98969649
451.3933501,61.1925062
451.4975258,61.50202174
451.6017015,60.50659413
451.7058772,58.0430485
451.810053,59.9363804
451.9142287,61.19070885
452.0184044,60.26508815
452.1225801,62.34239375
452.2267558,61.92183722
452.3309315,60.33485299
452.4351072,61.86219515
452.5392829,60.10502018
452.6434586,59.05020342
452.7476343,58.06585518
452.8518101,62.97119091
452.9559858,60.25444362
453.0601615,55.25882612
453.1643372,62.33904597
453.2685129,62.36107625
453.3726886,61.14565549
453.4768643,61.65595802
453.58104,60.54000395
453.6852157,60.68309854
453.7893914,62.19550307
453.8935671,59.39559977
453.9977429,60.85482161
454.1019186,63.76696391
454.2060943,62.30770395
454.31027,59.474402
454.4144457,59.72362383
454.5186214,61.11585386
454.6227971,58.51218319
454.7269728,62.49165414
454.8311485,56.81333507
454.9353242,62.30828038
455.0395,60.63303057
455.1436757,59.74119378
455.2478514,60.81515354
455.3520271,60.86353875
455.4562028,58.49259735
455.5603785,58.05476496
455.6645542,60.85217112
455.7687299,61.59191099
455.8729056,58.45928162
455.9770813,60.18451775
456.0812571,62.84607266
456.1854328,60.69371628
456.2896085,57.53465356
456.3937842,58.97705304
456.4979599,63.30230477
456.6021356,60.28033239
456.7063113,60.03747183
456.810487,60.90095848
456.9146627,60.46676327
457.0188384,59.93256477
457.1230142,61.44716147
457.2271899,60.67424289
457.3313656,61.6059812
457.4355413,62.10332919
457.539717,62.5199849
457.6438927,58.59005569
457.7480684,61.07719218
457.8522441,60.03493912
457.9564198,60.95919464
458.0605955,60.00838218
458.1647712,60.52148825
458.268947,58.97533787
458.3731227,62.39643314
458.4772984,60.80846696
458.5814741,61.56466076
458.6856498,57.53855292
458.7898255,60.7628045
458.8940012,60.44217032
458.9981769,60.2763494
459.1023526,61.35075237
459.2065283,60.24543125
459.3107041,61.34501107
459.4148798,60.68131177
459.5190555,61.53600157
459.6232312,62.23595962
459.7274069,60.32194598
459.8315826,62.54110068
459.9357583,58.42211739
460.039934,59.7835369
460.1441097,62.1265008
460.2482854,57.87303756
460.3524612,58.72245033
460.4566369,58.37953157
460.5608126,60.55436263
460.6649883,58.76173477
460.769164,61.92821757
460.8733397,61.56418293
460.9775154,60.77089519
461.0816911,61.08438459
461.1858668,59.30805761
461.2900425,59.2879092
461.3942182,57.87274064
461.498394,61.74769999
461.6025697,64.42878659
461.7067454,59.01814998
461.8109211,59.96192939
461.9150968,58.25447067
462.0192725,61.20449133
462.1234482,62.85445609
462.2276239,59.21186461
462.3317996,61.04326658
462.4359753,59.93002772
462.5401511,62.91631976
462.6443268,60.27766852
462.7485025,62.70954681
462.8526782,62.19840531
462.9568539,61.68875357
463.0610296,60.82424199
463.1652053,61.90253647
463.269381,60.1091131
463.3735567,61.2374763
463.4777324,59.04541679
463.5819082,63.31072788
463.6860839,59.65185597
463.7902596,60.49683573
463.8944353,61.55632802
463.998611,60.16345871
464.1027867,62.23180925
464.2069624,62.1547751
464.3111381,62.26243402
464.4153138,61.52972019
464.5194895,59.31749588
464.6236652,58.69167459
464.727841,59.42158205
464.8320167,61.58513346
464.9361924,58.84098846
465.0403681,59.44259301
465.1445438,60.94046187
465.2487195,61.25395092
465.3528952,61.79721552
465.4570709,62.26994367
465.5612466,63.64110435
465.6654223,62.26170668
465.7695981,58.11370539
465.8737738,60.77911272
465.9779495,60.28150069
466.0821252,62.40903431
466.1863009,61.24951198
466.2904766,63.7669593
466.3946523,58.20902368
466.498828,62.25770821
466.6030037,60.17091187
466.7071794,59.16413422
466.8113552,62.27806401
466.9155309,61.39503758
467.0197066,59.03624931
467.1238823,63.40950906
467.228058,60.71893217
467.3322337,60.33393019
467.4364094,62.11709751
467.5405851,62.97411187
467.6447608,58.45408683
467.7489365,59.97395136
467.8531122,58.87495841
467.957288,58.39172707
468.0614637,59.25372472
468.1656394,61.02136634
468.2698151,59.52070941
468.3739908,61.35337533
468.4781665,64.27763001
468.5823422,58.95373474
468.6865179,60.05160321
468.7906936,61.15799643
468.8948693,59.90417273
468.9990451,60.27868463
469.1032208,62.18765119
469.2073965,58.93883714
469.3115722,59.74200388
469.4157479,58.86346903
469.5199236,58.35302852
469.6240993,58.99841596
469.728275,58.48524928
469.8324507,61.8384588
469.9366264,59.37837416
470.0408022,58.41050822
470.1449779,61.48918469
470.2491536,58.11227054
470.3533293,59.24111504
470.457505,61.94712304
470.5616807,58.89040772
470.6658564,60.3470655
470.7700321,60.8493842
470.8742078,60.31029352
470.9783835,59.92620288
471.0825592,57.89522384
471.186735,59.32182877
471.2909107,64.37520654
471.3950864,58.27828921
471.4992621,60.98279464
471.6034378,59.74280815
471.7076135,58.76588876
471.8117892,59.9212212
471.9159649,57.89301599
472.0201406,59.94097457
472.1243163,61.20247261
472.2284921,60.41461179
472.3326678,60.57891548
472.4368435,57.76452472
472.5410192,57.70306662
472.6451949,60.37331332
472.7493706,57.2155528
472.8535463,58.30150338
472.957722,60.38981913
473.0618977,60.34451681
473.1660734,59.90509941
473.2702492,60.30938346
473.3744249,61.97951921
473.4786006,61.04407356
473.5827763,59.51390049
473.686952,58.42856014
473.7911277,57.97267146
473.8953034,59.83710868
473.9994791,59.15010329
474.1036548,61.02712286
474.2078305,60.79705718
474.3120063,61.00074572
474.416182,58.64917056
474.5203577,58.62338358
474.6245334,59.97917387
474.7287091,59.23755674
474.8328848,58.6652785
474.9370605,58.12931234
475.0412362,59.47582542
475.1454119,59.81006067
475.2495876,60.85735231
475.3537633,58.63726893
475.4579391,60.53683488
475.5621148,56.64505452
475.6662905,61.90637239
475.7704662,60.62077081
475.8746419,58.39116037
475.9788176,60.34935371
476.0829933,59.78101475
476.187169,59.99963515
476.2913447,59.36619217
476.3955204,58.87152583
476.4996962,58.90308119
476.6038719,60.38575458
476.7080476,60.38778722
476.8122233,61.63287207
476.916399,60.25690297
477.0205747,60.90033325
477.1247504,59.0252902
477.2289261,59.85042297
477.3331018,59.75684132
477.4372775,59.4943593
477.5414533,60.02213526
477.645629,59.07832661
477.7498047,60.98328342
477.8539804,60.77745509
477.9581561,59.29022392
478.0623318,60.22443452
478.1665075,61.99878959
478.2706832,61.09337352
478.3748589,59.8287529
478.4790346,61.61199132
478.5832103,64.12076933
478.6873861,59.37350477
478.7915618,58.15191601
478.8957375,61.05566049
478.9999132,59.42873694
479.1040889,60.12448966
479.2082646,60.33936777
479.3124403,63.07710272
479.416616,57.58460058
479.5207917,58.34492188
479.6249674,61.14211524
479.7291432,60.27311087
479.8333189,60.27171707
479.9374946,59.98281629
480.0416703,57.80641473
480.145846,59.89539142
480.2500217,60.9190259
480.3541974,58.6288996
480.4583731,62.34914735
480.5625488,60.70666333
480.6667245,59.95697525
480.7709003,59.16044457
480.875076,60.20214124
480.9792517,62.1157938
481.0834274,59.93114396
481.1876031,61.283049
481.2917788,58.17102022
481.3959545,58.86964515
481.5001302,60.37799578
481.6043059,59.8118099
481.7084816,60.5722281
481.8126573,62.97804292
481.9168331,63.71003183
482.0210088,62.64288878
482.1251845,62.47855713
482.2293602,63.44942049
482.3335359,62.04481226
482.4377116,63.92383836
482.5418873,59.83466014
482.646063,63.79112559
482.7502387,59.03608611
482.8544144,62.11067216
482.9585902,59.54384955
483.0627659,59.65208425
483.1669416,61.89060517
483.2711173,59.20991284
483.375293,60.54488954
483.4794687,62.72325908
483.5836444,60.63329529
483.6878201,62.676942
483.7919958,60.42336599
483.8961715,60.29704288
484.0003473,62.50341233
484.104523,59.74394359
484.2086987,60.2166249
484.3128744,60.91424561
484.4170501,61.20156784
484.5212258,61.89966147
484.6254015,60.77211291
484.7295772,59.73887372
484.8337529,62.33759918
484.9379286,61.15642452
485.0421043,58.04049438
485.1462801,62.89778159
485.2504558,61.33770927
485.3546315,60.22088421
485.4588072,61.02068136
485.5629829,59.43697595
485.6671586,63.12549726
485.7713343,60.36735196
485.87551,60.35692265
485.9796857,61.77962022
486.0838614,61.67902312
486.1880372,59.53658109
486.2922129,59.76379434
486.3963886,61.08702862
486.5005643,62.53543805
486.60474,60.78080371
486.7089157,60.61758775
486.8130914,55.73594178
486.9172671,63.77543167
487.0214428,60.6288351
487.1256185,59.0020517
487.2297943,62.12981421
487.33397,58.67851575
487.4381457,61.14065065
487.5423214,60.1768534
487.6464971,61.792133
487.7506728,61.906459
487.8548485,61.12267506
487.9590242,60.50466235
488.0631999,60.80304829
488.1673756,59.82803208
488.2715513,59.9745701
488.3757271,55.41511482
488.4799028,57.54426088
488.5840785,59.51470053
488.6882542,58.47351312
488.7924299,58.61688808
488.8966056,57.90050422
489.0007813,59.19579914
489.104957,56.99147255
489.2091327,58.26631188
489.3133084,59.33697634
489.4174842,57.37590061
489.5216599,57.7075082
489.6258356,56.73318647
489.7300113,57.11615688
489.834187,60.91089083
489.9383627,56.02452517
490.0425384,56.03377952
490.1467141,55
490.2508898,58.06001626
490.3550655,55.84671289
490.4592413,55
490.563417,56.34487278
490.6675927,59.42115639
490.7717684,55.54271858
490.8759441,56.43837018
490.9801198,59.39133616
491.0842955,55
491.1884712,62.25112111
491.2926469,60.04394739
491.3968226,61.11762044
491.5009984,59.02059456
491.6051741,61.51104391
491.7093498,60.86720168
491.8135255,59.31868027
491.9177012,61.16222015
492.0218769,62.4378046
492.1260526,59.73584409
492.2302283,60.85491581
492.334404,61.88304701
492.4385797,60.56023324
492.5427554,62.77286526
492.6469312,58.73154704
492.7511069,63.98330176
492.8552826,59.83996792
492.9594583,61.32454312
493.063634,61.07497422
493.1678097,62.16445534
493.2719854,62.57857564
493.3761611,63.00001681
493.4803368,62.49259773
493.5845125,60.49318034
493.6886883,58.90549234
493.792864,61.16728137
493.8970397,61.79548016
494.0012154,59.73763718
494.1053911,59.20830524
494.2095668,60.49452544
494.3137425,61.03103105
494.4179182,61.6798823
494.5220939,62.37931531
494.6262696,60.22595135
494.7304454,63.80845235
494.8346211,59.01360819
494.9387968,60.33518494
495.0429725,63.23905785
495.1471482,62.73656454
495.2513239,60.01072468
495.3554996,58.67068277
495.4596753,60.53215455
495.563851,62.20905111
495.6680267,62.76271519
495.7722024,59.84617873
495.8763782,65.46832465
495.9805539,61.8791648
496.0847296,61.4774617
496.1889053,62.47022471
496.293081,61.31975026
496.3972567,59.24422165
496.5014324,61.88743333
496.6056081,61.33961619
496.7097838,62.57094678
496.8139595,62.04190735
496.9181353,62.16484445
497.022311,59.17078902
497.1264867,62.92655553
497.2306624,59.95934159
497.3348381,61.97557762
497.4390138,59.44038609
497.5431895,61.12477159
497.6473652,61.96512396
497.7515409,56.60856721
497.8557166,61.87359071
497.9598924,62.14870453
498.0640681,61.47856717
498.1682438,61.22791761
498.2724195,62.2782437
498.3765952,59.40618727
498.4807709,59.81988154
498.5849466,60.03106433
498.6891223,58.75328004
498.793298,57.38952763
498.8974737,56.87024193
499.0016494,62.0275775
499.1058252,62.25554014
499.2100009,59.44991661
499.3141766,62.22520055
499.4183523,59.39969191
499.522528,61.23956924
499.6267037,58.59463484
499.7308794,59.91734304
499.8350551,59.46862605
499.9392308,59.99213488
500.0434065,58.74987313
500.1475823,61.13919981
500.251758,58.77796306
500.3559337,60.41349749
500.4601094,59.39975298
500.5642851,59.67258695
500.6684608,62.67433294
500.7726365,58.76072684
500.8768122,58.64650187
500.9809879,60.27844104
501.0851636,58.8592734
501.1893394,61.73524858
501.2935151,57.11141431
501.3976908,61.80860987
501.5018665,62.42836128
501.6060422,58.82171305
501.7102179,56.86282964
501.8143936,61.03710611
501.9185693,60.92532031
502.022745,59.15976113
502.1269207,61.01808726
502.2310964,59.46766023
502.3352722,57.93719752
502.4394479,58.71323418
502.5436236,60.29170554
502.6477993,60.20544845
502.751975,60.04083421
502.8561507,58.36113441
502.9603264,61.4623187
503.0645021,60.56480915
503.1686778,58.08974982
503.2728535,58.11254563
503.3770293,60.567613
503.481205,62.03422069
503.5853807,60.43443824
503.6895564,61.36203573
503.7937321,59.05723957
503.8979078,59.94382774
504.0020835,60.90495744
504.1062592,59.64342547
504.2104349,59.47882193
504.3146106,58.80870128
504.4187864,58.20513967
504.5229621,58.53147789
504.6271378,60.3606798
504.7313135,57.6421154
504.8354892,59.44206316
504.9396649,60.60716135
505.0438406,59.07832468
505.1480163,60.1325514
505.252192,61.22089863
505.3563677,58.0733013
505.4605434,59.38715215
505.5647192,59.17567492
505.6688949,58.07164805
505.7730706,58.62871942
505.8772463,59.44053664
505.981422,57.37562199
506.0855977,59.25523567
506.1897734,59.31526705
506.2939491,59.44517896
506.3981248,58.52623516
506.5023005,60.65715452
506.6064763,61.0024099
506.710652,58.47987942
506.8148277,60.13437422
506.9190034,61.38487912
507.0231791,58.20559345
507.1273548,60.61849692
507.2315305,57.54680014
507.3357062,62.15978896
507.4398819,58.61315372
507.5440576,59.9751583
507.6482334,62.4037103
507.7524091,59.90727309
507.8565848,59.97436655
507.9607605,58.39400786
508.0649362,59.37288457
508.1691119,58.76083689
508.2732876,58.83846173
508.3774633,63.05897827
508.481639,61.2956711
508.5858147,60.70736025
508.6899905,60.1984894
508.7941662,62.39785391
508.8983419,61.7215989
509.0025176,61.71292562
509.1066933,62.14615074
509.210869,60.21382638
509.3150447,59.42104493
509.4192204,60.98393376
509.5233961,59.65519513
509.6275718,58.3998564
509.7317475,63.15230136
509.8359233,59.72733961
509.940099,61.35259419
510.0442747,61.27178214
510.1484504,60.54741973
510.2526261,60.38309389
510.3568018,59.53363472
510.4609775,60.43655653
510.5651532,58.86231764
510.6693289,61.30104024
510.7735046,61.35174994
510.8776804,62.6581826
510.9818561,60.21358161
511.0860318,57.64484236
511.1902075,58.96013027
511.2943832,59.04928655
511.3985589,62.86034359
511.5027346,62.80316231
511.6069103,60.04499349
511.711086,60.23958643
511.8152617,60.22605438
511.9194375,61.07398146
512.0236132,59.63841449
512.1277889,60.18942314
512.2319646,61.36901502
512.3361403,61.6788954
512.440316,63.26961847
512.5444917,60.59940783
512.6486674,61.5440468
512.7528431,61.1750599
512.8570188,60.85230613
512.9611945,61.46734935
513.0653703,61.27220479
513.169546,59.72617446
513.2737217,60.44134899
513.3778974,60.60723036
513.4820731,62.61912972
513.5862488,59.66766365
513.6904245,61.55637858
513.7946002,60.37990871
513.8987759,61.45299573
514.0029516,58.55304517
514.1071274,60.12559953
514.2113031,60.24872609
514.3154788,61.13274683
514.4196545,60.00764637
514.5238302,58.85597312
514.6280059,61.89362885
514.7321816,61.76500794
514.8363573,60.67239763
514.940533,60.95531723
515.0447087,62.49740935
515.1488845,61.03202282
515.2530602,61.1654788
515.3572359,62.90567715
515.4614116,61.42734789
515.5655873,58.03582071
515.669763,63.92275598
515.7739387,60.14752093
515.8781144,60.3491618
515.9822901,61.04394568
516.0864658,59.05841273
516.1906415,59.82993017
516.2948173,61.39764783
516.398993,59.06492045
516.5031687,59.9905469
516.6073444,61.2913372
516.7115201,62.68567152
516.8156958,62.23500727
516.9198715,64.2096327
517.0240472,63.61631842
517.1282229,59.72186855
517.2323986,60.87412731
517.3365744,61.91605903
517.4407501,59.50702815
517.5449258,61.25047265
517.6491015,60.55208306
517.7532772,60.30250926
517.8574529,59.45499351
517.9616286,59.82359847
518.0658043,59.82843989
518.16998,61.94727706
518.2741557,58.88003696
518.3783315,57.02330077
518.4825072,58.86769544
518.5866829,58.9502075
518.6908586,57.98271568
518.7950343,56.64618826
518.89921,60.09606815
519.0033857,57.81985856
519.1075614,59.40324902
519.2117371,57.49112608
519.3159128,59.09829012
519.4200885,59.46763879
519.5242643,59.8139948
519.62844,60.93662445
519.7326157,58.46161479
519.8367914,57.41081523
519.9409671,58.05358267
520.0451428,57.53064429
520.1493185,56.63898518
520.2534942,55
520.3576699,60.30927549
520.4618456,57.84323905
520.5660214,58.18325243
520.6701971,57.63393097
520.7743728,57.15575824
520.8785485,56.81992633
520.9827242,57.47044354
521.0868999,56.93216699
521.1910756,58.08007248
521.2952513,58.2275032
521.399427,55
521.5036027,55
521.6077785,56.94522025
521.7119542,55.91568101
521.8161299,57.31661577
521.9203056,57.14500131
522.0244813,57.86156792
522.128657,57.99539279
522.2328327,57.39090401
522.3370084,57.75517223
522.4411841,57.7327677
522.5453598,55
522.6495355,59.84866852
522.7537113,55
522.857887,59.73224152
522.9620627,57.75281489
523.0662384,59.62028838
523.1704141,57.03584058
523.2745898,58.22528189
523.3787655,58.01605356
523.4829412,57.94583959
523.5871169,56.54699603
523.6912926,58.58261905
523.7954684,59.30930829
523.8996441,57.14695572
524.0038198,57.86619649
524.1079955,62.13349962
524.2121712,57.60578567
524.3163469,60.55446471
524.4205226,56.64124445
524.5246983,59.94480745
524.628874,58.71170806
524.7330497,59.12148424
524.8372255,58.91471815
524.9414012,59.23144636
525.0455769,59.21608879
525.1497526,57.62402048
525.2539283,60.63093822
525.358104,63.34837132
525.4622797,60.19512444
525.5664554,60.22360953
525.6706311,60.76411484
525.7748068,63.90296645
525.8789826,60.7863431
525.9831583,63.63566081
526.087334,62.58912362
526.1915097,63.75010589
526.2956854,64.16255886
526.3998611,64.07882877
526.5040368,66.77837146
526.6082125,65.36815156
526.7123882,62.52476988
526.8165639,66.61535916
526.9207396,65.02948344
527.0249154,64.30602713
527.1290911,63.65268787
527.2332668,66.37640793
527.3374425,63.94431982
527.4416182,67.0261166
527.5457939,63.29202211
527.6499696,67.52877139
527.7541453,65.22096252
527.858321,67.88437315
527.9624967,67.90957542
528.0666725,65.87714173
528.1708482,66.23472904
528.2750239,67.68924644
528.3791996,66.10590651
528.4833753,63.35652752
528.587551,61.70308333
528.6917267,64.04205356
528.7959024,68.72406277
528.9000781,63.83869861
529.0042538,63.617604
529.1084296,62.78991563
529.2126053,63.90680459
529.316781,65.33086125
529.4209567,66.56306872
529.5251324,62.37172327
529.6293081,64.07725661
529.7334838,63.57085837
529.8376595,63.14710812
529.9418352,65.7596481
530.0460109,63.73660713
530.1501866,63.93588763
530.2543624,64.51902856
530.3585381,61.61693843
530.4627138,62.39412652
530.5668895,64.15249103
530.6710652,61.35769882
530.7752409,62.95816643
530.8794166,64.18128989
530.9835923,59.78292938
531.087768,58.69597136
531.1919437,57.40839051
531.2961195,59.1188486
531.4002952,59.48838252
531.5044709,58.12306198
531.6086466,60.09538789
531.7128223,63.53793106
531.816998,57.3262868
531.9211737,58.57654478
532.0253494,58.20829805
532.1295251,57.98228758
532.2337008,59.02646721
532.3378766,56.45099826
532.4420523,57.56465912
532.546228,58.81611154
532.6504037,61.13893306
532.7545794,59.32178206
532.8587551,58.4665757
532.9629308,59.94237484
533.0671065,55.74265203
533.1712822,60.53569099
533.2754579,56.80845762
533.3796336,57.36226526
533.4838094,59.05712295
533.5879851,59.21902352
533.6921608,58.86561685
533.7963365,60.80678347
533.9005122,59.70027505
534.0046879,58.38379412
534.1088636,61.35475418
534.2130393,58.13124602
534.317215,59.40504923
534.4213907,64.06333087
534.5255665,61.67771634
534.6297422,57.32243518
534.7339179,60.82757255
534.8380936,61.71844092
534.9422693,58.01859205
535.046445,56.84417742
535.1506207,62.12673234
535.2547964,59.95530254
535.3589721,58.9111089
535.4631478,57.14084969
535.5673236,58.59979952
535.6714993,59.41308965
535.775675,57.56839476
535.8798507,57.82467702
535.9840264,58.40213037
536.0882021,57.3933311
536.1923778,58.92855715
536.2965535,58.40051432
536.4007292,58.65914197
536.5049049,59.52075095
536.6090806,60.80367987
536.7132564,56.11562868
536.8174321,59.0120349
536.9216078,58.71870717
537.0257835,58.5474771
537.1299592,58.01299197
537.2341349,57.41788991
537.3383106,57.66443221
537.4424863,56.28849486
537.546662,56.8120192
537.6508377,57.46752028
537.7550135,57.56883777
537.8591892,57.06308285
537.9633649,57.46624437
538.0675406,55.37137172
538.1717163,59.10253781
538.275892,61.53823656
538.3800677,57.53123912
538.4842434,56.3575969
538.5884191,59.63459626
538.6925948,56.17970539
538.7967706,57.91520743
538.9009463,57.13321496
539.005122,58.06501346
539.1092977,58.85979089
539.2134734,58.08651296
539.3176491,61.62155328
539.4218248,58.84088592
539.5260005,62.22860799
539.6301762,56.17604574
539.7343519,59.57898364
539.8385276,60.14096175
539.9427034,59.55036245
540.0468791,59.91224369
540.1510548,59.45027688
540.2552305,58.43208883
540.3594062,57.68403749
540.4635819,59.03079994
540.5677576,58.59185367
540.6719333,59.47365284
540.776109,60.77778288
540.8802847,60.98997242
540.9844605,56.61960721
541.0886362,59.22765327
541.1928119,59.70067103
541.2969876,60.2833768
541.4011633,60.34421976
541.505339,59.27509671
541.6095147,60.59005556
541.7136904,60.6695656
541.8178661,57.65884861
541.9220418,58.57180541
542.0262176,59.48614975
542.1303933,58.5423803
542.234569,60.73324812
542.3387447,59.5975587
542.4429204,60.6886482
542.5470961,59.28561065
542.6512718,59.5718087
542.7554475,61.11506954
542.8596232,61.48639386
542.9637989,57.37288113
543.0679747,58.6355934
543.1721504,59.39692005
543.2763261,60.75814228
543.3805018,58.70260777
543.4846775,59.08723856
543.5888532,60.5330285
543.6930289,62.94813004
543.7972046,62.7683192
543.9013803,62.63532819
544.005556,62.59512845
544.1097317,61.89809065
544.2139075,61.95269916
544.3180832,63.97892055
544.4222589,65.12185232
544.5264346,62.96953933
544.6306103,63.26034867
544.734786,65.98756775
544.8389617,66.07060165
544.9431374,64.85130245
545.0473131,63.56733268
545.1514888,65.9202039
545.2556646,65.96415579
545.3598403,63.62278977
545.464016,66.63705285
545.5681917,64.73234766
545.6723674,66.96360667
545.7765431,66.22695743
545.8807188,67.8144647
545.9848945,68.89949349
546.0890702,67.45131118
546.1932459,66.51322623
546.2974217,67.75041886
546.4015974,64.60012697
546.5057731,67.14964579
546.6099488,67.52263311
546.7141245,64.48258189
546.8183002,67.86817402
546.9224759,65.32590406
547.0266516,65.48633111
547.1308273,67.46170223
547.235003,64.42515187
547.3391787,61.61932205
547.4433545,67.00842377
547.5475302,66.27493939
547.6517059,63.6597169
547.7558816,67.31152073
547.8600573,68.65593836
547.964233,64.72693573
548.0684087,66.32580161
548.1725844,66.29104669
548.2767601,64.99345415
548.3809358,64.00771888
548.4851116,62.95793675
548.5892873,63.04160435
548.693463,64.29934728
548.7976387,66.28503157
548.9018144,64.3708051
549.0059901,65.79107215
549.1101658,66.96146784
549.2143415,63.04042819
549.3185172,66.37054436
549.4226929,63.58712036
549.5268687,65.63226204
549.6310444,64.32348914
549.7352201,61.64356308
549.8393958,64.51303156
549.9435715,63.05907174
550.0477472,61.33467983
550.1519229,61.32566973
550.2560986,60.10255523
550.3602743,63.14199181
550.46445,61.97159608
550.5686257,61.82817729
550.6728015,63.79860141
550.7769772,61.42326329
550.8811529,62.76141155
550.9853286,61.89933329
551.0895043,61.18559184
551.19368,61.35020631
551.2978557,59.62676798
551.4020314,62.32658315
551.5062071,60.93549306
551.6103828,61.80026583
551.7145586,59.13343398
551.8187343,58.90762098
551.92291,61.45727106
552.0270857,63.03513394
552.1312614,62.05536611
552.2354371,60.23437182
552.3396128,59.38039298
552.4437885,58.5425024
552.5479642,61.3036914
552.6521399,61.54203823
552.7563157,61.68548935
552.8604914,58.91144343
552.9646671,57.63165739
553.0688428,60.52066877
553.1730185,60.02239294
553.2771942,61.05039862
553.3813699,60.55560971
553.4855456,60.54245638
553.5897213,57.84074176
553.693897,59.05508037
553.7980727,60.82348447
553.9022485,60.03539058
554.0064242,59.58588343
554.1105999,61.53010694
554.2147756,59.3206549
554.3189513,58.8440744
554.423127,59.4752969
554.5273027,60.31843907
554.6314784,58.21853203
554.7356541,57.88000416
554.8398298,58.69128034
554.9440056,59.70936098
555.0481813,62.08267178
555.152357,59.20020417
555.2565327,57.82170314
555.3607084,58.49029709
555.4648841,62.52400198
555.5690598,59.44383799
555.6732355,59.11866649
555.7774112,60.38117554
555.8815869,59.62766067
555.9857627,58.67487904
556.0899384,59.99367616
556.1941141,61.07511984
556.2982898,58.3167323
556.4024655,57.70694949
556.5066412,57.76535917
556.6108169,59.20091191
556.7149926,59.02598647
556.8191683,64.76672888
556.923344,58.42930181
557.0275197,59.14421018
557.1316955,58.61378262
557.2358712,60.0831824
557.3400469,62.16999117
557.4442226,60.37708578
557.5483983,59.6534412
557.652574,62.30742628
557.7567497,59.3028962
557.8609254,61.33766749
557.9651011,57.97305037
558.0692768,62.82928816
558.1734526,58.05192732
558.2776283,63.6389875
558.381804,59.43744464
558.4859797,60.19824612
558.5901554,60.77461521
558.6943311,60.1569939
558.7985068,57.19970327
558.9026825,61.13492714
559.0068582,60.88546089
559.1110339,59.64159934
559.2152097,57.551799
559.3193854,59.76066844
559.4235611,60.61450824
559.5277368,59.93216031
559.6319125,62.09680673
559.7360882,59.98174127
559.8402639,63.14057788
559.9444396,59.41517988
560.0486153,59.39265782
560.152791,57.40959749
560.2569668,58.98706181
560.3611425,59.68957856
560.4653182,58.83825464
560.5694939,59.12034753
560.6736696,57.88109226
560.7778453,60.67058763
560.882021,59.33552757
560.9861967,58.09390725
561.0903724,59.46139323
561.1945481,58.38302877
561.2987238,59.08825495
561.4028996,59.71930782
561.5070753,59.47168103
561.611251,58.01301163
561.7154267,58.1717517
561.8196024,59.01414201
561.9237781,58.69011047
562.0279538,58.23571285
562.1321295,60.67409867
562.2363052,58.97883892
562.3404809,59.69471866
562.4446567,61.58052986
562.5488324,58.76638197
562.6530081,59.27431834
562.7571838,60.05387831
562.8613595,57.61775893
562.9655352,59.94933819
563.0697109,59.95691459
563.1738866,55.73494484
563.2780623,60.79745394
563.382238,59.4158537
563.4864138,61.00886193
563.5905895,61.30777873
563.6947652,60.79177278
563.7989409,58.41998467
563.9031166,59.01400858
564.0072923,62.71889992
564.111468,58.04764267
564.2156437,61.39764282
564.3198194,57.74260675
564.4239951,60.17245704
564.5281708,61.44566137
564.6323466,61.80971312
564.7365223,62.14756621
564.840698,59.34712877
564.9448737,58.869609
565.0490494,58.94352229
565.1532251,61.93322762
565.2574008,60.37035032
565.3615765,60.49169073
565.4657522,60.54856819
565.5699279,60.21159516
565.6741037,60.93415456
565.7782794,60.36912417
565.8824551,59.56787312
565.9866308,61.11535717
566.0908065,60.03500799
566.1949822,60.06650634
566.2991579,61.10521158
566.4033336,63.57613343
566.5075093,62.1184577
566.611685,59.95989411
566.7158608,59.4466309
566.8200365,62.89753119
566.9242122,59.7608823
567.0283879,61.75649244
567.1325636,60.81781152
567.2367393,57.22968931
567.340915,60.94233933
567.4450907,57.90208992
567.5492664,61.83588317
567.6534421,59.57587526
567.7576178,58.23156995
567.8617936,59.52979658
567.9659693,58.22512221
568.070145,60.08951101
568.1743207,59.09346086
568.2784964,60.44982967
568.3826721,61.18369771
568.4868478,60.13319306
568.5910235,58.72534745
568.6951992,58.99838138
568.7993749,63.22497315
568.9035507,58.43690176
569.0077264,61.01543572
569.1119021,58.77236092
569.2160778,57.29048233
569.3202535,57.49244934
569.4244292,55.93393759
569.5286049,58.31631784
569.6327806,59.57523054
569.7369563,60.20865113
569.841132,58.21171201
569.9453078,58.54286963
570.0494835,59.17527093
570.1536592,61.35110084
570.2578349,59.89080068
570.3620106,56.31487272
570.4661863,59.9105251
570.570362,59.07520221
570.6745377,59.27015316
570.7787134,58.60025767
570.8828891,58.71954805
570.9870648,58.11071458
571.0912406,59.54268987
571.1954163,59.63296842
571.299592,60.49122788
571.4037677,59.57439355
571.5079434,60.51857549
571.6121191,59.71628169
571.7162948,59.2571935
571.8204705,57.33310909
571.9246462,59.3936687
572.0288219,57.94241098
572.1329977,60.12961978
572.2371734,61.11084009
572.3413491,56.5621434
572.4455248,61.36779456
572.5497005,59.08452037
572.6538762,58.34776599
572.7580519,60.63917132
572.8622276,60.09183631
572.9664033,59.14097957
573.070579,59.8150347
573.1747548,60.67346477
573.2789305,58.66067071
573.3831062,56.07170545
573.4872819,58.26884126
573.5914576,57.32313074
573.6956333,55.95983536
573.799809,57.16576019
573.9039847,57.87580438
574.0081604,58.45307594
574.1123361,59.09552576
574.2165118,55.88967076
574.3206876,59.77785589
574.4248633,55
574.529039,59.49567152
574.6332147,57.78421407
574.7373904,56.59586413
574.8415661,56.46877385
574.9457418,55.61546935
575.0499175,56.66156593
575.1540932,55
575.2582689,56.66244956
575.3624447,57.18619054
575.4666204,55.1347175
575.5707961,56.24975207
575.6749718,55.83646411
575.7791475,55
575.8833232,58.20826412
575.9874989,56.34663818
576.0916746,57.80149133
576.1958503,55.6771996
576.300026,55
576.4042018,56.47606074
576.5083775,57.8967115
576.6125532,56.1516615
576.7167289,56.94899289
576.8209046,58.28008387
576.9250803,58.14860338
577.029256,58.34174514
577.1334317,55
577.2376074,55.73079406
577.3417831,55
577.4459589,56.25159369
577.5501346,56.68423942
577.6543103,57.59339316
577.758486,55.91175781
577.8626617,55
577.9668374,56.25077355
578.0710131,55.66772836
578.1751888,55
578.2793645,55.85468703
578.3835402,55.82802533
578.4877159,57.84319589
578.5918917,60.05116145
578.6960674,56.11501842
578.8002431,57.41411351
578.9044188,55
579.0085945,55
579.1127702,55.75207333
579.2169459,58.03667929
579.3211216,56.99807151
579.4252973,55
579.529473,55
579.6336488,55.40355546
579.7378245,56.67900346
579.8420002,57.0084772
579.9461759,56.43492202
580.0503516,56.55640751
580.1545273,56.12464671
580.258703,56.70527971
580.3628787,59.49069098
580.4670544,55
580.5712301,58.20419258
580.6754059,60.0043063
580.7795816,58.05850659
580.8837573,58.63437364
580.987933,57.85004604
581.0921087,60.04795013
581.1962844,56.07552963
581.3004601,57.17374373
581.4046358,55.50481394
581.5088115,58.69568494
581.6129872,60.23221502
581.7171629,57.55668147
581.8213387,57.00063152
581.9255144,56.06755404
582.0296901,58.76959385
582.1338658,58.88675081
582.2380415,60.07918288
582.3422172,58.73226892
582.4463929,56.21217999
582.5505686,57.72848771
582.6547443,60.08297168
582.75892,56.63879799
582.8630958,55
582.9672715,58.46209509
583.0714472,55.32033341
583.1756229,55
583.2797986,55.96155419
583.3839743,59.77487489
583.48815,57.60513211
583.5923257,57.44120388
583.6965014,56.62271589
583.8006771,56.72150622
583.9048529,58.25959037
584.0090286,55.69755265
584.1132043,58.46057518
584.21738,59.97979268
584.3215557,56.95944825
584.4257314,58.26590616
584.5299071,56.20034348
584.6340828,56.06046615
584.7382585,57.67173357
584.8424342,55
584.9466099,56.63928569
585.0507857,59.89564998
585.1549614,55.68702872
585.2591371,55
585.3633128,57.09091755
585.4674885,58.27295001
585.5716642,59.91304394
585.6758399,59.37094944
585.7800156,56.5445915
585.8841913,56.674895
585.988367,56.66072787
586.0925428,56.30315178
586.1967185,57.74932688
586.3008942,55
586.4050699,56.59863999
586.5092456,55.58715768
586.6134213,57.45381935
586.717597,56.34974041
586.8217727,58.82177702
586.9259484,58.40254056
587.0301241,56.41437404
587.1342999,55.49712161
587.2384756,56.66898601
587.3426513,56.73853802
587.446827,56.08949593
587.5510027,55
587.6551784,56.37161602
587.7593541,56.94807295
587.8635298,56.04932067
587.9677055,58.98502145
588.0718812,57.65152413
588.1760569,56.04777579
588.2802327,56.63090596
588.3844084,57.12504814
588.4885841,58.95754007
588.5927598,55.75442047
588.6969355,55
588.8011112,57.15514641
588.9052869,55
589.0094626,55
589.1136383,57.17522378
589.217814,56.81840235
589.3219898,58.67613752
589.4261655,55.85957109
589.5303412,59.09057353
589.6345169,59.68223993
589.7386926,57.85718682
589.8428683,57.96310661
589.947044,60.41912568
590.0512197,57.62343987
590.1553954,57.51406315
590.2595711,58.78565583
590.3637469,60.15829126
590.4679226,59.27809748
590.5720983,59.69808374
590.676274,59.03722937
590.7804497,58.70771379
590.8846254,57.2062827
590.9888011,56.88630107
591.0929768,55.53607132
591.1971525,55
591.3013282,55.00736811
591.4055039,58.23376695
591.5096797,58.47563279
591.6138554,60.00351908
591.7180311,59.46737948
591.8222068,58.6911533
591.9263825,58.71468625
592.0305582,58.53178002
592.1347339,55.79804651
592.2389096,60.3306839
592.3430853,60.01162612
592.447261,58.5441231
592.5514368,56.05935199
592.6556125,56.48561817
592.7597882,55.24293226
592.8639639,57.20123987
592.9681396,55.54011551
593.0723153,59.98666472
593.176491,56.52296816
593.2806667,59.34662647
593.3848424,57.25729793
593.4890181,56.8705581
593.5931939,56.45896022
593.6973696,58.41219157
593.8015453,56.66791713
593.905721,57.66009985
594.0098967,58.33289648
594.1140724,57.79635422
594.2182481,56.49050836
594.3224238,57.58308174
594.4265995,57.66915938
594.5307752,57.36341122
594.634951,57.09786643
594.7391267,57.23837411
594.8433024,58.31341968
594.9474781,56.4057581
595.0516538,59.72562692
595.1558295,58.66449437
595.2600052,57.6508824
595.3641809,56.93484009
595.4683566,57.819869
595.5725323,55.85326893
595.676708,57.31133961
595.7808838,58.05201064
595.8850595,58.35711586
595.9892352,56.58453921
596.0934109,60.15521928
596.1975866,59.76788649
596.3017623,58.30647621
596.405938,56.48253236
596.5101137,59.90032279
596.6142894,59.13722083
596.7184651,58.31460648
596.8226409,56.71939794
596.9268166,59.62944248
597.0309923,58.94343803
597.135168,58.09187432
597.2393437,58.61365118
597.3435194,57.23880269
597.4476951,59.50168566
597.5518708,57.50090705
597.6560465,56.00834826
597.7602222,57.34051284
597.864398,57.17348097
597.9685737,61.3206034
598.0727494,59.46623198
598.1769251,57.92374269
598.2811008,58.4327277
598.3852765,55
598.4894522,59.32679873
598.5936279,56.76788832
598.6978036,58.93287981
598.8019793,58.63554571
598.906155,59.8884264
599.0103308,58.82207276
599.1145065,61.38106593
599.2186822,59.29417846
599.3228579,61.2352096
599.4270336,63.62963295
599.5312093,60.92333562
599.635385,62.8677601
599.7395607,61.58616876
599.8437364,60.05524135
599.9479121,60.67029724
600.0520879,57.96243996
600.1562636,60.95788702
600.2604393,59.25514739
600.364615,59.40942304
600.4687907,60.95681396
600.5729664,59.29522466
600.6771421,60.49336277
600.7813178,60.78118955
600.8854935,61.34970249
600.9896692,60.19383535
601.093845,59.81649723
601.1980207,58.97559253
601.3021964,60.906058
601.4063721,61.17384602
601.5105478,59.79203978
601.6147235,61.35799372
601.7188992,61.56107427
601.8230749,61.21737036
601.9272506,60.56385946
602.0314263,60.46232427
602.135602,61.36806346
602.2397778,62.45351234
602.3439535,61.52187413
602.4481292,60.64082917
602.5523049,59.6033771
602.6564806,60.0511997
602.7606563,59.54225765
602.864832,59.19045988
602.9690077,62.69544958
603.0731834,63.62398525
603.1773591,63.03415993
603.2815349,60.53691956
603.3857106,62.78284172
603.4898863,62.90078432
603.594062,60.44544488
603.6982377,60.04056632
603.8024134,59.22769246
603.9065891,58.54928859
604.0107648,58.95544794
604.1149405,60.6782604
604.2191162,60.64361111
604.323292,55.13277596
604.4274677,57.74098927
604.5316434,58.64963295
604.6358191,59.89392413
604.7399948,58.15280028
604.8441705,56.91766511
604.9483462,58.82584932
605.0525219,58.30585174
605.1566976,55
605.2608733,56.38963784
605.365049,56.36118855
605.4692248,55.40935876
605.5734005,57.49962201
605.6775762,56.96158094
605.7817519,58.37310686
605.8859276,55.9980328
605.9901033,57.25898484
606.094279,57.07236215
606.1984547,59.37938589
606.3026304,59.77561901
606.4068061,55.65442964
606.5109819,57.43786673
606.6151576,61.24383937
606.7193333,60.59482027
606.823509,56.34949128
606.9276847,58.20038262
607.0318604,59.67470148
607.1360361,60.35993747
607.2402118,59.7786286
607.3443875,58.58722546
607.4485632,59.3393362
607.552739,62.13467447
607.6569147,56.00380991
607.7610904,61.63392906
607.8652661,63.44551434
607.9694418,61.27818372
608.0736175,60.31344139
608.1777932,62.8893167
608.2819689,61.64139682
608.3861446,60.32266683
608.4903203,63.14627254
608.5944961,60.94745245
608.6986718,61.98906334
608.8028475,61.0639225
608.9070232,61.65572716
609.0111989,66.06310986
609.1153746,64.32848343
609.2195503,66.82626221
609.323726,59.38067539
609.4279017,64.21925266
609.5320774,65.36425693
609.6362531,63.29395755
609.7404289,64.46764064
609.8446046,69.16365191
609.9487803,65.03107248
610.052956,65.19645081
610.1571317,66.71173464
610.2613074,65.36489764
610.3654831,66.24877095
610.4696588,64.98232985
610.5738345,65.88463386
610.6780102,64.89465538
610.782186,66.32480668
610.8863617,66.86919966
610.9905374,65.45350552
611.0947131,66.31125751
611.1988888,67.0086365
611.3030645,67.44259845
611.4072402,66.06649213
611.5114159,65.91266146
611.6155916,68.07642658
611.7197673,67.54783114
611.8239431,66.23363943
611.9281188,66.03972399
612.0322945,65.45978925
612.1364702,66.64990015
612.2406459,61.72303551
612.3448216,65.13119007
612.4489973,67.81790182
612.553173,67.627917
612.6573487,68.59216207
612.7615244,67.42672197
612.8657001,64.81205086
612.9698759,66.0409556
613.0740516,65.52491042
613.1782273,64.9290468
613.282403,67.30375267
613.3865787,68.20119662
613.4907544,63.89718779
613.5949301,67.13094586
613.6991058,68.37899237
613.8032815,65.54176032
613.9074572,67.6679745
614.011633,66.75233363
614.1158087,65.209833
614.2199844,65.77422353
614.3241601,69.28382477
614.4283358,68.25818923
614.5325115,67.66082148
614.6366872,68.77647565
614.7408629,66.56973547
614.8450386,71.52410994
614.9492143,68.79657492
615.0533901,68.80361707
615.1575658,67.25977446
615.2617415,68.13139027
615.3659172,70.44973619
615.4700929,71.63750413
615.5742686,67.48524779
615.6784443,68.73776949
615.78262,68.65943733
615.8867957,66.69766811
615.9909714,69.64613124
616.0951471,67.73959611
616.1993229,68.06837883
616.3034986,69.21458104
616.4076743,66.93342929
616.51185,69.47115798
616.6160257,71.46508609
616.7202014,69.60784794
616.8243771,64.28684079
616.9285528,69.31042432
617.0327285,68.03391645
617.1369042,68.51924385
617.24108,66.95290846
617.3452557,67.41671372
617.4494314,66.80958777
617.5536071,67.71894611
617.6577828,69.89624269
617.7619585,67.04373404
617.8661342,65.08215005
617.9703099,66.92760104
618.0744856,67.96848675
618.1786613,67.46350056
618.2828371,66.09242615
618.3870128,68.25356818
618.4911885,70.21419385
618.5953642,65.77878619
618.6995399,69.11060463
618.8037156,70.87223785
618.9078913,72.36783168
619.012067,71.66698312
619.1162427,70.47026782
619.2204184,66.99905887
619.3245941,71.45408921
619.4287699,66.68155673
619.5329456,71.35470472
619.6371213,71.15933305
619.741297,66.21708545
619.8454727,69.14862017
619.9496484,64.47736036
620.0538241,69.29461408
620.1579998,68.57490727
620.2621755,68.64047786
620.3663512,68.83105343
620.470527,65.84354664
620.5747027,64.4781667
620.6788784,67.45384808
620.7830541,67.56539538
620.8872298,70.43081337
620.9914055,70.34808567
621.0955812,67.21172165
621.1997569,67.75167426
621.3039326,70.62327906
621.4081083,70.19314775
621.5122841,64.6456362
621.6164598,69.52402248
621.7206355,70.67481747
621.8248112,69.56399987
621.9289869,69.33533512
622.0331626,68.04322483
622.1373383,69.68149873
622.241514,70.6964046
622.3456897,68.84510957
622.4498654,69.10508956
622.5540411,66.0184977
622.6582169,67.42350369
622.7623926,67.33039103
622.8665683,69.02964331
622.970744,69.37054917
623.0749197,69.06864299
623.1790954,65.14432824
623.2832711,70.79483163
623.3874468,67.27254085
623.4916225,66.151851
623.5957982,68.0397048
623.699974,69.60128522
623.8041497,63.66799065
623.9083254,66.17736342
624.0125011,68.05639301
624.1166768,68.46248292
624.2208525,68.90093218
624.3250282,69.91619701
624.4292039,66.15518105
624.5333796,68.69338335
624.6375553,68.01213514
624.7417311,69.97800899
624.8459068,70.05280946
624.9500825,67.23786971
625.0542582,67.24052398
625.1584339,68.50135995
625.2626096,67.57345806
625.3667853,67.18582636
625.470961,69.63442641
625.5751367,65.87181628
625.6793124,68.39512961
625.7834882,66.96743194
625.8876639,69.38157093
625.9918396,65.84533911
626.0960153,67.94224446
626.200191,66.88120151
626.3043667,68.40079602
626.4085424,67.71975049
626.5127181,66.90768041
626.6168938,66.83960004
626.7210695,67.95011294
626.8252452,66.53416671
626.929421,69.17101739
627.0335967,68.51194685
627.1377724,66.52274669
627.2419481,67.78993994
627.3461238,69.25530243
627.4502995,67.66336604
627.5544752,68.79345473
627.6586509,70.45447588
627.7628266,71.40908279
627.8670023,66.89407909
627.9711781,66.72989813
628.0753538,68.9455726
628.1795295,67.53068119
628.2837052,68.87423345
628.3878809,67.77019001
628.4920566,66.55262593
628.5962323,67.79263422
628.700408,66.85941582
628.8045837,66.41478076
628.9087594,66.7917055
629.0129352,68.14674318
629.1171109,68.92818404
629.2212866,66.77194845
629.3254623,66.36389082
629.429638,67.535623
629.5338137,66.41468771
629.6379894,69.99427875
629.7421651,65.81492635
629.8463408,68.13695249
629.9505165,72.44825429
630.0546922,70.62430143
630.158868,66.52974187
630.2630437,69.24667439
630.3672194,66.6788269
630.4713951,66.13755109
630.5755708,67.64196621
630.6797465,65.70030052
630.7839222,67.57510797
630.8880979,65.32136272
630.9922736,67.78275182
631.0964493,67.98655822
631.2006251,70.83936312
631.3048008,69.03879026
631.4089765,69.67962613
631.5131522,67.61851138
631.6173279,66.10846112
631.7215036,68.21501122
631.8256793,68.16485182
631.929855,67.16301785
632.0340307,66.18330964
632.1382064,62.4483902
632.2423822,67.99764726
632.3465579,64.48436332
632.4507336,67.06750759
632.5549093,68.69459076
632.659085,65.678647
632.7632607,66.46507848
632.8674364,67.22651003
632.9716121,69.79327407
633.0757878,66.17073153
633.1799635,69.83188424
633.2841392,68.28494892
633.388315,69.15349407
633.4924907,70.36835923
633.5966664,68.21289788
633.7008421,71.15097265
633.8050178,66.28755649
633.9091935,68.64323126
634.0133692,70.82222975
634.1175449,65.80598226
634.2217206,66.55484605
634.3258963,68.0485718
634.4300721,66.59168896
634.5342478,69.48175734
634.6384235,67.31321549
634.7425992,70.55973905
634.8467749,69.42673961
634.9509506,69.6979404
635.0551263,67.67741178
635.159302,67.44871712
635.2634777,67.53743903
635.3676534,66.90427374
635.4718292,68.25343563
635.5760049,69.78112351
635.6801806,68.37144078
635.7843563,69.136742
635.888532,68.546965
635.9927077,70.83557311
636.0968834,66.28950305
636.2010591,70.00306477
636.3052348,67.54936421
636.4094105,68.77347807
636.5135862,68.76302232
636.617762,67.51902258
636.7219377,66.15799347
636.8261134,67.39238178
636.9302891,68.8670068
637.0344648,67.69198327
637.1386405,69.37781397
637.2428162,68.30189133
637.3469919,66.94035774
637.4511676,67.98828436
637.5553433,65.5977744
637.6595191,69.63223691
637.7636948,68.90497672
637.8678705,65.64603912
637.9720462,67.40646891
638.0762219,64.59261754
638.1803976,68.86089474
638.2845733,65.49631637
638.388749,65.15509093
638.4929247,71.32054476
638.5971004,69.38152034
638.7012762,64.16280739
638.8054519,67.41103778
638.9096276,66.52094932
639.0138033,70.50026372
639.117979,68.16003419
639.2221547,69.6166816
639.3263304,68.4871348
639.4305061,67.78952858
639.5346818,68.66220924
639.6388575,68.07038343
639.7430332,68.9342151
639.847209,67.90791087
639.9513847,64.9834756
640.0555604,67.74289309
640.1597361,66.62105748
640.2639118,68.86650456
640.3680875,68.60340025
640.4722632,66.60059597
640.5764389,66.97760389
640.6806146,67.76060254
640.7847903,70.75961772
640.8889661,67.03561537
640.9931418,67.57587197
641.0973175,69.15132399
641.2014932,65.51270816
641.3056689,65.29494628
641.4098446,68.83607886
641.5140203,70.6731985
641.618196,67.36950852
641.7223717,68.03599308
641.8265474,67.41897237
641.9307232,68.95128618
642.0348989,71.03428329
642.1390746,67.72842763
642.2432503,64.8093229
642.347426,66.58002073
642.4516017,69.25852833
642.5557774,69.21423237
642.6599531,66.95144109
642.7641288,66.16994196
642.8683045,68.2960927
642.9724803,67.0234964
643.076656,67.74814601
643.1808317,68.51667691
643.2850074,66.41505362
643.3891831,68.69119286
643.4933588,65.88158642
643.5975345,66.6456185
643.7017102,66.95388083
643.8058859,68.90267227
643.9100616,67.99891938
644.0142373,67.02716982
644.1184131,66.31814326
644.2225888,66.2118109
644.3267645,66.10198173
644.4309402,66.50270195
644.5351159,69.30474735
644.6392916,67.7721411
644.7434673,65.73280841
644.847643,67.37534746
644.9518187,67.35000584
645.0559944,67.06202898
645.1601702,63.50496562
645.2643459,65.55154711
645.3685216,69.23327461
645.4726973,66.01191583
645.576873,67.38618385
645.6810487,66.88303136
645.7852244,69.36107299
645.8894001,68.9572331
645.9935758,69.55062233
646.0977515,68.45323893
646.2019273,66.41848283
646.306103,72.70665488
646.4102787,67.45637138
646.5144544,68.51490879
646.6186301,66.88908801
646.7228058,71.75437581
646.8269815,69.25061847
646.9311572,68.72832041
647.0353329,66.69527335
647.1395086,67.04106911
647.2436843,66.88801266
647.3478601,69.79459353
647.4520358,71.0396295
647.5562115,70.55619928
647.6603872,69.52893512
647.7645629,70.17738224
647.8687386,68.6797871
647.9729143,67.41575964
648.07709,69.31659938
648.1812657,67.13565441
648.2854414,68.05500585
648.3896172,69.56706549
648.4937929,69.1116779
648.5979686,69.71751323
648.7021443,68.53512614
648.80632,65.85087911
648.9104957,67.04411272
649.0146714,67.60277603
649.1188471,65.29914176
649.2230228,66.74543381
649.3271985,66.98119813
649.4313743,69.80627522
649.53555,66.09160419
649.6397257,67.71926455
649.7439014,66.51446838
649.8480771,68.77534704
649.9522528,63.96973838
650.0564285,67.66730686
650.1606042,68.3520381
650.2647799,66.04206083
650.3689556,67.09847573
650.4731313,70.18208516
650.5773071,66.8652285
650.6814828,68.17736123
650.7856585,68.16486924
650.8898342,68.25870166
650.9940099,68.50072511
651.0981856,66.0616145
651.2023613,65.51164935
651.306537,66.79942021
651.4107127,66.34334824
651.5148884,67.88294352
651.6190642,69.19198231
651.7232399,67.91407175
651.8274156,68.38884462
651.9315913,66.72162997
652.035767,66.50331791
652.1399427,65.53665641
652.2441184,69.27376533
652.3482941,69.06895322
652.4524698,67.65765491
652.5566455,67.27365535
652.6608213,70.63031125
652.764997,69.0043317
652.8691727,66.7774213
652.9733484,64.95116444
653.0775241,66.90096102
653.1816998,69.53866488
653.2858755,65.79557645
653.3900512,65.73728523
653.4942269,66.57856992
653.5984026,65.57589021
653.7025783,66.67605404
653.8067541,69.26288263
653.9109298,69.20336771
654.0151055,68.45219521
654.1192812,66.44294986
654.2234569,68.33049509
654.3276326,69.65103834
654.4318083,69.66952522
654.535984,66.4521189
654.6401597,68.89647924
654.7443354,65.57960442
654.8485112,66.8533445
654.9526869,65.95153653
655.0568626,67.14711109
655.1610383,64.55992844
655.265214,70.08455158
655.3693897,70.69753674
655.4735654,68.67444832
655.5777411,68.70111488
655.6819168,67.1594885
655.7860925,66.64268514
655.8902683,67.21857002
655.994444,69.01203561
656.0986197,65.16302362
656.2027954,67.22538214
656.3069711,66.79665188
656.4111468,66.93330371
656.5153225,69.39166411
656.6194982,69.15514404
656.7236739,68.15626188
656.8278496,67.21233231
656.9320253,69.02084346
657.0362011,67.53829607
657.1403768,64.32137832
657.2445525,67.87764107
657.3487282,69.54101987
657.4529039,68.52496395
657.5570796,69.66707622
657.6612553,68.20162325
657.765431,65.82363695
657.8696067,67.42844741
657.9737824,66.8915736
658.0779582,68.38011732
658.1821339,65.36329236
658.2863096,67.12460648
658.3904853,67.82053102
658.494661,65.14123212
658.5988367,66.95719639
658.7030124,68.93385684
658.8071881,68.25557989
658.9113638,66.32265004
659.0155395,69.22825092
659.1197153,69.86668939
659.223891,69.046498
659.3280667,66.91674451
659.4322424,68.19765621
659.5364181,68.8389356
659.6405938,71.22992526
659.7447695,69.68382248
659.8489452,67.06217587
659.9531209,66.93444886
660.0572966,66.79310252
660.1614724,68.16711258
660.2656481,67.25419208
660.3698238,70.70112235
660.4739995,69.20454265
660.5781752,68.49362058
660.6823509,67.57875005
660.7865266,70.18890538
660.8907023,69.54226279
660.994878,68.53219982
661.0990537,72.33525811
661.2032294,67.66502798
661.3074052,66.36836682
661.4115809,63.58684336
661.5157566,65.13143019
661.6199323,70.61012954
661.724108,67.25809321
661.8282837,66.62516152
661.9324594,69.54018318
662.0366351,67.97391917
662.1408108,70.56088014
662.2449865,65.9247834
662.3491623,68.18954317
662.453338,67.40813044
662.5575137,67.16169881
662.6616894,68.39865685
662.7658651,70.24751999
662.8700408,66.76676523
662.9742165,65.62252046
663.0783922,68.0705218
663.1825679,67.4736748
663.2867436,66.53533024
663.3909194,66.95007392
663.4950951,67.15990514
663.5992708,67.10726637
663.7034465,65.77430761
663.8076222,66.5973275
663.9117979,65.28757463
664.0159736,69.27554429
664.1201493,63.74728973
664.224325,66.22657739
664.3285007,67.92023395
664.4326764,68.90113731
664.5368522,66.62339376
664.6410279,66.64214559
664.7452036,70.24622527
664.8493793,66.55044529
664.953555,69.16112949
665.0577307,67.67511918
665.1619064,69.01021281
665.2660821,67.97172593
665.3702578,65.98868941
665.4744335,67.96397529
665.5786093,68.76442595
665.682785,67.50721584
665.7869607,63.57987183
665.8911364,65.88682919
665.9953121,67.01207184
666.0994878,67.51094273
666.2036635,66.3921788
666.3078392,66.91651864
666.4120149,64.84697625
666.5161906,63.99290551
666.6203664,64.02874489
666.7245421,66.35135855
666.8287178,63.40721116
666.9328935,66.36599723
667.0370692,61.5415612
667.1412449,61.83332813
667.2454206,62.17080273
667.3495963,64.28698169
667.453772,63.3555761
667.5579477,61.48569357
667.6621234,60.75124285
667.7662992,63.73865854
667.8704749,58.70979416
667.9746506,58.68386617
668.0788263,60.52446478
668.183002,61.2522486
668.2871777,61.90458612
668.3913534,60.16611632
668.4955291,58.89247786
668.5997048,59.55033029
668.7038805,62.67368519
668.8080563,59.90023662
668.912232,63.01471071
669.0164077,61.73898833
669.1205834,59.67816728
669.2247591,60.33830554
669.3289348,61.52425273
669.4331105,61.30006417
669.5372862,61.4398038
669.6414619,58.14967484
669.7456376,58.16447997
669.8498134,61.92094656
669.9539891,60.32827547
670.0581648,57.86445007
670.1623405,60.18102309
670.2665162,57.70584873
670.3706919,58.15550974
670.4748676,61.03333115
670.5790433,58.20357866
670.683219,60.5164461
670.7873947,60.69156101
670.8915704,60.61728645
670.9957462,59.70491709
671.0999219,60.27886671
671.2040976,60.59913682
671.3082733,60.93581678
671.412449,58.91189701
671.5166247,59.77022443
671.6208004,61.92121705
671.7249761,57.58274396
671.8291518,60.44047871
671.9333275,56.93374288
672.0375033,59.77004933
672.141679,58.9065363
672.2458547,60.96333282
672.3500304,59.08565576
672.4542061,61.73555288
672.5583818,57.93395325
672.6625575,59.49158025
672.7667332,59.44460057
672.8709089,59.03797202
672.9750846,60.72584036
673.0792604,59.94952464
673.1834361,60.37105052
673.2876118,64.68861652
673.3917875,64.07920572
673.4959632,61.90593878
673.6001389,60.92915096
673.7043146,58.94288832
673.8084903,61.09662729
673.912666,60.9579926
674.0168417,63.48825618
674.1210174,61.50021853
674.2251932,60.89543742
674.3293689,62.18480816
674.4335446,64.59372797
674.5377203,62.01426418
674.641896,65.96996948
674.7460717,63.40615955
674.8502474,63.78471973
674.9544231,65.04894505
675.0585988,63.36996321
675.1627745,62.56551011
675.2669503,64.8110378
675.371126,60.81606873
675.4753017,63.69312499
675.5794774,64.53669757
675.6836531,64.10348909
675.7878288,66.71899495
675.8920045,62.4630177
675.9961802,66.42086878
676.1003559,64.66380199
676.2045316,63.63289149
676.3087074,65.65660193
676.4128831,66.42306614
676.5170588,63.9583949
676.6212345,63.2153803
676.7254102,63.87164473
676.8295859,64.62587939
676.9337616,66.06951482
677.0379373,64.20107154
677.142113,65.74700624
677.2462887,66.6568454
677.3504645,65.06335749
677.4546402,64.93534098
677.5588159,62.81774099
677.6629916,60.77688576
677.7671673,64.16253103
677.871343,63.6952632
677.9755187,63.32140178
678.0796944,64.38709917
678.1838701,62.02532903
678.2880458,63.6792526
678.3922215,61.75956086
678.4963973,63.98939672
678.600573,62.389205
678.7047487,62.41121192
678.8089244,64.28902666
678.9131001,63.12511841
679.0172758,60.09856857
679.1214515,65.26428849
679.2256272,63.09564441
679.3298029,62.3258345
679.4339786,63.96793468
679.5381544,64.70541581
679.6423301,63.97224448
679.7465058,67.70217013
679.8506815,62.84324507
679.9548572,67.05541101
680.0590329,64.50809158
680.1632086,65.30686953
680.2673843,63.94318441
680.37156,65.12152314
680.4757357,63.77973284
680.5799115,67.16398197
680.6840872,67.69794322
680.7882629,64.80631779
680.8924386,65.31914197
680.9966143,68.20822527
681.10079,67.39614469
681.2049657,66.59944938
681.3091414,68.04318718
681.4133171,67.34916665
681.5174928,67.61473216
681.6216685,66.84780272
681.7258443,68.46263859
681.83002,68.08000037
681.9341957,64.40104338
682.0383714,68.45463868
682.1425471,67.9815578
682.2467228,68.90192604
682.3508985,65.99918482
682.4550742,68.37878597
682.5592499,66.20839143
682.6634256,67.3106399
682.7676014,68.35169282
682.8717771,67.99011284
682.9759528,67.71067852
683.0801285,65.90075757
683.1843042,65.40304257
683.2884799,70.35973319
683.3926556,67.71835635
683.4968313,68.74580321
683.601007,65.98881492
683.7051827,66.36605508
683.8093585,67.68240996
683.9135342,67.09624417
684.0177099,68.84295234
684.1218856,69.16093711
684.2260613,68.31075356
684.330237,69.41868881
684.4344127,71.4798557
684.5385884,70.79967987
684.6427641,70.24623123
684.7469398,69.61552066
684.8511155,68.91810851
684.9552913,69.97649532
685.059467,69.2516013
685.1636427,70.74402521
685.2678184,71.88457706
685.3719941,67.23476464
685.4761698,68.3109691
685.5803455,73.0739691
685.6845212,70.4856021
685.7886969,69.78385942
685.8928726,69.94791466
685.9970484,69.14390263
686.1012241,70.53722323
686.2053998,67.97986807
686.3095755,67.59268314
686.4137512,68.80458004
686.5179269,67.65151504
686.6221026,67.63536698
686.7262783,68.67323249
686.830454,67.90117538
686.9346297,68.56378827
687.0388055,68.57951968
687.1429812,68.52835285
687.2471569,67.28719937
687.3513326,68.23167782
687.4555083,67.19819613
687.559684,67.99833028
687.6638597,69.39397836
687.7680354,71.77165001
687.8722111,70.01096003
687.9763868,70.50557609
688.0805625,68.68337019
688.1847383,70.23925445
688.288914,68.34365559
688.3930897,66.85007932
688.4972654,72.66304131
688.6014411,71.41499195
688.7056168,68.81177608
688.8097925,69.2654783
688.9139682,68.1783332
689.0181439,69.42650912
689.1223196,65.70717898
689.2264954,66.85333172
689.3306711,68.69920909
689.4348468,69.01752437
689.5390225,66.61004351
689.6431982,69.78578743
689.7473739,67.14452894
689.8515496,64.77536822
689.9557253,67.72623197
690.059901,66.34393326
690.1640767,70.36567563
690.2682525,68.49625931
690.3724282,69.46354007
690.4766039,66.70105971
690.5807796,64.60311966
690.6849553,69.46665334
690.789131,70.10855345
690.8933067,67.72067063
690.9974824,66.00343334
691.1016581,70.09464809
691.2058338,67.43928432
691.3100095,67.519874
691.4141853,68.37261799
691.518361,68.97701048
691.6225367,69.01300494
691.7267124,65.33180004
691.8308881,69.03346319
691.9350638,65.78998801
692.0392395,70.14313395
692.1434152,70.56514846
692.2475909,68.4412282
692.3517666,70.20088496
692.4559424,67.31202173
692.5601181,69.81112859
692.6642938,65.90231825
692.7684695,69.68557505
692.8726452,71.7763188
692.9768209,69.35632855
693.0809966,68.04229276
693.1851723,68.77286677
693.289348,70.3226221
693.3935237,70.74036201
693.4976995,67.96623712
693.6018752,69.17918609
693.7060509,70.58262554
693.8102266,68.95954558
693.9144023,68.97865497
694.018578,68.99134232
694.1227537,64.68030683
694.2269294,66.19580038
694.3311051,65.41493622
694.4352808,66.35568856
694.5394566,70.07846392
694.6436323,66.46109118
694.747808,67.53993424
694.8519837,64.26304624
694.9561594,64.97653857
695.0603351,67.23252552
695.1645108,64.85282441
695.2686865,66.75243614
695.3728622,66.73609781
695.4770379,65.26575119
695.5812136,67.52520328
695.6853894,65.90824589
695.7895651,66.07879363
695.8937408,66.21568329
695.9979165,66.02442051
696.1020922,64.98052467
696.2062679,65.84873862
696.3104436,64.51794297
696.4146193,62.86426027
696.518795,64.76791953
696.6229707,67.47929538
696.7271465,66.05146639
696.8313222,62.10584679
696.9354979,61.34655959
697.0396736,63.81219087
697.1438493,61.93639174
697.248025,63.38571389
697.3522007,64.03526815
697.4563764,64.19206681
697.5605521,68.33752197
697.6647278,65.91156795
697.7689036,66.42073661
697.8730793,63.11522747
697.977255,61.554254
698.0814307,64.12086648
698.1856064,66.27010273
698.2897821,62.85867831
698.3939578,61.59248011
698.4981335,61.70968682
698.6023092,62.7955807
698.7064849,62.01290997
698.8106606,61.94222648
698.9148364,62.60560624
699.0190121,55.04256159
699.1231878,56.87834075
699.2273635,59.4815921
699.3315392,58.67570205
699.4357149,59.22982154
699.5398906,55
699.6440663,57.05546347
699.748242,56.86654383
699.8524177,58.75719528
699.9565935,56.29560207
700.0607692,57.5361733
700.1649449,55.80209663
700.2691206,59.00986027
700.3732963,58.99815719
700.477472,56.24347054
700.5816477,57.60233243
700.6858234,56.30689459
700.7899991,59.93049791
700.8941748,58.76330268
700.9983506,58.56143363
701.1025263,58.97090328
701.206702,55
701.3108777,60.79063854
701.4150534,60.33169961
701.5192291,61.05418822
701.6234048,60.34716389
701.7275805,56.35999163
701.8317562,57.41030609
701.9359319,57.83234925
702.0401076,58.32000134
702.1442834,59.96528175
702.2484591,59.47333102
702.3526348,57.87966235
702.4568105,60.17354051
702.5609862,59.14611641
702.6651619,59.68021831
702.7693376,59.41231672
702.8735133,61.82335351
702.977689,59.13322413
703.0818647,57.86111134
703.1860405,59.99363487
703.2902162,55.2162631
703.3943919,57.35498856
703.4985676,58.27534791
703.6027433,60.04786449
703.706919,59.60074776
703.8110947,59.17630662
703.9152704,58.80535371
704.0194461,60.19518246
704.1236218,60.28210653
704.2277976,62.2026302
704.3319733,61.47560177
704.436149,62.58227388
704.5403247,60.36717262
704.6445004,58.88599875
704.7486761,61.26699622
704.8528518,60.67979986
704.9570275,59.05160872
705.0612032,58.5385477
705.1653789,56.77325439
705.2695546,62.31507315
705.3737304,60.00692187
705.4779061,60.58132134
705.5820818,60.12710995
705.6862575,59.36921918
705.7904332,59.28062566
705.8946089,60.25500037
705.9987846,62.15132524
706.1029603,61.65632847
706.207136,59.14582778
706.3113117,58.6182402
706.4154875,60.14611389
706.5196632,61.75405437
706.6238389,62.15472149
706.7280146,59.6630804
706.8321903,61.46945749
706.936366,63.76594329
707.0405417,58.33926303
707.1447174,59.51501732
707.2488931,59.57390805
707.3530688,63.39660031
707.4572446,62.97040716
707.5614203,60.15960698
707.665596,62.76503536
707.7697717,62.13838144
707.8739474,60.32032489
707.9781231,61.57857662
708.0822988,63.154572
708.1864745,60.36177579
708.2906502,60.79363524
708.3948259,60.42518077
708.4990016,59.76770987
708.6031774,61.02760356
708.7073531,63.11610363
708.8115288,59.12357028
708.9157045,58.8376133
709.0198802,61.21683515
709.1240559,60.03992159
709.2282316,62.96676259
709.3324073,62.71561764
709.436583,60.90307258
709.5407587,63.56304522
709.6449345,61.36475794
709.7491102,61.22492841
709.8532859,58.9514799
709.9574616,61.69499771
710.0616373,58.39313119
710.165813,56.91855898
710.2699887,62.65113204
710.3741644,60.03087435
710.4783401,60.22907123
710.5825158,59.43200407
710.6866916,62.88458871
710.7908673,62.09836659
710.895043,61.36739168
710.9992187,62.99865345
711.1033944,58.6603819
711.2075701,58.30111359
711.3117458,59.47224873
711.4159215,59.18219933
711.5200972,61.38179064
711.6242729,57.39504588
711.7284487,63.07028986
711.8326244,59.75855251
711.9368001,58.59335264
712.0409758,61.56906731
712.1451515,59.01404073
712.2493272,59.12188852
712.3535029,57.01869436
712.4576786,55.95469061
712.5618543,55.18016195
712.66603,57.84993007
712.7702057,56.60110354
712.8743815,56.98420153
712.9785572,56.28407223
713.0827329,57.41552882
713.1869086,55.86709673
713.2910843,57.41362129
713.39526,58.47558743
713.4994357,57.77513078
713.6036114,56.26242382
713.7077871,57.33867034
713.8119628,57.62504272
713.9161386,55.45271191
714.0203143,55.72398784
714.12449,58.51623916
714.2286657,58.62715372
714.3328414,59.32906115
714.4370171,57.58834581
714.5411928,57.58961696
714.6453685,57.21561258
714.7495442,56.2116984
714.8537199,58.44049967
714.9578957,58.6312853
715.0620714,56.0831628
715.1662471,57.66666992
715.2704228,55
715.3745985,57.77790131
715.4787742,56.87105627
715.5829499,56.76231458
715.6871256,57.45154716
715.7913013,61.11644061
715.895477,58.11164283
715.9996527,59.73949136
716.1038285,59.74372032
716.2080042,56.11746346
716.3121799,57.03999024
716.4163556,60.83451759
716.5205313,55.8410609
716.624707,57.39406623
716.7288827,56.06646813
716.8330584,57.08565093
716.9372341,55
717.0414098,55.05585965
717.1455856,55.73179206
717.2497613,61.30489177
717.353937,55.20457822
717.4581127,57.31832979
717.5622884,58.7995966
717.6664641,57.16298115
717.7706398,58.82511867
717.8748155,57.3083076
717.9789912,55
718.0831669,58.67898344
718.1873427,55.09745153
718.2915184,59.6316199
718.3956941,62.69496021
718.4998698,58.04017767
718.6040455,58.04472284
718.7082212,58.6656593
718.8123969,57.83886639
718.9165726,60.34682453
719.0207483,56.83997868
719.124924,57.53015276
719.2290997,57.89110886
719.3332755,58.99476129
719.4374512,57.68074921
719.5416269,59.87855682
719.6458026,59.31770932
719.7499783,58.43224429
719.854154,58.38461584
719.9583297,58.72232514
720.0625054,59.07630616
720.1666811,58.79444479
720.2708568,56.90306511
720.3750326,58.36805009
720.4792083,60.25041911
720.583384,59.78345483
720.6875597,58.61986704
720.7917354,60.29951358
720.8959111,58.09944564
721.0000868,59.27328329
721.1042625,59.38037749
721.2084382,59.22559865
721.3126139,58.88366677
721.4167897,58.64174304
721.5209654,58.8481735
721.6251411,57.98208428
721.7293168,60.74968386
721.8334925,58.79992713
721.9376682,60.66972175
722.0418439,58.17026133
722.1460196,59.89962902
722.2501953,61.79238562
722.354371,61.79474151
722.4585467,60.91143873
722.5627225,60.66258086
722.6668982,60.76510405
722.7710739,61.21051721
722.8752496,59.30142229
722.9794253,61.22744478
723.083601,59.41591124
723.1877767,60.01494118
723.2919524,58.70525546
723.3961281,57.01633934
723.5003038,58.50865085
723.6044796,60.95234351
723.7086553,60.51007956
723.812831,60.89457471
723.9170067,58.36051335
724.0211824,61.55655983
724.1253581,60.73431662
724.2295338,60.58406683
724.3337095,58.16879278
724.4378852,60.48495648
724.5420609,60.72088848
724.6462367,57.26064028
724.7504124,61.01047771
724.8545881,60.98792971
724.9587638,58.87729137
725.0629395,58.04714774
725.1671152,61.29973682
725.2712909,61.26892521
725.3754666,58.74530328
725.4796423,61.00968218
725.583818,59.74172009
725.6879937,57.88735926
725.7921695,60.30563619
725.8963452,59.75351573
726.0005209,60.40392685
726.1046966,60.46769242
726.2088723,59.65933236
726.313048,60.03266953
726.4172237,58.79619403
726.5213994,59.8344747
726.6255751,59.23261273
726.7297508,62.88364128
726.8339266,58.72362127
726.9381023,58.3724473
727.042278,61.72306701
727.1464537,62.80580451
727.2506294,60.30722745
727.3548051,59.7485301
727.4589808,60.74879276
727.5631565,59.62700047
727.6673322,58.14438632
727.7715079,58.25347597
727.8756837,58.46555548
727.9798594,61.56360288
728.0840351,60.7291414
728.1882108,56.1561317
728.2923865,58.13478318
728.3965622,60.04689823
728.5007379,60.33994979
728.6049136,60.95178398
728.7090893,59.80922502
728.813265,59.37579043
728.9174408,63.02549765
729.0216165,61.91805168
729.1257922,59.9961207
729.2299679,58.63823371
729.3341436,62.07362863
729.4383193,61.67554169
729.542495,56.43873911
729.6466707,57.55725223
729.7508464,62.27066148
729.8550221,59.47362376
729.9591978,61.12998139
730.0633736,59.61940129
730.1675493,58.56058705
730.271725,62.63648136
730.3759007,64.65380795
730.4800764,57.70714745
730.5842521,60.67268924
730.6884278,59.24956074
730.7926035,60.55141603
730.8967792,61.78842859
731.0009549,60.97157118
731.1051307,59.88545454
731.2093064,59.41397087
731.3134821,62.56748914
731.4176578,57.20037729
731.5218335,62.29379979
731.6260092,61.91654376
731.7301849,62.9476846
731.8343606,60.48213942
731.9385363,63.5189314
732.042712,61.35917637
732.1468878,59.3762301
732.2510635,60.48053728
732.3552392,63.68347109
732.4594149,59.83485002
732.5635906,59.65150706
732.6677663,58.84552657
732.771942,61.81200202
732.8761177,63.51323718
732.9802934,61.74409831
733.0844691,60.69341099
733.1886448,59.56984415
733.2928206,61.02870153
733.3969963,62.76018909
733.501172,59.02195115
733.6053477,60.5804663
733.7095234,61.97808633
733.8136991,59.42691519
733.9178748,61.2200232
734.0220505,57.70411992
734.1262262,62.40956666
734.2304019,60.05773822
734.3345777,60.91828333
734.4387534,61.55674864
734.5429291,61.89794477
734.6471048,61.59364158
734.7512805,59.27525332
734.8554562,62.86501541
734.9596319,61.63915781
735.0638076,60.26604322
735.1679833,60.29138032
735.272159,59.93008736
735.3763348,61.74234155
735.4805105,60.1928793
735.5846862,60.42401681
735.6888619,62.08479736
735.7930376,61.18785781
735.8972133,61.56913385
736.001389,61.93546279
736.1055647,60.4729753
736.2097404,61.84726869
736.3139161,60.08237757
736.4180918,59.40748423
736.5222676,61.00789536
736.6264433,61.09909024
736.730619,61.25132354
736.8347947,59.47938751
736.9389704,61.60810769
737.0431461,59.5830359
737.1473218,58.93318852
737.2514975,62.23610488
737.3556732,62.01710708
737.4598489,57.67547691
737.5640247,60.6059805
737.6682004,62.18949402
737.7723761,58.58235969
737.8765518,61.90915229
737.9807275,60.58141353
738.0849032,57.68632923
738.1890789,60.81250392
738.2932546,57.85299471
738.3974303,57.19132378
738.501606,55.46657935
738.6057818,58.78031397
738.7099575,62.42144749
738.8141332,61.90666091
738.9183089,59.53583052
739.0224846,62.33298986
739.1266603,55.97993119
739.230836,57.94761055
739.3350117,59.27861788
739.4391874,59.06530915
739.5433631,60.45441439
739.6475388,58.08669463
739.7517146,57.60000319
739.8558903,55.88124178
739.960066,58.08701992
740.0642417,56.92619005
740.1684174,56.15417823
740.2725931,56.48198427
740.3767688,55.36822173
740.4809445,57.12659214
740.5851202,56.1584716
740.6892959,55.43073885
740.7934717,56.59602983
740.8976474,58.80830898
741.0018231,57.98276567
741.1059988,57.44137093
741.2101745,56.41318367
741.3143502,59.45613686
741.4185259,57.9542279
741.5227016,57.07037257
741.6268773,58.34805146
741.731053,57.67519233
741.8352288,57.53551301
741.9394045,57.63569891
742.0435802,58.4741664
742.1477559,61.1785559
742.2519316,59.71613016
742.3561073,59.86182548
742.460283,59.27882053
742.5644587,58.75756779
742.6686344,57.45404078
742.7728101,56.88371902
742.8769858,57.04995065
742.9811616,60.6956647
743.0853373,61.50162862
743.189513,60.13541661
743.2936887,61.25584097
743.3978644,61.30141723
743.5020401,59.59551183
743.6062158,61.15283224
743.7103915,62.25678472
743.8145672,62.80998985
743.9187429,63.07335622
744.0229187,65.45040637
744.1270944,63.07077793
744.2312701,61.76151081
744.3354458,63.53092316
744.4396215,64.70812986
744.5437972,63.38237356
744.6479729,64.40256015
744.7521486,64.12153934
744.8563243,63.25544851
744.9605,67.37296892
745.0646758,66.11390565
745.1688515,66.12977426
745.2730272,61.82616934
745.3772029,61.22384353
745.4813786,65.02551982
745.5855543,65.10059719
745.68973,62.82984526
745.7939057,62.72460753
745.8980814,64.05178513
746.0022571,62.47606092
746.1064329,64.81502214
746.2106086,64.7645184
746.3147843,64.97189048
746.41896,64.37663181
746.5231357,64.12974446
746.6273114,63.81818553
746.7314871,63.4891787
746.8356628,63.09507763
746.9398385,67.27284363
747.0440142,62.13613033
747.1481899,64.66618917
747.2523657,61.98881319
747.3565414,63.20788285
747.4607171,61.67031145
747.5648928,61.53882728
747.6690685,61.79579721
747.7732442,59.08551829
747.8774199,61.61143671
747.9815956,62.90350977
748.0857713,60.20204055
748.189947,64.20921783
748.2941228,63.1491119
748.3982985,64.34275124
748.5024742,63.47524097
748.6066499,63.7247697
748.7108256,62.92626026
748.8150013,65.26992305
748.919177,63.33854541
749.0233527,61.55402958
749.1275284,65.09050914
749.2317041,63.05575498
749.3358799,63.99108654
749.4400556,63.42375526
749.5442313,66.23242156
749.648407,62.2850838
749.7525827,64.1722504
749.8567584,63.02677099
749.9609341,64.28371061
750.0651098,64.24979923
750.1692855,63.46508144
750.2734612,64.12868412
750.3776369,64.75493172
750.4818127,62.6650724
750.5859884,62.27884453
750.6901641,60.18439065
750.7943398,61.79609515
750.8985155,62.80110662
751.0026912,63.44339035
751.1068669,61.08385121
751.2110426,64.6856451
751.3152183,62.49140897
751.419394,59.24180136
751.5235698,61.12180553
751.6277455,62.41703846
751.7319212,61.86955725
751.8360969,65.70787132
751.9402726,65.63006847
752.0444483,62.08455446
752.148624,61.87286955
752.2527997,64.24204244
752.3569754,60.94309229
752.4611511,65.0746927
752.5653269,66.48392614
752.6695026,63.20671314
752.7736783,65.34471386
752.877854,61.68202126
752.9820297,64.91321825
753.0862054,65.6844527
753.1903811,62.48502685
753.2945568,58.11074224
753.3987325,59.6793996
753.5029082,60.8657528
753.6070839,60.28240639
753.7112597,61.31056609
753.8154354,62.10510776
753.9196111,58.08336631
754.0237868,59.5113435
754.1279625,61.3335361
754.2321382,60.76018238
754.3363139,62.56014999
754.4404896,64.67471574
754.5446653,60.40253385
754.648841,61.78418132
754.7530168,59.09006435
754.8571925,62.42120562
754.9613682,58.2755161
755.0655439,58.12061617
755.1697196,58.47749872
755.2738953,60.34455807
755.378071,58.44624132
755.4822467,61.99535241
755.5864224,61.47718454
755.6905981,56.46488114
755.7947739,59.29455958
755.8989496,62.33155671
756.0031253,57.59441941
756.107301,60.19342236
756.2114767,59.09988509
756.3156524,58.0844543
756.4198281,59.99660046
756.5240038,59.13663592
756.6281795,60.41375902
756.7323552,57.51298775
756.8365309,59.33455077
756.9407067,62.26532369
757.0448824,60.35901004
757.1490581,57.25369153
757.2532338,58.86288169
757.3574095,58.1619713
757.4615852,58.02351892
757.5657609,58.24699105
757.6699366,59.95222637
757.7741123,58.60240442
757.878288,57.11020019
757.9824638,57.29840819
758.0866395,60.10071785
758.1908152,61.36372801
758.2949909,60.81918159
758.3991666,62.36568957
758.5033423,66.02010087
758.607518,60.63571109
758.7116937,63.84934576
758.8158694,63.51511826
758.9200451,62.85629897
759.0242209,59.84918282
759.1283966,63.3269554
759.2325723,61.31879892
759.336748,66.4718339
759.4409237,61.82598584
759.5450994,64.32019911
759.6492751,62.22728878
759.7534508,61.87204855
759.8576265,62.90428242
759.9618022,60.83567488
760.0659779,63.13390946
760.1701537,59.94087493
760.2743294,61.09140545
760.3785051,64.59462803
760.4826808,61.45154432
760.5868565,60.78963086
760.6910322,62.81216284
760.7952079,63.26536452
760.8993836,64.06467825
761.0035593,63.44994063
761.107735,64.45486785
761.2119108,64.71589254
761.3160865,64.3846749
761.4202622,61.61666581
761.5244379,64.31390506
761.6286136,64.33479709
761.7327893,65.70944331
761.836965,62.91079655
761.9411407,64.68541062
762.0453164,65.15008976
762.1494921,62.84486168
762.2536679,65.34960745
762.3578436,62.88210383
762.4620193,64.31485534
762.566195,61.84674276
762.6703707,64.66128012
762.7745464,62.66816346
762.8787221,58.10433189
762.9828978,61.51507608
763.0870735,64.51663099
763.1912492,61.68629644
763.295425,59.05995228
763.3996007,61.36096254
763.5037764,60.95430329
763.6079521,59.68396664
763.7121278,60.15777599
763.8163035,59.98614589
763.9204792,59.83153786
764.0246549,57.42613747
764.1288306,59.54097189
764.2330063,56.40999217
764.337182,57.01526487
764.4413578,57.524451
764.5455335,56.36615579
764.6497092,56.35129932
764.7538849,55.89735584
764.8580606,56.85055125
764.9622363,56.00963737
765.066412,60.95470768
765.1705877,57.06860906
765.2747634,56.89670185
765.3789391,59.03035347
765.4831149,57.47811821
765.5872906,58.61119182
765.6914663,58.54840338
765.795642,57.36237119
765.8998177,58.95912637
766.0039934,56.0710904
766.1081691,56.60475732
766.2123448,55.82860672
766.3165205,59.0585172
766.4206962,57.58043269
766.524872,59.39291885
766.6290477,57.11030737
766.7332234,60.40841024
766.8373991,57.03613794
766.9415748,59.09818695
767.0457505,58.96757931
767.1499262,57.92247752
767.2541019,56.69653157
767.3582776,61.97332363
767.4624533,61.53529691
767.566629,60.79810083
767.6708048,57.31158759
767.7749805,59.23359018
767.8791562,58.2986171
767.9833319,61.54101851
768.0875076,56.92427586
768.1916833,60.69929872
768.295859,60.42793794
768.4000347,58.17224455
768.5042104,60.22248067
768.6083861,59.95992287
768.7125619,58.81633395
768.8167376,58.66178986
768.9209133,58.24451366
769.025089,60.24450451
769.1292647,60.02216632
769.2334404,62.25326353
769.3376161,58.26834667
769.4417918,57.27942383
769.5459675,58.97846401
769.6501432,58.74618173
769.754319,59.75505648
769.8584947,59.46043931
769.9626704,58.95892755
770.0668461,55
770.1710218,59.83875604
770.2751975,59.26297048
770.3793732,59.04695299
770.4835489,60.19031644
770.5877246,58.91502283
770.6919003,61.22442154
770.796076,59.68302024
770.9002518,60.48871642
771.0044275,60.78581149
771.1086032,59.34531448
771.2127789,60.6530198
771.3169546,57.59503236
771.4211303,57.92743894
771.525306,59.43412595
771.6294817,61.18102018
771.7336574,60.26603761
771.8378331,62.69853741
771.9420089,58.15860718
772.0461846,59.28946813
772.1503603,58.4099601
772.254536,60.02814648
772.3587117,59.69260786
772.4628874,59.50230663
772.5670631,59.05618061
772.6712388,59.15499431
772.7754145,60.18671681
772.8795902,59.00588398
772.983766,59.8002047
773.0879417,61.87166854
773.1921174,57.75254892
773.2962931,62.58467556
773.4004688,58.12858862
773.5046445,60.79736339
773.6088202,61.29375162
773.7129959,58.06455319
773.8171716,62.53344389
773.9213473,62.13637053
774.025523,60.56867655
774.1296988,60.7384313
774.2338745,62.81270779
774.3380502,60.41932933
774.4422259,60.93307352
774.5464016,61.78718698
774.6505773,60.90983619
774.754753,58.06752264
774.8589287,60.44169503
774.9631044,62.31932505
775.0672801,63.24281998
775.1714559,63.39460435
775.2756316,60.32795264
775.3798073,60.51750811
775.483983,61.57716865
775.5881587,56.96469647
775.6923344,62.30296297
775.7965101,58.13289516
775.9006858,60.93193783
776.0048615,61.08312233
776.1090372,64.57065894
776.213213,62.30718849
776.3173887,59.55565917
776.4215644,60.10586172
776.5257401,60.45961841
776.6299158,60.88935205
776.7340915,61.18428978
776.8382672,60.72935978
776.9424429,59.06104806
777.0466186,58.78606071
777.1507943,59.95542239
777.25497,60.9035052
777.3591458,58.88826597
777.4633215,60.37882401
777.5674972,60.81995388
777.6716729,60.04544904
777.7758486,61.30930533
777.8800243,58.51520284
777.9842,57.89781006
778.0883757,59.87172139
778.1925514,60.24141731
778.2967271,61.62250993
778.4009029,57.8136385
778.5050786,58.21224061
778.6092543,60.15301904
778.71343,58.20088646
778.8176057,58.51120677
778.9217814,59.14358046
779.0259571,59.52252354
779.1301328,59.30308578
779.2343085,59.84975884
779.3384842,60.89945232
779.44266,59.31636387
779.5468357,58.19241825
779.6510114,61.10066821
779.7551871,59.30033658
779.8593628,57.9816551
779.9635385,56.66743471
780.0677142,58.05876744
780.1718899,59.73856615
780.2760656,58.68394853
780.3802413,56.58523844
780.4844171,59.53302036
780.5885928,63.83568754
780.6927685,60.11662316
780.7969442,58.55231711
780.9011199,59.07381578
781.0052956,59.56197819
781.1094713,59.36651584
781.213647,60.29098208
781.3178227,58.25645129
781.4219984,61.32780801
781.5261741,59.66891448
781.6303499,60.3283491
781.7345256,59.70879108
781.8387013,59.73213535
781.942877,57.07777834
782.0470527,58.19243973
782.1512284,61.111711
782.2554041,61.59331056
782.3595798,61.0974994
782.4637555,58.6790642
782.5679312,59.04983043
782.672107,57.31371683
782.7762827,59.58308505
782.8804584,60.99370775
782.9846341,59.10940106
783.0888098,62.58912427
783.1929855,61.10923908
783.2971612,58.13307164
783.4013369,58.81466422
783.5055126,61.232212
783.6096883,61.97212776
783.7138641,60.64907586
783.8180398,62.94106965
783.9222155,62.04407026
784.0263912,59.66147416
784.1305669,60.37023705
784.2347426,61.21555134
784.3389183,59.73993573
784.443094,62.65205049
784.5472697,62.92146705
784.6514454,58.64205701
784.7556211,61.17153639
784.8597969,59.10419864
784.9639726,58.62619294
785.0681483,57.83246398
785.172324,61.00445689
785.2764997,61.9376526
785.3806754,59.12023559
785.4848511,60.75617765
785.5890268,63.62547459
785.6932025,61.18016342
785.7973782,60.9473395
785.901554,58.61623915
786.0057297,60.44087048
786.1099054,59.62229752
786.2140811,60.4865184
786.3182568,59.89768652
786.4224325,61.77841726
786.5266082,59.19632574
786.6307839,61.28276646
786.7349596,60.66514798
786.8391353,61.29447717
786.9433111,59.61226325
787.0474868,60.10015316
787.1516625,58.70074202
787.2558382,59.95813651
787.3600139,59.5587613
787.4641896,57.84577988
787.5683653,58.24369017
787.672541,58.36841966
787.7767167,58.95846124
787.8808924,60.43057566
787.9850681,60.77912634
788.0892439,58.57826927
788.1934196,57.52478332
788.2975953,59.03374958
788.401771,59.39818466
788.5059467,60.08668048
788.6101224,60.23195625
788.7142981,56.96880474
788.8184738,58.5032127
788.9226495,57.66618606
789.0268252,59.62961205
789.131001,61.51894057
789.2351767,59.55521436
789.3393524,60.92201519
789.4435281,60.77319439
789.5477038,61.35282654
789.6518795,59.50024849
789.7560552,58.42855482
789.8602309,60.0905518
789.9644066,58.49618915
790.0685823,58.93631909
790.1727581,58.99672468
790.2769338,60.11275982
790.3811095,58.81866743
790.4852852,58.37679015
790.5894609,60.96021465
790.6936366,57.92654455
790.7978123,59.30525454
790.901988,59.13436841
791.0061637,60.97311345
791.1103394,60.11652131
791.2145151,57.43198655
791.3186909,59.03308524
791.4228666,59.41674
791.5270423,60.96643021
791.631218,59.84345532
791.7353937,62.20658187
791.8395694,58.03492931
791.9437451,59.55188998
792.0479208,61.62151393
792.1520965,61.03964789
792.2562722,59.64042846
792.360448,59.38591814
792.4646237,61.10910078
792.5687994,58.69492706
792.6729751,59.66041136
792.7771508,63.64182448
792.8813265,61.13086195
792.9855022,60.1482248
793.0896779,60.9320726
793.1938536,61.19949398
793.2980293,61.71929211
793.4022051,59.17116189
793.5063808,60.66560537
793.6105565,59.35395823
793.7147322,62.1613958
793.8189079,60.89268317
793.9230836,60.63834647
794.0272593,60.68913561
794.131435,61.15814902
794.2356107,61.29492773
794.3397864,62.4676806
794.4439621,60.08076426
794.5481379,63.93309268
794.6523136,61.7892081
794.7564893,58.75320031
794.860665,57.73227073
794.9648407,60.0201593
795.0690164,60.94015103
795.1731921,58.25528086
795.2773678,60.14550813
795.3815435,60.42461504
795.4857192,59.41615351
795.589895,59.23639826
795.6940707,60.55325952
795.7982464,60.67521146
795.9024221,59.72362687
796.0065978,59.11396152
796.1107735,60.93361235
796.2149492,61.18906685
796.3191249,58.4078872
796.4233006,58.93999705
796.5274763,60.2256787
796.6316521,56.98697532
796.7358278,58.89996459
796.8400035,59.3104358
796.9441792,59.28672637
797.0483549,57.82245346
797.1525306,58.2313958
797.2567063,58.34932379
797.360882,59.45021228
797.4650577,58.84150176
797.5692334,58.02341995
797.6734092,55.79916787
797.7775849,57.6141425
797.8817606,57.09235759
797.9859363,59.1522299
798.090112,57.49588834
798.1942877,60.98337888
798.2984634,56.43853565
798.4026391,59.3335716
798.5068148,60.50202513
798.6109905,57.64526034
798.7151662,57.78913237
798.819342,57.13111727
798.9235177,59.3436665
799.0276934,59.24196362
799.1318691,60.54973832
799.2360448,58.4117451
799.3402205,59.63053344
799.4443962,56.08895546
799.5485719,61.52425457
799.6527476,56.21741242
799.7569233,58.94694363
799.8610991,56.93701664
799.9652748,59.74413188
800.0694505,60.6171894
800.1736262,59.62980304
800.2778019,59.59205632
800.3819776,60.24368358
800.4861533,60.0116591
800.590329,57.45100944
800.6945047,59.90647865
800.7986804,59.71250629
800.9028562,58.40234749
801.0070319,56.89813368
801.1112076,60.6674035
801.2153833,59.51982097
801.319559,56.32358684
801.4237347,58.68217063
801.5279104,61.11908581
801.6320861,58.33204035
801.7362618,58.78186168
801.8404375,58.45009236
801.9446132,59.16148078
802.048789,55.90474446
802.1529647,60.08210878
802.2571404,57.84320532
802.3613161,58.13867309
802.4654918,59.75890642
802.5696675,58.685163
802.6738432,56.62530862
802.7780189,61.77637988
802.8821946,57.16930399
802.9863703,60.81160189
803.0905461,58.82370079
803.1947218,57.9990623
803.2988975,57.12341476
803.4030732,57.02866623
803.5072489,61.10491018
803.6114246,55.10195094
803.7156003,58.16694411
803.819776,58.19891315
803.9239517,57.39872901
804.0281274,56.00846352
804.1323032,58.23113254
804.2364789,56.82114148
804.3406546,56.51498592
804.4448303,55
804.549006,56.49516018
804.6531817,57.23300756
804.7573574,56.52810747
804.8615331,57.10604837
804.9657088,56.56396075
805.0698845,55.83117074
805.1740602,57.75125563
805.278236,56.32661414
805.3824117,56.38957927
805.4865874,57.40807407
805.5907631,57.11056472
805.6949388,55.5798033
805.7991145,56.68165357
805.9032902,55.49551311
806.0074659,57.51710131
806.1116416,55.24302801
806.2158173,57.1377449
806.3199931,56.91634125
806.4241688,56.69283689
806.5283445,58.44908556
806.6325202,59.49340962
806.7366959,58.75734536
806.8408716,60.07959029
806.9450473,58.38320368
807.049223,58.69502463
807.1533987,57.38940612
807.2575744,56.35246634
807.3617502,56.93323179
807.4659259,56.87764838
807.5701016,59.98682065
807.6742773,57.94314705
807.778453,56.46054855
807.8826287,57.88080945
807.9868044,57.58821717
808.0909801,55
808.1951558,57.80200769
808.2993315,58.48306401
808.4035072,58.65516567
808.507683,57.9124356
808.6118587,57.75063203
808.7160344,57.6564737
808.8202101,55.98594817
808.9243858,56.36248018
809.0285615,56.20858993
809.1327372,56.88655088
809.2369129,58.09099405
809.3410886,59.29612261
809.4452643,57.12053601
809.5494401,59.22698328
809.6536158,60.2934581
809.7577915,55.53926598
809.8619672,57.64943278
809.9661429,56.57973288
810.0703186,57.75502444
810.1744943,59.61633187
810.27867,59.87117451
810.3828457,58.72929181
810.4870214,59.76952189
810.5911972,56.13684659
810.6953729,58.21048455
810.7995486,57.85453118
810.9037243,56.07875913
811.0079,60.73888592
811.1120757,57.98329759
811.2162514,59.78233304
811.3204271,59.62408063
811.4246028,58.2123759
811.5287785,58.14109068
811.6329542,56.72448943
811.73713,58.27141791
811.8413057,58.06425125
811.9454814,56.85902012
812.0496571,55
812.1538328,57.14319781
812.2580085,56.46558077
812.3621842,56.35776094
812.4663599,56.05716472
812.5705356,58.34965895
812.6747113,57.4055325
812.7788871,57.09306062
812.8830628,57.96223178
812.9872385,58.72961016
813.0914142,57.53735189
813.1955899,57.55850177
813.2997656,57.5315231
813.4039413,56.64688617
813.508117,60.3986266
813.6122927,59.53257124
813.7164684,58.35389124
813.8206442,56.32613922
813.9248199,59.62443837
814.0289956,60.27631802
814.1331713,60.3141484
814.237347,56.67267848
814.3415227,62.13143757
814.4456984,58.22035815
814.5498741,58.15709065
814.6540498,59.54750675
814.7582255,60.72635462
814.8624013,59.15031033
814.966577,61.55442111
815.0707527,61.06699154
815.1749284,58.60090446
815.2791041,60.55383278
815.3832798,58.85718218
815.4874555,60.91873122
815.5916312,63.29146155
815.6958069,60.75820981
815.7999826,59.37682806
815.9041583,59.84152766
816.0083341,62.50594087
816.1125098,60.06925107
816.2166855,59.50435976
816.3208612,58.60580226
816.4250369,60.90747287
816.5292126,60.46687875
816.6333883,58.95022513
816.737564,59.50272568
816.8417397,58.71818232
816.9459154,59.46154604
817.0500912,59.40861387
817.1542669,59.85033258
817.2584426,59.46784437
817.3626183,58.93515407
817.466794,58.58953289
817.5709697,60.05521182
817.6751454,59.93985073
817.7793211,57.94717093
817.8834968,59.94445962
817.9876725,60.82367448
818.0918483,62.54050283
818.196024,61.38324062
818.3001997,58.72424764
818.4043754,58.66642036
818.5085511,61.37863863
818.6127268,60.58183514
818.7169025,60.77331698
818.8210782,58.9856778
818.9252539,58.08258698
819.0294296,60.31677467
819.1336053,57.8244755
819.2377811,61.66363072
819.3419568,59.83270216
819.4461325,58.766037
819.5503082,56.49723485
819.6544839,59.45601437
819.7586596,58.98138918
819.8628353,59.3727511
819.967011,60.37932669
820.0711867,58.91698684
820.1753624,59.09279405
820.2795382,62.99137549
820.3837139,56.70389657
820.4878896,59.60220263
820.5920653,59.17325145
820.696241,58.01654752
820.8004167,57.15348373
820.9045924,57.24898711
821.0087681,61.08293515
821.1129438,58.04317477
821.2171195,56.94794151
821.3212953,59.19696203
821.425471,58.23843298
821.5296467,59.1639173
821.6338224,57.51554942
821.7379981,58.85389753
821.8421738,62.14764277
821.9463495,59.11290905
822.0505252,57.75856452
822.1547009,59.63060382
822.2588766,60.75542817
822.3630523,57.11571845
822.4672281,58.01047739
822.5714038,59.42367026
822.6755795,59.25794422
822.7797552,55.71360156
822.8839309,59.57700126
822.9881066,59.94534334
823.0922823,58.36887673
823.196458,58.52511047
823.3006337,59.40245021
823.4048094,59.43348806
823.5089852,60.37806995
823.6131609,58.45582278
823.7173366,60.34814536
823.8215123,59.50250961
823.925688,59.41714057
824.0298637,58.80037634
824.1340394,57.87390563
824.2382151,60.86513121
824.3423908,59.06939482
824.4465665,58.27945035
824.5507423,58.96382681
824.654918,59.76032743
824.7590937,60.9682449
824.8632694,60.67848873
824.9674451,61.31916269
825.0716208,58.55786287
825.1757965,59.13503164
825.2799722,60.25643081
825.3841479,62.60951699
825.4883236,59.81575508
825.5924993,58.28469457
825.6966751,60.42492432
825.8008508,58.03195034
825.9050265,57.62518694
826.0092022,61.69132734
826.1133779,62.00025522
826.2175536,58.24346904
826.3217293,62.34473054
826.425905,60.77371557
826.5300807,59.04685625
826.6342564,63.75198866
826.7384322,60.24793969
826.8426079,58.38175905
826.9467836,59.45145229
827.0509593,61.37942885
827.155135,60.59686396
827.2593107,56.55160563
827.3634864,59.06905453
827.4676621,58.68512194
827.5718378,61.58887994
827.6760135,58.32851356
827.7801893,59.96596022
827.884365,61.57436325
827.9885407,60.63491963
828.0927164,58.90761317
828.1968921,59.20690168
828.3010678,57.3004652
828.4052435,62.97533283
828.5094192,59.86711799
828.6135949,59.22785734
828.7177706,59.80134028
828.8219463,60.71936178
828.9261221,58.92905553
829.0302978,59.84861634
829.1344735,58.74718646
829.2386492,61.00570524
829.3428249,57.93251552
829.4470006,55.44049332
829.5511763,57.54903758
829.655352,60.28877839
829.7595277,57.45117067
829.8637034,59.59394167
829.9678792,57.51378777
830.0720549,58.50395005
830.1762306,56.87956902
830.2804063,58.96260799
830.384582,60.44202037
830.4887577,60.8560192
830.5929334,58.47336392
830.6971091,59.80309726
830.8012848,58.6439976
830.9054605,61.18544224
831.0096363,58.97333534
831.113812,59.90999385
831.2179877,58.32289889
831.3221634,57.6001902
831.4263391,60.13743754
831.5305148,58.76207572
831.6346905,60.10778127
831.7388662,59.81016502
831.8430419,57.15762483
831.9472176,59.40993361
832.0513934,58.07980531
832.1555691,57.91918174
832.2597448,57.97853854
832.3639205,60.99648975
832.4680962,59.77764217
832.5722719,56.26004599
832.6764476,56.20733574
832.7806233,62.01466327
832.884799,58.77626155
832.9889747,59.69591493
833.0931504,59.98084138
833.1973262,58.14451406
833.3015019,59.08829781
833.4056776,57.40973933
833.5098533,55.85256761
833.614029,56.90748642
833.7182047,56.80268769
833.8223804,56.65710982
833.9265561,55
834.0307318,57.576374
834.1349075,55
834.2390833,56.10613199
834.343259,57.8027068
834.4474347,58.55540365
834.5516104,55.75134483
834.6557861,56.92191157
834.7599618,57.52203041
834.8641375,57.22775672
834.9683132,55.24947558
835.0724889,56.06380182
835.1766646,55.29122091
835.2808404,56.29503125
835.3850161,56.95663161
835.4891918,56.23799967
835.5933675,56.94744155
835.6975432,55.69730525
835.8017189,56.78304207
835.9058946,55.85790742
836.0100703,55
836.114246,58.94552097
836.2184217,56.73372983
836.3225974,59.79010825
836.4267732,55.26864184
836.5309489,56.14316144
836.6351246,55.74056445
836.7393003,55
836.843476,56.22733523
836.9476517,56.43813507
837.0518274,57.46254282
837.1560031,57.52069125
837.2601788,55.89129585
837.3643545,55.51038846
837.4685303,57.00726164
837.572706,58.85147838
837.6768817,56.93086358
837.7810574,55
837.8852331,56.87568173
837.9894088,55.73098419
838.0935845,55.5184894
838.1977602,56.85961154
838.3019359,55
838.4061116,57.33439627
838.5102874,55
838.6144631,55
838.7186388,55
838.8228145,56.01047168
838.9269902,56.66488342
839.0311659,56.028514
839.1353416,57.47214621
839.2395173,58.81974306
839.343693,57.10109848
839.4478687,55.02317531
839.5520444,57.60063143
839.6562202,57.28866767
839.7603959,56.95736688
839.8645716,59.02768008
839.9687473,57.40365028
840.072923,55
840.1770987,57.24850893
840.2812744,55
840.3854501,56.20188867
840.4896258,57.03715801
840.5938015,57.3981672
840.6979773,57.68062547
840.802153,55
840.9063287,56.60891836
841.0105044,58.00233151
841.1146801,57.45581798
841.2188558,55
841.3230315,58.17281284
841.4272072,55
841.5313829,56.9393517
841.6355586,55.82491078
841.7397344,57.6927976
841.8439101,56.52631594
841.9480858,57.26375555
842.0522615,58.31066403
842.1564372,59.39828537
842.2606129,57.36888003
842.3647886,55.67020151
842.4689643,55
842.57314,57.95534282
842.6773157,55
842.7814914,55.25614614
842.8856672,55
842.9898429,55.896958
843.0940186,57.66417143
843.1981943,58.07875301
843.30237,56.09158563
843.4065457,55
843.5107214,57.57559121
843.6148971,56.08707454
843.7190728,55.35625699
843.8232485,55.36411502
843.9274243,55.98591763
844.0316,55
844.1357757,57.30608207
844.2399514,55.08476705
844.3441271,56.22995343
844.4483028,55.84119306
844.5524785,55.68570781
844.6566542,56.45661913
844.7608299,55.82338767
844.8650056,55
844.9691814,56.39111404
845.0733571,55
845.1775328,56.6052008
845.2817085,56.58765194
845.3858842,55.38686156
845.4900599,56.35540918
845.5942356,57.16435818
845.6984113,55
845.802587,56.42498582
845.9067627,57.84690836
846.0109384,55
846.1151142,55
846.2192899,56.8121396
846.3234656,59.30314769
846.4276413,55.87135291
846.531817,57.67051991
846.6359927,55
846.7401684,55.52139041
846.8443441,56.46579139
846.9485198,55
847.0526955,55
847.1568713,55
847.261047,56.24842979
847.3652227,55.89952704
847.4693984,56.03781838
847.5735741,57.572613
847.6777498,56.075432
847.7819255,56.32142545
847.8861012,55
847.9902769,57.14021955
848.0944526,56.75756957
848.1986284,55.50145407
848.3028041,57.33814855
848.4069798,57.30895065
848.5111555,58.08110965
848.6153312,56.29429729
848.7195069,55
848.8236826,58.66266023
848.9278583,55.93830018
849.032034,55.79891283
849.1362097,55.87952801
849.2403855,56.30185787
849.3445612,55
849.4487369,56.34429906
849.5529126,55.90823389
849.6570883,55.54826853
849.761264,55
849.8654397,55
849.9696154,55.46702944
850.0737911,55.80029551
850.1779668,57.30451702
850.2821425,55.51549549
850.3863183,55.3519647
850.490494,57.22513048
850.5946697,56.71993842
850.6988454,57.90345645
850.8030211,58.81411621
850.9071968,56.23374808
851.0113725,58.54285966
851.1155482,56.97728132
851.2197239,57.35732516
851.3238996,58.49111011
851.4280754,55
851.5322511,56.71553031
851.6364268,55
851.7406025,57.25735603
851.8447782,55
851.9489539,57.80100356
852.0531296,55.4248217
852.1573053,55.14984786
852.261481,56.44998261
852.3656567,55
852.4698325,56.94846734
852.5740082,56.28820237
852.6781839,55
852.7823596,55.31092574
852.8865353,56.50193355
852.990711,55
853.0948867,56.20379169
853.1990624,55
853.3032381,56.70489286
853.4074138,57.35070527
853.5115895,56.3079697
853.6157653,55.17146954
853.719941,56.96311536
853.8241167,56.20043035
853.9282924,55.47355697
854.0324681,56.81083707
854.1366438,57.33571295
854.2408195,55.54023422
854.3449952,55.92420019
854.4491709,55
854.5533466,56.42885042
854.6575224,55.18343255
854.7616981,57.72502566
854.8658738,56.00329
854.9700495,57.27383281
855.0742252,55
855.1784009,55
855.2825766,58.25877093
855.3867523,56.1824009
855.490928,55.52173636
855.5951037,55.73338872
855.6992795,56.01176267
855.8034552,55.24083009
855.9076309,59.1576493
856.0118066,56.7831309
856.1159823,56.56153394
856.220158,57.00867679
856.3243337,56.66516633
856.4285094,55.81837514
856.5326851,55
856.6368608,55.18402881
856.7410365,56.04156686
856.8452123,57.43373569
856.949388,55.55703914
857.0535637,58.23739502
857.1577394,55.11633758
857.2619151,58.53829086
857.3660908,58.67472263
857.4702665,55
857.5744422,56.7702328
857.6786179,56.97427219
857.7827936,56.96524086
857.8869694,56.99178329
857.9911451,58.31091454
858.0953208,55.41153963
858.1994965,55
858.3036722,56.00768123
858.4078479,56.9571537
858.5120236,55.10035729
858.6161993,57.49015655
858.720375,57.4104587
858.8245507,58.95960579
858.9287265,58.17883411
859.0329022,57.23192706
859.1370779,56.21552737
859.2412536,55
859.3454293,56.83960455
859.449605,57.65592326
859.5537807,56.84622444
859.6579564,55.91708175
859.7621321,58.79976136
859.8663078,55
859.9704835,56.23473777
860.0746593,57.09053039
860.178835,56.98513094
860.2830107,55.87507983
860.3871864,55.5140497
860.4913621,57.88057132
860.5955378,55
860.6997135,55
860.8038892,55.63453538
860.9080649,55
861.0122406,55
861.1164164,56.10643278
861.2205921,58.85203513
861.3247678,56.46030767
861.4289435,56.68916765
861.5331192,57.72278849
861.6372949,57.02601502
861.7414706,55
861.8456463,55.69478942
861.949822,56.37725052
862.0539977,57.48613046
862.1581735,55
862.2623492,55.41493039
862.3665249,58.47603612
862.4707006,58.73774871
862.5748763,57.33227195
862.679052,58.10303204
862.7832277,56.18461879
862.8874034,56.52047861
862.9915791,55.34200123
863.0957548,58.99918741
863.1999305,57.56309323
863.3041063,56.28753556
863.408282,56.67786591
863.5124577,58.17066609
863.6166334,57.63979107
863.7208091,55
863.8249848,58.61942728
863.9291605,56.80858339
864.0333362,57.41424355
864.1375119,57.51442015
864.2416876,56.93466524
864.3458634,56.2311131
864.4500391,55
864.5542148,55
864.6583905,55.77902604
864.7625662,55.6514183
864.8667419,56.32334161
864.9709176,56.49727487
865.0750933,57.47966529
865.179269,55.08676409
865.2834447,55.9413194
865.3876205,55
865.4917962,55
865.5959719,55.13977586
865.7001476,55
865.8043233,56.73795895
865.908499,55.54042258
866.0126747,57.81165195
866.1168504,57.18889183
866.2210261,55
866.3252018,57.44033289
866.4293776,57.48341198
866.5335533,55.39811198
866.637729,55.83653246
866.7419047,56.18195258
866.8460804,56.99788683
866.9502561,56.05296505
867.0544318,58.5014745
867.1586075,55
867.2627832,57.56312603
867.3669589,58.16665415
867.4711346,55
867.5753104,55
867.6794861,55
867.7836618,57.78638941
867.8878375,57.50426425
867.9920132,55.19302921
868.0961889,59.05531295
868.2003646,56.30815173
868.3045403,56.9725902
868.408716,55
868.5128917,57.00413966
868.6170675,58.01488209
868.7212432,57.20319767
868.8254189,56.77087739
868.9295946,59.68340653
869.0337703,57.32952835
869.137946,55.65514001
869.2421217,57.22249499
869.3462974,56.97315912
869.4504731,56.60266884
869.5546488,59.12082405
869.6588246,57.82473537
869.7630003,55
869.867176,56.89494308
869.9713517,58.04330439
870.0755274,55
870.1797031,56.01598106
870.2838788,55.82656227
870.3880545,56.63706318
870.4922302,55
870.5964059,59.69143857
870.7005816,56.70820061
870.8047574,55.99236217
870.9089331,56.39391243
871.0131088,55.02191257
871.1172845,57.21380697
871.2214602,55.86446816
871.3256359,57.00041516
871.4298116,56.74433763
871.5339873,55
871.638163,61.05773283
871.7423387,58.22116527
871.8465145,55
871.9506902,55
872.0548659,55.20014827
872.1590416,55
872.2632173,56.4446672
872.367393,57.27842066
872.4715687,55
872.5757444,58.0115963
872.6799201,56.84240794
872.7840958,55
872.8882716,56.54436724
872.9924473,56.44908636
873.096623,55
873.2007987,57.25104229
873.3049744,56.65481337
873.4091501,56.91603597
873.5133258,55.86095303
873.6175015,58.07475399
873.7216772,57.51268646
873.8258529,55
873.9300286,56.58857197
874.0342044,55.91769497
874.1383801,55.67286513
874.2425558,55
874.3467315,57.81806936
874.4509072,56.59822474
874.5550829,56.03578612
874.6592586,59.00085697
874.7634343,57.01287612
874.86761,56.36455598
874.9717857,58.23277186
875.0759615,57.02717075
875.1801372,55.44477588
875.2843129,58.73633635
875.3884886,55
875.4926643,56.30222644
875.59684,57.62864
875.7010157,56.75542931
875.8051914,58.53479384
875.9093671,56.84432373
876.0135428,55.93935319
876.1177186,55
876.2218943,60.03726092
876.32607,55
876.4302457,55.66932544
876.5344214,56.78487418
876.6385971,56.16417445
876.7427728,55
876.8469485,56.17709105
876.9511242,55.66666817
877.0552999,56.59826653
877.1594756,58.70459876
877.2636514,56.24850446
877.3678271,56.58294258
877.4720028,55.28727212
877.5761785,55
877.6803542,55.47852663
877.7845299,58.37569059
877.8887056,55
877.9928813,55.50188964
878.097057,55.18990129
878.2012327,55.79725816
878.3054085,55.68906169
878.4095842,55.92980428
878.5137599,56.5395674
878.6179356,55.08222237
878.7221113,56.39231676
878.826287,55.82515506
878.9304627,56.55167254
879.0346384,58.89869517
879.1388141,57.15916923
879.2429898,56.82338066
879.3471656,55.02094676
879.4513413,55
879.555517,55.63778639
879.6596927,55
879.7638684,56.19004304
879.8680441,56.19576029
879.9722198,56.87172883
880.0763955,55
880.1805712,56.9994869
880.2847469,55
880.3889226,56.86998444
880.4930984,56.75402394
880.5972741,55.99907589
880.7014498,59.05748632
880.8056255,57.97332778
880.9098012,55.41139169
881.0139769,55
881.1181526,56.66321969
881.2223283,57.06856112
881.326504,55
881.4306797,55
881.5348555,55
881.6390312,55.30020439
881.7432069,55.56563479
881.8473826,57.98526443
881.9515583,55.02605261
882.055734,57.05148423
882.1599097,57.54704885
882.2640854,58.24723788
882.3682611,56.29215733
882.4724368,55.92869691
882.5766126,56.09093034
882.6807883,55
882.784964,57.13878409
882.8891397,55.97765804
882.9933154,57.88350914
883.0974911,57.38669131
883.2016668,55
883.3058425,55
883.4100182,57.7899944
883.5141939,55
883.6183697,55
883.7225454,55.64555875
883.8267211,56.3805737
883.9308968,55.72274102
884.0350725,57.40560287
884.1392482,58.64760185
884.2434239,55
884.3475996,55.6481244
884.4517753,56.4191119
884.555951,55.40031595
884.6601267,56.7833158
884.7643025,58.04208042
884.8684782,57.47171534
884.9726539,55
885.0768296,56.14140592
885.1810053,57.2019627
885.285181,55
885.3893567,55.9839378
885.4935324,55.0839763
885.5977081,55.20074373
885.7018838,58.22742042
885.8060596,57.08689581
885.9102353,57.72300842
886.014411,55
886.1185867,59.54571587
886.2227624,55
886.3269381,55.17590296
886.4311138,57.44166536
886.5352895,57.62193654
886.6394652,58.62945771
886.7436409,57.75171177
886.8478167,55.06162092
886.9519924,58.18869553
887.0561681,55
887.1603438,55
887.2645195,55.0363943
887.3686952,55
887.4728709,57.11797003
887.5770466,55.75073034
887.6812223,56.33575351
887.785398,56.18161158
887.8895737,55
887.9937495,57.5890254
888.0979252,55
888.2021009,57.25949009
888.3062766,55.19048905
888.4104523,58.16229345
888.514628,55
888.6188037,57.04988511
888.7229794,55.54491534
888.8271551,57.97891052
888.9313308,55.68111524
889.0355066,57.62302163
889.1396823,56.02064788
889.243858,59.22131939
889.3480337,55.77850802
889.4522094,56.12915399
889.5563851,55
889.6605608,58.55579678
889.7647365,58.10114874
889.8689122,58.15049226
889.9730879,55
890.0772637,55
890.1814394,57.53065409
890.2856151,56.66945362
890.3897908,56.17870383
890.4939665,55
890.5981422,56.28302815
890.7023179,57.25235863
890.8064936,55
890.9106693,60.84147401
891.014845,55
891.1190207,55
891.2231965,55
891.3273722,57.68793585
891.4315479,55.75508848
891.5357236,57.67000213
891.6398993,55.81813448
891.744075,55.47612476
891.8482507,55
891.9524264,55.34761512
892.0566021,55.86740096
892.1607778,55.36232927
892.2649536,56.53774605
892.3691293,58.40073156
892.473305,55.39716078
892.5774807,56.15827862
892.6816564,55
892.7858321,56.97376024
892.8900078,56.39915405
892.9941835,57.343781
893.0983592,56.59623847
893.2025349,56.54554685
893.3067107,55.22501033
893.4108864,58.79034792
893.5150621,55.53472894
893.6192378,57.39063878
893.7234135,57.85307651
893.8275892,55.69012381
893.9317649,57.01777909
894.0359406,55.19351112
894.1401163,57.2835155
894.244292,55
894.3484677,55
894.4526435,55
894.5568192,55.62042121
894.6609949,56.93266712
894.7651706,55
894.8693463,56.05440355
894.973522,55
895.0776977,55.41966396
895.1818734,56.53296208
895.2860491,55.02274942
895.3902248,55.77058377
895.4944006,57.89638299
895.5985763,55.87776162
895.702752,58.50147463
895.8069277,56.51961597
895.9111034,56.14956999
896.0152791,55.73190154
896.1194548,57.31871748
896.2236305,55.8751392
896.3278062,55
896.4319819,55.27273
896.5361577,56.00218696
896.6403334,55
896.7445091,55.73947701
896.8486848,57.2786936
896.9528605,55.13001217
897.0570362,55.46795496
897.1612119,56.89814816
897.2653876,56.35063265
897.3695633,56.14373181
897.473739,57.15329885
897.5779147,58.03161574
897.6820905,55
897.7862662,56.85931662
897.8904419,55
897.9946176,58.90164055
898.0987933,55.3388007
898.202969,56.47602553
898.3071447,55
898.4113204,57.3084981
898.5154961,57.65174755
898.6196718,56.31443413
898.7238476,55
898.8280233,56.27148513
898.932199,57.58021198
899.0363747,57.10207737
899.1405504,55
899.2447261,55.23018772
899.3489018,56.88548881
899.4530775,55.56641531
899.5572532,55.41968042
899.6614289,56.7600823
899.7656047,56.96418274
899.8697804,57.64858016
899.9739561,60.19799655
900.0781318,55.28138167
900.1823075,56.48124333
900.2864832,57.56651009
900.3906589,56.95866259
900.4948346,57.51082516
900.5990103,55
900.703186,56.43694815
900.8073618,55.17307045
900.9115375,60.46340376
901.0157132,57.26876051
901.1198889,55.09512297
901.2240646,55
901.3282403,55.34488222
901.432416,55.10051916
901.5365917,57.88539965
901.6407674,59.11622422
901.7449431,55.80492885
901.8491188,55.40479123
901.9532946,57.60054564
902.0574703,56.9646605
902.161646,58.07667514
902.2658217,56.27049648
902.3699974,56.27439859
902.4741731,55
902.5783488,55.83405154
902.6825245,55
902.7867002,56.11441891
902.8908759,55
902.9950517,55
903.0992274,55.41720388
903.2034031,55.64968632
903.3075788,56.268403
903.4117545,55
903.5159302,57.60378282
903.6201059,56.77743981
903.7242816,55
903.8284573,58.31606051
903.932633,55.56407002
904.0368088,55
904.1409845,55.15000265
904.2451602,56.75524201
904.3493359,55.74738476
904.4535116,57.56889788
904.5576873,55
904.661863,59.52722323
904.7660387,56.28032255
904.8702144,59.44423272
904.9743901,55.89187029
905.0785658,56.21626313
905.1827416,56.42164474
905.2869173,55.22063563
905.391093,55.70375546
905.4952687,59.44808997
905.5994444,56.12030097
905.7036201,55.68957487
905.8077958,55.81503714
905.9119715,55
906.0161472,56.8019571
906.1203229,55.0174588
906.2244987,58.25626617
906.3286744,57.86189018
906.4328501,56.19917463
906.5370258,55.22136792
906.6412015,55
906.7453772,55.72627763
906.8495529,58.2139688
906.9537286,55.75726609
907.0579043,56.09652712
907.16208,59.63348027
907.2662558,58.13787005
907.3704315,58.20001739
907.4746072,57.28877124
907.5787829,56.61693373
907.6829586,55.01364382
907.7871343,56.56788359
907.89131,57.60928313
907.9954857,57.93036958
908.0996614,56.06892295
908.2038371,56.02812598
908.3080128,55.43405039
908.4121886,55
908.5163643,55.68405811
908.62054,55.46318226
908.7247157,55.49513271
908.8288914,55
908.9330671,55
909.0372428,57.58396627
909.1414185,55.55265099
909.2455942,55
909.3497699,60.06443943
909.4539457,55
909.5581214,56.49060225
909.6622971,56.75663514
909.7664728,55
909.8706485,55.71437356
909.9748242,56.01568501
910.0789999,57.09110486
910.1831756,56.41235361
910.2873513,57.38830832
910.391527,56.45085892
910.4957028,55
910.5998785,56.1575102
910.7040542,55.17326155
910.8082299,56.85407836
910.9124056,55
911.0165813,56.74341556
911.120757,56.3904205
911.2249327,56.9148641
911.3291084,56.53541455
911.4332841,56.67598164
911.5374598,57.01709884
911.6416356,57.10880277
911.7458113,58.26025112
911.849987,56.62070595
911.9541627,59.05027262
912.0583384,58.20837447
912.1625141,57.74116075
912.2666898,57.29637403
912.3708655,56.93300448
912.4750412,55.69927285
912.5792169,57.38437854
912.6833927,56.33868381
912.7875684,55
912.8917441,55
912.9959198,57.5012483
913.1000955,58.20539064
913.2042712,57.15407725
913.3084469,57.12066731
913.4126226,55
913.5167983,56.17936708
913.620974,55
913.7251498,55
913.8293255,55
913.9335012,55.53410792
914.0376769,55.06591866
914.1418526,55.06550193
914.2460283,57.66102038
914.350204,60.89065081
914.4543797,57.58566477
914.5585554,57.87360087
914.6627311,55.83616354
914.7669068,56.7889152
914.8710826,57.16997635
914.9752583,58.23733712
915.079434,58.30490051
915.1836097,57.47106031
915.2877854,55
915.3919611,55
915.4961368,56.89502773
915.6003125,55
915.7044882,58.53342566
915.8086639,58.0774353
915.9128397,57.14811328
916.0170154,55
916.1211911,57.30346749
916.2253668,55.58708846
916.3295425,55
916.4337182,55.83841467
916.5378939,55.60506923
916.6420696,56.64866196
916.7462453,59.07163022
916.850421,57.11005385
916.9545968,56.95589427
917.0587725,55
917.1629482,57.43221489
917.2671239,55.51728965
917.3712996,55.77650062
917.4754753,58.07528867
917.579651,55
917.6838267,56.78972047
917.7880024,57.25689677
917.8921781,55.39916714
917.9963539,55
918.1005296,57.598901
918.2047053,57.9871191
918.308881,57.96580039
918.4130567,55
918.5172324,57.89142331
918.6214081,60.55405803
918.7255838,57.41897948
918.8297595,56.73652764
918.9339352,57.49596986
919.0381109,55
919.1422867,55.08447861
919.2464624,56.16748387
919.3506381,57.80922555
919.4548138,56.18415741
919.5589895,56.64529395
919.6631652,58.39986973
919.7673409,57.44360467
919.8715166,55
919.9756923,56.39717029
920.079868,56.4656616
920.1840438,55
920.2882195,55.95255671
920.3923952,55
920.4965709,57.22640767
920.6007466,55.75198676
920.7049223,56.28043114
920.809098,55.61638693
920.9132737,55.33575077
921.0174494,57.20683702
921.1216251,55.49250368
921.2258009,56.20272467
921.3299766,55.00632877
921.4341523,57.00568372
921.538328,55.8156979
921.6425037,55.12539872
921.7466794,56.0328346
921.8508551,56.96856419
921.9550308,58.26691348
922.0592065,55
922.1633822,55.01871544
922.2675579,55.58927822
922.3717337,55
922.4759094,56.26240512
922.5800851,55
922.6842608,55
922.7884365,57.50314003
922.8926122,57.75222435
922.9967879,55.37630478
923.1009636,55.14864945
923.2051393,55
923.309315,56.68947797
923.4134908,58.74852685
923.5176665,55.667034
923.6218422,56.36403312
923.7260179,55.95793018
923.8301936,58.40260457
923.9343693,55
924.038545,55.47098224
924.1427207,55.99522846
924.2468964,55.24596325
924.3510721,58.13861489
924.4552479,57.496381
924.5594236,55.42493294
924.6635993,57.17303535
924.767775,55.63771884
924.8719507,56.39529004
924.9761264,57.14905429
925.0803021,55.91407157
925.1844778,55
925.2886535,58.98535182
925.3928292,56.4181204
925.4970049,55
925.6011807,57.39841517
925.7053564,55
925.8095321,55.65235279
925.9137078,58.5240988
926.0178835,55
926.1220592,60.31009554
926.2262349,55.41038033
926.3304106,55.98330178
926.4345863,58.08469609
926.538762,55
926.6429378,55
926.7471135,55.29833165
926.8512892,55.66708892
926.9554649,55.49664847
927.0596406,57.06533592
927.1638163,55.15791709
927.267992,56.8314429
927.3721677,57.5280878
927.4763434,56.85682313
927.5805191,55
927.6846949,56.27443052
927.7888706,56.08382898
927.8930463,55
927.997222,56.87188223
928.1013977,55.62889815
928.2055734,56.15495877
928.3097491,55.7166998
928.4139248,56.61279164
928.5181005,56.15245632
928.6222762,57.02205077
928.7264519,55.91357562
928.8306277,56.13835043
928.9348034,58.4234654
929.0389791,55
929.1431548,56.84871807
929.2473305,55
929.3515062,56.64001127
929.4556819,58.93281618
929.5598576,56.12965338
929.6640333,55.65852204
929.768209,55
929.8723848,59.43727917
929.9765605,56.9547931
930.0807362,57.98290349
930.1849119,55
930.2890876,57.02815406
930.3932633,55.52752702
930.497439,55.38051373
930.6016147,55.84968886
930.7057904,56.98111379
930.8099661,58.13738614
930.9141419,55
931.0183176,56.24688116
931.1224933,58.27442899
931.226669,57.19737502
931.3308447,56.90319901
931.4350204,58.75191957
931.5391961,55.38620346
931.6433718,55
931.7475475,56.66212431
931.8517232,57.07000635
931.9558989,57.58833548
932.0600747,57.61400513
932.1642504,57.53276459
932.2684261,55.94064926
932.3726018,56.35015291
932.4767775,56.11030036
932.5809532,55.67831342
932.6851289,56.27928826
932.7893046,59.95501356
932.8934803,55.79392651
932.997656,57.91447992
933.1018318,55
933.2060075,57.45953311
933.3101832,56.17442665
933.4143589,55.50723987
933.5185346,57.79199695
933.6227103,55
933.726886,55.82065268
933.8310617,56.09438538
933.9352374,57.96780739
934.0394131,57.47255121
934.1435889,55.78751065
934.2477646,55
934.3519403,56.07114193
934.456116,57.79972324
934.5602917,57.64963877
934.6644674,55
934.7686431,56.22057244
934.8728188,55.73141274
934.9769945,55.95500337
935.0811702,56.38526004
935.185346,58.1957996
935.2895217,57.86509948
935.3936974,55
935.4978731,61.51533202
935.6020488,55.15874574
935.7062245,56.87258347
935.8104002,55.85391644
935.9145759,56.37085273
936.0187516,55
936.1229273,55
936.227103,55
936.3312788,56.52227944
936.4354545,60.8810117
936.5396302,56.52864994
936.6438059,57.20362279
936.7479816,56.97281505
936.8521573,56.68231207
936.956333,55.59549941
937.0605087,56.03757069
937.1646844,56.12526204
937.2688601,57.7439132
937.3730359,57.49672769
937.4772116,55.88219163
937.5813873,55
937.685563,56.89782407
937.7897387,58.20098238
937.8939144,55
937.9980901,59.76337356
938.1022658,56.35989818
938.2064415,56.08430861
938.3106172,55.82391232
938.414793,58.79511956
938.5189687,57.94091341
938.6231444,56.07219087
938.7273201,59.92901188
938.8314958,57.17927124
938.9356715,55.29963464
939.0398472,55.46964172
939.1440229,57.86828816
939.2481986,55
939.3523743,55
939.45655,55.73443875
939.5607258,56.95452142
939.6649015,57.66236556
939.7690772,55.94554463
939.8732529,57.3295953
939.9774286,55
940.0816043,57.04988144
940.18578,56.14225892
940.2899557,55.53716689
940.3941314,55.0069383
940.4983071,57.08263289
940.6024829,55.71715192
940.7066586,56.83409497
940.8108343,57.4239355
940.91501,59.83041214
941.0191857,57.84611926
941.1233614,55
941.2275371,57.70391073
941.3317128,55.19708687
941.4358885,58.45909784
941.5400642,56.3322519
941.64424,55.33942997
941.7484157,56.61422572
941.8525914,56.57180242
941.9567671,56.11821183
942.0609428,55.79879089
942.1651185,55.09994219
942.2692942,56.45628609
942.3734699,55
942.4776456,57.11005326
942.5818213,55
942.685997,55.90975897
942.7901728,55.00741472
942.8943485,56.02154544
942.9985242,57.95548064
943.1026999,55
943.2068756,55
943.3110513,55
943.415227,55
943.5194027,57.02358238
943.6235784,56.61122894
943.7277541,58.50790924
943.8319299,56.80481237
943.9361056,56.35757619
944.0402813,55.57092077
944.144457,58.45387894
944.2486327,56.69851404
944.3528084,55.59451024
944.4569841,55.44426737
944.5611598,55.65421796
944.6653355,55.58845591
944.7695112,55.46013565
944.873687,57.32387668
944.9778627,55.04494693
945.0820384,57.17568075
945.1862141,55.57601473
945.2903898,55
945.3945655,55.08224405
945.4987412,55
945.6029169,55
945.7070926,55.00742052
945.8112683,55.68902231
945.915444,55.41893025
946.0196198,55
946.1237955,55.56522839
946.2279712,57.32127074
946.3321469,57.7058899
946.4363226,55
946.5404983,55
946.644674,55
946.7488497,57.00079105
946.8530254,57.51651503
946.9572011,56.91581949
947.0613769,56.76592419
947.1655526,57.36821898
947.2697283,55
947.373904,55
947.4780797,55.84605756
947.5822554,55
947.6864311,55
947.7906068,55
947.8947825,55
947.9989582,57.05446466
948.103134,56.91154207
948.2073097,56.42385023
948.3114854,55.24182103
948.4156611,56.25862327
948.5198368,57.54167652
948.6240125,55
948.7281882,56.07803475
948.8323639,55.94149117
948.9365396,57.64577787
949.0407153,58.00968048
949.144891,57.99533835
949.2490668,58.03883114
949.3532425,55
949.4574182,56.50371901
949.5615939,55.2735723
949.6657696,57.19636152
949.7699453,57.67398309
949.874121,57.25883993
949.9782967,55
950.0824724,55.01194315
950.1866481,55.81535974
950.2908239,56.4308929
950.3949996,57.93343156
950.4991753,58.87593598
950.603351,55
950.7075267,56.09506667
950.8117024,57.9009207
950.9158781,55
951.0200538,57.90977645
951.1242295,56.27065037
951.2284052,55.72690039
951.332581,56.81425954
951.4367567,55.50852979
951.5409324,59.4628061
951.6451081,59.28461702
951.7492838,55.34160606
951.8534595,56.20736448
951.9576352,60.84495628
952.0618109,58.4333987
952.1659866,56.47352232
952.2701623,56.67512785
952.3743381,57.18324285
952.4785138,55.77614203
952.5826895,57.97176443
952.6868652,56.12773196
952.7910409,55.66525156
952.8952166,56.87287197
952.9993923,57.61929489
953.103568,56.13629675
953.2077437,55.0148808
953.3119194,57.32615982
953.4160951,55.83560076
953.5202709,58.03297779
953.6244466,55.11224506
953.7286223,56.99163057
953.832798,57.62629779
953.9369737,55.72224765
954.0411494,58.80826292
954.1453251,56.31302302
954.2495008,56.07593602
954.3536765,58.11772553
954.4578522,55.66436332
954.562028,56.10994011
954.6662037,57.38336545
954.7703794,58.48116664
954.8745551,56.93709219
954.9787308,55.53149906
955.0829065,56.9753181
955.1870822,55
955.2912579,56.88200055
955.3954336,56.34256181
955.4996093,55
955.6037851,57.15248203
955.7079608,56.3624102
955.8121365,57.18365021
955.9163122,56.7557167
956.0204879,56.09991937
956.1246636,56.32263203
956.2288393,55.77657047
956.333015,55.10422119
956.4371907,56.21799652
956.5413664,56.50095357
956.6455421,55
956.7497179,55
956.8538936,55.60420199
956.9580693,55
957.062245,55
957.1664207,55.12083977
957.2705964,55
957.3747721,55
957.4789478,56.34415557
957.5831235,55
957.6872992,56.95852606
957.791475,56.89063308
957.8956507,55.10506551
957.9998264,57.48049575
958.1040021,57.47913345
958.2081778,55.69582957
958.3123535,55
958.4165292,55
958.5207049,56.78916483
958.6248806,58.19895372
958.7290563,55.50946121
958.8332321,58.47452945
958.9374078,57.38693811
959.0415835,55.73393713
959.1457592,55
959.2499349,56.9672116
959.3541106,56.64720838
959.4582863,55
959.562462,55.62336538
959.6666377,56.42459358
959.7708134,55.43171252
959.8749891,55.01517845
959.9791649,55.24708357
960.0833406,57.93763064
960.1875163,57.98501663
960.291692,55.69772811
960.3958677,56.33098925
960.5000434,55
960.6042191,58.54591182
960.7083948,56.82546797
960.8125705,56.41030365
960.9167462,57.12415437
961.020922,58.39202345
961.1250977,57.34489244
961.2292734,55
961.3334491,55.72861517
961.4376248,57.13309392
961.5418005,57.27440815
961.6459762,55
961.7501519,57.38157361
961.8543276,55.66565892
961.9585033,55.11764753
962.0626791,55
962.1668548,55
962.2710305,56.49569266
962.3752062,55.95321236
962.4793819,57.46408335
962.5835576,55.73755811
962.6877333,56.66369503
962.791909,57.72238162
962.8960847,55.30327953
963.0002604,56.86734762
963.1044361,55.45446612
963.2086119,55.27714453
963.3127876,55
963.4169633,56.07902429
963.521139,57.11293114
963.6253147,57.55065337
963.7294904,55.79375679
963.8336661,55.51744277
963.9378418,55
964.0420175,55.78904684
964.1461932,58.05837533
964.250369,56.11488414
964.3545447,55.06389308
964.4587204,57.191711
964.5628961,55
964.6670718,55
964.7712475,55
964.8754232,56.77871155
964.9795989,55
965.0837746,55.42243046
965.1879503,55.10888509
965.2921261,57.17308857
965.3963018,56.74754051
965.5004775,57.79842407
965.6046532,58.26160748
965.7088289,57.17307648
965.8130046,57.64363555
965.9171803,56.33727425
966.021356,55.4078107
966.1255317,55.4305562
966.2297074,56.77093651
966.3338831,57.13830877
966.4380589,58.84573585
966.5422346,55
966.6464103,55
966.750586,56.74014807
966.8547617,56.06743995
966.9589374,57.89018075
967.0631131,57.8325082
967.1672888,55.96483298
967.2714645,55.47454751
967.3756402,56.55461222
967.479816,56.28893104
967.5839917,57.24663954
967.6881674,55.46251354
967.7923431,55.94405392
967.8965188,55.28170541
968.0006945,55
968.1048702,55
968.2090459,55
968.3132216,57.88130301
968.4173973,55.51795953
968.5215731,58.59086631
968.6257488,55.85665405
968.7299245,57.36536754
968.8341002,55
968.9382759,58.76021394
969.0424516,56.36336817
969.1466273,55
969.250803,56.86988252
969.3549787,55
969.4591544,56.77056463
969.5633302,56.85147252
969.6675059,56.18589238
969.7716816,56.57635089
969.8758573,56.75668271
969.980033,55.06013532
970.0842087,56.83030859
970.1883844,55.39766929
970.2925601,58.1157567
970.3967358,55.8518694
970.5009115,55
970.6050872,55.98902633
970.709263,57.06244353
970.8134387,55
970.9176144,55
971.0217901,55
971.1259658,55.42963417
971.2301415,55
971.3343172,55
971.4384929,55
971.5426686,56.24726501
971.6468443,55.33641409
971.7510201,55
971.8551958,56.36244002
971.9593715,55
972.0635472,57.84728619
972.1677229,56.15631009
972.2718986,56.18252562
972.3760743,55.85689033
972.48025,55.61205042
972.5844257,57.32630968
972.6886014,58.01162481
972.7927772,55
972.8969529,55.03988946
973.0011286,57.79140798
973.1053043,55.03401323
973.20948,57.27391639
973.3136557,55
973.4178314,56.74099075
973.5220071,56.11528912
973.6261828,55.21110875
973.7303585,57.55736935
973.8345342,57.3399912
973.93871,55.28306467
974.0428857,55.55661663
974.1470614,55
974.2512371,56.78229262
974.3554128,57.62532559
974.4595885,55.59904361
974.5637642,55
974.6679399,56.89220226
974.7721156,55.50805202
974.8762913,55.77830444
974.9804671,55.87177684
975.0846428,57.39464836
975.1888185,55
975.2929942,55
975.3971699,55.94095163
975.5013456,55.00543543
975.6055213,55
975.709697,55
975.8138727,55.21856903
975.9180484,55
976.0222242,56.95255872
976.1263999,55.17357335
976.2305756,56.33993714
976.3347513,57.38071958
976.438927,56.09901419
976.5431027,55.78245568
976.6472784,55
976.7514541,57.20539762
976.8556298,55
976.9598055,56.37640634
977.0639812,55
977.168157,55
977.2723327,56.0593579
977.3765084,55
977.4806841,55
977.5848598,56.89248
977.6890355,56.11892054
977.7932112,55
977.8973869,56.03450734
978.0015626,55
978.1057383,55.66641688
978.2099141,55
978.3140898,57.74783332
978.4182655,55.86727384
978.5224412,55
978.6266169,58.46702806
978.7307926,55
978.8349683,56.87785413
978.939144,56.88520279
979.0433197,55.2171594
979.1474954,55
979.2516712,55.47594056
979.3558469,55
979.4600226,56.81195347
979.5641983,57.4435604
979.668374,55.15822671
979.7725497,55.26494576
979.8767254,55
979.9809011,55.31471687
980.0850768,56.22899444
980.1892525,55
980.2934282,56.02368859
980.397604,57.33480378
980.5017797,55
980.6059554,57.8966846
980.7101311,55
980.8143068,58.99734144
980.9184825,55
981.0226582,55
981.1268339,55
981.2310096,56.89064428
981.3351853,56.45602735
981.4393611,55
981.5435368,55
981.6477125,55
981.7518882,55.06734471
981.8560639,55
981.9602396,55.90808737
982.0644153,56.49173997
982.168591,55.31284422
982.2727667,55
982.3769424,56.20460643
982.4811182,55
982.5852939,59.92270332
982.6894696,57.96908004
982.7936453,59.8375271
982.897821,56.17946742
983.0019967,56.59913673
983.1061724,55.33393925
983.2103481,55.06972454
983.3145238,56.59824435
983.4186995,55
983.5228752,55
983.627051,55
983.7312267,58.20322535
983.8354024,55.9997584
983.9395781,55.98527884
984.0437538,55
984.1479295,55
984.2521052,57.55855277
984.3562809,56.05415626
984.4604566,55
984.5646323,56.48902642
984.6688081,58.85308436
984.7729838,56.05873346
984.8771595,55
984.9813352,56.85573947
985.0855109,56.48147108
985.1896866,55
985.2938623,56.13885963
985.398038,55
985.5022137,56.24554107
985.6063894,55.94090853
985.7105652,55
985.8147409,56.55955978
985.9189166,56.12992012
986.0230923,55
986.127268,56.13411945
986.2314437,55.06400523
986.3356194,55
986.4397951,55
986.5439708,55.65270144
986.6481465,55.17534085
986.7523223,56.05533366
986.856498,56.53708543
986.9606737,57.50874935
987.0648494,55.60265314
987.1690251,55.60470676
987.2732008,57.33324722
987.3773765,56.02931353
987.4815522,57.15528136
987.5857279,56.94205925
987.6899036,56.38318259
987.7940793,56.94966033
987.8982551,56.34337091
988.0024308,55
988.1066065,56.74252804
988.2107822,55
988.3149579,55
988.4191336,55
988.5233093,55
988.627485,55.07283247
988.7316607,55
988.8358364,55
988.9400122,55
989.0441879,57.24738086
989.1483636,58.24119428
989.2525393,55.29591138
989.356715,55
989.4608907,58.07945012
989.5650664,56.40014423
989.6692421,55
989.7734178,57.01187001
989.8775935,55.60409041
989.9817693,56.1965742
990.085945,55.51232062
990.1901207,56.2103827
990.2942964,55
990.3984721,55.43196046
990.5026478,55
990.6068235,57.53923577
990.7109992,55
990.8151749,55.12571454
990.9193506,55
991.0235263,55.17418548
991.1277021,55.81174591
991.2318778,55.19632052
991.3360535,57.34180412
991.4402292,55.46606186
991.5444049,55
991.6485806,55
991.7527563,55
991.856932,55.92663113
991.9611077,55.34035124
992.0652834,55.11726647
992.1694592,56.75711377
992.2736349,56.65769352
992.3778106,55.42422978
992.4819863,55
992.586162,56.34558957
992.6903377,55
992.7945134,55.7157131
992.8986891,55.15895026
993.0028648,55
993.1070405,55
993.2112163,55.36791453
993.315392,55.75557048
993.4195677,55
993.5237434,55.96820247
993.6279191,55
993.7320948,55
993.8362705,55
993.9404462,55.30036402
994.0446219,56.99570899
994.1487976,55.63186672
994.2529733,55
994.3571491,55
994.4613248,55.44935033
994.5655005,55
994.6696762,56.7609776
994.7738519,55
994.8780276,56.08844545
994.9822033,55
995.086379,56.07967487
995.1905547,58.07383647
995.2947304,55
995.3989062,55
995.5030819,55.70101454
995.6072576,55
995.7114333,55.97759312
995.815609,55
995.9197847,55
996.0239604,55.60046446
996.1281361,56.18944996
996.2323118,55
996.3364875,55
996.4406633,55
996.544839,57.77092141
996.6490147,55.47797944
996.7531904,55
996.8573661,55
996.9615418,56.46467963
997.0657175,55
997.1698932,55.40900113
997.2740689,57.822241
997.3782446,55.36110285
997.4824203,55
997.5865961,55.37134132
997.6907718,55
997.7949475,56.79890422
997.8991232,55.37456433
998.0032989,56.752671
998.1074746,55
998.2116503,56.58661483
998.315826,55
998.4200017,56.2321784
998.5241774,57.3397798
998.6283532,55
998.7325289,56.31852791
998.8367046,56.43273199
998.9408803,55
999.045056,55
999.1492317,55.69205833
999.2534074,55
999.3575831,58.32257107
999.4617588,57.41674277
999.5659345,55
999.6701103,56.95211194
999.774286,57.76054585
999.8784617,55
999.9826374,55
1000.086813,55.59310068
1000.190989,57.81531891
1000.295165,55
1000.39934,55
1000.503516,55.88318695
1000.607692,55.16857574
1000.711867,55
1000.816043,57.40961063
1000.920219,55.35024516
1001.024394,55.24354313
1001.12857,56.35940135
1001.232746,55
1001.336922,58.09576753
1001.441097,57.96068377
1001.545273,56.229161
1001.649449,55.22208479
1001.753624,56.19167427
1001.8578,55
1001.961976,56.14360412
1002.066152,55
1002.170327,55.21109572
1002.274503,55
1002.378679,57.14573934
1002.482854,56.40578331
1002.58703,55.39832625
1002.691206,58.6151518
1002.795382,56.29047914
1002.899557,56.44282349
1003.003733,55.45579033
1003.107909,59.1438433
1003.212084,55
1003.31626,55
1003.420436,57.99093121
1003.524612,57.21165315
1003.628787,57.66960997
1003.732963,56.07044011
1003.837139,56.39107178
1003.941314,58.08131862
1004.04549,57.37573636
1004.149666,56.81927332
1004.253841,55
1004.358017,55
1004.462193,57.35709644
1004.566369,55
1004.670544,56.69351391
1004.77472,56.28787801
1004.878896,55
1004.983071,55.88570128
1005.087247,55.28809626
1005.191423,57.95455253
1005.295599,56.47040277
1005.399774,55.02530475
1005.50395,55.6331622
1005.608126,55.5158927
1005.712301,55
1005.816477,55.12056497
1005.920653,56.93372273
1006.024829,55.71199305
1006.129004,56.26384832
1006.23318,57.29584808
1006.337356,55.30065101
1006.441531,56.9294808
1006.545707,55
1006.649883,58.27170617
1006.754059,55
1006.858234,55
1006.96241,55.49545443
1007.066586,55
1007.170761,55.78824634
1007.274937,58.18252414
1007.379113,56.11189652
1007.483288,57.31580477
1007.587464,56.87650953
1007.69164,57.44671887
1007.795816,55.12098645
1007.899991,55
1008.004167,55
1008.108343,55
1008.212518,55.21733769
1008.316694,55
1008.42087,56.93942872
1008.525046,55
1008.629221,57.26431602
1008.733397,58.27328196
1008.837573,58.61860802
1008.941748,55.24720404
1009.045924,55
1009.1501,56.45199022
1009.254276,56.78610757
1009.358451,57.24776828
1009.462627,56.46057161
1009.566803,55.97384456
1009.670978,57.04283283
1009.775154,56.78234193
1009.87933,59.07212847
1009.983506,55
1010.087681,55
1010.191857,57.60960617
1010.296033,56.6518896
1010.400208,56.17807414
1010.504384,58.25821303
1010.60856,55.91053709
1010.712735,57.81407665
1010.816911,58.80228883
1010.921087,55.89059199
1011.025263,55
1011.129438,55.37007051
1011.233614,56.46216675
1011.33779,57.95762671
1011.441965,55.02317685
1011.546141,56.80184696
1011.650317,55.35101131
1011.754493,55.8408687
1011.858668,55
1011.962844,55
1012.06702,57.39913817
1012.171195,55.69520639
1012.275371,55
1012.379547,55.76696532
1012.483723,55.88040959
1012.587898,55.96845343
1012.692074,55
1012.79625,55
1012.900425,56.0063174
1013.004601,55.24325397
1013.108777,57.14913531
1013.212953,58.32869054
1013.317128,55
1013.421304,56.5122283
1013.52548,55.69214263
1013.629655,56.25141219
1013.733831,57.6094903
1013.838007,55
1013.942182,57.06617344
1014.046358,59.16719985
1014.150534,55
1014.25471,59.31675611
1014.358885,55.84136869
1014.463061,57.57398463
1014.567237,55
1014.671412,56.86645365
1014.775588,55.86876249
1014.879764,55
1014.98394,59.01253048
1015.088115,56.48426993
1015.192291,55
1015.296467,57.36821209
1015.400642,55
1015.504818,57.9091128
1015.608994,55
1015.71317,58.04535037
1015.817345,55
1015.921521,55
1016.025697,58.50458335
1016.129872,59.14902707
1016.234048,55
1016.338224,55.09369649
1016.4424,55.55441378
1016.546575,56.87050587
1016.650751,55
1016.754927,55.36896664
1016.859102,55
1016.963278,55
1017.067454,55
1017.171629,56.9255128
1017.275805,58.85032354
1017.379981,55
1017.484157,55
1017.588332,55.04293382
1017.692508,57.18817365
1017.796684,55.44853475
1017.900859,57.20970782
1018.005035,59.28139706
1018.109211,56.31252412
1018.213387,56.22426871
1018.317562,55.98926748
1018.421738,55
1018.525914,57.79287697
1018.630089,56.74138052
1018.734265,56.41658375
1018.838441,55.15573903
1018.942617,56.05236964
1019.046792,55
1019.150968,58.11280876
1019.255144,55
1019.359319,57.09960709
1019.463495,60.09678807
1019.567671,55.72346994
1019.671847,57.00055777
1019.776022,56.38945027
1019.880198,55
1019.984374,57.71409287
1020.088549,55
1020.192725,55.82549356
1020.296901,55.8057591
1020.401076,56.51037339
1020.505252,58.96573153
1020.609428,58.4513841
1020.713604,55
1020.817779,55
1020.921955,55
1021.026131,55.11268271
1021.130306,56.21746451
1021.234482,55.89166588
1021.338658,55
1021.442834,57.87751631
1021.547009,56.0616789
1021.651185,57.1709346
1021.755361,57.18529178
1021.859536,56.23487745
1021.963712,58.42675662
1022.067888,56.86198377
1022.172064,57.77183962
1022.276239,57.88116683
1022.380415,56.95451062
1022.484591,56.52568013
1022.588766,57.26266801
1022.692942,57.26489587
1022.797118,55
1022.901294,56.11424669
1023.005469,55
1023.109645,55
1023.213821,57.67367341
1023.317996,55
1023.422172,56.93051039
1023.526348,55
1023.630523,56.63793063
1023.734699,58.64503925
1023.838875,55
1023.943051,58.66325568
1024.047226,55.56686124
1024.151402,55
1024.255578,55.87224745
1024.359753,55
1024.463929,56.74920437
1024.568105,55.30384596
1024.672281,55.33584988
1024.776456,57.42380836
1024.880632,55
1024.984808,58.04302218
1025.088983,55.06732297
1025.193159,55
1025.297335,56.69805658
1025.401511,55
1025.505686,57.5315122
1025.609862,56.51639374
1025.714038,55
1025.818213,56.01723189
1025.922389,56.22987845
1026.026565,55.76270488
1026.130741,55.4167135
1026.234916,57.87435872
1026.339092,55
1026.443268,55
1026.547443,56.78018816
1026.651619,55.5763515
1026.755795,55.12288243
1026.85997,55
1026.964146,55.01421194
1027.068322,56.3616553
1027.172498,57.75374506
1027.276673,55
1027.380849,57.37898131
1027.485025,57.02187246
1027.5892,56.10015018
1027.693376,55
1027.797552,55.70965708
1027.901728,55
1028.005903,57.04752375
1028.110079,57.16868922
1028.214255,56.44526549
1028.31843,55.38577001
1028.422606,55
1028.526782,55.06261445
1028.630958,55
1028.735133,58.48740958
1028.839309,56.81817544
1028.943485,56.88837311
1029.04766,57.89254343
1029.151836,55
1029.256012,56.06807269
1029.360188,56.39030172
1029.464363,55.89011049
1029.568539,56.43218499
1029.672715,56.84253332
1029.77689,55
1029.881066,55
1029.985242,56.78231023
1030.089417,55.9686447
1030.193593,57.10240694
1030.297769,58.54863444
1030.401945,58.10978293
1030.50612,56.66844911
1030.610296,55
1030.714472,55
1030.818647,55.89196993
1030.922823,56.02334727
1031.026999,57.95294006
1031.131175,55
1031.23535,57.7552092
1031.339526,55
1031.443702,55.88028521
1031.547877,56.44072227
1031.652053,58.30227766
1031.756229,57.20301067
1031.860405,56.03413609
1031.96458,55.34936617
1032.068756,55.10707689
1032.172932,56.8604622
1032.277107,56.83581653
1032.381283,55
1032.485459,57.10013912
1032.589635,55
1032.69381,56.5462175
1032.797986,58.0701
1032.902162,55
1033.006337,56.54518175
1033.110513,56.86952907
1033.214689,55
1033.318864,56.03381004
1033.42304,59.14643621
1033.527216,55
1033.631392,55
1033.735567,58.37368257
1033.839743,55.5221318
1033.943919,57.1745909
1034.048094,55.87161254
1034.15227,57.15932697
1034.256446,55.71467571
1034.360622,55.63824659
1034.464797,56.187715
1034.568973,57.3325105
1034.673149,56.39237027
1034.777324,58.76102368
1034.8815,55
1034.985676,55.28934817
1035.089852,58.32270364
1035.194027,55.40307823
1035.298203,55
1035.402379,58.38938325
1035.506554,57.31813333
1035.61073,55.05369442
1035.714906,55
1035.819082,55
1035.923257,56.86782236
1036.027433,56.14686069
1036.131609,55.1947095
1036.235784,55
1036.33996,58.91357607
1036.444136,56.88266591
1036.548311,55
1036.652487,57.69538769
1036.756663,56.40790248
1036.860839,56.93982522
1036.965014,55
1037.06919,58.05122908
1037.173366,55
1037.277541,56.69573945
1037.381717,56.18441396
1037.485893,58.85212203
1037.590069,55
1037.694244,55.6238248
1037.79842,58.70199314
1037.902596,59.16572422
1038.006771,55.48583572
1038.110947,56.87373746
1038.215123,55.97608331
1038.319299,56.88121032
1038.423474,55
1038.52765,57.90270852
1038.631826,58.99626457
1038.736001,58.1337577
1038.840177,58.65443147
1038.944353,56.99724697
1039.048529,55
1039.152704,58.27444663
1039.25688,55.961269
1039.361056,60.11606659
1039.465231,56.55578577
1039.569407,57.15913504
1039.673583,57.16469027
1039.777758,56.3042212
1039.881934,55.13965102
1039.98611,55.70591934
1040.090286,58.76595264
1040.194461,55
1040.298637,56.80214831
1040.402813,56.64972466
1040.506988,58.88538234
1040.611164,57.52645246
1040.71534,56.95891388
1040.819516,56.04856384
1040.923691,57.84374903
1041.027867,55.47871494
1041.132043,56.63424544
1041.236218,56.26096028
1041.340394,57.59459227
1041.44457,55
1041.548746,55.06250589
1041.652921,55.70826197
1041.757097,58.3022
1041.861273,56.42046415
1041.965448,55
1042.069624,57.96368651
1042.1738,56.37202354
1042.277976,58.92734866
1042.382151,56.63238701
1042.486327,57.97961879
1042.590503,58.62886675
1042.694678,56.25337384
1042.798854,56.981126
1042.90303,55.94065489
1043.007205,58.22394167
1043.111381,55
1043.215557,55
1043.319733,57.13406303
1043.423908,57.01650058
1043.528084,57.77030188
1043.63226,57.24407809
1043.736435,55.12684044
1043.840611,56.80559028
1043.944787,55
1044.048963,56.81895824
1044.153138,55.92956383
1044.257314,56.95360014
1044.36149,57.31489069
1044.465665,55
1044.569841,57.71865493
1044.674017,55.44343353
1044.778193,56.22319883
1044.882368,56.02726108
1044.986544,55
1045.09072,57.52393816
1045.194895,56.8431898
1045.299071,57.87437562
1045.403247,57.70284896
1045.507423,56.30198926
1045.611598,55.34301888
1045.715774,56.46303236
1045.81995,56.06349072
1045.924125,57.35026049
1046.028301,58.73428284
1046.132477,56.51085472
1046.236652,55.92654553
1046.340828,56.15985111
1046.445004,58.14406649
1046.54918,57.65934159
1046.653355,58.68965232
1046.757531,58.34426693
1046.861707,55.83853114
1046.965882,56.26662297
1047.070058,57.00934112
1047.174234,57.02617524
1047.27841,55
1047.382585,56.43485752
1047.486761,55
1047.590937,57.19533731
1047.695112,58.55980223
1047.799288,57.55052422
1047.903464,55
1048.00764,56.38476444
1048.111815,56.83790244
1048.215991,57.07829038
1048.320167,57.87106528
1048.424342,57.22823225
1048.528518,56.74267053
1048.632694,56.50701469
1048.73687,55
1048.841045,55
1048.945221,55.35169685
1049.049397,58.18498133
1049.153572,56.94911995
1049.257748,56.66019799
1049.361924,57.92392624
1049.466099,55
1049.570275,57.1025457
1049.674451,55.13840996
1049.778627,55
1049.882802,55
1049.986978,56.38291211
1050.091154,57.37897829
1050.195329,58.49338751
1050.299505,55.97354311
1050.403681,57.42786159
1050.507857,55
1050.612032,55.16728498
1050.716208,55
1050.820384,58.01766062
1050.924559,56.09764962
1051.028735,58.20757123
1051.132911,56.93115639
1051.237087,56.53172583
1051.341262,57.19252111
1051.445438,56.91130435
1051.549614,57.64920906
1051.653789,55.24666173
1051.757965,56.42360158
1051.862141,55.60398378
1051.966317,55
1052.070492,55
1052.174668,55.47174258
1052.278844,57.58181852
1052.383019,55
1052.487195,55
1052.591371,58.198962
1052.695546,55.53409726
1052.799722,55
1052.903898,55
1053.008074,57.74838075
1053.112249,55.03935537
1053.216425,55
1053.320601,57.64192727
1053.424776,57.77658669
1053.528952,55.96426136
1053.633128,55.2785377
1053.737304,55.2760041
1053.841479,55.86743376
1053.945655,55
1054.049831,58.09893308
1054.154006,55
1054.258182,57.29422062
1054.362358,55.82806388
1054.466534,55.45661506
1054.570709,58.20419193
1054.674885,55
1054.779061,55
1054.883236,56.36461527
1054.987412,56.21301459
1055.091588,56.99481367
1055.195764,57.10228556
1055.299939,56.36556781
1055.404115,55
1055.508291,55.75110791
1055.612466,55
1055.716642,55.35204707
1055.820818,57.39406383
1055.924993,55.14469919
1056.029169,55
1056.133345,55
1056.237521,57.58889274
1056.341696,57.74325224
1056.445872,56.39331391
1056.550048,55
1056.654223,55.62752136
1056.758399,55
1056.862575,57.23650764
1056.966751,56.1679818
1057.070926,55.33129992
1057.175102,55
1057.279278,58.20147266
1057.383453,55.49065153
1057.487629,55
1057.591805,55
1057.695981,55
1057.800156,55
1057.904332,55.37947271
1058.008508,55
1058.112683,55
1058.216859,56.23340078
1058.321035,56.75718871
1058.425211,55
1058.529386,55
1058.633562,56.63675787
1058.737738,55
1058.841913,55.243334
1058.946089,56.66560261
1059.050265,57.08643034
1059.15444,55.29320828
1059.258616,55
1059.362792,56.27835413
1059.466968,58.05159667
1059.571143,55.41098372
1059.675319,55
1059.779495,55
1059.88367,57.13578122
1059.987846,55.37943015
1060.092022,55
1060.196198,55
1060.300373,55.67151212
1060.404549,55.21524776
1060.508725,55.84489393
1060.6129,55
1060.717076,55.84374016
1060.821252,55
1060.925428,56.55481219
1061.029603,55.30068827
1061.133779,55
1061.237955,56.61751439
1061.34213,55
1061.446306,55.79044369
1061.550482,55.21633029
1061.654658,55.95898906
1061.758833,55
1061.863009,55
1061.967185,55
1062.07136,55
1062.175536,56.10172413
1062.279712,55.7979513
1062.383887,55.8382963
1062.488063,56.81041819
1062.592239,55
1062.696415,55.66954446
1062.80059,55.21169843
1062.904766,55
1063.008942,55
1063.113117,57.97407108
1063.217293,55
1063.321469,56.69326901
1063.425645,55.77433033
1063.52982,57.13938393
1063.633996,55.61836354
1063.738172,55
1063.842347,57.62824939
1063.946523,55
1064.050699,55
1064.154875,58.79607223
1064.25905,55
1064.363226,55.6305153
1064.467402,55
1064.571577,55
1064.675753,56.55756235
1064.779929,55
1064.884105,55.02955435
1064.98828,55
1065.092456,55.72198648
1065.196632,58.63758204
1065.300807,55
1065.404983,55
1065.509159,55.84211349
1065.613334,55.91920999
1065.71751,56.90850425
1065.821686,58.16549968
1065.925862,55.51952121
1066.030037,55
1066.134213,55.97501757
1066.238389,55
1066.342564,55
1066.44674,55
1066.550916,55.68005556
1066.655092,55
1066.759267,55
1066.863443,55
1066.967619,55
1067.071794,55
1067.17597,55.64797838
1067.280146,55
1067.384322,55
1067.488497,55.69993303
1067.592673,55
1067.696849,55
1067.801024,56.41244894
1067.9052,59.3383652
1068.009376,55
1068.113552,56.10617049
1068.217727,57.68949644
1068.321903,56.10537181
1068.426079,55
1068.530254,55.90515498
1068.63443,55.59261004
1068.738606,55
1068.842781,55
1068.946957,56.626126
1069.051133,58.19340955
1069.155309,55.84828731
1069.259484,55
1069.36366,57.19672157
1069.467836,55
1069.572011,55.75131539
1069.676187,56.00687467
1069.780363,57.13018642
1069.884539,55
1069.988714,55
1070.09289,55.38945352
1070.197066,56.68761264
1070.301241,55
1070.405417,55
1070.509593,55
1070.613769,55
1070.717944,55.16933362
1070.82212,55
1070.926296,55.18644356
1071.030471,57.60931011
1071.134647,56.36876136
1071.238823,55.24843386
1071.342999,55
1071.447174,55
1071.55135,55.25350465
1071.655526,57.48263019
1071.759701,55.1664401
1071.863877,55.18219361
1071.968053,55.51769852
1072.072228,55
1072.176404,55
1072.28058,57.43641161
1072.384756,56.91691748
1072.488931,55
1072.593107,55.82102174
1072.697283,56.53324799
1072.801458,55
1072.905634,57.2215098
1073.00981,55
1073.113986,55
1073.218161,55
1073.322337,55
1073.426513,55
1073.530688,55
1073.634864,56.48006967
1073.73904,55.46520901
1073.843216,57.29974755
1073.947391,55.2478733
1074.051567,57.36139808
1074.155743,55.89678052
1074.259918,55
1074.364094,55.17013786
1074.46827,55
1074.572446,55.76421335
1074.676621,55
1074.780797,55
1074.884973,56.62022107
1074.989148,55
1075.093324,55.96443043
1075.1975,55.41575265
1075.301675,55.78676736
1075.405851,55
1075.510027,55
1075.614203,58.25427809
1075.718378,55.74602121
1075.822554,55.08605003
1075.92673,56.52280941
1076.030905,56.67148653
1076.135081,55
1076.239257,56.17744864
1076.343433,57.43386876
1076.447608,56.27018336
1076.551784,56.81452023
1076.65596,55
1076.760135,55
1076.864311,55
1076.968487,55
1077.072663,55.14153153
1077.176838,55
1077.281014,56.09607986
1077.38519,56.36469616
1077.489365,56.06255238
1077.593541,55.42028065
1077.697717,55
1077.801893,57.37279143
1077.906068,55
1078.010244,56.68648889
1078.11442,55
1078.218595,55
1078.322771,55
1078.426947,56.49880182
1078.531122,56.56315116
1078.635298,55.04298033
1078.739474,55.33918163
1078.84365,55.75010571
1078.947825,55
1079.052001,55
1079.156177,55
1079.260352,55
1079.364528,56.50274434
1079.468704,55
1079.57288,55
1079.677055,55.60839202
1079.781231,55
1079.885407,56.86158383
1079.989582,58.22309313
1080.093758,55.91442957
1080.197934,55.20569355
1080.30211,55.22728397
1080.406285,57.37337524
1080.510461,57.2005282
1080.614637,55.1262718
1080.718812,57.8258974
1080.822988,56.91713584
1080.927164,55
1081.03134,55.11327141
1081.135515,55.48386129
1081.239691,55.17897152
1081.343867,55.1800377
1081.448042,56.59775613
1081.552218,56.35765552
1081.656394,55
1081.760569,55
1081.864745,57.79843812
1081.968921,55
1082.073097,55
1082.177272,56.22043625
1082.281448,58.0091774
1082.385624,56.34401831
1082.489799,55
1082.593975,55
1082.698151,55.62210581
1082.802327,55
1082.906502,55
1083.010678,55
1083.114854,55.33516165
1083.219029,55
1083.323205,55
1083.427381,56.37205092
1083.531557,55
1083.635732,56.21807463
1083.739908,56.92615806
1083.844084,55.37383431
1083.948259,55.83324561
1084.052435,55
1084.156611,55
1084.260787,55.65330689
1084.364962,56.66075044
1084.469138,56.39367491
1084.573314,55
1084.677489,56.62254022
1084.781665,57.57712948
1084.885841,55
1084.990016,57.85146951
1085.094192,55
1085.198368,56.06854452
1085.302544,58.49239631
1085.406719,55
1085.510895,57.44912117
1085.615071,57.71670731
1085.719246,56.07619231
1085.823422,55.42431334
1085.927598,56.11567967
1086.031774,55
1086.135949,55
1086.240125,55
1086.344301,55.21018303
1086.448476,56.28282672
1086.552652,55.95302139
1086.656828,55.70378898
1086.761004,55.70172352
1086.865179,55.72514069
1086.969355,55.9386324
1087.073531,57.53748507
1087.177706,55.81035908
1087.281882,58.39077955
1087.386058,55
1087.490234,55.99054254
1087.594409,57.24898404
1087.698585,55.35221919
1087.802761,56.12065249
1087.906936,55.69395727
1088.011112,57.76814443
1088.115288,55
1088.219463,55
1088.323639,58.36661319
1088.427815,57.2778808
1088.531991,56.93661696
1088.636166,55.51260512
1088.740342,55
1088.844518,57.1070414
1088.948693,55.99596021
1089.052869,56.04975889
1089.157045,56.87688186
1089.261221,56.22723312
1089.365396,57.24466769
1089.469572,56.59232241
1089.573748,55
1089.677923,57.44510603
1089.782099,55
1089.886275,55.55656161
1089.990451,55.15619846
1090.094626,55.39106306
1090.198802,57.34279609
1090.302978,55
1090.407153,56.35601649
1090.511329,56.20314732
1090.615505,57.02770485
1090.719681,55
1090.823856,55
1090.928032,56.38326557
1091.032208,56.90773173
1091.136383,57.40154096
1091.240559,55
1091.344735,55
1091.44891,55
1091.553086,59.28517464
1091.657262,55
1091.761438,55
1091.865613,55.70850931
1091.969789,57.19695156
1092.073965,56.250626
1092.17814,55.70891581
1092.282316,55
1092.386492,55.08346128
1092.490668,57.30772946
1092.594843,56.49903318
1092.699019,55.24738049
1092.803195,55.04576867
1092.90737,57.79565744
1093.011546,55.86173388
1093.115722,55
1093.219898,58.9156569
1093.324073,56.36481843
1093.428249,55.1656898
1093.532425,55
1093.6366,57.42597285
1093.740776,58.42787387
1093.844952,55
1093.949128,55
1094.053303,55
1094.157479,55
1094.261655,56.2719015
1094.36583,56.6004286
1094.470006,57.06194989
1094.574182,56.90921909
1094.678357,56.75496138
1094.782533,55.34885002
1094.886709,56.45041321
1094.990885,55
1095.09506,58.52716195
1095.199236,57.69000117
1095.303412,55.39636704
1095.407587,55
1095.511763,55
1095.615939,55.87918718
1095.720115,55.87574577
1095.82429,55
1095.928466,55.29288618
1096.032642,56.17281723
1096.136817,57.80328297
1096.240993,58.39812346
1096.345169,55.58330402
1096.449345,55
1096.55352,56.59294116
1096.657696,56.29283263
1096.761872,55
1096.866047,56.96080436
1096.970223,55
1097.074399,56.34570594
1097.178575,58.02264219
1097.28275,55.55755705
1097.386926,55.07484314
1097.491102,55.06318381
1097.595277,56.32564393
1097.699453,55
1097.803629,56.77433917
1097.907804,56.44272402
1098.01198,55
1098.116156,56.73000048
1098.220332,56.47060258
1098.324507,55.70524478
1098.428683,57.01684572
1098.532859,57.12145777
1098.637034,55
1098.74121,56.5969938
1098.845386,56.63638764
1098.949562,55.71733055
1099.053737,55.48817902
1099.157913,57.18540192
1099.262089,56.86814366
1099.366264,57.41757265
1099.47044,56.8166665
1099.574616,58.79645056
1099.678792,59.01061762
1099.782967,57.96762163
1099.887143,56.65937715
1099.991319,55
1100.095494,55.96327967
1100.19967,57.80145149
1100.303846,57.52150369
1100.408022,57.28600146
1100.512197,57.17750963
1100.616373,55.52290382
1100.720549,55.33573773
1100.824724,55.67626853
1100.9289,55
1101.033076,56.67137078
1101.137251,56.72345428
1101.241427,58.98383584
1101.345603,56.21376317
1101.449779,55
1101.553954,60.92703314
1101.65813,57.06438123
1101.762306,55
1101.866481,55
1101.970657,56.73032196
1102.074833,55
1102.179009,55
1102.283184,56.35441349
1102.38736,55.73643907
1102.491536,56.07652101
1102.595711,55
1102.699887,56.62035778
1102.804063,57.81445846
1102.908239,56.43851251
1103.012414,56.86014245
1103.11659,55.63246729
1103.220766,58.34401072
1103.324941,58.06122279
1103.429117,55.15258805
1103.533293,57.1423775
1103.637469,55.4175648
1103.741644,56.47392642
1103.84582,57.80518911
1103.949996,58.43262249
1104.054171,55
1104.158347,55.76305224
1104.262523,56.1270763
1104.366698,56.4075229
1104.470874,55.13661126
1104.57505,56.89185748
1104.679226,55
1104.783401,57.86371724
1104.887577,58.6105805
1104.991753,55
1105.095928,57.89818703
1105.200104,55.73580134
1105.30428,55.76392979
1105.408456,55.02021809
1105.512631,55.92401557
1105.616807,55.77174793
1105.720983,55.17519828
1105.825158,55.31686854
1105.929334,55
1106.03351,55
1106.137686,55.8118662
1106.241861,57.8216847
1106.346037,55.7111872
1106.450213,55
1106.554388,55.33048315
1106.658564,55
1106.76274,55
1106.866916,56.07292744
1106.971091,60.00968325
1107.075267,55.68107661
1107.179443,56.06247186
1107.283618,55
1107.387794,56.29402358
1107.49197,56.54653111
1107.596145,55.1285523
1107.700321,55.5954777
1107.804497,56.78270883
1107.908673,55
1108.012848,58.11122574
1108.117024,55.19553853
1108.2212,57.39516446
1108.325375,55.61523654
1108.429551,55
1108.533727,57.91150297
1108.637903,56.18716387
1108.742078,57.56307311
1108.846254,57.67636011
1108.95043,55.64307987
1109.054605,55.95881365
1109.158781,56.67810733
1109.262957,57.23451673
1109.367133,57.16233853
1109.471308,55
1109.575484,57.07017568
1109.67966,55.88216892
1109.783835,55.35162346
1109.888011,58.09257625
1109.992187,57.00600458
1110.096363,56.18278623
1110.200538,55.21698954
1110.304714,55
1110.40889,57.69897416
1110.513065,56.53356498
1110.617241,55
1110.721417,56.44677247
1110.825592,55.64163595
1110.929768,57.25535846
1111.033944,58.90180458
1111.13812,57.20323533
1111.242295,56.69603711
1111.346471,57.68691867
1111.450647,55
1111.554822,57.75115862
1111.658998,55
1111.763174,55.36224247
1111.86735,57.16256685
1111.971525,55
1112.075701,57.2398704
1112.179877,57.14367929
1112.284052,55.45635319
1112.388228,57.02814306
1112.492404,57.46543613
1112.59658,55.62686355
1112.700755,56.79981582
1112.804931,56.12064182
1112.909107,56.34458666
1113.013282,57.75904295
1113.117458,55
1113.221634,55
1113.32581,58.32043747
1113.429985,55
1113.534161,57.01153356
1113.638337,56.40189953
1113.742512,58.43963019
1113.846688,57.30179987
1113.950864,55
1114.055039,59.53173329
1114.159215,55
1114.263391,56.88625837
1114.367567,56.43255831
1114.471742,58.13246183
1114.575918,55.44417791
1114.680094,57.97349677
1114.784269,57.35601379
1114.888445,58.08692153
1114.992621,57.11652754
1115.096797,55.87351663
1115.200972,57.04776724
1115.305148,55
1115.409324,55.93695871
1115.513499,56.56116834
1115.617675,56.96751408
1115.721851,57.31597314
1115.826027,56.84205872
1115.930202,55.71161483
1116.034378,56.96550958
1116.138554,58.57857068
1116.242729,55.84410035
1116.346905,55
1116.451081,58.20107029
1116.555257,55.60789532
1116.659432,55
1116.763608,60.53254561
1116.867784,57.26977999
1116.971959,56.5169459
1117.076135,56.13408678
1117.180311,55.91444102
1117.284487,55.59484914
1117.388662,57.31294727
1117.492838,55.0624358
1117.597014,55
1117.701189,57.72169589
1117.805365,59.65617496
1117.909541,56.42618342
1118.013716,55.76120425
1118.117892,55.31948156
1118.222068,55
1118.326244,55.27145026
1118.430419,55.68035896
1118.534595,55.00225561
1118.638771,55
1118.742946,56.87021981
1118.847122,57.2558152
1118.951298,55.30422072
1119.055474,55.44696529
1119.159649,56.90725054
1119.263825,57.08958801
1119.368001,57.71127703
1119.472176,57.91193011
1119.576352,57.23877862
1119.680528,56.40903838
1119.784704,56.11539003
1119.888879,56.57838226
1119.993055,55.22134797
1120.097231,56.01751901
1120.201406,56.91251907
1120.305582,57.21834212
1120.409758,57.50682743
1120.513934,55.86821764
1120.618109,55
1120.722285,57.15210661
1120.826461,55.64933919
1120.930636,58.31761275
1121.034812,58.02013889
1121.138988,55
1121.243163,56.53269176
1121.347339,57.83094269
1121.451515,55.16346525
1121.555691,55.95229391
1121.659866,55
1121.764042,57.80596786
1121.868218,55
1121.972393,58.31253202
1122.076569,55
1122.180745,55.79465508
1122.284921,56.55931069
1122.389096,55.75658805
1122.493272,57.20323313
1122.597448,57.73049577
1122.701623,56.50443991
1122.805799,55.77427507
1122.909975,56.72845811
1123.014151,55.417981
1123.118326,55.12114406
1123.222502,55
1123.326678,55.00162708
1123.430853,55.68666932
1123.535029,55.99698941
1123.639205,57.6885408
1123.743381,55.75630774
1123.847556,55
1123.951732,55
1124.055908,56.39780138
1124.160083,55.66083195
1124.264259,58.30283299
1124.368435,55.32591932
1124.47261,55.58871983
1124.576786,55.28687702
1124.680962,55
1124.785138,56.50074
1124.889313,57.63040749
1124.993489,56.79139347
1125.097665,55
1125.20184,57.5539947
1125.306016,58.55736053
1125.410192,57.8457654
1125.514368,56.83636993
1125.618543,55.09121672
1125.722719,55
1125.826895,55
1125.93107,56.08073456
1126.035246,56.41832144
1126.139422,57.13230366
1126.243598,55
1126.347773,56.14862453
1126.451949,55.33698134
1126.556125,55.19449607
1126.6603,55
1126.764476,55.8879264
1126.868652,58.02846544
1126.972828,57.43819632
1127.077003,55
1127.181179,58.00377269
1127.285355,56.84329516
1127.38953,56.48390009
1127.493706,56.64742
1127.597882,56.14382114
1127.702057,55.07821039
1127.806233,57.74832104
1127.910409,57.08346187
1128.014585,55
1128.11876,55.53095834
1128.222936,55.70659847
1128.327112,55.55304451
1128.431287,55
1128.535463,55
1128.639639,55
1128.743815,56.56397622
1128.84799,55.93459776
1128.952166,55
1129.056342,55.93356289
1129.160517,55
1129.264693,55.94757092
1129.368869,56.54417213
1129.473045,57.16817111
1129.57722,55
1129.681396,56.47879174
1129.785572,57.73629755
1129.889747,56.44463954
1129.993923,58.06694676
1130.098099,57.97524139
1130.202275,58.24689627
1130.30645,58.10203442
1130.410626,55.44427899
1130.514802,56.39432803
1130.618977,55
1130.723153,55
1130.827329,57.60581208
1130.931504,57.33524477
1131.03568,55.31628776
1131.139856,55.57327028
1131.244032,55.0861393
1131.348207,56.48411662
1131.452383,58.22190499
1131.556559,55
1131.660734,56.75900224
1131.76491,55
1131.869086,55
1131.973262,57.22828173
1132.077437,56.64526252
1132.181613,55
1132.285789,56.46151042
1132.389964,57.03403252
1132.49414,55.93367507
1132.598316,55
1132.702492,56.75259311
1132.806667,57.09466478
1132.910843,57.56095757
1133.015019,55.99178384
1133.119194,58.36925999
1133.22337,58.03173823
1133.327546,57.69819843
1133.431722,57.94635448
1133.535897,55
1133.640073,57.04166246
1133.744249,55.89762534
1133.848424,57.70997834
1133.9526,55.8890644
1134.056776,57.85904232
1134.160951,55.37931773
1134.265127,56.51251355
1134.369303,55.81403921
1134.473479,57.76712269
1134.577654,55
1134.68183,56.1703104
1134.786006,56.30603684
1134.890181,55.11059777
1134.994357,55.16167608
1135.098533,55
1135.202709,55
1135.306884,56.71818826
1135.41106,55
1135.515236,56.97393702
1135.619411,55.38144074
1135.723587,55
1135.827763,55
1135.931939,55.81797622
1136.036114,57.37734866
1136.14029,55
1136.244466,56.97943482
1136.348641,56.64612381
1136.452817,55
1136.556993,55
1136.661169,55.08254401
1136.765344,58.16575936
1136.86952,55.58264717
1136.973696,55.40902836
1137.077871,55.32342111
1137.182047,55
1137.286223,58.66072359
1137.390398,56.54644034
1137.494574,55
1137.59875,56.96760013
1137.702926,57.62254224
1137.807101,56.32300388
1137.911277,56.19107754
1138.015453,55
1138.119628,56.19844549
1138.223804,57.53060506
1138.32798,56.57648485
1138.432156,55.48621142
1138.536331,56.7517866
1138.640507,59.32789189
1138.744683,57.72116208
1138.848858,56.66799815
1138.953034,55.83648977
1139.05721,56.93202139
1139.161386,55.07131171
1139.265561,55.9246857
1139.369737,57.23742675
1139.473913,55.69740162
1139.578088,55
1139.682264,55
1139.78644,56.01907625
1139.890616,56.01292179
1139.994791,55
1140.098967,55.8979635
1140.203143,55.48511889
1140.307318,55
1140.411494,57.28218275
1140.51567,56.56914623
1140.619845,58.33225623
1140.724021,56.53768757
1140.828197,55
1140.932373,55.33234857
1141.036548,55.58469335
1141.140724,55
1141.2449,57.71715017
1141.349075,55
1141.453251,55.88337218
1141.557427,55
1141.661603,55.41946866
1141.765778,55.40500531
1141.869954,55
1141.97413,55.10642374
1142.078305,57.10639589
1142.182481,56.3988536
1142.286657,55.64803519
1142.390833,57.61565279
1142.495008,55
1142.599184,55.72193042
1142.70336,55
1142.807535,56.62169104
1142.911711,55
1143.015887,55
1143.120063,55.51089208
1143.224238,56.04536563
1143.328414,57.18598952
1143.43259,56.26767008
1143.536765,55.07342362
1143.640941,55
1143.745117,55.02019135
1143.849292,55.76634398
1143.953468,56.30084907
1144.057644,56.83908723
1144.16182,57.21365627
1144.265995,58.33191816
1144.370171,55
1144.474347,57.29330993
1144.578522,56.30118408
1144.682698,56.3923645
1144.786874,55.77979729
1144.89105,55.48084803
1144.995225,56.64382425
1145.099401,56.02780749
1145.203577,55.79474298
1145.307752,57.62798975
1145.411928,57.90120054
1145.516104,57.68548987
1145.62028,57.56693989
1145.724455,57.28790102
1145.828631,55.8947456
1145.932807,55
1146.036982,58.02658576
1146.141158,55
1146.245334,56.37330787
1146.34951,58.77932443
1146.453685,56.48176315
1146.557861,56.54618109
1146.662037,56.60403623
1146.766212,57.64561985
1146.870388,56.12677179
1146.974564,55.21888251
1147.078739,57.21428526
1147.182915,56.42915869
1147.287091,59.93294139
1147.391267,57.35022005
1147.495442,55
1147.599618,56.66295014
1147.703794,58.11593501
1147.807969,57.04154775
1147.912145,55.48036997
1148.016321,57.52427189
1148.120497,59.07064904
1148.224672,57.3519806
1148.328848,55
1148.433024,57.67707537
1148.537199,55
1148.641375,55.780972
1148.745551,55
1148.849727,55.14702496
1148.953902,56.49141874
1149.058078,56.9418164
1149.162254,58.52633352
1149.266429,55
1149.370605,59.32342464
1149.474781,55.19385584
1149.578957,56.97116646
1149.683132,55
1149.787308,55.56986097
1149.891484,58.74697861
1149.995659,55.98562156
1150.099835,55.37500847
1150.204011,56.68725015
1150.308186,55
1150.412362,55.35672869
1150.516538,56.53124688
1150.620714,55.95575676
1150.724889,56.41263455
1150.829065,55.86041885
1150.933241,55
1151.037416,57.17156389
1151.141592,55
1151.245768,56.9697541
1151.349944,55
1151.454119,55
1151.558295,55
1151.662471,55
1151.766646,55.35315906
1151.870822,57.38073425
1151.974998,57.28987551
1152.079174,55.56894847
1152.183349,56.23553292
1152.287525,57.18117497
1152.391701,57.15249885
1152.495876,55
1152.600052,57.15352031
1152.704228,57.00272611
1152.808404,58.11026147
1152.912579,55.89831489
1153.016755,55.03028416
1153.120931,57.91985593
1153.225106,58.05753833
1153.329282,56.56726584
1153.433458,59.28696256
1153.537633,55
1153.641809,55
1153.745985,58.36390119
1153.850161,58.56010178
1153.954336,55.55985164
1154.058512,56.96145302
1154.162688,58.02599996
1154.266863,57.91994015
1154.371039,56.81452654
1154.475215,55
1154.579391,55
1154.683566,57.23512327
1154.787742,56.687
1154.891918,55.93631959
1154.996093,58.45480208
1155.100269,57.41180267
1155.204445,57.99719993
1155.308621,57.87370703
1155.412796,55
1155.516972,56.54114808
1155.621148,55
1155.725323,55
1155.829499,57.03805292
1155.933675,56.27258397
1156.037851,55.37342374
1156.142026,56.404561
1156.246202,56.29092294
1156.350378,56.52170653
1156.454553,55.85490007
1156.558729,55
1156.662905,55.86489052
1156.76708,56.27205439
1156.871256,55
1156.975432,58.24768749
1157.079608,55.47559377
1157.183783,55.36597029
1157.287959,55
1157.392135,55
1157.49631,56.49659864
1157.600486,55
1157.704662,56.95523111
1157.808838,55
1157.913013,55
1158.017189,57.95984289
1158.121365,57.49068744
1158.22554,56.69184521
1158.329716,55
1158.433892,58.51846077
1158.538068,56.14766899
1158.642243,56.549964
1158.746419,55
1158.850595,55
1158.95477,57.51010836
1159.058946,55
1159.163122,55
1159.267298,57.63319977
1159.371473,56.28732516
1159.475649,55.71999676
1159.579825,57.0079611
1159.684,56.79611104
1159.788176,58.37491642
1159.892352,57.50244027
1159.996527,56.4041662
1160.100703,57.44422909
1160.204879,58.36873491
1160.309055,55
1160.41323,55
1160.517406,56.22402256
1160.621582,57.59812143
1160.725757,56.78811303
1160.829933,57.39174425
1160.934109,55
1161.038285,55
1161.14246,56.23343646
1161.246636,57.53417465
1161.350812,57.13161887
1161.454987,55
1161.559163,55
1161.663339,57.32539431
1161.767515,55
1161.87169,55
1161.975866,55
1162.080042,57.55865352
1162.184217,59.58735765
1162.288393,56.20096844
1162.392569,56.67902283
1162.496745,55
1162.60092,55.94991224
1162.705096,55.0850005
1162.809272,55
1162.913447,58.39086906
1163.017623,56.17805918
1163.121799,56.0575608
1163.225974,56.97312964
1163.33015,57.86793137
1163.434326,55.08594817
1163.538502,55
1163.642677,55.90527917
1163.746853,55
1163.851029,60.06760272
1163.955204,55
1164.05938,57.50826128
1164.163556,56.52840234
1164.267732,55.83444025
1164.371907,56.83691074
1164.476083,57.3132404
1164.580259,55
1164.684434,57.09828985
1164.78861,57.03083511
1164.892786,55.25135744
1164.996962,58.23357439
1165.101137,57.26807832
1165.205313,56.62336137
1165.309489,55
1165.413664,58.67777212
1165.51784,59.11779685
1165.622016,55.10804694
1165.726192,55
1165.830367,57.17540206
1165.934543,56.37613393
1166.038719,56.02545134
1166.142894,58.0103675
1166.24707,56.39186849
1166.351246,56.69240968
1166.455421,56.75029137
1166.559597,56.62098105
1166.663773,55.80160258
1166.767949,55.34952455
1166.872124,55.64399903
1166.9763,55.87786791
1167.080476,56.77001654
1167.184651,56.05608614
1167.288827,56.24200339
1167.393003,55.4558342
1167.497179,56.05882695
1167.601354,55
1167.70553,57.34696563
1167.809706,55
1167.913881,57.71799302
1168.018057,55
1168.122233,55
1168.226409,56.97426932
1168.330584,57.93456927
1168.43476,55.37386045
1168.538936,55
1168.643111,55
1168.747287,55.79360038
1168.851463,57.66298424
1168.955639,55
1169.059814,57.47921309
1169.16399,58.91552505
1169.268166,55.30911675
1169.372341,56.78802549
1169.476517,55
1169.580693,56.53309696
1169.684868,55.45557663
1169.789044,55
1169.89322,56.2392748
1169.997396,57.98025068
1170.101571,59.28288503
1170.205747,55
1170.309923,55
1170.414098,56.52595714
1170.518274,56.50073089
1170.62245,56.33154804
1170.726626,58.58610209
1170.830801,57.90611353
1170.934977,58.88223215
1171.039153,56.91940893
1171.143328,55.94754482
1171.247504,56.67353832
1171.35168,56.68993263
1171.455856,55.86969416
1171.560031,55.63767522
1171.664207,55
1171.768383,55
1171.872558,57.68595247
1171.976734,55.95424741
1172.08091,58.31292925
1172.185086,55.33650119
1172.289261,57.49604352
1172.393437,56.18873449
1172.497613,56.46751845
1172.601788,56.95741794
1172.705964,57.02847545
1172.81014,55
1172.914315,55
1173.018491,56.00031789
1173.122667,56.74815498
1173.226843,56.06325208
1173.331018,55.45300428
1173.435194,56.02056722
1173.53937,56.97525824
1173.643545,55.33554774
1173.747721,55
1173.851897,56.50525696
1173.956073,57.46131973
1174.060248,59.07763618
1174.164424,55.01474562
1174.2686,56.00289198
1174.372775,56.71603454
1174.476951,56.76384191
1174.581127,57.74553445
1174.685303,55
1174.789478,56.04180278
1174.893654,58.25795465
1174.99783,55
1175.102005,55.60141292
1175.206181,56.24163358
1175.310357,56.8921196
1175.414533,56.47165768
1175.518708,57.77763687
1175.622884,55.03538441
1175.72706,57.28055603
1175.831235,55.50358749
1175.935411,59.69020797
1176.039587,55.31078164
1176.143762,55.70939719
1176.247938,56.77110587
1176.352114,58.08653738
1176.45629,56.06490979
1176.560465,58.22111239
1176.664641,57.50591358
1176.768817,55.52663943
1176.872992,56.62048701
1176.977168,59.22399617
1177.081344,57.86041026
1177.18552,55.48912611
1177.289695,56.396465
1177.393871,56.72732882
1177.498047,60.06419853
1177.602222,57.15644032
1177.706398,56.44444429
1177.810574,55.47907219
1177.91475,57.75987495
1178.018925,56.59055368
1178.123101,56.09628018
1178.227277,55.5475666
1178.331452,55.93078703
1178.435628,56.52769626
1178.539804,57.2997066
1178.64398,56.21625785
1178.748155,56.21263733
1178.852331,55.63072218
1178.956507,57.12954907
1179.060682,55
1179.164858,55
1179.269034,55
1179.373209,55
1179.477385,56.12708525
1179.581561,55
1179.685737,56.75712677
1179.789912,55.48555211
1179.894088,56.40411844
1179.998264,58.51139539
1180.102439,57.55929185
1180.206615,55.9619739
1180.310791,56.72010804
1180.414967,58.87154481
1180.519142,55.53681688
1180.623318,56.6054723
1180.727494,55.85256028
1180.831669,55.59538617
1180.935845,57.09266574
1181.040021,56.18854411
1181.144197,56.61355902
1181.248372,57.24602508
1181.352548,56.69464513
1181.456724,57.64806228
1181.560899,56.9334302
1181.665075,55.91802402
1181.769251,57.07569133
1181.873427,56.53084079
1181.977602,56.11678067
1182.081778,56.43946005
1182.185954,57.82280814
1182.290129,55.55501405
1182.394305,55.84513033
1182.498481,55
1182.602656,57.41657912
1182.706832,56.29430896
1182.811008,56.24262726
1182.915184,56.80911608
1183.019359,55
1183.123535,57.41104186
1183.227711,56.58457909
1183.331886,56.57873836
1183.436062,55.66747022
1183.540238,55
1183.644414,55
1183.748589,56.0956953
1183.852765,57.56809309
1183.956941,55.90559235
1184.061116,57.03946054
1184.165292,55
1184.269468,56.71113034
1184.373644,55.83143632
1184.477819,56.05877362
1184.581995,56.51075918
1184.686171,59.55480561
1184.790346,57.14423601
1184.894522,57.58882315
1184.998698,57.16873019
1185.102874,56.43006165
1185.207049,55.85142673
1185.311225,56.57991391
1185.415401,55.39520339
1185.519576,58.12640437
1185.623752,55
1185.727928,57.03738469
1185.832103,59.22857288
1185.936279,55.86838966
1186.040455,56.01980849
1186.144631,59.01010245
1186.248806,55.60877596
1186.352982,56.91694432
1186.457158,57.23240094
1186.561333,55
1186.665509,55
1186.769685,55
1186.873861,56.84527339
1186.978036,56.27423007
1187.082212,56.79168262
1187.186388,55
1187.290563,58.58134673
1187.394739,55
1187.498915,55
1187.603091,57.23591641
1187.707266,56.87299783
1187.811442,55
1187.915618,55.23212401
1188.019793,55.59133887
1188.123969,55
1188.228145,55
1188.332321,55
1188.436496,55
1188.540672,55.15136568
1188.644848,55
1188.749023,55
1188.853199,56.29832717
1188.957375,55.16989173
1189.06155,55.71004307
1189.165726,55
1189.269902,55
1189.374078,55.13479037
1189.478253,56.8693275
1189.582429,57.24949944
1189.686605,55.47778747
1189.79078,56.04229895
1189.894956,57.21569766
1189.999132,55
1190.103308,56.11639372
1190.207483,55
1190.311659,55.23661605
1190.415835,55.82004123
1190.52001,55
1190.624186,55
1190.728362,56.18938044
1190.832538,55
1190.936713,55
1191.040889,55.39330951
1191.145065,55
1191.24924,57.86376862
1191.353416,55.65849351
1191.457592,55
