0,0
0.1,0
0.2,3.81619718
0.3,3.769043323
0.4,2.607100716
0.5,4.178472179
0.6,4.473994326
0.7,3.006128287
0.8,2.541159072
0.9,4.24959181
1,1.702900541
1.1,5.900309927
1.2,0.961339501
1.3,2.54728092
1.4,2.813823154
1.5,2.157827228
1.6,2.832306077
1.7,3.381327386
1.8,1.065642097
1.9,2.954479411
2,6.109417447
2.1,1.840057585
2.2,0.659230413
2.3,1.895194688
2.4,3.459821732
2.5,2.682263761
2.6,0.094274521
2.7,2.718068194
2.8,2.183351105
2.9,3.615845207
3,3.660516992
3.1,1.1872554
3.2,3.502091725
3.3,3.370460974
3.4,4.400453977
3.5,3.27707294
3.6,3.330097462
3.7,4.171876647
3.8,3.777416925
3.9,5.301850124
4,2.967851551
4.1,3.205218187
4.2,3.789233196
4.3,3.026799771
4.4,2.691645423
4.5,2.0938796
4.6,1.495985683
4.7,4.16255787
4.8,2.969625537
4.9,4.008919959
5,2.699818857
5.1,4.555187933
5.2,3.125043264
5.3,3.083445441
5.4,2.901214667
5.5,0.352679984
5.6,1.1317971
5.7,0
5.8,0.982595007
5.9,0.331230777
6,2.070584766
6.1,2.423503357
6.2,4.360155242
6.3,7.188878011
6.4,17.46718176
6.5,5.843090498
6.6,4.950466294
6.7,5.511933107
6.8,7.234116557
6.9,7.859014736
7,7.890291509
7.1,6.199829661
7.2,7.15315526
7.3,7.169622601
7.4,6.898401385
7.5,6.03593163
7.6,6.040951257
7.7,5.102422714
7.8,5.857666048
7.9,9.638041339
8,7.919263167
8.1,7.370457282
8.2,9.51455609
8.3,4.63168664
8.4,9.015686796
8.5,8.351430092
8.6,8.788920117
8.7,7.028608145
8.8,8.8032811
8.9,11.63749336
9,9.615601252
9.1,12.41800427
9.2,11.56267082
9.3,10.84998962
9.4,12.28131722
9.5,14.96906118
9.6,16.21181839
9.7,13.31557995
9.8,14.43642954
9.9,15.84001524
10,14.19077534
10.1,0
10.2,0.90239478
10.3,2.732999576
10.4,4.305650918
10.5,0
10.6,4.337005543
10.7,2.164103296
10.8,4.22955037
10.9,4.071709974
11,1.847048304
11.1,2.985047479
11.2,2.897747295
11.3,3.665529141
11.4,3.276324917
11.5,1.597823846
11.6,0.537649991
11.7,5.245736744
11.8,3.854875879
11.9,3.568095652
12,2.640308471
12.1,3.046509209
12.2,2.280920106
12.3,0.943815283
12.4,0.802105095
12.5,1.021695331
12.6,2.502907596
12.7,1.999888329
12.8,3.919286299
12.9,4.793178314
13,2.729500811
13.1,3.052464276
13.2,4.285492419
13.3,3.008695316
13.4,1.028670967
13.5,2.399029829
13.6,1.843313525
13.7,5.322734552
13.8,0
13.9,3.572366575
14,4.12473678
14.1,1.326139049
14.2,3.048220175
14.3,3.131065442
14.4,3.043280374
14.5,2.746268964
14.6,2.365797407
14.7,2.05173525
14.8,5.647581853
14.9,5.354413394
15,3.404702799
15.1,5.231262273
15.2,2.747678137
15.3,4.100216756
15.4,4.118564099
15.5,2.236405582
15.6,0.133358822
15.7,0.982516631
15.8,1.40736033
15.9,1.695318577
16,0
16.1,0.986199679
16.2,1.019004408
16.3,2.164971004
16.4,2.694346947
16.5,19.0326084
16.6,5.20088495
16.7,7.250137294
16.8,6.387385582
16.9,7.892571608
17,6.826269859
17.1,6.397611712
17.2,4.693200442
17.3,4.949661129
17.4,6.293544983
17.5,6.540286712
17.6,6.24671495
17.7,6.176958333
17.8,6.487726963
17.9,6.808638538
18,6.191844993
18.1,6.588427035
18.2,4.975861736
18.3,10.72592078
18.4,8.879606729
18.5,7.612631946
18.6,8.926657468
18.7,6.358398862
18.8,6.912705515
18.9,5.380308448
19,9.512076012
19.1,9.707188423
19.2,11.92069746
19.3,8.238896074
19.4,12.65479683
19.5,16.24078755
19.6,12.64367415
19.7,13.18956804
19.8,14.9317432
19.9,11.56010903
20,12.12528928
20.1,15.29916002
20.2,2.740028743
20.3,0
20.4,2.077178645
20.5,2.558891725
20.6,1.030724287
20.7,2.982136806
20.8,4.127107715
20.9,2.885944637
21,2.1949747
21.1,3.344630118
21.2,3.708446686
21.3,0.23382557
21.4,2.020991516
21.5,3.89532339
21.6,0.587890087
21.7,1.614038136
21.8,1.102267922
21.9,2.232892443
22,0
22.1,2.778046547
22.2,3.64354125
22.3,3.281800978
22.4,0.715882841
22.5,3.445281497
22.6,1.740202936
22.7,4.027561931
22.8,4.536623008
22.9,1.816557299
23,1.507514506
23.1,4.707404516
23.2,3.947658584
23.3,0
23.4,3.067759452
23.5,3.367099286
23.6,4.137800522
23.7,2.860949595
23.8,1.763232034
23.9,2.384059683
24,2.267532197
24.1,3.191559756
24.2,1.727955373
24.3,2.553227486
24.4,3.004813527
24.5,4.035656909
24.6,3.788388913
24.7,1.823607183
24.8,1.912974625
24.9,2.905844303
25,6.287648058
25.1,4.43730971
25.2,8.460699052
25.3,4.734806384
25.4,4.148192807
25.5,2.576842368
25.6,5.3328563
25.7,1.897565017
25.8,0
25.9,0
26,3.128939054
26.1,0.957585994
26.2,2.947978372
26.3,2.556571075
26.4,2.92019443
26.5,5.897947546
26.6,17.20076573
26.7,6.264360572
26.8,6.491786469
26.9,7.858008069
27,5.869249181
27.1,6.441422581
27.2,10.40218177
27.3,7.260293685
27.4,7.16950147
27.5,7.91097063
27.6,7.223255937
27.7,7.106955875
27.8,7.766653
27.9,7.835458661
28,4.291166378
28.1,7.534420008
28.2,6.915381746
28.3,7.859345448
28.4,8.390439488
28.5,7.065933111
28.6,8.177761859
28.7,7.58745172
28.8,7.336962574
28.9,6.583247933
29,8.330313287
29.1,11.69740604
29.2,9.541347756
29.3,12.48443475
29.4,10.63714294
29.5,12.74285684
29.6,14.07266756
29.7,15.44791785
29.8,15.7761342
29.9,15.12741693
30,15.4460237
30.1,12.89005348
30.2,15.02153679
30.3,0
30.4,0.149822297
30.5,2.393674366
30.6,1.877321922
30.7,0
30.8,4.548152697
30.9,0.934341434
31,1.18898478
31.1,4.664351549
31.2,4.889152746
31.3,2.133998903
31.4,3.250459139
31.5,3.138169688
31.6,4.387569541
31.7,2.672157693
31.8,2.721263455
31.9,1.537418747
32,3.291731112
32.1,0
32.2,2.481919543
32.3,4.229825564
32.4,1.655635293
32.5,2.058986322
32.6,2.425235673
32.7,2.350559088
32.8,4.990761892
32.9,0.633466439
33,2.624478829
33.1,3.310537858
33.2,2.44084597
33.3,4.626860586
33.4,1.76854801
33.5,2.818679207
33.6,4.038160952
33.7,4.912554708
33.8,4.83031144
33.9,3.332841253
34,2.050274713
34.1,3.810998735
34.2,2.14535988
34.3,0.352211978
34.4,3.580318199
34.5,3.837834747
34.6,1.492727363
34.7,5.254810608
34.8,2.063274344
34.9,6.27307764
35,3.689481044
35.1,4.344146379
35.2,3.521908397
35.3,3.902388983
35.4,0.933522122
35.5,3.78514074
35.6,2.181168181
35.7,2.940592267
35.8,1.891781942
35.9,0
36,0.214359799
36.1,0
36.2,0
36.3,1.020981
36.4,2.640668297
36.5,3.122688778
36.6,4.433820213
36.7,15.5604139
36.8,8.242857912
36.9,8.012860934
37,7.038082675
37.1,7.192976801
37.2,6.476686966
37.3,6.14033655
37.4,7.592626613
37.5,6.407925186
37.6,5.172447334
37.7,9.071529489
37.8,6.004439504
37.9,6.956821979
38,6.760709081
38.1,7.201283575
38.2,9.19721187
38.3,6.480233075
38.4,6.307194334
38.5,7.279137921
38.6,9.416542931
38.7,6.419010702
38.8,7.887068823
38.9,5.392743704
39,10.27202029
39.1,9.667309146
39.2,7.671576835
39.3,10.18972719
39.4,10.23133623
39.5,8.867233962
39.6,10.73401864
39.7,13.4920916
39.8,17.35441063
39.9,13.22551756
40,14.91963193
40.1,13.54779115
40.2,12.71872056
40.3,12.78200705
40.4,0
40.5,0
40.6,2.808928444
40.7,2.725747442
40.8,2.209634318
40.9,4.926460091
41,3.633711677
41.1,1.185649513
41.2,3.988450511
41.3,4.348497372
41.4,5.852315861
41.5,2.771023667
41.6,2.92745991
41.7,3.489050635
41.8,6.198774237
41.9,3.885891279
42,2.857819474
42.1,6.649181056
42.2,0
42.3,2.917150682
42.4,4.563150961
42.5,4.301923307
42.6,3.813140946
42.7,2.784547972
42.8,3.497671801
42.9,3.069615606
43,1.845503439
43.1,0.930790799
43.2,4.236169686
43.3,6.159995413
43.4,0.34256761
43.5,2.9979217
43.6,5.343910612
43.7,3.806285071
43.8,3.633899807
43.9,3.393932933
44,4.227327325
44.1,1.566796823
44.2,3.804212654
44.3,2.812190626
44.4,2.249455425
44.5,2.873642235
44.6,2.374388157
44.7,5.53770807
44.8,2.979624908
44.9,2.354493096
45,3.183717276
45.1,3.604112033
45.2,2.668659385
45.3,4.527972285
45.4,5.35582046
45.5,3.217347701
45.6,2.210936281
45.7,1.915969294
45.8,4.425604207
45.9,0
46,4.061228527
46.1,0
46.2,0.939517135
46.3,1.24978372
46.4,4.571739266
46.5,3.033798272
46.6,3.694290563
46.7,1.769649
46.8,15.61662995
46.9,6.269080702
47,6.273032686
47.1,5.466033001
47.2,4.81071356
47.3,4.219077853
47.4,4.100702606
47.5,6.172350101
47.6,5.340145557
47.7,7.155758886
47.8,9.42302613
47.9,7.851959396
48,8.784286468
48.1,9.070266133
48.2,5.749567368
48.3,8.91896103
48.4,5.328939646
48.5,5.083328978
48.6,5.912491391
48.7,8.342462384
48.8,6.77642302
48.9,8.384945287
49,8.014288934
49.1,9.386009893
49.2,9.389733353
49.3,10.57160082
49.4,9.3026735
49.5,8.887007732
49.6,11.73507919
49.7,10.74554163
49.8,14.23443995
49.9,13.73839672
50,15.51068409
50.1,15.22796924
50.2,13.94438871
50.3,13.10341638
50.4,14.89592391
50.5,19.7981037
50.6,19.79713134
50.7,19.32538134
50.8,18.17270693
50.9,18.12823626
51,20.42768871
51.1,17.74506915
51.2,19.66950614
51.3,17.40650464
51.4,18.49895855
51.5,20.33298345
51.6,17.8025062
51.7,17.07098814
51.8,16.64621184
51.9,18.42746008
52,17.8252165
52.1,18.6270019
52.2,15.74157661
52.3,19.62114794
52.4,16.66983216
52.5,18.90333836
52.6,15.73393554
52.7,17.71483485
52.8,13.14652234
52.9,17.24074288
53,19.23449805
53.1,17.42764934
53.2,16.61237433
53.3,18.20765265
53.4,17.13798336
53.5,15.68388829
53.6,17.87023074
53.7,16.83370413
53.8,15.66234753
53.9,14.65472356
54,15.24633827
54.1,16.05494404
54.2,16.3789997
54.3,16.84641956
54.4,16.26834213
54.5,13.87222233
54.6,15.50176166
54.7,14.29204968
54.8,16.90767056
54.9,16.7522217
55,16.73586535
55.1,14.72113558
55.2,15.49418249
55.3,14.85815289
55.4,14.62224355
55.5,14.99761862
55.6,12.52531646
55.7,15.21551957
55.8,15.05811167
55.9,10.9700369
56,15.36620607
56.1,11.39101019
56.2,12.29351365
56.3,14.15305171
56.4,11.52273727
56.5,14.90028858
56.6,12.30749814
56.7,16.27707162
56.8,14.31422377
56.9,10.88083087
57,15.75183116
57.1,13.74243155
57.2,12.73318783
57.3,15.02914872
57.4,12.88633323
57.5,13.34606889
57.6,12.39399466
57.7,11.61780625
57.8,13.06170485
57.9,11.59753488
58,14.18230553
58.1,15.69967539
58.2,15.5491239
58.3,11.88120328
58.4,12.65272958
58.5,12.83391728
58.6,13.92836708
58.7,11.46757794
58.8,13.99387369
58.9,11.30057756
59,14.16760823
59.1,11.59162337
59.2,13.88597315
59.3,14.11147679
59.4,11.72280113
59.5,11.31662604
59.6,13.4608459
59.7,13.65411221
59.8,13.1064891
59.9,13.67786919
60,11.70098795
60.1,12.24817016
60.2,14.83644889
60.3,12.77170355
60.4,11.11246494
60.5,12.34204283
60.6,11.89458104
60.7,11.98634704
60.8,13.24334278
60.9,14.52578731
61,12.49666622
61.1,11.54605373
61.2,12.56032251
61.3,12.89116385
61.4,12.85198275
61.5,12.71054529
61.6,13.12918369
61.7,13.56822654
61.8,15.31408686
61.9,12.06051499
62,13.66408709
62.1,14.45422735
62.2,10.60649636
62.3,12.57708811
62.4,10.22306324
62.5,10.64990038
62.6,11.84372197
62.7,11.7406223
62.8,13.17290119
62.9,12.27820732
63,11.85248345
63.1,11.28392434
63.2,10.1113459
63.3,9.158057659
63.4,12.8483088
63.5,11.56750017
63.6,12.56945783
63.7,11.72006227
63.8,9.758325984
63.9,9.344126394
64,11.63236363
64.1,12.17066528
64.2,14.41024358
64.3,12.14375983
64.4,12.25351379
64.5,13.70202671
64.6,10.98406974
64.7,10.47134846
64.8,8.649052994
64.9,12.00484401
65,10.13073909
65.1,13.19817268
65.2,11.94017564
65.3,9.357823362
65.4,10.11484909
65.5,11.44185796
65.6,10.83884801
65.7,13.37501589
65.8,11.90275764
65.9,12.2260879
66,10.60536563
66.1,12.63504404
66.2,10.99075256
66.3,12.36581391
66.4,12.60792177
66.5,11.2996577
66.6,8.662223446
66.7,11.68967772
66.8,10.9407094
66.9,11.05984242
67,11.814954
67.1,12.69237382
67.2,13.01112838
67.3,10.95327452
67.4,11.55555323
67.5,14.30672702
67.6,11.29952572
67.7,10.07422199
67.8,11.70520103
67.9,13.07412178
68,12.95617215
68.1,13.36832623
68.2,11.79814053
68.3,12.77092563
68.4,14.26420132
68.5,11.75493281
68.6,11.25058707
68.7,12.51848051
68.8,11.30295109
68.9,12.94894319
69,12.04419014
69.1,11.7739635
69.2,13.18259335
69.3,10.32147502
69.4,12.90142678
69.5,10.74757038
69.6,10.95787958
69.7,12.24895669
69.8,10.59546717
69.9,9.554817415
70,12.81056538
70.1,11.90099839
70.2,14.0613445
70.3,12.60022614
70.4,9.973579475
70.5,13.6206966
70.6,12.62698846
70.7,12.23220843
70.8,12.38812166
70.9,11.12530787
71,10.71434096
71.1,12.78167873
71.2,11.57698758
71.3,10.93944926
71.4,12.22205786
71.5,12.19109818
71.6,10.75889412
71.7,12.28389681
71.8,11.39103921
71.9,11.54760909
72,11.06964674
72.1,10.12681211
72.2,10.84069992
72.3,12.9653941
72.4,10.37213191
72.5,8.703482082
72.6,10.72992775
72.7,10.14660142
72.8,9.650878497
72.9,11.90365965
73,12.22475719
73.1,11.6192277
73.2,10.94279813
73.3,11.0859655
73.4,13.00585872
73.5,10.0435441
73.6,9.114283066
73.7,9.58878628
73.8,12.88459716
73.9,11.59330365
74,10.2925033
74.1,12.55595348
74.2,11.08206777
74.3,12.95432111
74.4,12.0188539
74.5,10.47322977
74.6,10.75873566
74.7,11.46458775
74.8,11.04555666
74.9,11.65089552
75,12.05237033
75.1,8.086320809
75.2,12.22604603
75.3,12.43197152
75.4,11.73267835
75.5,12.03206744
75.6,12.99393102
75.7,12.18908141
75.8,11.76092967
75.9,10.86961417
76,13.47781935
76.1,9.467133751
76.2,11.34082593
76.3,11.14052533
76.4,9.363175284
76.5,13.28483486
76.6,12.36626889
76.7,11.0377263
76.8,12.03457243
76.9,11.53309847
77,12.15914543
77.1,12.35223226
77.2,11.09560642
77.3,12.67837549
77.4,14.20934795
77.5,10.97627034
77.6,13.88108267
77.7,10.11204383
77.8,13.70631363
77.9,11.83776549
78,12.67442608
78.1,12.39919603
78.2,11.5388342
78.3,9.320849518
78.4,10.7491867
78.5,10.36804015
78.6,12.22394339
78.7,9.388254626
78.8,13.07583284
78.9,11.32599264
79,14.18868063
79.1,11.55550172
79.2,14.17929908
79.3,13.31874797
79.4,11.00360333
79.5,10.70406809
79.6,11.66211292
79.7,12.30531368
79.8,12.94767392
79.9,10.81160712
80,13.2359398
80.1,14.49167962
80.2,12.11728432
80.3,11.22467003
80.4,10.32828004
80.5,11.30682179
80.6,13.37527645
80.7,12.11288135
80.8,15.04565062
80.9,10.8749694
81,8.281648948
81.1,7.942592884
81.2,11.43667224
81.3,11.74450984
81.4,10.24787993
81.5,13.20628693
81.6,10.8739188
81.7,12.30551681
81.8,12.30436197
81.9,10.71770876
82,12.57968661
82.1,10.58097229
82.2,11.93657424
82.3,11.03482088
82.4,10.60111343
82.5,13.68388327
82.6,11.76784399
82.7,13.08905468
82.8,8.887783513
82.9,8.020345122
83,8.329526456
83.1,11.7289307
83.2,9.872099151
83.3,10.14822168
83.4,12.35845334
83.5,8.795685842
83.6,11.9477992
83.7,11.44862229
83.8,10.2050699
83.9,11.11804067
84,13.45319714
84.1,10.45524901
84.2,14.62668477
84.3,10.00151304
84.4,13.22082506
84.5,14.17975485
84.6,12.29859106
84.7,12.38497918
84.8,15.08919184
84.9,12.8566246
85,14.39785872
85.1,16.25499259
85.2,14.5908479
85.3,13.29745526
85.4,13.57266445
85.5,14.67233035
85.6,12.00041554
85.7,12.61372522
85.8,11.69660692
85.9,12.29026338
86,14.07293073
86.1,13.06478502
86.2,15.30878993
86.3,15.04067965
86.4,10.8491371
86.5,11.53680914
86.6,14.90985851
86.7,12.81410464
86.8,11.77525786
86.9,12.22394568
87,12.40372324
87.1,14.49258478
87.2,12.2488121
87.3,15.12762017
87.4,12.88828893
87.5,13.61345316
87.6,12.77854722
87.7,13.44991535
87.8,13.13656263
87.9,13.55007235
88,14.64960068
88.1,14.31096731
88.2,14.68870007
88.3,12.26867171
88.4,11.01104473
88.5,11.99874528
88.6,11.94344976
88.7,11.67837241
88.8,13.76504109
88.9,11.73053695
89,15.09375425
89.1,11.53844301
89.2,13.02561032
89.3,14.45034833
89.4,14.06954888
89.5,13.03983312
89.6,10.79429627
89.7,12.15284826
89.8,12.61811206
89.9,10.04512631
90,12.0810758
90.1,12.78942233
90.2,15.54381559
90.3,15.41028354
90.4,14.67277018
90.5,14.11312915
90.6,14.90808914
90.7,15.38672213
90.8,11.38005892
90.9,13.90998716
91,13.74517819
91.1,14.99709495
91.2,13.83110739
91.3,16.02309905
91.4,15.04333517
91.5,15.92573151
91.6,13.85638039
91.7,12.58184572
91.8,14.95640581
91.9,17.40392149
92,14.25470558
92.1,17.55938148
92.2,13.7780857
92.3,17.46410432
92.4,13.08040387
92.5,16.42332239
92.6,15.15283048
92.7,15.32729887
92.8,15.32573184
92.9,16.53046371
93,15.88324764
93.1,15.75926397
93.2,16.96915548
93.3,15.8339645
93.4,15.28492814
93.5,16.06654951
93.6,16.24749504
93.7,13.50857265
93.8,14.1844195
93.9,17.65642103
94,18.19900575
94.1,16.93865512
94.2,14.91100913
94.3,16.41705044
94.4,17.91944361
94.5,18.65804827
94.6,15.06225156
94.7,14.65727847
94.8,17.02024318
94.9,15.09096109
95,17.05967471
95.1,14.68807571
95.2,16.25802566
95.3,14.32334758
95.4,17.54516472
95.5,16.09943608
95.6,13.43925488
95.7,16.37317401
95.8,15.77918867
95.9,14.85016564
96,17.18362167
96.1,18.60970287
96.2,15.39523866
96.3,15.0861843
96.4,19.14523683
96.5,12.93648058
96.6,15.18821999
96.7,16.0215263
96.8,15.25084112
96.9,14.01037511
97,15.69952823
97.1,13.56929116
97.2,15.15233228
97.3,15.71445048
97.4,14.24619054
97.5,13.38263998
97.6,15.80356613
97.7,15.56003865
97.8,16.50063556
97.9,15.40478981
98,14.13994793
98.1,15.87850808
98.2,14.40692148
98.3,14.99018041
98.4,14.92143941
98.5,15.42345121
98.6,13.44638575
98.7,15.41204526
98.8,12.50323641
98.9,14.45419272
99,11.44122397
99.1,13.72109063
99.2,15.67347595
99.3,15.57138201
99.4,16.18529129
99.5,16.39995739
99.6,15.708741
99.7,15.27003555
99.8,15.64932751
99.9,14.99860822
100,12.64984358
100.1,11.78519057
100.2,10.63012928
100.3,14.71620617
100.4,12.84691707
100.5,14.03899947
100.6,17.04954238
100.7,12.12104872
100.8,10.53664909
100.9,13.05824458
101,15.07715173
101.1,12.1881379
101.2,13.52021893
101.3,13.94885203
101.4,14.21490857
101.5,16.65707034
101.6,18.59580525
101.7,16.76908658
101.8,14.75946841
101.9,17.0111863
102,16.72424415
102.1,16.85632459
102.2,16.3885166
102.3,18.3304405
102.4,14.80422939
102.5,17.62915015
102.6,19.13842478
102.7,20.2074047
102.8,17.14348721
102.9,17.68122893
103,18.44046859
103.1,22.24182831
103.2,18.84773526
103.3,20.53159697
103.4,19.47157481
103.5,20.4107281
103.6,21.69750107
103.7,21.99548811
103.8,19.70716095
103.9,19.10060317
104,22.498137
104.1,21.93124994
104.2,20.81496037
104.3,20.88580604
104.4,20.65127463
104.5,19.8100271
104.6,23.78525444
104.7,22.26380222
104.8,24.63655297
104.9,23.93595179
105,23.00443363
105.1,23.08986174
105.2,23.71158154
105.3,25.65781546
105.4,25.77522465
105.5,26.70751434
105.6,25.36132235
105.7,24.48322845
105.8,23.77760824
105.9,25.9432929
106,27.18246826
106.1,27.64336479
106.2,26.86614323
106.3,26.76591825
106.4,28.4328996
106.5,30.40401993
106.6,26.72168421
106.7,26.27200856
106.8,30.22854819
106.9,29.60737478
107,29.89824711
107.1,28.92671656
107.2,30.37134697
107.3,28.41574935
107.4,30.37962897
107.5,32.50717146
107.6,33.6208208
107.7,31.73764974
107.8,31.68022173
107.9,31.37781803
108,29.569013
108.1,32.62466551
108.2,32.07361491
108.3,32.07018722
108.4,33.78109109
108.5,33.24504215
108.6,35.49053501
108.7,36.36112292
108.8,34.82747368
108.9,34.22651914
109,31.29534098
109.1,32.51182581
109.2,33.38311593
109.3,36.71596482
109.4,33.72819381
109.5,36.6974233
109.6,35.06767817
109.7,36.1073946
109.8,35.56718107
109.9,40.08027548
110,39.64441572
110.1,36.63772113
110.2,39.10624832
110.3,37.77682612
110.4,39.17192352
110.5,37.37252828
110.6,38.66732111
110.7,39.51774016
110.8,40.19260239
110.9,41.27051412
111,41.21163277
111.1,41.39325815
111.2,42.79414776
111.3,39.63365552
111.4,41.79921185
111.5,41.38667128
111.6,39.41274829
111.7,42.38022011
111.8,39.52792229
111.9,41.9808494
112,41.65823464
112.1,41.20258948
112.2,41.0189612
112.3,42.80578818
112.4,41.27149104
112.5,44.29737352
112.6,44.34216545
112.7,43.81687216
112.8,43.08895485
112.9,42.0886459
113,40.35683514
113.1,41.37408553
113.2,41.41005051
113.3,40.54787377
113.4,42.71664891
113.5,41.45370509
113.6,43.73624426
113.7,40.1993156
113.8,39.02744696
113.9,42.2388303
114,41.64023502
114.1,40.40342805
114.2,41.15300499
114.3,40.97569354
114.4,38.88091018
114.5,39.37687292
114.6,41.0092387
114.7,39.27720754
114.8,40.43984156
114.9,40.2789166
115,40.60877991
115.1,38.12186429
115.2,39.16206208
115.3,38.48062638
115.4,37.77807105
115.5,37.16753714
115.6,38.56108453
115.7,37.87343344
115.8,37.17554285
115.9,39.27190129
116,39.26237523
116.1,39.05750406
116.2,35.77147161
116.3,37.61721088
116.4,34.1292868
116.5,35.21107087
116.6,35.28338157
116.7,35.60560006
116.8,37.8388963
116.9,34.25196412
117,34.92641605
117.1,34.81629284
117.2,34.60947421
117.3,34.65969026
117.4,38.02652912
117.5,35.0581991
117.6,34.94337783
117.7,34.30686283
117.8,34.79548985
117.9,35.68495872
118,35.92186375
118.1,40.23059423
118.2,40.453688
118.3,37.94127408
118.4,39.93678263
118.5,39.08809993
118.6,38.29319961
118.7,36.84285637
118.8,39.50007136
118.9,40.32185278
119,39.03852436
119.1,39.73262019
119.2,42.46586483
119.3,40.20623012
119.4,40.71409688
119.5,40.19774303
119.6,41.07662602
119.7,38.93512513
119.8,44.07379226
119.9,42.79602567
120,40.88467992
120.1,43.08353055
120.2,43.05328063
120.3,42.21612036
120.4,43.96651317
120.5,40.69243604
120.6,43.88292437
120.7,42.51132865
120.8,41.19065749
120.9,43.69850658
121,40.07712663
121.1,41.75717271
121.2,41.04336281
121.3,40.18899559
121.4,41.47766673
121.5,41.91741429
121.6,40.96357134
121.7,43.22934805
121.8,44.03418231
121.9,41.8233859
122,40.50700297
122.1,38.93237746
122.2,39.75600997
122.3,41.9522021
122.4,38.98272653
122.5,38.06759089
122.6,40.04946716
122.7,41.4338917
122.8,40.25596973
122.9,39.98005374
123,41.7243933
123.1,37.51655331
123.2,41.33352285
123.3,40.69120222
123.4,39.44628558
123.5,40.01555349
123.6,38.204649
123.7,39.33706921
123.8,35.07374466
123.9,37.24492696
124,37.46288678
124.1,38.77082421
124.2,38.93972215
124.3,33.95541709
124.4,36.68369652
124.5,36.58443694
124.6,34.08378305
124.7,36.54725539
124.8,36.85756207
124.9,35.7045612
125,36.57564653
125.1,36.28712711
125.2,33.46241677
125.3,34.23327652
125.4,36.36612953
125.5,34.82401702
125.6,33.26702566
125.7,34.32006403
125.8,34.62405718
125.9,34.63310247
126,33.48837567
126.1,37.22697725
126.2,32.61576377
126.3,35.55975742
126.4,35.11916975
126.5,36.4496446
126.6,34.27356505
126.7,34.95219968
126.8,35.52702251
126.9,34.56681599
127,33.42079546
127.1,34.84232663
127.2,36.26183775
127.3,33.64130835
127.4,37.0661055
127.5,35.78354727
127.6,34.37375568
127.7,34.75216674
127.8,37.55048988
127.9,37.61219163
128,35.63626421
128.1,34.70987296
128.2,35.36509811
128.3,37.14966046
128.4,34.71797005
128.5,36.02076857
128.6,35.53543128
128.7,35.34770634
128.8,33.87070611
128.9,33.44487019
129,37.20453662
129.1,42.00695689
129.2,42.51321686
129.3,42.58118243
129.4,40.70319848
129.5,41.8712073
129.6,43.83071578
129.7,41.86286597
129.8,42.8425397
129.9,40.24747245
130,42.52110315
130.1,43.43604891
130.2,41.90743132
130.3,40.80348586
130.4,39.18909003
130.5,39.58369859
130.6,38.02484373
130.7,40.59155021
130.8,37.02985426
130.9,38.98975679
131,37.49666075
131.1,37.66927786
131.2,38.45594382
131.3,40.20527871
131.4,41.23308241
131.5,37.50506476
131.6,38.40710436
131.7,38.99079614
131.8,37.00209112
131.9,38.76464212
132,38.9367774
132.1,36.71631899
132.2,36.99639019
132.3,37.84138234
132.4,38.28346932
132.5,38.77959184
132.6,38.99206723
132.7,36.7643145
132.8,34.63562881
132.9,36.73146331
133,38.54887812
133.1,33.89522397
133.2,35.46025655
133.3,36.30498045
133.4,35.82179329
133.5,35.61323387
133.6,34.36749944
133.7,34.82505505
133.8,33.66469755
133.9,36.94714635
134,31.65647861
134.1,34.59994663
134.2,35.96806704
134.3,36.21064981
134.4,35.44018235
134.5,33.3882885
134.6,33.88068723
134.7,34.53615621
134.8,38.29541064
134.9,36.23637684
135,34.028154
135.1,38.20479161
135.2,36.45083131
135.3,34.77268316
135.4,35.9535748
135.5,37.76021729
135.6,35.050496
135.7,35.7809374
135.8,33.90508758
135.9,36.01477656
136,34.82595076
136.1,33.70670674
136.2,34.15058856
136.3,34.97774582
136.4,34.93137774
136.5,36.96148793
136.6,34.41844289
136.7,34.01158775
136.8,37.55114765
136.9,36.80770477
137,35.70023545
137.1,36.68612787
137.2,37.93005223
137.3,34.99510135
137.4,37.07705994
137.5,38.27288643
137.6,36.17659942
137.7,38.73682478
137.8,37.97524088
137.9,35.83197917
138,38.00871473
138.1,39.27114668
138.2,37.10637966
138.3,39.44232503
138.4,38.19400065
138.5,39.93939287
138.6,39.15222204
138.7,38.33858608
138.8,37.7986815
138.9,36.20261198
139,36.39448812
139.1,39.30442505
139.2,38.68377809
139.3,36.78705829
139.4,37.42878004
139.5,37.99088929
139.6,38.27550173
139.7,39.2637322
139.8,36.57398993
139.9,38.46597801
140,39.66987527
140.1,38.95340211
140.2,41.15062096
140.3,38.17647105
140.4,38.43208837
140.5,37.50061724
140.6,35.92165045
140.7,36.80955186
140.8,37.34334161
140.9,39.09674118
141,37.64770659
141.1,37.93990952
141.2,38.05808443
141.3,36.44756582
141.4,37.82718186
141.5,36.45163121
141.6,37.2465289
141.7,35.29267152
141.8,36.3464015
141.9,37.19839559
142,36.27022862
142.1,35.17296899
142.2,36.3412303
142.3,36.91722722
142.4,35.51289248
142.5,37.35665522
142.6,36.23373833
142.7,36.25619199
142.8,36.5389171
142.9,35.56023593
143,38.75749786
143.1,37.95589013
143.2,36.34491512
143.3,36.17280759
143.4,39.29195109
143.5,37.97305949
143.6,36.34341229
143.7,36.3322388
143.8,34.28059941
143.9,37.37283621
144,37.3107591
144.1,36.82080249
144.2,37.90311217
144.3,36.90028077
144.4,35.6323935
144.5,38.82409143
144.6,37.13676172
144.7,37.95055799
144.8,36.47812744
144.9,36.9278134
145,34.78373943
145.1,35.9461913
145.2,38.29829166
145.3,36.54644052
145.4,38.40486274
145.5,35.82164503
145.6,36.9333781
145.7,36.3718099
145.8,35.33254854
145.9,39.7806112
146,36.28963022
146.1,39.05324919
146.2,38.31219748
146.3,39.88195933
146.4,38.58759187
146.5,37.96673646
146.6,38.82928122
146.7,36.581066
146.8,37.31471287
146.9,37.02517686
147,40.18669763
147.1,37.96261963
147.2,38.4794853
147.3,37.77749289
147.4,36.83761664
147.5,39.80688223
147.6,36.63890645
147.7,38.477873
147.8,37.40525558
147.9,38.97690391
148,40.5774445
148.1,38.18489855
148.2,36.82507157
148.3,38.82403479
148.4,38.80865854
148.5,39.18011535
148.6,39.57889849
148.7,36.93761289
148.8,38.38074911
148.9,39.5534482
149,38.73899097
149.1,39.10634445
149.2,37.04552156
149.3,38.6095669
149.4,37.23729434
149.5,38.07385573
149.6,35.26201131
149.7,38.00641225
149.8,37.15386963
149.9,36.4680269
150,36.27956722
150.1,36.5063163
150.2,38.8650097
150.3,37.91177864
150.4,38.3328264
150.5,36.19000977
150.6,35.10305
150.7,37.17517469
150.8,40.38134458
150.9,38.04226455
151,36.0945701
151.1,36.56537664
151.2,37.24542167
151.3,37.51293945
151.4,36.58361913
151.5,38.37697007
151.6,38.25939325
151.7,37.50243435
151.8,37.27463997
151.9,36.37762147
152,38.06976901
152.1,33.46848061
152.2,36.08907234
152.3,37.73334474
152.4,35.38892764
152.5,36.28001255
152.6,36.56555466
152.7,35.29271308
152.8,37.28101804
152.9,34.92388416
153,39.09659705
153.1,37.06488407
153.2,36.59068077
153.3,36.59619083
153.4,35.74995158
153.5,36.46485056
153.6,37.07472154
153.7,36.68538798
153.8,35.69155428
153.9,36.48781849
154,36.9477723
154.1,34.58849929
154.2,33.17254167
154.3,36.90947896
154.4,38.33351702
154.5,38.35199452
154.6,35.69884143
154.7,34.48628623
154.8,36.52787226
154.9,33.72711974
155,33.17629323
155.1,33.5689871
155.2,35.15478712
155.3,35.0061631
155.4,33.76893277
155.5,34.28109637
155.6,32.03030643
155.7,34.42061146
155.8,32.36610814
155.9,33.86960215
156,32.96269925
156.1,34.4689647
156.2,32.98873162
156.3,32.45176841
156.4,32.69540487
156.5,34.11624946
156.6,30.73766418
156.7,31.42728796
156.8,31.7652572
156.9,31.55661139
157,33.48168433
157.1,28.27086988
157.2,31.19107312
157.3,33.38683192
157.4,32.23837284
157.5,31.67703507
157.6,30.62443481
157.7,30.82940371
157.8,30.92121393
157.9,30.09141394
158,32.421756
158.1,26.98140433
158.2,28.7599822
158.3,29.2109487
158.4,31.49681259
158.5,29.99746567
158.6,30.52574403
158.7,29.44451354
158.8,29.59040951
158.9,28.00057652
159,24.20542103
159.1,27.83818988
159.2,26.73856383
159.3,27.03503741
159.4,29.74127355
159.5,26.82844639
159.6,26.89256211
159.7,25.91816662
159.8,25.96959992
159.9,23.87299281
160,26.59874558
160.1,24.9939951
160.2,26.62723396
160.3,23.51513799
160.4,26.73747929
160.5,23.7544477
160.6,24.20285831
160.7,24.6701939
160.8,24.83987692
160.9,26.09709605
161,24.09872081
161.1,24.77574414
161.2,21.88618656
161.3,23.31749247
161.4,21.98589369
161.5,22.56229471
161.6,24.05520785
161.7,24.42998761
161.8,22.7414748
161.9,23.03574671
162,20.27092695
162.1,23.33926746
162.2,20.64516202
162.3,22.17935145
162.4,23.02994614
162.5,21.07715937
162.6,21.21145136
162.7,18.33142256
162.8,19.86988046
162.9,22.49852685
163,22.7897573
163.1,21.74576292
163.2,22.24647521
163.3,19.13883625
163.4,20.68846524
163.5,18.93027274
163.6,17.84468816
163.7,20.59410679
163.8,19.23813201
163.9,18.44095798
164,20.38115157
164.1,18.47735331
164.2,18.32422225
164.3,17.1622262
164.4,19.29114124
164.5,18.81953677
164.6,21.94508478
164.7,17.34136774
164.8,18.30721637
164.9,20.7829205
165,16.20933131
165.1,18.83229532
165.2,21.28247927
165.3,18.44226077
165.4,21.45660045
165.5,18.16555997
165.6,15.08777721
165.7,17.91031242
165.8,17.01785569
165.9,15.83419359
166,17.92733978
166.1,13.19024934
166.2,17.62729929
166.3,16.38955281
166.4,19.25180987
166.5,18.11585275
166.6,15.49029142
166.7,15.89135037
166.8,18.77743035
166.9,15.41075817
167,16.07662471
167.1,15.88946733
167.2,15.48429567
167.3,14.51929252
167.4,15.25598574
167.5,13.95421002
167.6,16.88513055
167.7,15.47411911
167.8,16.50075332
167.9,14.74374298
168,16.1920365
168.1,14.76034628
168.2,14.18162102
168.3,17.75957294
168.4,17.09832917
168.5,15.43187175
168.6,13.75097771
168.7,15.29994615
168.8,14.20395272
168.9,14.01527318
169,12.00529832
169.1,15.45464728
169.2,12.28691749
169.3,14.63682759
169.4,13.86656365
169.5,14.23532548
169.6,13.35671618
169.7,15.52940219
169.8,16.60911303
169.9,13.09104432
170,14.95849759
170.1,15.99830158
170.2,15.98962261
170.3,12.94836063
170.4,16.34165349
170.5,12.37320394
170.6,13.23499268
170.7,13.82348446
170.8,16.10736567
170.9,15.2083679
171,16.30385039
171.1,12.83063791
171.2,14.55270883
171.3,13.98446825
171.4,12.32814892
171.5,12.61171452
171.6,16.31501413
171.7,10.17418468
171.8,13.45018218
171.9,13.35093798
172,14.54286781
172.1,14.72822077
172.2,12.91004005
172.3,14.22031183
172.4,12.47455583
172.5,11.29119695
172.6,14.71728315
172.7,12.81979924
172.8,11.52934981
172.9,12.92173657
173,15.1689241
173.1,12.81092167
173.2,14.63582017
173.3,12.72302093
173.4,14.92548219
173.5,12.27157722
173.6,12.68445321
173.7,12.82690924
173.8,13.06146647
173.9,16.39098329
174,12.08540892
174.1,12.0320973
174.2,12.12501598
174.3,15.58744771
174.4,11.58059861
174.5,12.41765882
174.6,10.06240648
174.7,11.5267526
174.8,10.88875324
174.9,13.3811424
175,11.86963699
175.1,15.23706449
175.2,12.51409531
175.3,11.93136644
175.4,13.86545981
175.5,11.53715167
175.6,15.37140978
175.7,11.89277799
175.8,12.65378237
175.9,14.25436457
176,9.969381803
176.1,11.56436225
176.2,11.10475046
176.3,12.86292958
176.4,10.44804492
176.5,12.69600751
176.6,12.34371133
176.7,12.20545043
176.8,12.83863953
176.9,11.8236696
177,12.34358096
177.1,11.25371087
177.2,10.50116605
177.3,12.37287479
177.4,12.17550621
177.5,10.52844511
177.6,12.4332281
177.7,11.91743947
177.8,9.320075267
177.9,11.79165583
178,15.03480149
178.1,10.63081933
178.2,11.07570861
178.3,12.35353739
178.4,11.97165158
178.5,11.50178651
178.6,13.38938317
178.7,11.13090846
178.8,9.204560583
178.9,13.18291612
179,13.346537
179.1,12.79191595
179.2,11.45224955
179.3,11.20853566
179.4,11.86185926
179.5,13.5329668
179.6,11.03888911
179.7,12.53604685
179.8,10.49795867
179.9,13.03436059
180,11.74548415
180.1,14.86726108
180.2,15.04719951
180.3,13.32002492
180.4,14.74140428
180.5,15.81038408
180.6,14.19060079
180.7,12.41670067
180.8,16.20801083
180.9,14.30096247
181,15.50300712
181.1,13.50902635
181.2,15.40706862
181.3,15.59331317
181.4,12.51018674
181.5,17.01026249
181.6,13.81046444
181.7,14.71340836
181.8,12.66915409
181.9,14.95653
182,14.84734552
182.1,13.20398438
182.2,12.93283368
182.3,13.67356619
182.4,13.03257441
182.5,14.7528233
182.6,13.89934338
182.7,15.97396423
182.8,13.23137747
182.9,13.7346103
183,13.53827024
183.1,13.38455037
183.2,12.388578
183.3,10.51139834
183.4,10.61144272
183.5,11.43559927
183.6,12.71385405
183.7,12.18120048
183.8,11.92259463
183.9,15.1895087
184,15.23483801
184.1,13.08541767
184.2,12.70880598
184.3,12.31767613
184.4,12.07129363
184.5,15.22569027
184.6,10.26112294
184.7,12.54659115
184.8,12.25938498
184.9,10.93612437
185,11.63298868
185.1,12.4733944
185.2,11.07709361
185.3,13.13897501
185.4,12.65174513
185.5,11.12668383
185.6,12.27068525
185.7,13.77739895
185.8,12.40513293
185.9,13.83464826
186,12.93627589
186.1,11.65573793
186.2,13.5594318
186.3,12.68795104
186.4,12.31028646
186.5,16.58197466
186.6,11.31792777
186.7,16.78412795
186.8,14.30155531
186.9,14.7118221
187,15.61096612
187.1,17.7064008
187.2,16.11372755
187.3,15.21219906
187.4,13.8726148
187.5,13.15493966
187.6,12.20426258
187.7,14.53353638
187.8,12.16769576
187.9,13.96150931
188,13.02484767
188.1,14.89772169
188.2,12.83310083
188.3,11.22226385
188.4,13.51648582
188.5,15.2755311
188.6,15.49563643
188.7,13.55867181
188.8,18.13419361
188.9,15.9194991
189,15.10732787
189.1,16.18108794
189.2,15.75699127
189.3,15.80419811
189.4,16.81562987
189.5,16.05005138
189.6,14.10588374
189.7,15.57111668
189.8,14.39901003
189.9,19.69635851
190,14.74753713
190.1,17.70889695
190.2,18.62987224
190.3,19.01964669
190.4,17.0041355
190.5,17.26167765
190.6,17.7944415
190.7,15.21492685
190.8,17.61802599
190.9,17.03944709
191,18.17854363
191.1,16.18923053
191.2,19.38019348
191.3,19.40145741
191.4,18.38894253
191.5,18.1070743
191.6,17.96641344
191.7,18.99269244
191.8,19.70869317
191.9,19.40365809
192,18.84276928
192.1,19.55606763
192.2,18.85335178
192.3,21.12818021
192.4,19.04813641
192.5,19.89116952
192.6,20.81578592
192.7,19.18002663
192.8,19.28598621
192.9,19.65879182
193,21.28825649
193.1,17.94457441
193.2,19.03489046
193.3,19.66252435
193.4,21.03808784
193.5,22.13563899
193.6,21.39448877
193.7,20.60979459
193.8,22.49963933
193.9,21.14119451
194,19.41417123
194.1,22.23211634
194.2,24.85076336
194.3,23.48584689
194.4,22.52871936
194.5,21.41828912
194.6,20.48889948
194.7,21.12697522
194.8,22.53085551
194.9,21.17012449
195,19.7128833
195.1,21.44255763
195.2,23.23407359
195.3,24.93202118
195.4,23.93422476
195.5,24.37934152
195.6,23.30026452
195.7,21.52422559
195.8,24.07354807
195.9,23.55715064
196,23.37579265
196.1,23.41360229
196.2,24.62063529
196.3,24.64696335
196.4,27.61733419
196.5,23.83777107
196.6,24.144264
196.7,24.94346552
196.8,28.96501428
196.9,26.96015293
197,26.50945829
197.1,27.1460891
197.2,23.29350564
197.3,26.92439903
197.4,24.85807632
197.5,27.91099817
197.6,27.638483
197.7,29.23349968
197.8,26.9873048
197.9,30.13037883
198,27.85773376
198.1,27.7735634
198.2,27.42980395
198.3,29.27196751
198.4,27.76086182
198.5,27.66357988
198.6,27.96947869
198.7,29.48969564
198.8,30.33498178
198.9,32.03203641
199,27.46018834
199.1,30.43050585
199.2,27.32195672
199.3,28.87516914
199.4,29.3178883
199.5,29.134724
199.6,29.127441
199.7,29.53742405
199.8,31.44534586
199.9,29.56007982
200,40.75872498
200.1,38.00564614
200.2,37.12728736
200.3,39.51962228
200.4,41.2480085
200.5,38.8521524
200.6,39.55584114
200.7,40.75837229
200.8,42.51855719
200.9,39.90689362
201,38.09638048
201.1,38.75528137
201.2,43.04072257
201.3,39.98609882
201.4,38.89250406
201.5,39.45856648
201.6,39.82985436
201.7,38.31622268
201.8,40.60591427
201.9,39.82840599
202,36.58359081
202.1,39.35052705
202.2,39.97820689
202.3,39.32041956
202.4,37.86596888
202.5,37.76575392
202.6,35.99565673
202.7,38.12028355
202.8,38.59701497
202.9,39.11719479
203,37.10607015
203.1,36.17365839
203.2,34.56765369
203.3,36.2573807
203.4,33.23837956
203.5,34.11026954
203.6,33.15188805
203.7,36.55820669
203.8,37.66768384
203.9,31.88598927
204,35.11177099
204.1,35.48301992
204.2,32.76789124
204.3,32.87217276
204.4,33.70213506
204.5,32.80000437
204.6,30.73216792
204.7,32.32685646
204.8,34.07617311
204.9,31.09541528
205,31.25905364
205.1,29.48836095
205.2,30.81790202
205.3,30.89782717
205.4,30.97141823
205.5,29.98086366
205.6,30.47863402
205.7,29.12561571
205.8,29.20673063
205.9,33.02457574
206,29.23213871
206.1,27.60731982
206.2,26.55025254
206.3,28.31118192
206.4,27.59975092
206.5,27.11609733
206.6,27.25249523
206.7,26.30294229
206.8,28.55147889
206.9,25.75348423
207,26.63604149
207.1,27.85175775
207.2,28.07265805
207.3,25.23906109
207.4,27.6720428
207.5,24.81207226
207.6,24.5372184
207.7,26.40035091
207.8,26.40866446
207.9,26.57922845
208,25.32900072
208.1,25.82588009
208.2,25.3604182
208.3,26.64274511
208.4,24.38110094
208.5,24.30440259
208.6,24.23695795
208.7,26.50087163
208.8,21.47012909
208.9,23.8948347
209,22.47829849
209.1,22.65070188
209.2,24.02436197
209.3,24.25975445
209.4,22.87987408
209.5,22.77688263
209.6,22.16465434
209.7,21.41341337
209.8,23.131276
209.9,21.20318169
210,21.05433344
210.1,21.2000796
210.2,23.36176596
210.3,22.04092118
210.4,22.20984753
210.5,20.18992711
210.6,20.22681622
210.7,20.5204923
210.8,22.2923435
210.9,20.5194342
211,19.89026972
211.1,18.23072172
211.2,20.10573326
211.3,19.18169178
211.4,21.59711069
211.5,19.56265267
211.6,19.04492384
211.7,19.54496412
211.8,18.84495366
211.9,18.77258529
212,22.16825097
212.1,19.93080379
212.2,20.30837416
212.3,18.6818798
212.4,19.77010044
212.5,16.93645391
212.6,17.14204215
212.7,19.14287137
212.8,17.36696691
212.9,20.98615487
213,16.80510114
213.1,18.22762721
213.2,18.03347928
213.3,17.49819104
213.4,18.43880304
213.5,17.3304795
213.6,16.50541923
213.7,17.50123473
213.8,18.21408836
213.9,18.51126687
214,19.53746198
214.1,17.50815867
214.2,16.88272266
214.3,19.43309486
214.4,18.24004625
214.5,17.23809857
214.6,17.58067125
214.7,17.0079522
214.8,15.69590838
214.9,15.22826095
215,15.61515784
215.1,15.7882131
215.2,17.66665422
215.3,14.23090202
215.4,17.13236511
215.5,16.76365494
215.6,15.98519096
215.7,14.18206316
215.8,17.14884413
215.9,16.86537531
216,16.53346958
216.1,14.58939479
216.2,16.50575322
216.3,15.14604557
216.4,15.51555252
216.5,16.58327702
216.6,13.36069617
216.7,14.59186381
216.8,14.90875623
216.9,14.37836687
217,17.26741903
217.1,14.50040616
217.2,16.24094078
217.3,16.25883836
217.4,16.70364713
217.5,15.01153075
217.6,13.26966481
217.7,13.59227006
217.8,15.65524815
217.9,13.09490553
218,15.41565716
218.1,14.29546579
218.2,14.97374829
218.3,16.3242655
218.4,14.85531101
218.5,15.64546406
218.6,14.45493299
218.7,14.56198936
218.8,13.98759337
218.9,15.53995889
219,15.37083817
219.1,14.51340962
219.2,14.21573351
219.3,15.07231661
219.4,16.13653862
219.5,14.9273989
219.6,15.03301895
219.7,13.57613228
219.8,13.48783662
219.9,12.24163099
220,15.26817174
220.1,13.17659861
220.2,14.09804353
220.3,17.38741588
220.4,16.0412154
220.5,14.75393519
220.6,12.54252072
220.7,12.12437228
220.8,14.58614546
220.9,13.5069744
221,14.59992269
221.1,16.13204951
221.2,15.17969216
221.3,15.21726035
221.4,13.68261429
221.5,15.56523953
221.6,13.90375673
221.7,11.119826
221.8,17.10567896
221.9,15.92559722
222,16.72440434
222.1,14.86902486
222.2,16.89258566
222.3,14.74713863
222.4,13.58272087
222.5,16.44861098
222.6,18.97528876
222.7,16.59870733
222.8,15.03790186
222.9,16.23435047
223,18.40958855
223.1,15.61139973
223.2,16.97283193
223.3,16.18481295
223.4,17.53510652
223.5,17.21778956
223.6,17.04065318
223.7,18.76680041
223.8,17.92414739
223.9,18.5780457
224,19.93250646
224.1,18.50489871
224.2,19.39827667
224.3,18.52233633
224.4,20.61525051
224.5,17.42533817
224.6,20.0146655
224.7,19.59608084
224.8,19.69844622
224.9,18.47381707
225,18.2460009
225.1,19.00364998
225.2,20.18210476
225.3,21.04768392
225.4,21.04720469
225.5,24.49161709
225.6,19.97345625
225.7,21.87511364
225.8,24.20956763
225.9,20.58200429
226,21.56398043
226.1,24.83036841
226.2,23.85595603
226.3,22.34434936
226.4,25.63183444
226.5,24.4535124
226.6,25.81169913
226.7,28.86997986
226.8,27.1167983
226.9,29.0135267
227,27.53297912
227.1,28.08497479
227.2,28.80461071
227.3,29.25545848
227.4,27.88773869
227.5,27.80143018
227.6,29.1510987
227.7,27.69649478
227.8,32.28031695
227.9,30.36814881
228,29.58025804
228.1,31.35757305
228.2,31.06119139
228.3,32.3742989
228.4,29.4756084
228.5,32.13512255
228.6,31.60094305
228.7,31.2462277
228.8,30.88601542
228.9,31.8423311
229,31.93555689
229.1,32.26457491
229.2,31.23002249
229.3,30.79301127
229.4,32.64261761
229.5,30.50911309
229.6,31.09476508
229.7,29.80655447
229.8,31.49811964
229.9,29.21163933
230,31.1710446
230.1,30.68193856
230.2,28.90776943
230.3,30.76086497
230.4,32.69692689
230.5,29.94374758
230.6,30.63406805
230.7,31.26584462
230.8,27.88944677
230.9,29.93548484
231,28.64734322
231.1,32.99098432
231.2,27.85096566
231.3,29.83290712
231.4,30.94878517
231.5,28.61269013
231.6,30.56489605
231.7,28.16836311
231.8,30.81002105
231.9,30.97623191
232,31.42397848
232.1,30.40820818
232.2,31.63831367
232.3,29.89461223
232.4,29.42675715
232.5,28.30842539
232.6,29.08374392
232.7,32.20000108
232.8,30.94682332
232.9,31.25334705
233,28.64012965
233.1,28.15658411
233.2,31.25491015
233.3,32.14608448
233.4,29.75443072
233.5,30.99116436
233.6,29.68866838
233.7,31.01180197
233.8,30.77301258
233.9,27.58516224
234,29.28791626
234.1,29.07255981
234.2,30.93024575
234.3,27.05936981
234.4,31.87778089
234.5,31.71118294
234.6,30.71275355
234.7,30.67379188
234.8,29.72936314
234.9,33.36597775
235,27.31614062
235.1,29.94832329
235.2,30.25879362
235.3,30.68208504
235.4,31.37586322
235.5,31.58808391
235.6,30.66556306
235.7,27.19324045
235.8,29.52976096
235.9,31.14653843
236,32.03320341
236.1,30.2666837
236.2,32.12769646
236.3,32.11205487
236.4,31.60283368
236.5,29.49468877
236.6,31.2818479
236.7,29.63133118
236.8,31.66050594
236.9,34.39790593
237,31.13250811
237.1,32.36249558
237.2,32.62993571
237.3,31.71416628
237.4,32.20790657
237.5,32.39297566
237.6,33.05653973
237.7,33.44033318
237.8,34.55897871
237.9,34.88634704
238,36.29730383
238.1,32.59301391
238.2,35.31748615
238.3,35.64239419
238.4,35.93870034
238.5,36.81382215
238.6,36.53375684
238.7,36.93017907
238.8,40.25897713
238.9,37.34520977
239,36.70296653
239.1,37.76314464
239.2,37.45191666
239.3,38.14638682
239.4,39.11134184
239.5,37.52114953
239.6,39.13093599
239.7,36.92726217
239.8,37.0865825
239.9,38.47323532
240,37.38004486
240.1,37.6819682
240.2,40.87293083
240.3,39.61293109
240.4,40.73172598
240.5,43.34556434
240.6,38.14275718
240.7,39.823409
240.8,40.72514427
240.9,39.92141508
241,39.87602524
241.1,41.80465717
241.2,40.07960264
241.3,41.35612495
241.4,41.33099186
241.5,40.37386977
241.6,38.95336299
241.7,39.77232894
241.8,41.50577638
241.9,41.05051568
242,41.23351347
242.1,43.63357767
242.2,40.7988603
242.3,42.9611748
242.4,38.51747261
242.5,36.14605945
242.6,38.85855395
242.7,40.03093882
242.8,38.08582235
242.9,37.99361005
243,40.05896429
243.1,37.97118097
243.2,39.98333501
243.3,36.8608516
243.4,40.26949509
243.5,41.14493855
243.6,40.38886227
243.7,41.70218724
243.8,39.58826022
243.9,42.78467481
244,39.89897639
244.1,40.60088532
244.2,39.60979597
244.3,38.4276648
244.4,38.88518772
244.5,40.870138
244.6,39.8260002
244.7,41.53270564
244.8,39.8058615
244.9,42.94141038
245,39.76656639
245.1,40.73063407
245.2,42.99685764
245.3,41.78988587
245.4,44.05615792
245.5,42.76354509
245.6,43.53659222
245.7,41.35966568
245.8,40.17549213
245.9,41.3229922
246,41.57549109
246.1,41.52358611
246.2,38.85350573
246.3,43.50042729
246.4,43.1709174
246.5,39.92138366
246.6,41.22378345
246.7,42.44041084
246.8,41.2691155
246.9,44.00961102
247,43.0176439
247.1,43.04044486
247.2,41.1856571
247.3,42.3265409
247.4,41.07805623
247.5,41.33148378
247.6,38.96187365
247.7,40.84228171
247.8,41.13568774
247.9,40.9179975
248,41.11371144
248.1,38.02839982
248.2,38.61786349
248.3,38.18241054
248.4,40.6857749
248.5,40.26533862
248.6,37.39672707
248.7,37.95595502
248.8,41.65251469
248.9,38.61300147
249,40.1157143
249.1,37.3376392
249.2,36.76144828
249.3,40.84608661
249.4,40.05810899
249.5,37.91233786
249.6,38.5384292
249.7,40.06419856
249.8,40.00263375
249.9,39.30363924
250,37.17582075
250.1,37.70432157
250.2,38.21139791
250.3,37.21518344
250.4,39.85154213
250.5,38.03743701
250.6,37.25167249
250.7,36.24736145
250.8,36.99706447
250.9,37.47246732
251,36.11706716
251.1,35.82462554
251.2,38.36091062
251.3,39.05249676
251.4,37.39174012
251.5,34.32441986
251.6,36.33265871
251.7,39.5267864
251.8,38.03858175
251.9,37.32703965
252,35.87989696
252.1,38.82504666
252.2,36.28679011
252.3,36.3546903
252.4,36.78716998
252.5,35.84160217
252.6,38.18926325
252.7,35.58742216
252.8,37.15559237
252.9,36.99881886
253,34.08932107
253.1,36.42256065
253.2,34.8438546
253.3,34.86045834
253.4,37.69146842
253.5,35.28239408
253.6,36.23533085
253.7,34.79859455
253.8,36.29233805
253.9,35.69772976
254,37.13944929
254.1,36.90134188
254.2,33.49931011
254.3,35.55149491
254.4,35.52832539
254.5,34.63368184
254.6,37.88854205
254.7,39.19710978
254.8,36.71148636
254.9,36.57940614
255,37.62281085
255.1,35.61912138
255.2,37.494165
255.3,37.82730514
255.4,36.84455161
255.5,39.4165888
255.6,38.27441009
255.7,36.26696134
255.8,35.75145862
255.9,38.73351952
256,37.19774469
256.1,39.59054473
256.2,40.06280372
256.3,39.72434826
256.4,36.73333157
256.5,39.25856664
256.6,36.65225267
256.7,38.14529429
256.8,41.61359088
256.9,39.32174523
257,39.79730346
257.1,38.86072879
257.2,42.19176778
257.3,41.09949044
257.4,36.90499074
257.5,38.87357936
257.6,37.85054322
257.7,39.23287885
257.8,40.40544856
257.9,37.96764798
258,38.96140784
258.1,38.47542933
258.2,37.80312166
258.3,39.59047477
258.4,40.00432522
258.5,39.0752953
258.6,39.4547031
258.7,41.18486538
258.8,42.56257352
258.9,41.87529426
259,41.04117904
259.1,40.44747708
259.2,40.17120219
259.3,38.66744111
259.4,42.60860907
259.5,40.37988053
259.6,39.902353
259.7,41.90522729
259.8,42.1888679
259.9,40.1956757
260,43.22873633
260.1,41.54230778
260.2,40.91926048
260.3,41.4261118
260.4,43.07438483
260.5,41.50745069
260.6,42.47210621
260.7,42.51127606
260.8,44.31564417
260.9,41.63307959
261,41.28610117
261.1,41.63497575
261.2,39.99003398
261.3,41.01368118
261.4,41.67776057
261.5,40.40191471
261.6,40.56845527
261.7,41.92429985
261.8,41.32950872
261.9,42.6147173
262,43.03436164
262.1,42.03062377
262.2,39.14349986
262.3,39.97706572
262.4,41.81378093
262.5,39.94407107
262.6,37.52188178
262.7,41.44766052
262.8,40.68675498
262.9,39.80939179
263,39.94443112
263.1,38.89284006
263.2,38.96637116
263.3,38.82185276
263.4,37.83671109
263.5,38.01740042
263.6,38.99554122
263.7,39.27413624
263.8,40.78602061
263.9,40.39987711
264,36.93233171
264.1,37.90026274
264.2,36.31642353
264.3,37.13453067
264.4,36.27777467
264.5,35.48068789
264.6,37.61749508
264.7,33.96644448
264.8,33.85797161
264.9,33.99551974
265,34.83137251
265.1,33.69741208
265.2,33.04857723
265.3,34.39673057
265.4,30.43184981
265.5,31.91478462
265.6,33.64460835
265.7,31.5718662
265.8,27.58186794
265.9,30.05861381
266,30.70968609
266.1,32.61158831
266.2,27.43430632
266.3,31.92164998
266.4,29.65420981
266.5,27.95378144
266.6,28.68392014
266.7,29.86111072
266.8,26.26199713
266.9,29.61599211
267,30.20072185
267.1,30.64950353
267.2,27.79179723
267.3,26.37339196
267.4,27.23502595
267.5,26.54727146
267.6,29.34094936
267.7,26.47548102
267.8,27.23355056
267.9,25.18034358
268,25.35764523
268.1,25.47026812
268.2,27.09422196
268.3,23.8141606
268.4,25.32298915
268.5,24.80105851
268.6,24.18393153
268.7,26.24480297
268.8,24.85688261
268.9,26.75446284
269,24.56812231
269.1,26.26463821
269.2,23.6800769
269.3,24.08503423
269.4,23.84879752
269.5,24.16170868
269.6,22.74273174
269.7,27.14460304
269.8,24.05103547
269.9,23.71541368
270,24.48248716
270.1,24.45940776
270.2,21.16008379
270.3,23.94423953
270.4,21.73813863
270.5,23.81945966
270.6,22.72157119
270.7,20.25793707
270.8,23.80870536
270.9,20.79898814
271,22.1628227
271.1,22.20502173
271.2,22.21789839
271.3,21.93775673
271.4,21.08395127
271.5,21.72358945
271.6,18.81069988
271.7,18.2210814
271.8,20.82708047
271.9,19.28476277
272,18.58382805
272.1,19.28180057
272.2,22.84180093
272.3,18.20948655
272.4,18.32656443
272.5,18.26198544
272.6,17.47809149
272.7,18.49025047
272.8,17.04320753
272.9,18.18579545
273,17.60448242
273.1,20.31450185
273.2,18.39920482
273.3,19.73003799
273.4,16.47148017
273.5,18.50182021
273.6,16.85260371
273.7,18.34518911
273.8,19.82941805
273.9,20.28203782
274,16.40277871
274.1,18.03516621
274.2,17.67433943
274.3,18.10966764
274.4,19.52952679
274.5,17.77509194
274.6,18.81735021
274.7,17.29045765
274.8,16.98062966
274.9,16.79255328
275,15.6202792
275.1,17.62403075
275.2,16.8985926
275.3,18.12807295
275.4,18.487646
275.5,14.7675087
275.6,16.84176805
275.7,16.62283092
275.8,17.98751779
275.9,18.64719551
276,15.13146489
276.1,14.81453527
276.2,15.50285596
276.3,14.72823238
276.4,15.95634615
276.5,16.04445371
276.6,19.44969281
276.7,12.80819532
276.8,12.77606652
276.9,14.5192024
277,14.01054602
277.1,15.53496608
277.2,14.16582147
277.3,16.39714704
277.4,15.84492178
277.5,15.45874595
277.6,16.09931907
277.7,16.93658292
277.8,15.90493273
277.9,16.93204037
278,17.17108823
278.1,14.77747358
278.2,17.90057054
278.3,13.3604756
278.4,15.21609613
278.5,17.08549657
278.6,16.91126115
278.7,13.40826588
278.8,13.4392302
278.9,15.6159672
279,13.21222177
279.1,17.31795089
279.2,15.96058853
279.3,13.13656121
279.4,13.65093855
279.5,15.80183821
279.6,12.90586095
279.7,15.99489966
279.8,15.40987347
279.9,14.92378751
280,15.10848884
280.1,12.547097
280.2,14.65837496
280.3,14.51061602
280.4,14.12877788
280.5,14.97812928
280.6,17.33333309
280.7,15.14080118
280.8,17.68006445
280.9,17.51680251
281,12.95414044
281.1,19.07779378
281.2,18.71166438
281.3,17.39552895
281.4,17.85795205
281.5,16.51998997
281.6,18.02467725
281.7,20.25121774
281.8,17.44674685
281.9,18.53283007
282,13.64500459
282.1,14.94514356
282.2,17.94426363
282.3,19.47032144
282.4,18.13484553
282.5,18.55833646
282.6,16.97750058
282.7,16.95456749
282.8,19.20391497
282.9,17.00021316
283,17.11618338
283.1,17.28289598
283.2,17.71878522
283.3,20.68071715
283.4,18.09533868
283.5,16.80064104
283.6,16.97814025
283.7,15.807122
283.8,16.65814633
283.9,18.87095177
284,18.97317812
284.1,18.35429475
284.2,22.08804139
284.3,20.77669097
284.4,20.99970328
284.5,18.93341699
284.6,20.36922
284.7,21.78438663
284.8,18.95890687
284.9,21.41056163
285,17.87677043
285.1,18.83981522
285.2,19.53448114
285.3,21.17042886
285.4,21.60088879
285.5,21.29233036
285.6,22.10649022
285.7,21.17307596
285.8,22.11716995
285.9,23.57407205
286,22.63334473
286.1,19.3147763
286.2,19.15321623
286.3,20.30359887
286.4,20.91003127
286.5,22.42014728
286.6,21.33599743
286.7,19.94613251
286.8,19.91931294
286.9,21.80304673
287,21.26132643
287.1,18.25576272
287.2,19.48113947
287.3,21.71898079
287.4,20.52061351
287.5,20.82254276
287.6,21.51687185
287.7,19.78244841
287.8,25.79179492
287.9,20.90011808
288,21.07117636
288.1,22.2111782
288.2,22.11283251
288.3,24.48541747
288.4,21.46302874
288.5,22.64392417
288.6,22.84037992
288.7,19.54767607
288.8,22.80631639
288.9,22.26294367
289,23.11096205
289.1,33.79120335
289.2,34.23230744
289.3,34.46922789
289.4,36.86732494
289.5,35.68473914
289.6,37.18416805
289.7,32.55716051
289.8,32.56963325
289.9,30.8760388
290,30.66061392
290.1,32.06718967
290.2,30.34094279
290.3,31.67380628
290.4,30.16095365
290.5,33.40203181
290.6,30.53323366
290.7,31.06370843
290.8,31.87625251
290.9,33.82147936
291,36.79397804
291.1,34.17439766
291.2,32.51580184
291.3,30.84289126
291.4,33.5449479
291.5,30.03402287
291.6,33.77669444
291.7,31.46656778
291.8,30.07944639
291.9,28.86558475
292,31.46521028
292.1,30.02654077
292.2,31.50030807
292.3,33.82496516
292.4,31.31949811
292.5,33.26090218
292.6,32.52773904
292.7,34.94292464
292.8,34.03472239
292.9,32.28658578
293,32.31143076
293.1,32.57980613
293.2,34.21663246
293.3,33.47971665
293.4,33.08160797
293.5,30.20622425
293.6,30.04136329
293.7,32.67300396
293.8,32.51401837
293.9,32.30031333
294,31.3510999
294.1,31.18070363
294.2,31.74401675
294.3,34.63023573
294.4,32.05151432
294.5,32.5505569
294.6,32.2069367
294.7,30.32379703
294.8,33.63390549
294.9,30.63041837
295,31.85895622
295.1,31.38574067
295.2,33.95646381
295.3,29.22728158
295.4,31.82133604
295.5,30.59079539
295.6,32.21125385
295.7,31.81587449
295.8,31.65936054
295.9,31.19486178
296,31.05916225
296.1,31.19525947
296.2,32.37860796
296.3,33.13595274
296.4,30.46545264
296.5,31.35634554
296.6,30.92587632
296.7,29.64676782
296.8,35.13997951
296.9,29.94513583
297,31.87766019
297.1,30.45388793
297.2,33.70579139
297.3,31.81685146
297.4,33.867553
297.5,32.0469478
297.6,30.99877313
297.7,30.19589443
297.8,34.41159685
297.9,29.08240612
298,30.54365408
298.1,30.95529342
298.2,27.47672694
298.3,30.67601588
298.4,29.83603486
298.5,31.77880485
298.6,29.08716921
298.7,29.7171045
298.8,30.01356326
298.9,29.05895259
299,31.76827394
299.1,31.39428235
299.2,32.29705283
299.3,33.0709462
299.4,29.26053565
299.5,29.48052768
299.6,32.39828125
299.7,29.92962633
299.8,30.5380056
299.9,30.15213096
300,30.37236736
300.1,22.54113716
300.2,21.91771681
300.3,23.36565281
300.4,20.56762453
300.5,24.20343254
300.6,24.81423029
300.7,25.54522842
300.8,23.42612282
300.9,24.02850604
301,23.41227245
301.1,24.95724781
301.2,25.4953793
301.3,21.67073182
301.4,24.86511631
301.5,21.6083368
301.6,24.32265561
301.7,21.11697949
301.8,24.35554938
301.9,25.0895186
302,25.64848937
302.1,24.89391739
302.2,24.6892732
302.3,22.24791748
302.4,25.41951679
302.5,23.31698988
302.6,23.8554902
302.7,24.16891261
302.8,26.07807564
302.9,22.08063804
303,22.05630755
303.1,21.0035417
303.2,22.46643453
303.3,22.07545778
303.4,22.76127227
303.5,23.98115779
303.6,25.58319908
303.7,23.81888077
303.8,23.02971603
303.9,24.02152499
304,23.49451764
304.1,25.40489359
304.2,24.1505391
304.3,23.52948925
304.4,24.82197451
304.5,24.77715124
304.6,21.27329752
304.7,22.18719725
304.8,23.28624569
304.9,21.91606345
305,22.43938658
305.1,23.28463725
305.2,21.14435826
305.3,22.05516608
305.4,22.91410429
305.5,22.92623331
305.6,22.14330348
305.7,22.24738834
305.8,23.69165139
305.9,24.31344122
306,25.94605135
306.1,26.55987072
306.2,24.40350786
306.3,22.49027928
306.4,20.90459722
306.5,24.47635439
306.6,21.58226606
306.7,23.33165182
306.8,22.49279886
306.9,22.37718777
307,22.3871228
307.1,23.02643456
307.2,21.47732808
307.3,24.30800921
307.4,24.67771574
307.5,24.4050178
307.6,25.4484482
307.7,21.74415624
307.8,23.1718641
307.9,23.89755284
308,22.68573335
308.1,22.1982697
308.2,23.00740803
308.3,21.18033876
308.4,23.42637415
308.5,22.88803333
308.6,25.82198796
308.7,24.48515455
308.8,23.30883899
308.9,23.23406651
309,22.08581298
309.1,23.31962499
309.2,23.87079529
309.3,22.11535455
309.4,23.62967707
309.5,22.88416634
309.6,22.3275176
309.7,22.75851154
309.8,24.98575039
309.9,23.74615318
310,21.89243897
310.1,24.57543327
310.2,23.45810828
310.3,23.57175056
310.4,20.71423082
310.5,21.36979336
310.6,20.79838317
310.7,20.75361667
310.8,22.18364381
310.9,22.64038415
311,25.31595379
311.1,25.77034074
311.2,23.57987305
311.3,23.55593293
311.4,23.7064073
311.5,22.65896078
311.6,21.84706176
311.7,21.07546462
311.8,21.36963423
311.9,23.47533316
312,19.89027567
312.1,22.08643746
312.2,23.89952454
312.3,23.90940444
312.4,21.91085262
312.5,21.44994221
312.6,23.66156231
312.7,24.09741051
312.8,24.75901692
312.9,24.64643346
313,23.43421882
313.1,22.82605056
313.2,23.2033362
313.3,23.36999135
313.4,25.14964435
313.5,24.10954799
313.6,23.1813184
313.7,23.83661566
313.8,21.04396148
313.9,23.11861833
314,24.36898764
314.1,26.1317622
314.2,22.0869949
314.3,25.38568437
314.4,25.16842327
314.5,25.60991691
314.6,24.18414592
314.7,23.32686945
314.8,23.01353305
314.9,23.14382877
315,24.37144674
315.1,22.92499079
315.2,22.04499652
315.3,22.06591697
315.4,23.93044056
315.5,22.57085085
315.6,21.45493877
315.7,24.16306807
315.8,24.87486751
315.9,24.3440447
316,27.05446217
316.1,23.27696759
316.2,21.91564424
316.3,24.07500633
316.4,25.06286804
316.5,23.60764878
316.6,22.78232444
316.7,23.7616956
316.8,20.5349652
316.9,24.12094218
317,22.83209133
317.1,21.10357044
317.2,23.90467573
317.3,22.81151018
317.4,24.5687414
317.5,22.29214353
317.6,23.69296309
317.7,25.56454541
317.8,25.88033951
317.9,22.38305266
318,26.34377282
318.1,24.91153596
318.2,22.69405618
318.3,25.12229205
318.4,22.99747072
318.5,23.1468857
318.6,23.55789367
318.7,24.24795496
318.8,25.12020559
318.9,26.11825869
319,25.27172573
319.1,25.5744134
319.2,25.53920714
319.3,26.58427121
319.4,27.22490815
319.5,24.64450447
319.6,23.21214106
319.7,20.94147403
319.8,24.22766454
319.9,26.02490081
320,25.77482432
320.1,23.79337626
320.2,24.02243994
320.3,24.76356684
320.4,23.13027111
320.5,23.5393807
320.6,24.44563304
320.7,25.14538317
320.8,23.69308435
320.9,24.91723285
321,25.27439845
321.1,25.90983371
321.2,24.51978491
321.3,24.26813982
321.4,24.67780425
321.5,23.03902961
321.6,22.66057606
321.7,25.05307068
321.8,24.06066103
321.9,22.47970871
322,23.06076076
322.1,23.08983088
322.2,25.48082537
322.3,23.59982747
322.4,23.70062788
322.5,23.31698094
322.6,25.13662004
322.7,25.54292064
322.8,27.86771174
322.9,23.65846407
323,23.98176141
323.1,23.2682386
323.2,26.05118801
323.3,22.51306583
323.4,24.70593937
323.5,25.39653013
323.6,25.6190317
323.7,25.36801079
323.8,24.2345096
323.9,26.0532263
324,27.83377672
324.1,26.13121083
324.2,25.59534183
324.3,24.68211626
324.4,26.2097353
324.5,27.04188065
324.6,25.36429392
324.7,23.84022827
324.8,25.29468098
324.9,23.14608794
325,25.02736828
325.1,23.75071253
325.2,22.77062186
325.3,25.45545027
325.4,24.53938517
325.5,23.36936716
325.6,24.75533306
325.7,25.65023714
325.8,25.43656598
325.9,24.26199501
326,24.12124822
326.1,25.70602924
326.2,26.64465893
326.3,25.76058705
326.4,26.87080175
326.5,25.74233113
326.6,27.4070049
326.7,26.6145574
326.8,27.13081138
326.9,24.27588211
327,24.63966848
327.1,25.4897466
327.2,23.89221152
327.3,25.2319508
327.4,25.81162425
327.5,26.10732436
327.6,23.34692884
327.7,27.0047137
327.8,27.84307282
327.9,23.6172214
328,25.56422358
328.1,23.38879212
328.2,25.23744748
328.3,22.95064093
328.4,25.29248828
328.5,24.91615185
328.6,24.95250338
328.7,24.44404963
328.8,23.90846933
328.9,24.76151508
329,26.45248979
329.1,25.89561928
329.2,25.6874624
329.3,26.06223084
329.4,26.33629218
329.5,26.0812149
329.6,27.77451191
329.7,25.27767807
329.8,25.37805015
329.9,27.912968
330,25.37386346
330.1,25.11445823
330.2,25.68309281
330.3,21.51103839
330.4,26.98339763
330.5,25.53096265
330.6,25.43432676
330.7,27.7429717
330.8,26.44658453
330.9,25.70202064
331,27.49566388
331.1,26.78733844
331.2,25.91483841
331.3,29.74380397
331.4,27.14114466
331.5,24.21017504
331.6,27.21608576
331.7,26.7167639
331.8,25.66683944
331.9,21.42039707
332,24.2223339
332.1,29.75235046
332.2,24.05212788
332.3,26.59802435
332.4,25.41772215
332.5,25.9302122
332.6,26.33362165
332.7,26.66180459
332.8,26.03073535
332.9,26.23752819
333,27.61669813
333.1,25.37561415
333.2,24.56829488
333.3,25.03073392
333.4,23.36719637
333.5,25.26946877
333.6,27.13379605
333.7,24.99874428
333.8,26.00875561
333.9,24.81119244
334,23.87517935
334.1,24.58149917
334.2,25.40663087
334.3,27.17364033
334.4,26.75580673
334.5,27.15295502
334.6,25.98435079
334.7,26.38904955
334.8,26.3983732
334.9,24.73670759
335,24.80472394
335.1,26.4192818
335.2,26.3286994
335.3,25.72547511
335.4,26.44882808
335.5,25.97773024
335.6,26.76539505
335.7,23.28695459
335.8,26.41846779
335.9,26.68710383
336,25.11859189
336.1,25.34771267
336.2,25.79950132
336.3,27.39928459
336.4,26.75491256
336.5,23.64866455
336.6,25.68386378
336.7,25.02260968
336.8,25.33106105
336.9,26.3118009
337,23.93728909
337.1,24.23169202
337.2,27.41279838
337.3,27.20407306
337.4,24.55938939
337.5,27.65550483
337.6,23.66587603
337.7,26.11408058
337.8,29.31275553
337.9,26.01967194
338,25.86980147
338.1,25.69394654
338.2,25.60337982
338.3,24.6750462
338.4,24.83158514
338.5,25.25890442
338.6,25.40169565
338.7,25.17879125
338.8,25.61469997
338.9,27.89921259
339,28.4945851
339.1,25.11509266
339.2,27.35339205
339.3,27.3751462
339.4,27.41978649
339.5,27.2656968
339.6,26.94491837
339.7,27.84932205
339.8,26.71638676
339.9,25.95745458
340,26.4121758
340.1,25.07719763
340.2,24.14940043
340.3,24.10293009
340.4,26.14853594
340.5,24.7679785
340.6,25.16709768
340.7,24.45663614
340.8,27.85406965
340.9,26.68819646
341,25.71196677
341.1,27.59312564
341.2,27.59997848
341.3,24.64917116
341.4,25.14560577
341.5,25.09946339
341.6,23.0702499
341.7,25.17503255
341.8,25.86596033
341.9,25.44166983
342,23.83523704
342.1,24.49637977
342.2,27.92550311
342.3,24.33011318
342.4,27.13181017
342.5,25.94074363
342.6,27.28117432
342.7,25.36092816
342.8,29.37558009
342.9,27.060827
343,26.9522331
343.1,23.1326926
343.2,25.80250714
343.3,26.54688541
343.4,24.9400855
343.5,24.71926127
343.6,24.29721521
343.7,23.88401959
343.8,26.28547126
343.9,24.71677267
344,23.23365015
344.1,24.66805435
344.2,25.52562067
344.3,26.61232462
344.4,24.99309316
344.5,26.90549741
344.6,24.15398785
344.7,28.30796165
344.8,24.30874684
344.9,25.20661199
345,25.29293792
345.1,23.88162039
345.2,27.07403722
345.3,25.67734754
345.4,26.22274736
345.5,27.71910304
345.6,25.77365525
345.7,25.56840692
345.8,26.44785082
345.9,23.44886027
346,23.96074373
346.1,26.32820216
346.2,28.19958202
346.3,25.43768117
346.4,21.86766885
346.5,27.56676413
346.6,23.76284638
346.7,23.58130022
346.8,27.76644487
346.9,26.55570581
347,22.09703632
347.1,27.78868629
347.2,24.42370947
347.3,25.25753846
347.4,27.01984171
347.5,26.5829995
347.6,28.19632069
347.7,26.95900359
347.8,24.80770824
347.9,24.20465513
348,26.08402355
348.1,26.37800969
348.2,24.51058042
348.3,24.10466709
348.4,24.36663303
348.5,24.17045912
348.6,24.85615536
348.7,24.4323916
348.8,24.93448223
348.9,23.66414935
349,25.20299573
349.1,24.90779868
349.2,25.94196312
349.3,24.7033059
349.4,24.23220581
349.5,26.43284787
349.6,25.5937275
349.7,24.27936348
349.8,25.64451202
349.9,24.46569009
350,25.62799217
350.1,25.71290666
350.2,25.13237556
350.3,21.12592636
350.4,23.66722879
350.5,25.39529718
350.6,26.40025425
350.7,25.62785455
350.8,23.30002532
350.9,26.15294618
351,24.59633159
351.1,24.42036542
351.2,24.93666141
351.3,26.12364361
351.4,24.37549438
351.5,24.65707724
351.6,25.38210256
351.7,23.95188256
351.8,22.60744588
351.9,24.93623172
352,23.8544453
352.1,24.07499837
352.2,24.05826951
352.3,25.72142015
352.4,26.85577709
352.5,26.48075822
352.6,24.99839769
352.7,25.36060633
352.8,22.77470704
352.9,26.26532182
353,23.94361359
353.1,27.26720852
353.2,23.01993423
353.3,24.48283173
353.4,24.86112785
353.5,22.82134099
353.6,24.03501075
353.7,23.21340417
353.8,23.77348885
353.9,24.34852529
354,25.3058994
354.1,22.12815945
354.2,26.10345194
354.3,24.10184749
354.4,23.406638
354.5,25.12122518
354.6,23.85817439
354.7,26.44816191
354.8,22.92029179
354.9,24.13798469
355,24.06925176
355.1,22.21552786
355.2,23.24676161
355.3,23.32550382
355.4,22.59755261
355.5,27.71487898
355.6,25.42899267
355.7,25.30869997
355.8,24.0686516
355.9,23.70147626
356,26.26146915
356.1,27.00743905
356.2,23.14009377
356.3,24.8617472
356.4,24.85799291
356.5,22.95126541
356.6,22.83453509
356.7,23.66349369
356.8,25.46778546
356.9,24.08844481
357,23.79730327
357.1,22.47054311
357.2,26.7489177
357.3,23.86744595
357.4,23.29553908
357.5,26.69742612
357.6,24.16073278
357.7,25.1058566
357.8,23.72804612
357.9,23.41998133
358,23.13583141
358.1,20.98160188
358.2,23.63058353
358.3,24.35856348
358.4,25.98364097
358.5,23.84597358
358.6,24.42733313
358.7,24.72424175
358.8,23.0448406
358.9,23.52277155
359,24.61184091
359.1,24.39698792
359.2,25.53331147
359.3,26.80759492
359.4,24.95327312
359.5,26.7032952
359.6,24.01225925
359.7,24.00370776
359.8,21.36846693
359.9,24.31111872
360,26.80586536
360.1,23.01764367
360.2,21.47522074
360.3,20.50446523
360.4,25.26575375
360.5,26.17070417
360.6,24.21020156
360.7,25.28718552
360.8,24.42722178
360.9,20.83326708
361,26.03413228
361.1,25.833254
361.2,25.44434793
361.3,24.2843084
361.4,22.34128277
361.5,23.13837233
361.6,22.8231942
361.7,23.02852143
361.8,22.04331418
361.9,24.08032711
362,21.36858642
362.1,22.36588485
362.2,22.28401675
362.3,21.53042777
362.4,25.65790129
362.5,21.67973716
362.6,24.02817549
362.7,25.3156733
362.8,24.0057547
362.9,23.91220852
363,22.87204583
363.1,22.90623744
363.2,24.02436249
363.3,22.99103668
363.4,19.94758871
363.5,22.49704367
363.6,22.90678835
363.7,23.47002664
363.8,22.48292668
363.9,25.93011533
364,23.72906346
364.1,22.41982419
364.2,23.35399945
364.3,24.41506189
364.4,24.77967157
364.5,23.44050736
364.6,19.99559102
364.7,21.28137996
364.8,21.63137157
364.9,21.37879083
365,23.71213721
365.1,23.82417547
365.2,23.79472545
365.3,22.3948713
365.4,24.22270125
365.5,23.80619509
365.6,25.31379253
365.7,23.88527894
365.8,24.55348015
365.9,22.67526625
366,23.69519179
366.1,25.69958908
366.2,24.11265203
366.3,24.08965393
366.4,23.97841846
366.5,21.51005861
366.6,21.94320683
366.7,22.40864796
366.8,20.90263529
366.9,21.24307554
367,24.93924304
367.1,24.82506385
367.2,21.82530195
367.3,23.98506129
367.4,21.35071316
367.5,24.80164603
367.6,23.66698559
367.7,26.95131817
367.8,21.33093636
367.9,21.89497609
368,23.1014037
368.1,23.83778699
368.2,23.24055724
368.3,25.22458107
368.4,21.1736843
368.5,22.37847318
368.6,25.23637516
368.7,23.92789873
368.8,24.22533743
368.9,23.14084078
369,22.47097117
369.1,24.17530364
369.2,20.09247834
369.3,23.81095004
369.4,22.92268532
369.5,23.22623693
369.6,24.57184863
369.7,24.10719758
369.8,22.13193695
369.9,23.523885
370,25.91090598
370.1,23.95926899
370.2,23.81169988
370.3,23.87699425
370.4,20.6052603
370.5,23.75933298
370.6,23.60363012
370.7,24.19810319
370.8,25.10953575
370.9,25.68667814
371,23.06115531
371.1,24.09156835
371.2,23.59198937
371.3,23.1972762
371.4,24.02305133
371.5,24.50851185
371.6,22.36597184
371.7,21.0509933
371.8,24.44475174
371.9,21.34232278
372,22.98765965
372.1,23.54588042
372.2,24.73678432
372.3,22.50949584
372.4,22.77925663
372.5,23.03124858
372.6,24.56847716
372.7,26.82410139
372.8,22.47024226
372.9,22.24975918
373,25.51136023
373.1,26.87823366
373.2,23.72962201
373.3,26.90786089
373.4,24.76938408
373.5,23.05104675
373.6,24.95728846
373.7,23.07591787
373.8,23.54275017
373.9,24.96953819
374,24.5630227
374.1,21.48641437
374.2,22.8935527
374.3,26.16998885
374.4,23.46176307
374.5,23.62235454
374.6,24.81635316
374.7,24.766137
374.8,24.17670944
374.9,23.27063374
375,22.77481111
375.1,24.07539123
375.2,23.32516494
375.3,21.84646413
375.4,25.21653015
375.5,22.26291585
375.6,25.36985781
375.7,24.11383229
375.8,25.15213797
375.9,25.00188011
376,24.81989925
376.1,22.73491852
376.2,23.4235251
376.3,24.48388154
376.4,23.20240326
376.5,21.49452557
376.6,23.12213906
376.7,24.36563858
376.8,26.25263914
376.9,24.25264608
377,24.66286095
377.1,22.66327826
377.2,24.51359
377.3,23.56137602
377.4,23.0818531
377.5,24.00823621
377.6,23.01814092
377.7,23.74750881
377.8,25.84377786
377.9,24.85898335
378,22.39327361
378.1,24.27675297
378.2,23.95262923
378.3,22.30353729
378.4,24.14421211
378.5,23.06141759
378.6,24.86197396
378.7,26.66737894
378.8,22.74007404
378.9,25.00151352
379,25.36521524
379.1,25.75348455
379.2,28.22705477
379.3,25.47258559
379.4,23.14100532
379.5,23.43204552
379.6,22.79711249
379.7,24.94711833
379.8,26.1183589
379.9,23.66754862
380,22.70014351
380.1,22.48913143
380.2,20.8131712
380.3,24.42599143
380.4,24.40548815
380.5,20.64574626
380.6,23.20566587
380.7,22.9786188
380.8,22.3780644
380.9,25.17260928
381,23.85572733
381.1,23.64605345
381.2,24.74102318
381.3,21.84761032
381.4,21.69023584
381.5,23.24101699
381.6,23.86466974
381.7,23.99516466
381.8,22.12237829
381.9,25.67124452
382,21.24212685
382.1,22.44076721
382.2,21.5641679
382.3,21.59977428
382.4,25.62108716
382.5,23.20908099
382.6,22.14537155
382.7,23.25356543
382.8,22.66483798
382.9,26.74454637
383,25.1337068
383.1,21.72608518
383.2,20.74687722
383.3,22.44823903
383.4,24.23902894
383.5,22.87358302
383.6,22.74214149
383.7,25.10815256
383.8,24.11134518
383.9,24.27554319
384,23.97018675
384.1,26.26064078
384.2,23.48801389
384.3,23.93848762
384.4,26.83163532
384.5,23.43577075
384.6,21.02699751
384.7,24.68227639
384.8,26.09398824
384.9,24.01242813
385,25.49924502
385.1,23.51203929
385.2,23.88576801
385.3,22.00505704
385.4,22.84286953
385.5,23.48332868
385.6,23.09426259
385.7,24.46452399
385.8,21.25489826
385.9,24.04588021
386,25.30699743
386.1,21.49215627
386.2,23.44935781
386.3,22.38458909
386.4,24.86439343
386.5,22.66419198
386.6,23.57092055
386.7,23.09337709
386.8,23.78937157
386.9,25.13678139
387,23.27164223
387.1,24.49438563
387.2,22.54893771
387.3,25.39301858
387.4,23.54251578
387.5,24.23180102
387.6,24.74590359
387.7,23.48218487
387.8,25.32915272
387.9,24.2136478
388,22.91535536
388.1,25.36928363
388.2,24.39332639
388.3,23.77247845
388.4,22.20082968
388.5,21.10790395
388.6,22.60610766
388.7,22.70481215
388.8,24.93644116
388.9,22.6849824
389,23.95897975
389.1,23.95305412
389.2,24.84501429
389.3,25.31158482
389.4,23.98344069
389.5,26.27708476
389.6,25.61201221
389.7,24.77464441
389.8,24.92282002
389.9,23.86168045
390,21.39649052
390.1,22.76017496
390.2,19.59381877
390.3,23.36186395
390.4,21.71678812
390.5,21.22540168
390.6,22.39185294
390.7,22.37622713
390.8,24.92658456
390.9,24.83741522
391,24.52282428
391.1,26.92360284
391.2,23.82798241
391.3,23.65743659
391.4,23.21249349
391.5,25.64712351
391.6,22.72947165
391.7,22.8729891
391.8,22.28673257
391.9,23.76037414
392,23.16341144
392.1,25.47230648
392.2,23.56832799
392.3,22.9776453
392.4,22.17623336
392.5,22.48023869
392.6,23.98680149
392.7,24.95742429
392.8,23.02641738
392.9,23.49984036
393,24.74131751
393.1,22.61267179
393.2,23.92566768
393.3,23.26117484
393.4,23.8224332
393.5,23.36345091
393.6,23.29581039
393.7,22.51131821
393.8,23.37766388
393.9,25.78931096
394,23.98644147
394.1,23.89408824
394.2,24.85517837
394.3,23.47322612
394.4,23.61576543
394.5,25.08878368
394.6,23.73809843
394.7,23.87031459
394.8,22.22242789
394.9,24.61650932
395,21.51148665
395.1,22.02383866
395.2,22.35758848
395.3,23.00027833
395.4,22.87159337
395.5,22.7256704
395.6,22.82550942
395.7,25.30340184
395.8,23.33214514
395.9,27.21833412
396,23.49263383
396.1,25.1919592
396.2,22.96658761
396.3,25.82100149
396.4,25.70741856
396.5,22.7235103
396.6,23.0535337
396.7,21.91758626
396.8,21.62705105
396.9,25.30013279
397,22.11363788
397.1,23.13072933
397.2,20.81815872
397.3,25.91169763
397.4,20.76162274
397.5,23.11352445
397.6,23.93647025
397.7,21.24493876
397.8,23.65248043
397.9,23.13458402
398,23.34808381
398.1,23.61619465
398.2,21.93546028
398.3,23.70226329
398.4,24.20304984
398.5,23.48564173
398.6,21.61891454
398.7,22.561336
398.8,23.47971325
398.9,24.36409621
399,23.77032398
399.1,23.59385022
399.2,25.44072827
399.3,23.68944712
399.4,24.25964655
399.5,24.91074514
399.6,25.81598783
399.7,25.6368272
399.8,25.10841979
399.9,22.15890851
400,23.35740414
400.1,23.22163892
400.2,24.35616324
400.3,21.98299196
400.4,22.38995709
400.5,23.30144477
400.6,23.84956675
400.7,24.29584117
400.8,23.18390745
400.9,26.08531182
401,24.72357917
401.1,24.8164889
401.2,23.2303385
401.3,25.10685692
401.4,22.66354097
401.5,19.60766869
401.6,23.59148463
401.7,25.1124131
401.8,25.48381186
401.9,22.62467218
402,21.9879556
402.1,23.36431861
402.2,22.81234921
402.3,24.57964753
402.4,23.18941191
402.5,24.49501594
402.6,26.4038438
402.7,23.39372435
402.8,22.93525004
402.9,23.15084562
403,23.06063523
403.1,24.0903147
403.2,22.21700063
403.3,23.19578329
403.4,23.49300937
403.5,24.78412458
403.6,23.77523273
403.7,24.64680712
403.8,22.68373873
403.9,24.04617979
404,24.92476741
404.1,23.26832165
404.2,26.43841015
404.3,23.05107654
404.4,22.97076099
404.5,20.0463542
404.6,22.1141733
404.7,23.82358467
404.8,25.26780475
404.9,21.51932976
405,24.76684344
405.1,24.33347109
405.2,22.44377313
405.3,21.74348432
405.4,23.61127563
405.5,21.60667216
405.6,24.06751035
405.7,23.47712063
405.8,25.36177996
405.9,24.52613178
406,20.82860803
406.1,25.1844513
406.2,22.05317894
406.3,23.91729292
406.4,24.31591823
406.5,21.63953823
406.6,22.13094505
406.7,19.95166423
406.8,22.26377185
406.9,21.7410725
407,21.4759593
407.1,23.18701312
407.2,23.16963127
407.3,23.10591632
407.4,25.2300969
407.5,26.71655707
407.6,24.68144153
407.7,22.51558886
407.8,20.33943967
407.9,24.26550119
408,22.36920082
408.1,22.68795107
408.2,22.72835716
408.3,23.1549728
408.4,24.84439714
408.5,23.38648563
408.6,21.26654317
408.7,23.13321454
408.8,24.80079308
408.9,21.32652153
409,24.97428155
409.1,23.79166884
409.2,26.89505522
409.3,25.41596945
409.4,20.58691538
409.5,23.34311917
409.6,22.17805111
409.7,22.68521088
409.8,23.78985162
409.9,21.13355078
410,23.18912909
410.1,20.99587267
410.2,22.9287424
410.3,23.62975308
410.4,20.5557267
410.5,21.9782833
410.6,23.19365672
410.7,24.7179563
410.8,24.96646677
410.9,22.46235747
411,20.9843279
411.1,21.18512134
411.2,24.57991537
411.3,21.40554039
411.4,23.27097895
411.5,23.58545928
411.6,24.32121015
411.7,21.79654134
411.8,22.32095954
411.9,21.80270689
412,22.45346257
412.1,26.36778217
412.2,21.32176324
412.3,22.23578101
412.4,22.86855768
412.5,24.71301373
412.6,25.76444693
412.7,24.57594879
412.8,22.11550936
412.9,23.83478606
413,22.65685507
413.1,21.21800056
413.2,21.56236308
413.3,23.54652006
413.4,22.03181462
413.5,23.53924474
413.6,24.4300314
413.7,22.2924189
413.8,22.20175817
413.9,24.15429192
414,26.07431372
414.1,23.18893454
414.2,23.46890373
414.3,24.13550487
414.4,24.32571873
414.5,24.5856723
414.6,24.12334353
414.7,23.27250338
414.8,24.6496471
414.9,22.33008175
415,21.70104337
415.1,21.72571039
415.2,21.88205025
415.3,22.88845528
415.4,23.14720111
415.5,24.63402803
415.6,22.23514112
415.7,25.81993415
415.8,24.69013808
415.9,24.27160292
416,20.97400555
416.1,24.04373973
416.2,25.07696611
416.3,27.74421295
416.4,21.98215391
416.5,22.46662386
416.6,22.83751759
416.7,23.68876378
416.8,21.41987046
416.9,20.67554242
417,20.82644728
417.1,24.0427258
417.2,22.87836083
417.3,22.15920381
417.4,23.97319457
417.5,22.84486621
417.6,23.65878836
417.7,22.14888142
417.8,23.6912107
417.9,22.57234186
418,21.97603086
418.1,23.30709643
418.2,22.29614749
418.3,21.68563279
418.4,23.40811871
418.5,22.69753878
418.6,22.87929785
418.7,21.58243231
418.8,23.83370648
418.9,24.0004506
419,24.74197189
419.1,25.47317228
419.2,25.30819761
419.3,24.53515994
419.4,25.61216863
419.5,22.04522156
419.6,22.61572425
419.7,21.30220471
419.8,24.10357304
419.9,24.2012321
420,22.40999052
420.1,23.04839764
420.2,23.2254505
420.3,23.25639746
420.4,23.44492551
420.5,24.20406019
420.6,23.07572566
420.7,22.23321505
420.8,22.88464162
420.9,22.32312297
421,22.29914706
421.1,24.39460388
421.2,20.5638003
421.3,22.93585775
421.4,22.00035428
421.5,23.98129902
421.6,23.32596774
421.7,22.02405715
421.8,21.41827589
421.9,21.88221434
422,23.72559745
422.1,23.1673663
422.2,21.84277078
422.3,24.36965208
422.4,22.00988869
422.5,21.8572203
422.6,23.01540306
422.7,25.06480981
422.8,22.26933758
422.9,21.09400918
423,21.33392925
423.1,21.55411471
423.2,24.52546536
423.3,23.4089811
423.4,22.19708707
423.5,20.77582329
423.6,23.59061246
423.7,22.92997105
423.8,22.87639111
423.9,23.09550191
424,22.6983111
424.1,22.55317606
424.2,21.95453034
424.3,20.66804587
424.4,25.18321199
424.5,26.19809856
424.6,22.59263379
424.7,23.28482445
424.8,22.49406539
424.9,20.12682636
425,21.68175827
425.1,21.20700561
425.2,22.23110922
425.3,21.56412308
425.4,24.01136812
425.5,21.19863058
425.6,22.56569846
425.7,25.05388859
425.8,24.63059403
425.9,24.47945325
426,22.49596694
426.1,22.67543629
426.2,24.02913895
426.3,22.79344489
426.4,21.62635224
426.5,21.07497326
426.6,25.3310741
426.7,23.5533364
426.8,21.89490735
426.9,22.54050896
427,19.68400198
427.1,22.22559137
427.2,23.25548229
427.3,20.77263702
427.4,20.43890647
427.5,20.30739857
427.6,24.77062355
427.7,23.64948864
427.8,25.06003682
427.9,21.74043238
428,23.59405148
428.1,20.39541021
428.2,23.04554832
428.3,23.67649543
428.4,21.59619918
428.5,23.18131784
428.6,23.72991917
428.7,23.36115433
428.8,23.68339759
428.9,25.52378367
429,22.66264509
429.1,24.23734783
429.2,25.17375631
429.3,23.11867927
429.4,23.46080491
429.5,24.03270381
429.6,22.80215741
429.7,22.77124452
429.8,21.65085112
429.9,21.98329265
430,23.46266085
430.1,22.81474083
430.2,20.11843793
430.3,22.76556727
430.4,19.88989814
430.5,22.75839434
430.6,21.73583735
430.7,23.13496629
430.8,22.67685842
430.9,23.82315973
431,24.01969472
431.1,24.37872559
431.2,25.21294191
431.3,22.63836979
431.4,21.66886763
431.5,22.65813301
431.6,23.24343921
431.7,21.86700767
431.8,26.15980924
431.9,23.1289815
432,22.62465868
432.1,24.62858552
432.2,24.00664008
432.3,22.59731097
432.4,25.42459833
432.5,25.23717071
432.6,24.46238241
432.7,23.51582392
432.8,22.50168668
432.9,23.05530961
433,20.58576721
433.1,24.41897872
433.2,23.52378792
433.3,21.37965135
433.4,23.16305037
433.5,23.74783219
433.6,22.47288827
433.7,22.30643486
433.8,21.73677413
433.9,25.14712307
434,22.85457538
434.1,24.33117498
434.2,22.07295596
434.3,24.7739079
434.4,21.65895751
434.5,24.07969857
434.6,25.00020795
434.7,25.59095843
434.8,24.50075053
434.9,19.16787758
435,23.10794709
435.1,23.5913162
435.2,23.88266624
435.3,23.41228304
435.4,22.81511852
435.5,21.60772626
435.6,23.75204317
435.7,24.1464514
435.8,25.34909541
435.9,25.5191936
436,22.00050934
436.1,23.26697568
436.2,23.30167655
436.3,23.90499727
436.4,22.584679
436.5,22.04198536
436.6,22.93283076
436.7,21.78267913
436.8,22.06261658
436.9,20.86631933
437,22.99405785
437.1,24.2791995
437.2,24.83976513
437.3,24.64971531
437.4,24.90706484
437.5,25.41057624
437.6,24.52685916
437.7,24.66160444
437.8,22.11552364
437.9,23.97857794
438,24.03296082
438.1,28.99748623
438.2,24.83083468
438.3,26.25210716
438.4,24.17892776
438.5,25.69215288
438.6,23.89643716
438.7,24.13627906
438.8,23.65005538
438.9,24.13679474
439,27.42767346
439.1,27.06827652
439.2,23.18065537
439.3,22.81687088
439.4,24.1273351
439.5,24.2669096
439.6,24.15538176
439.7,22.86197703
439.8,25.80508681
439.9,25.26761285
440,13.53136591
440.1,14.40695971
440.2,13.03213114
440.3,15.39865216
440.4,17.91382352
440.5,15.60863278
440.6,14.72479616
440.7,18.37952854
440.8,15.42365202
440.9,16.88425327
441,16.06133033
441.1,18.02661383
441.2,12.95022902
441.3,15.14607388
441.4,16.36777195
441.5,16.35359026
441.6,16.0564609
441.7,14.57867619
441.8,15.78609023
441.9,16.19438794
442,14.44399061
442.1,18.20892641
442.2,18.27787357
442.3,15.15531476
442.4,15.18420638
442.5,15.26134458
442.6,17.36031753
442.7,15.65913844
442.8,17.79671109
442.9,15.02322456
443,15.5478129
443.1,16.08054874
443.2,15.86398593
443.3,16.47632434
443.4,12.76878271
443.5,13.9588298
443.6,15.57234583
443.7,15.62043122
443.8,17.36808814
443.9,19.12959222
444,17.71606346
444.1,15.34885478
444.2,16.40273706
444.3,17.42147192
444.4,17.66262626
444.5,16.82790576
444.6,15.54797283
444.7,13.67232854
444.8,15.90544316
444.9,15.5034794
445,16.19775072
445.1,17.07589704
445.2,17.77976599
445.3,16.91188187
445.4,17.44257463
445.5,18.38711239
445.6,18.32577688
445.7,16.20149827
445.8,18.13980557
445.9,15.94088176
446,17.59062681
446.1,17.60241014
446.2,18.04589593
446.3,19.55952983
446.4,15.91936121
446.5,15.56118395
446.6,16.25961514
446.7,16.38421996
446.8,16.80105727
446.9,18.37365722
447,20.08872006
447.1,18.02809377
447.2,18.30967979
447.3,21.25895615
447.4,15.60179076
447.5,15.77337611
447.6,19.00740927
447.7,15.32325394
447.8,18.67561967
447.9,18.21446696
448,17.61992037
448.1,19.35812398
448.2,18.55174
448.3,17.01130041
448.4,16.14812738
448.5,18.16754945
448.6,21.27173897
448.7,18.37789545
448.8,20.8639634
448.9,21.80554769
449,16.11650787
449.1,18.10899644
449.2,19.48268828
449.3,22.21848738
449.4,19.18115014
449.5,17.87271216
449.6,17.99180792
449.7,19.21222265
449.8,19.01800803
449.9,20.04084042
450,19.41026344
450.1,20.30947947
450.2,19.18723158
450.3,17.00942113
450.4,20.90717093
450.5,19.29161203
450.6,18.92688464
450.7,19.95193588
450.8,22.26719911
450.9,20.26258856
451,19.26544432
451.1,20.85754937
451.2,19.05576121
451.3,20.88834978
451.4,19.34909278
451.5,21.51225507
451.6,21.78978091
451.7,21.93987629
451.8,21.22142549
451.9,17.95561214
452,18.10734944
452.1,23.24464153
452.2,20.84994358
452.3,21.73510498
452.4,20.4961851
452.5,22.3439511
452.6,19.21221241
452.7,23.46961237
452.8,19.97974758
452.9,21.53692034
453,20.11684143
453.1,24.3155401
453.2,21.18935369
453.3,22.70742489
453.4,23.27525026
453.5,21.6279915
453.6,19.59624375
453.7,21.3254273
453.8,21.33711313
453.9,21.62696994
454,24.2010389
454.1,22.71126474
454.2,22.12572558
454.3,24.1530772
454.4,25.07215032
454.5,20.93211268
454.6,20.90819749
454.7,26.68116753
454.8,22.81874948
454.9,22.34392684
455,23.3133734
455.1,22.05828005
455.2,22.1715891
455.3,24.63577694
455.4,23.8857239
455.5,24.77487024
455.6,23.34499052
455.7,25.72535743
455.8,23.93092808
455.9,23.49241022
456,24.60229999
456.1,25.61938141
456.2,24.6868352
456.3,23.90806042
456.4,27.37905228
456.5,24.07413192
456.6,24.03464471
456.7,24.556325
456.8,25.13297307
456.9,28.696335
457,24.9134676
457.1,25.77373874
457.2,25.66955318
457.3,25.14025671
457.4,26.53846747
457.5,27.0547597
457.6,24.26427023
457.7,25.16091282
457.8,24.94489981
457.9,23.83048271
458,25.78591467
458.1,26.91040605
458.2,28.13056109
458.3,28.48838874
458.4,25.33559599
458.5,27.45327397
458.6,25.77353354
458.7,31.6227307
458.8,29.36918566
458.9,28.54511976
459,27.21072241
459.1,25.97354809
459.2,26.97431896
459.3,29.74216361
459.4,27.76020137
459.5,29.84951355
459.6,29.64606706
459.7,27.23828836
459.8,29.83581341
459.9,30.11563716
460,28.11347938
460.1,27.81781664
460.2,26.93734008
460.3,28.27692319
460.4,31.3399271
460.5,32.28452167
460.6,29.08366961
460.7,28.03566843
460.8,27.47627585
460.9,31.42240981
461,29.01730768
461.1,28.0396719
461.2,30.15668948
461.3,30.33222426
461.4,30.39523139
461.5,28.06580589
461.6,30.4251232
461.7,28.81791438
461.8,29.44247079
461.9,29.95923962
462,30.46308325
462.1,32.96456698
462.2,31.18489658
462.3,29.47530793
462.4,31.9560723
462.5,31.22377439
462.6,32.32420891
462.7,30.02450404
462.8,31.40181569
462.9,31.41033844
463,31.59926473
463.1,32.98374054
463.2,28.66234553
463.3,30.54818452
463.4,31.84395613
463.5,31.72454902
463.6,31.54502793
463.7,30.09222402
463.8,34.06002745
463.9,33.49758989
464,31.90688936
464.1,33.19823114
464.2,33.13772697
464.3,32.93560886
464.4,32.54985078
464.5,34.39569518
464.6,34.58606312
464.7,29.97110451
464.8,33.37239675
464.9,31.67752842
465,32.56464635
465.1,31.75239406
465.2,35.35208788
465.3,33.68202521
465.4,33.44764738
465.5,32.92619058
465.6,32.69414524
465.7,32.52907043
465.8,31.9533105
465.9,33.98742026
466,31.01273318
466.1,33.52564093
466.2,31.28368216
466.3,31.41951369
466.4,34.26299795
466.5,33.07668759
466.6,31.94453091
466.7,32.40769337
466.8,35.14835171
466.9,36.59738927
467,35.83802978
467.1,34.07075361
467.2,33.6707661
467.3,34.33360128
467.4,35.85476431
467.5,34.51858983
467.6,34.54693357
467.7,34.51343421
467.8,36.65277085
467.9,35.66198831
468,34.52332689
468.1,37.65151854
468.2,32.50960835
468.3,35.67048999
468.4,34.21182115
468.5,33.63349465
468.6,34.75446108
468.7,36.37266959
468.8,34.50084767
468.9,36.51423195
469,35.93364191
469.1,34.9530598
469.2,33.82083301
469.3,35.51074474
469.4,33.9219858
469.5,43.31981253
469.6,42.58598405
469.7,41.09878018
469.8,42.90496542
469.9,44.15496289
470,42.82578185
470.1,38.23586968
470.2,39.30492429
470.3,33.97421845
470.4,32.79056145
470.5,32.99853996
470.6,32.18357637
470.7,29.45926854
470.8,30.77328556
470.9,32.19714173
471,33.40672127
471.1,32.71994614
471.2,30.7585949
471.3,29.92761329
471.4,28.65322916
471.5,28.94245965
471.6,28.5293919
471.7,29.40882938
471.8,26.26432244
471.9,28.74133176
472,27.49028175
472.1,25.64239391
472.2,26.03994903
472.3,21.38188069
472.4,24.19579067
472.5,22.13370498
472.6,25.54864934
472.7,26.02778066
472.8,18.28985947
472.9,22.77719032
473,20.94234836
473.1,21.85836702
473.2,23.35415154
473.3,20.60170235
473.4,16.99145656
473.5,22.68022298
473.6,21.6234597
473.7,26.16018758
473.8,26.66709227
473.9,25.05414891
474,26.19031356
474.1,26.24885182
474.2,25.71169645
474.3,28.26796639
474.4,29.51882398
474.5,29.63922799
474.6,29.96805675
474.7,30.84756758
474.8,28.82250303
474.9,34.53219559
475,28.96174491
475.1,29.83873635
475.2,29.22512122
475.3,33.78769081
475.4,29.91119788
475.5,30.37969006
475.6,32.3199536
475.7,28.94493291
475.8,27.13084677
475.9,28.30807765
476,30.04163763
476.1,30.66827674
476.2,29.50942018
476.3,28.88100007
476.4,28.17836314
476.5,26.89956852
476.6,30.26952213
476.7,30.6259745
476.8,26.27221899
476.9,26.0919089
477,25.67965114
477.1,27.89420422
477.2,28.81599459
477.3,27.88025314
477.4,28.88766977
477.5,28.96692446
477.6,28.49995907
477.7,29.83068229
477.8,27.21192962
477.9,29.56141294
478,28.95240941
478.1,30.45941904
478.2,31.78947051
478.3,31.28659603
478.4,31.65026769
478.5,30.98808394
478.6,33.33583245
478.7,30.40707476
478.8,32.52126983
478.9,31.75406168
479,30.91291558
479.1,31.59082585
479.2,32.338885
479.3,34.35448595
479.4,31.79829158
479.5,29.8061088
479.6,31.63390809
479.7,30.34316271
479.8,31.59244317
479.9,34.55915871
480,31.43467203
480.1,31.24298827
480.2,28.55221707
480.3,31.08577597
480.4,33.64555951
480.5,35.82135069
480.6,31.1936823
480.7,32.48047652
480.8,33.04703464
480.9,33.54311839
481,33.05067266
481.1,31.29617177
481.2,32.96989065
481.3,33.65900077
481.4,32.98284964
481.5,33.31437923
481.6,33.27103622
481.7,31.16848907
481.8,32.166336
481.9,33.28258768
482,34.21622091
482.1,30.81326935
482.2,29.99507953
482.3,31.55758467
482.4,29.95327689
482.5,28.81917608
482.6,31.40038859
482.7,30.91200903
482.8,30.47160801
482.9,31.67410675
483,28.50481243
483.1,32.40385262
483.2,30.85473751
483.3,29.68117539
483.4,27.19007921
483.5,28.12182516
483.6,31.30719644
483.7,29.85140876
483.8,26.98400122
483.9,30.6165823
484,27.73008805
484.1,29.14380655
484.2,28.06036618
484.3,29.32301201
484.4,27.17961658
484.5,28.08861414
484.6,27.75704502
484.7,27.12326576
484.8,24.20479257
484.9,27.58261757
485,27.16795601
485.1,27.68662935
485.2,26.01462836
485.3,27.45877988
485.4,26.56543259
485.5,26.63052295
485.6,25.95852143
485.7,26.35284377
485.8,24.77672762
485.9,26.96931429
486,24.34325387
486.1,23.8770429
486.2,26.35473282
486.3,23.12453474
486.4,24.97393483
486.5,26.63703696
486.6,26.52874834
486.7,25.71614943
486.8,25.44419797
486.9,25.26834
487,24.93209897
487.1,27.56876747
487.2,24.4184164
487.3,25.45466308
487.4,24.34145072
487.5,22.06403044
487.6,23.54520416
487.7,25.84411588
487.8,23.90471198
487.9,24.39241792
488,23.23916968
488.1,24.24533646
488.2,25.01591624
488.3,23.82598829
488.4,23.19073489
488.5,25.46462001
488.6,24.42862025
488.7,26.0395639
488.8,24.47563892
488.9,25.28571993
489,23.38932429
489.1,26.85390111
489.2,22.37963605
489.3,23.47956813
489.4,22.87139364
489.5,22.94365808
489.6,24.56426399
489.7,25.85485677
489.8,23.07993676
489.9,23.21428224
490,20.8854407
490.1,22.93943538
490.2,23.91006532
490.3,23.66587789
490.4,21.41885323
490.5,24.35109012
490.6,23.50119937
490.7,22.43044446
490.8,22.99627478
490.9,21.10468136
491,22.49086734
491.1,21.18284954
491.2,21.80382111
491.3,22.29167
491.4,22.32654379
491.5,22.29860915
491.6,23.78425336
491.7,21.73418868
491.8,24.63978128
491.9,24.01611663
492,19.18607864
492.1,22.9297535
492.2,26.17728259
492.3,22.52563567
492.4,21.79114878
492.5,19.8010286
492.6,24.57424462
492.7,20.91226254
492.8,22.85148506
492.9,22.92574399
493,22.83156296
493.1,24.51888863
493.2,21.42243876
493.3,23.29602773
493.4,21.52147217
493.5,20.30699791
493.6,22.39484366
493.7,21.43056588
493.8,22.29668476
493.9,22.43537249
494,19.07799515
494.1,21.62468719
494.2,20.78490043
494.3,20.83983921
494.4,22.13635899
494.5,21.60413966
494.6,24.11519721
494.7,21.34484201
494.8,21.46852186
494.9,20.54079439
495,21.07844037
495.1,22.44334268
495.2,20.01727579
495.3,18.79737268
495.4,23.7248532
495.5,21.33410229
495.6,22.86862624
495.7,21.84960706
495.8,23.47931647
495.9,21.92662107
496,21.60966439
496.1,21.02203665
496.2,20.47518213
496.3,23.71834082
496.4,21.66293314
496.5,22.14542397
496.6,21.53137521
496.7,23.87477228
496.8,21.94411376
496.9,21.63092497
497,21.09695441
497.1,18.75222285
497.2,22.83844051
497.3,22.64392931
497.4,18.17789177
497.5,21.62723385
497.6,19.24329186
497.7,20.44209709
497.8,23.21971659
497.9,22.73978205
498,23.56660922
498.1,20.28589808
498.2,22.71621007
498.3,20.19892716
498.4,21.42477662
498.5,22.49465181
498.6,22.95994275
498.7,25.18169507
498.8,18.72650116
498.9,21.02804693
499,22.56881325
499.1,21.15878737
499.2,23.56789528
499.3,21.8742298
499.4,20.83353575
499.5,22.99085319
499.6,22.70846488
499.7,22.52292349
499.8,20.01144965
499.9,22.58584336
500,21.74259714
500.1,23.21450941
500.2,23.58688835
500.3,22.85397602
500.4,23.02047513
500.5,17.73697315
500.6,20.63308828
500.7,22.23286192
500.8,18.84099883
500.9,24.04447126
501,19.56581885
501.1,22.10071047
501.2,23.76381156
501.3,21.35282199
501.4,20.06009017
501.5,21.84750291
501.6,21.4590255
501.7,20.46909261
501.8,22.67499299
501.9,22.4851015
502,21.8272866
502.1,24.39471543
502.2,23.16071163
502.3,23.15240345
502.4,23.80549842
502.5,23.89087509
502.6,20.89078174
502.7,23.97289178
502.8,22.99166626
502.9,23.67334916
503,21.7658994
503.1,22.99889791
503.2,22.32199863
503.3,22.31109518
503.4,21.81374461
503.5,20.37872893
503.6,23.26882545
503.7,23.19283107
503.8,21.02505965
503.9,21.64505395
504,26.06390077
504.1,23.44248061
504.2,23.36047663
504.3,23.67079858
504.4,21.71906338
504.5,20.65366143
504.6,21.66892823
504.7,20.42726698
504.8,22.07662139
504.9,22.70722531
505,22.35176562
505.1,19.99150009
505.2,22.33897874
505.3,23.62303638
505.4,22.48454731
505.5,20.77879812
505.6,21.64709672
505.7,20.77635152
505.8,21.98416785
505.9,22.11424996
506,22.20139747
506.1,23.09392467
506.2,20.9593516
506.3,21.94483301
506.4,22.35877962
506.5,20.74918013
506.6,20.35948091
506.7,20.40472153
506.8,19.94034958
506.9,21.07268335
507,20.77024167
507.1,22.48777138
507.2,20.66429917
507.3,22.58337206
507.4,22.34657966
507.5,22.17632224
507.6,22.41276238
507.7,19.23856632
507.8,21.18933921
507.9,23.94512525
508,21.65958427
508.1,19.58972414
508.2,22.49569937
508.3,19.26679198
508.4,23.80380448
508.5,20.59013448
508.6,20.99415989
508.7,18.49656533
508.8,22.24088633
508.9,20.83885047
509,23.10858161
509.1,21.06308709
509.2,22.330912
509.3,19.47433103
509.4,18.43651526
509.5,19.66993895
509.6,24.15044394
509.7,19.30944841
509.8,18.90583698
509.9,19.22016934
510,19.81809906
510.1,18.16576456
510.2,19.23883006
510.3,19.15022703
510.4,19.39232412
510.5,18.79639542
510.6,20.98742079
510.7,20.40689353
510.8,22.15749091
510.9,19.02516501
511,19.26302033
511.1,17.29192102
511.2,16.07414337
511.3,22.26288584
511.4,20.45012117
511.5,17.53593374
511.6,18.64241471
511.7,19.83249797
511.8,20.32239257
511.9,22.55119671
512,18.59066053
512.1,17.47851688
512.2,20.29680183
512.3,20.75592791
512.4,18.32681945
512.5,18.84241123
512.6,18.77954432
512.7,20.14769525
512.8,17.08680356
512.9,21.58750602
513,21.01990031
513.1,19.56924191
513.2,17.99166687
513.3,17.42678598
513.4,16.0829515
513.5,18.16409924
513.6,17.9545463
513.7,20.87023296
513.8,19.56422679
513.9,17.68469556
514,20.8749036
514.1,20.05423637
514.2,20.24016907
514.3,17.36403602
514.4,16.34863326
514.5,17.9429046
514.6,19.13853029
514.7,19.69757982
514.8,18.97911268
514.9,19.35307782
515,16.06755008
515.1,15.1588539
515.2,19.04317203
515.3,17.98504081
515.4,14.86094346
515.5,17.06751872
515.6,15.83579032
515.7,18.92230467
515.8,18.0399034
515.9,17.90171867
516,17.94166627
516.1,18.26328635
516.2,16.24117661
516.3,20.24446776
516.4,18.21393408
516.5,15.69742816
516.6,20.67299206
516.7,18.08330163
516.8,16.60666443
516.9,16.68327162
517,19.1313697
517.1,18.73757102
517.2,18.62143184
517.3,17.36849778
517.4,18.42281826
517.5,16.7620866
517.6,17.29378148
517.7,15.2280763
517.8,17.14136087
517.9,17.17257907
518,19.34544519
518.1,19.26571261
518.2,16.60731651
518.3,18.30754582
518.4,16.25075551
518.5,18.04647225
518.6,20.92072825
518.7,18.09477408
518.8,19.79414293
518.9,19.07818015
519,18.06289232
519.1,18.04280643
519.2,15.78575604
519.3,14.97794643
519.4,16.17609824
519.5,17.68400624
519.6,19.00255601
519.7,17.14163613
519.8,19.27682443
519.9,16.24615405
520,18.19040628
520.1,16.28461197
520.2,16.51612015
520.3,17.76837854
520.4,16.97583493
520.5,17.44386685
520.6,17.4661922
520.7,18.77899073
520.8,18.2986484
520.9,18.38788215
521,16.14768709
521.1,18.0420898
521.2,17.37625963
521.3,15.96150303
521.4,17.76434909
521.5,16.67690393
521.6,15.00693766
521.7,17.06201521
521.8,17.04676772
521.9,17.56094592
522,17.77892284
522.1,17.14204786
522.2,16.86299992
522.3,16.50600697
522.4,19.85943551
522.5,17.52226911
522.6,15.92793394
522.7,15.70281473
522.8,15.32654832
522.9,17.77162299
523,15.95567293
523.1,18.63825933
523.2,15.11732088
523.3,16.38605015
523.4,16.88157504
523.5,15.89230729
523.6,17.32815238
523.7,16.87304803
523.8,14.25328009
523.9,14.96182575
524,15.54725817
524.1,15.3394349
524.2,17.34499678
524.3,13.64495505
524.4,17.68016573
524.5,15.13314764
524.6,17.10273756
524.7,15.08167109
524.8,15.25709337
524.9,19.02967752
525,15.41180235
525.1,18.01503107
525.2,13.92778672
525.3,17.37246119
525.4,16.23240171
525.5,14.66359402
525.6,14.40511472
525.7,16.95769784
525.8,16.34088055
525.9,15.09813755
526,16.17406051
526.1,14.96843521
526.2,16.4479791
526.3,17.38716888
526.4,16.4121384
526.5,16.31550666
526.6,16.51511175
526.7,13.92153452
526.8,13.86574417
526.9,13.96190946
527,13.3394452
527.1,15.76313178
527.2,17.43860622
527.3,14.00125929
527.4,16.08806552
527.5,17.17081526
527.6,15.01093948
527.7,15.81086411
527.8,15.80412612
527.9,14.60035995
528,15.68345916
528.1,13.99637587
528.2,14.57869141
528.3,14.65876535
528.4,13.79619634
528.5,15.50496126
528.6,17.83259613
528.7,14.14642315
528.8,15.28383818
528.9,15.25793508
529,15.51883327
529.1,16.72067221
529.2,16.62306038
529.3,15.84855491
529.4,16.12314834
529.5,12.59017891
529.6,13.67969247
529.7,16.49008359
529.8,15.30699948
529.9,14.60188099
530,13.88849495
530.1,14.18527521
530.2,16.25824452
530.3,15.13742808
530.4,15.1101995
530.5,16.92827282
530.6,17.34451284
530.7,13.90303775
530.8,16.76784899
530.9,17.21350832
531,16.46724328
531.1,15.97882232
531.2,13.00965614
531.3,15.85274573
531.4,14.82748949
531.5,15.24301357
531.6,14.81942034
531.7,17.20288036
531.8,16.92615962
531.9,15.3914333
532,17.15794383
532.1,15.75844472
532.2,16.56917616
532.3,16.54278665
532.4,15.4702079
532.5,14.78578659
532.6,17.36920064
532.7,18.36072516
532.8,21.04861539
532.9,18.03747811
533,17.47065084
533.1,14.65254238
533.2,16.29303484
533.3,15.65112945
533.4,18.71837297
533.5,14.03228159
533.6,18.37189054
533.7,15.38987
533.8,17.53286843
533.9,19.82770888
534,19.89632035
534.1,19.24961088
534.2,20.12142311
534.3,21.61884579
534.4,15.85084228
534.5,18.15607841
534.6,19.47910813
534.7,18.58574365
534.8,19.25234031
534.9,17.37954762
535,19.00383885
535.1,17.84815192
535.2,20.15813693
535.3,18.93012642
535.4,21.97207432
535.5,19.88782762
535.6,20.21609881
535.7,20.26134078
535.8,21.42470759
535.9,23.22429658
536,19.41040185
536.1,18.99056413
536.2,21.00031437
536.3,18.88002317
536.4,19.61180756
536.5,22.35357692
536.6,23.90400459
536.7,23.16300572
536.8,23.29687955
536.9,23.35121157
537,23.05129487
537.1,23.20059004
537.2,22.96699593
537.3,22.97470303
537.4,25.85205513
537.5,24.47996368
537.6,25.01826673
537.7,23.22049716
537.8,24.44866632
537.9,25.38735692
538,26.28929315
538.1,23.14643174
538.2,25.82467264
538.3,27.02508161
538.4,27.4725402
538.5,27.54305716
538.6,26.31423944
538.7,29.06015347
538.8,27.45431238
538.9,26.82169991
539,26.39389715
539.1,29.38611424
539.2,29.73855883
539.3,26.42748918
539.4,27.49777355
539.5,28.01957223
539.6,28.80727403
539.7,26.74320211
539.8,28.44370562
539.9,30.09230678
540,28.69802731
540.1,29.3444564
540.2,32.73790741
540.3,29.21805987
540.4,31.55802612
540.5,30.26031765
540.6,32.5253053
540.7,32.81585971
540.8,31.76798058
540.9,30.06920899
541,32.92223113
541.1,32.2471453
541.2,31.03698436
541.3,32.34235812
541.4,31.06051715
541.5,35.46116508
541.6,34.04346281
541.7,32.10578926
541.8,32.37582258
541.9,33.86608554
542,30.51332263
542.1,37.40368428
542.2,34.3108354
542.3,35.62197667
542.4,36.16165926
542.5,35.10089366
542.6,39.1660828
542.7,36.26995555
542.8,35.8341873
542.9,36.02995412
543,33.26502964
543.1,38.04714279
543.2,37.1848869
543.3,36.51625405
543.4,40.80637781
543.5,35.86415106
543.6,34.80800534
543.7,36.91142153
543.8,40.95446687
543.9,38.91687887
544,43.33557528
544.1,42.66317332
544.2,41.37558456
544.3,41.66090941
544.4,41.59534229
544.5,39.65024168
544.6,42.36585751
544.7,43.27822933
544.8,40.59228957
544.9,40.26679678
545,41.98667229
545.1,43.00540417
545.2,41.13083253
545.3,38.94105982
545.4,41.02070847
545.5,42.25486938
545.6,39.13062363
545.7,39.76790898
545.8,36.88942696
545.9,37.82106413
546,37.3927259
546.1,36.61411714
546.2,37.8189818
546.3,36.55793173
546.4,38.51920252
546.5,36.00256551
546.6,34.96049739
546.7,33.75554753
546.8,34.85845317
546.9,39.65543624
547,36.68709987
547.1,37.53439104
547.2,34.69886083
547.3,33.73750181
547.4,35.89381653
547.5,33.03003104
547.6,32.77770301
547.7,30.44014029
547.8,34.53512872
547.9,32.12292743
548,30.21103624
548.1,32.01670387
548.2,31.69636991
548.3,31.81418195
548.4,30.12306892
548.5,29.48227264
548.6,31.51086276
548.7,32.3038639
548.8,30.97739594
548.9,31.02331642
549,32.03109624
549.1,33.21580332
549.2,32.83313553
549.3,35.33204097
549.4,30.08728639
549.5,29.11025945
549.6,29.83278894
549.7,24.73398574
549.8,20.6422152
549.9,16.65872622
550,13.74951621
550.1,13.1115025
550.2,11.18485809
550.3,14.02216344
550.4,14.26597667
550.5,18.127553
550.6,19.57113231
550.7,17.59628949
550.8,18.44274996
550.9,17.86166492
551,23.23207933
551.1,22.79373476
551.2,21.47557299
551.3,19.36478133
551.4,22.41926314
551.5,23.29785379
551.6,18.50113979
551.7,21.61027114
551.8,17.92300351
551.9,22.46008904
552,20.77754308
552.1,20.57627858
552.2,19.99750599
552.3,20.31542301
552.4,18.97500622
552.5,21.14683576
552.6,21.89488604
552.7,20.73889784
552.8,20.36257126
552.9,20.35613762
553,16.18816156
553.1,17.10573257
553.2,16.60625746
553.3,15.16853443
553.4,14.34841339
553.5,15.44235718
553.6,12.99029384
553.7,12.61805688
553.8,14.10256836
553.9,13.33801106
554,11.6829129
554.1,12.11545553
554.2,10.41382414
554.3,15.21869108
554.4,14.1558718
554.5,11.73113993
554.6,13.05291303
554.7,11.74913967
554.8,11.33846144
554.9,8.5922341
555,11.0834705
555.1,9.348807807
555.2,9.262643189
555.3,8.927322829
555.4,6.880082667
555.5,8.083955403
555.6,8.530607338
555.7,7.632056247
555.8,7.309747309
555.9,9.225957595
556,10.28304644
556.1,8.089984015
556.2,9.007831266
556.3,10.18679092
556.4,8.853701922
556.5,6.921039704
556.6,6.105147467
556.7,4.609796867
556.8,5.492594809
556.9,5.159705349
557,7.621872506
557.1,6.297867609
557.2,8.683255621
557.3,9.57373433
557.4,10.64076261
557.5,17.47273771
557.6,13.42600503
557.7,14.59285885
557.8,16.52860807
557.9,18.99377901
558,19.9409724
558.1,24.29687984
558.2,25.33530305
558.3,25.29446907
558.4,26.64474974
558.5,26.66965288
558.6,20.77829147
558.7,20.40568186
558.8,19.87822978
558.9,17.51691078
559,18.60387108
559.1,21.16096515
559.2,21.18807439
559.3,20.36330422
559.4,20.95395048
559.5,18.48007619
559.6,24.94610509
559.7,32.67796097
559.8,32.49806544
559.9,33.06946017
560,30.91130721
560.1,30.80757971
560.2,32.04563483
560.3,28.23805602
560.4,28.42423079
560.5,27.13468675
560.6,29.14282608
560.7,27.96198153
560.8,26.75718536
560.9,28.39750526
561,24.52660863
561.1,18.37493415
561.2,19.68720074
561.3,17.54649858
561.4,18.71011383
561.5,26.18493336
561.6,30.48148544
561.7,30.50272216
561.8,26.43130111
561.9,26.13086519
562,29.49121249
562.1,32.68120187
562.2,29.68527758
562.3,30.026293
562.4,33.62198609
562.5,41.96063282
562.6,59.818953
562.7,59.03718753
562.8,59.81922579
562.9,58.637068
563,59.07202601
563.1,59.5612955
563.2,58.58905253
563.3,58.41356798
563.4,61.47308415
563.5,58.52765799
563.6,59.43166762
563.7,63.06069506
563.8,48.67381755
563.9,49.37501626
564,51.4310434
564.1,49.41913647
564.2,52.1277338
564.3,49.57243906
564.4,51.54245789
564.5,51.29844442
564.6,52.13229169
564.7,53.53636885
564.8,54.45075981
564.9,53.2220606
565,54.12412841
565.1,54.42511376
565.2,56.57403817
565.3,54.73635039
565.4,53.18965036
565.5,56.40022458
565.6,54.18752777
565.7,54.98025909
565.8,56.92435165
565.9,56.84351173
566,57.370863
566.1,56.552725
566.2,57.6308617
566.3,58.33198054
566.4,58.11906249
566.5,59.09428388
566.6,58.66865443
566.7,60.22229829
566.8,62.5826097
566.9,63.6665807
567,61.84708396
567.1,61.25003386
567.2,60.33389065
567.3,61.14910087
567.4,62.36437187
567.5,61.20254532
567.6,61.89333322
567.7,64.55554416
567.8,64.28480178
567.9,64.30818296
568,59.81451264
568.1,60.05877796
568.2,64.56777718
568.3,62.80489609
568.4,61.42673603
568.5,60.4110301
568.6,63.97818799
568.7,63.85161952
568.8,66.81945726
568.9,64.70342843
569,63.49809657
569.1,65.49364776
569.2,62.04975787
569.3,63.88382073
569.4,62.73100018
569.5,61.90805642
569.6,60.05194225
569.7,61.824902
569.8,59.97490938
569.9,58.00201903
570,60.13349174
570.1,57.72456255
570.2,57.39676575
570.3,58.23032648
570.4,57.98311439
570.5,55.747556
570.6,57.97782827
570.7,57.8573008
570.8,56.39117027
570.9,56.26576649
571,55.17833204
571.1,56.76618272
571.2,56.5296099
571.3,54.30468276
571.4,54.19244641
571.5,53.35647521
571.6,53.02614175
571.7,51.57486456
571.8,55.35332287
571.9,54.61022054
572,52.5208967
572.1,48.90852597
572.2,51.4290161
572.3,53.6219941
572.4,52.47263303
572.5,51.02250969
572.6,47.18559381
572.7,50.34261517
572.8,49.78109689
572.9,50.62363891
573,50.46651213
573.1,48.93474519
573.2,50.8787779
573.3,47.015169
573.4,49.92440238
573.5,49.50911347
573.6,46.05170183
573.7,47.64033837
573.8,47.64949832
573.9,47.46353639
574,46.13294641
574.1,46.05367199
574.2,45.93567108
574.3,46.37227814
574.4,45.85042301
574.5,44.45820727
574.6,45.08185608
574.7,45.10210721
574.8,46.21330121
574.9,44.10293637
575,45.35006983
575.1,44.15096972
575.2,42.99030285
575.3,40.48502468
575.4,43.34452371
575.5,43.51721977
575.6,41.73063405
575.7,44.01522708
575.8,44.18507729
575.9,43.27775945
576,42.16698195
576.1,40.8029927
576.2,41.73467222
576.3,43.15959815
576.4,36.92884862
576.5,41.15538584
576.6,38.55919139
576.7,38.68086725
576.8,40.46532676
576.9,40.63503426
577,40.08909447
577.1,42.08485977
577.2,41.09693982
577.3,40.76288105
577.4,42.17001917
577.5,38.41105185
577.6,37.72505132
577.7,40.47437702
577.8,38.2728677
577.9,39.50119908
578,36.53766066
578.1,39.90241219
578.2,39.99260451
578.3,35.79680195
578.4,37.83035801
578.5,37.52443497
578.6,37.90066439
578.7,37.18394116
578.8,40.83270211
578.9,39.53407618
579,36.85700858
579.1,34.1930382
579.2,37.16007332
579.3,35.45417322
579.4,35.8329222
579.5,37.47811119
579.6,37.31405172
579.7,34.698242
579.8,37.77382793
579.9,39.19667472
580,36.6759021
580.1,36.76420643
580.2,36.60938053
580.3,36.07252637
580.4,35.09438448
580.5,36.09213042
580.6,36.29837211
580.7,39.60644809
580.8,33.93194482
580.9,34.42380416
581,33.8098699
581.1,36.22790507
581.2,36.3965149
581.3,34.13200855
581.4,32.12458329
581.5,33.23118167
581.6,34.36701537
581.7,35.08638945
581.8,33.88925972
581.9,33.44037979
582,36.21502937
582.1,32.50423012
582.2,34.24436522
582.3,33.52728457
582.4,33.59920605
582.5,33.67501401
582.6,33.43809919
582.7,35.11762283
582.8,35.20623416
582.9,33.36857061
583,34.92778661
583.1,32.85951342
583.2,34.38114612
583.3,33.71949236
583.4,34.32451918
583.5,30.95605191
583.6,32.73005035
583.7,35.12718127
583.8,36.38209986
583.9,35.93367853
584,32.14038559
584.1,36.08082706
584.2,31.88930457
584.3,31.15677524
584.4,34.0052266
584.5,36.2268233
584.6,34.07195475
584.7,34.68104498
584.8,32.05986189
584.9,31.32710149
585,32.20863421
585.1,30.7204913
585.2,34.41900407
585.3,34.8969404
585.4,31.32855925
585.5,34.33980601
585.6,33.60357398
585.7,31.78387681
585.8,31.65501667
585.9,32.48721695
586,36.74439386
586.1,32.63296067
586.2,32.75303117
586.3,35.96558771
586.4,33.492809
586.5,33.35838074
586.6,33.12897101
586.7,29.95600916
586.8,31.57967085
586.9,31.44141383
587,36.1628516
587.1,33.29879848
587.2,37.03356207
587.3,35.52613984
587.4,35.01146688
587.5,32.89344068
587.6,30.53204917
587.7,34.99749983
587.8,33.63136681
587.9,31.77096211
588,33.51959113
588.1,33.89101434
588.2,34.99655801
588.3,33.75280617
588.4,35.37175225
588.5,35.68788952
588.6,34.94542093
588.7,36.5382498
588.8,36.19541838
588.9,37.16188591
589,35.83889241
589.1,33.26912832
589.2,36.10193987
589.3,36.43796095
589.4,33.43366199
589.5,35.07661721
589.6,36.27130182
589.7,33.28380624
589.8,36.13773881
589.9,34.02636985
590,33.06832224
590.1,39.09449622
590.2,37.93822948
590.3,35.61964184
590.4,35.29927943
590.5,38.26464432
590.6,35.55621762
590.7,34.86372434
590.8,36.67793246
590.9,36.54202002
591,37.32686877
591.1,35.63127597
591.2,38.87104201
591.3,37.33423203
591.4,36.64212712
591.5,35.93911063
591.6,34.99800972
591.7,35.34786469
591.8,36.34432271
591.9,38.93598322
592,39.0017086
592.1,37.54831946
592.2,36.20371668
592.3,34.96336216
592.4,36.96336875
592.5,35.44790517
592.6,35.61509697
592.7,38.45649768
592.8,37.64287242
592.9,37.19439854
593,36.02087744
593.1,34.93260672
593.2,37.60986618
593.3,34.00296994
593.4,36.81796458
593.5,37.11017071
593.6,36.81913366
593.7,37.19827422
593.8,35.24019913
593.9,35.35307669
594,35.66294795
594.1,35.54443932
594.2,31.94830986
594.3,36.70435546
594.4,38.86248574
594.5,36.51533248
594.6,38.32125939
594.7,36.54872892
594.8,34.37047903
594.9,34.97512468
595,36.97673719
595.1,36.23900994
595.2,35.12232526
595.3,35.44693131
595.4,35.54299508
595.5,35.24517543
595.6,35.0922136
595.7,33.47520682
595.8,36.92065046
595.9,33.53656903
596,32.47789003
596.1,35.3775189
596.2,35.78035752
596.3,35.8025303
596.4,35.24969478
596.5,36.39497346
596.6,32.96028304
596.7,33.81576508
596.8,35.38376515
596.9,34.1974788
597,34.03276511
597.1,35.61902394
597.2,34.69032329
597.3,35.29074707
597.4,33.15579561
597.5,34.47810409
597.6,34.12386755
597.7,34.21966804
597.8,37.54596136
597.9,37.52548674
598,31.48101809
598.1,33.04891735
598.2,34.78773755
598.3,33.85245668
598.4,35.43903643
598.5,36.33655109
598.6,34.78390244
598.7,35.33210471
598.8,33.56148691
598.9,35.16092487
599,33.17732105
599.1,33.95327321
599.2,31.90846297
599.3,32.91383062
599.4,35.22976625
599.5,33.93398794
599.6,34.76832508
599.7,34.9662333
599.8,33.23735439
599.9,32.65576637
600,34.21109355
600.1,31.0083673
600.2,32.79936613
600.3,33.25971179
600.4,35.41126795
600.5,30.91395846
600.6,34.53357656
600.7,35.78543138
600.8,32.30938169
600.9,32.58835884
601,30.60516702
601.1,32.94788727
601.2,34.82209901
601.3,31.31512597
601.4,32.60055854
601.5,33.00702545
601.6,33.54236038
601.7,30.86382202
601.8,31.86266645
601.9,30.64221683
602,31.34210149
602.1,30.34581634
602.2,30.47053192
602.3,31.27006757
602.4,30.3836156
602.5,31.65763998
602.6,32.23401972
602.7,34.61866396
602.8,31.64069588
602.9,31.39623448
603,32.52690442
603.1,32.65528233
603.2,31.70967577
603.3,32.0219481
603.4,33.82335289
603.5,35.23879444
603.6,32.76777503
603.7,33.43776111
603.8,34.37913341
603.9,30.35842548
604,32.11339603
604.1,31.89140419
604.2,32.49468528
604.3,32.32628999
604.4,30.93725098
604.5,32.26506354
604.6,33.4400932
604.7,32.11947615
604.8,32.19471094
604.9,32.38856949
605,29.63738974
605.1,31.26927966
605.2,32.13814686
605.3,29.63405552
605.4,33.95330695
605.5,33.05669706
605.6,30.19657647
605.7,30.29286726
605.8,29.74911989
605.9,32.68935619
606,29.96271422
606.1,32.32379087
606.2,32.27259613
606.3,32.84060958
606.4,33.13978299
606.5,32.49731182
606.6,31.37358303
606.7,31.30293539
606.8,30.3724855
606.9,32.26690901
607,31.41704461
607.1,34.28404993
607.2,33.30521856
607.3,32.96411789
607.4,32.02911868
607.5,30.92690383
607.6,31.99503531
607.7,30.35407517
607.8,31.56930192
607.9,31.2551105
608,32.10263899
608.1,29.59257462
608.2,31.18206334
608.3,31.51487552
608.4,30.78199926
608.5,29.24450786
608.6,31.12601069
608.7,33.32153667
608.8,30.26293057
608.9,30.4650494
609,31.31062446
609.1,33.19994173
609.2,30.66531207
609.3,32.04011333
609.4,28.9499059
609.5,30.20142287
609.6,29.2080167
609.7,29.97209247
609.8,31.13454214
609.9,30.82832947
610,28.98772992
610.1,32.05848068
610.2,32.45197792
610.3,30.91784451
610.4,31.62500321
610.5,35.07712495
610.6,32.09365929
610.7,32.56739969
610.8,31.6181759
610.9,30.47321528
611,31.79970507
611.1,31.3468772
611.2,29.78163778
611.3,32.48271367
611.4,33.56291956
611.5,29.48594885
611.6,32.96291765
611.7,30.10077435
611.8,31.1344911
611.9,32.70571967
612,30.59516075
612.1,32.57198702
612.2,34.04649729
612.3,30.49147684
612.4,35.17776385
612.5,33.40577883
612.6,36.42292884
612.7,32.37849984
612.8,29.78581953
612.9,33.40560148
613,33.17319222
613.1,34.87958708
613.2,31.7903351
613.3,32.8584564
613.4,29.96056593
613.5,31.93546488
613.6,33.35225571
613.7,31.94385665
613.8,35.66388234
613.9,33.53906018
614,33.10970279
614.1,34.47836083
614.2,32.06378726
614.3,30.93071882
614.4,32.49359012
614.5,30.2339337
614.6,35.51006041
614.7,33.07981531
614.8,33.92447252
614.9,34.46912496
615,34.83764715
615.1,34.65534692
615.2,35.65107962
615.3,36.13343275
615.4,37.24161575
615.5,33.46516993
615.6,36.47384248
615.7,34.90420311
615.8,34.58132158
615.9,34.43765323
616,36.23198943
616.1,34.93775994
616.2,36.51661231
616.3,32.99759397
616.4,34.35828993
616.5,37.55826191
616.6,35.85383203
616.7,33.99270853
616.8,35.08705238
616.9,36.97566933
617,33.7738064
617.1,33.23650164
617.2,37.77080661
617.3,37.05519292
617.4,37.92482186
617.5,35.48739017
617.6,34.65169783
617.7,36.24431093
617.8,33.87018989
617.9,38.01312968
618,40.04614841
618.1,37.98788008
618.2,35.42210338
618.3,37.25722768
618.4,34.11308074
618.5,35.97603731
618.6,35.5758727
618.7,36.3786776
618.8,39.21718459
618.9,38.0157767
619,41.19645407
619.1,37.0223666
619.2,37.44263869
619.3,39.88664201
619.4,35.37910784
619.5,35.11412876
619.6,36.11547675
619.7,36.39825819
619.8,37.37125434
619.9,39.85492397
620,38.91540927
620.1,36.20564308
620.2,36.67682221
620.3,37.65873659
620.4,40.76290639
620.5,40.4874983
620.6,41.96263409
620.7,37.83596232
620.8,40.54751194
620.9,38.76780342
621,39.33783469
621.1,38.11889663
621.2,37.68454732
621.3,38.65246358
621.4,38.52414684
621.5,39.35498803
621.6,42.08213469
621.7,39.46571413
621.8,37.75443965
621.9,37.29430809
622,37.46193562
622.1,40.50943278
622.2,41.80765239
622.3,40.85574121
622.4,43.28433331
622.5,41.11512806
622.6,40.69485621
622.7,41.73049408
622.8,41.94659796
622.9,37.39995723
623,39.93150168
623.1,39.44026363
623.2,40.0080083
623.3,41.62452857
623.4,40.15074562
623.5,40.23450337
623.6,39.95783872
623.7,40.95972144
623.8,39.42082948
623.9,43.70972049
624,41.37703877
624.1,40.62466551
624.2,38.81502915
624.3,38.5342696
624.4,40.19827023
624.5,38.82072426
624.6,40.12629809
624.7,41.0177507
624.8,39.56446142
624.9,40.07484418
625,38.76668455
625.1,42.20521298
625.2,40.25397058
625.3,39.57821891
625.4,39.45164576
625.5,40.52407261
625.6,41.93985215
625.7,42.84343986
625.8,42.00379959
625.9,41.69099599
626,39.10903871
626.1,39.49071891
626.2,41.90275672
626.3,37.96495762
626.4,38.55375298
626.5,38.89453658
626.6,38.77499332
626.7,41.92130907
626.8,39.49442589
626.9,39.23826615
627,41.01909799
627.1,39.42214109
627.2,40.17323748
627.3,39.11459224
627.4,40.19984035
627.5,41.17724746
627.6,38.58568034
627.7,41.87337332
627.8,39.70835199
627.9,38.55512007
628,37.66130864
628.1,39.82845498
628.2,38.50766991
628.3,40.6978867
628.4,40.29509168
628.5,37.87753792
628.6,39.3571047
628.7,39.57587731
628.8,40.47912393
628.9,39.82029784
629,41.03437033
629.1,40.69979761
629.2,41.96685193
629.3,38.07035953
629.4,38.48260315
629.5,38.22365807
629.6,39.90837475
629.7,38.98430692
629.8,36.53849574
629.9,37.22536373
630,37.74847941
630.1,38.49599515
630.2,39.31448836
630.3,40.39589092
630.4,39.94570287
630.5,38.3771505
630.6,38.57747533
630.7,40.41115958
630.8,36.7702276
630.9,38.86643099
631,39.19395177
631.1,39.22142262
631.2,36.96741628
631.3,35.42472093
631.4,38.69181187
631.5,37.77285104
631.6,39.67475685
631.7,38.06608256
631.8,39.61938168
631.9,36.79189088
632,35.46269488
632.1,39.2224042
632.2,40.11868467
632.3,35.04239697
632.4,36.94416075
632.5,37.66697618
632.6,36.39584088
632.7,35.2167878
632.8,34.80585643
632.9,36.03411097
633,36.00162899
633.1,37.15330924
633.2,38.13798601
633.3,35.3188957
633.4,36.5805758
633.5,36.67672872
633.6,36.33071267
633.7,37.76988407
633.8,36.56919033
633.9,37.48838766
634,34.27352064
634.1,40.26152389
634.2,36.35517292
634.3,35.12931457
634.4,39.43890897
634.5,34.22327818
634.6,37.86022559
634.7,36.80298331
634.8,34.51148797
634.9,37.33353337
635,35.18240768
635.1,37.10850387
635.2,39.5765865
635.3,36.27148403
635.4,38.36372122
635.5,37.76899815
635.6,38.93140869
635.7,40.77180972
635.8,38.2330497
635.9,33.10040707
636,36.52786391
636.1,34.44289573
636.2,36.64280681
636.3,36.6131379
636.4,36.92066499
636.5,35.83034534
636.6,36.03026628
636.7,37.44646219
636.8,36.77896855
636.9,37.10335228
637,37.58875858
637.1,37.9074872
637.2,38.5850834
637.3,39.17691463
637.4,36.19287867
637.5,37.64802881
637.6,39.71233602
637.7,36.14443146
637.8,34.12515559
637.9,38.48639854
638,36.84626373
638.1,37.14972895
638.2,37.07119914
638.3,38.30884801
638.4,35.70956081
638.5,34.91424766
638.6,35.43712049
638.7,39.06652223
638.8,39.16240921
638.9,39.18252728
639,37.7074648
639.1,34.09993183
639.2,36.00254783
639.3,34.56873027
639.4,36.65988746
639.5,34.91678069
639.6,36.25484764
639.7,37.92221652
639.8,36.58820106
639.9,37.89291934
640,36.38896003
640.1,35.86639556
640.2,37.48282748
640.3,38.13544123
640.4,33.77781712
640.5,37.75573855
640.6,38.70969477
640.7,40.24070906
640.8,39.55712427
640.9,37.27506842
641,35.83428763
641.1,33.54270732
641.2,35.44791681
641.3,36.07703567
641.4,35.84636431
641.5,36.00533472
641.6,36.02757116
641.7,37.02006705
641.8,36.80697426
641.9,36.31746389
642,35.72061087
642.1,39.85600129
642.2,38.19267586
642.3,39.68768401
642.4,39.18442833
642.5,38.14401171
642.6,38.38508902
642.7,38.47304313
642.8,39.05601895
642.9,36.38783256
643,36.36764246
643.1,35.83419035
643.2,38.3595559
643.3,39.41667095
643.4,38.09027758
643.5,36.52933386
643.6,35.50873519
643.7,36.95865827
643.8,38.93009888
643.9,38.06833797
644,38.90506474
644.1,38.63223403
644.2,37.35316748
644.3,37.38010612
644.4,38.25889125
644.5,35.15613116
644.6,34.58875258
644.7,36.6593846
644.8,37.30894133
644.9,37.56768338
645,37.32705741
645.1,37.93836702
645.2,37.61904244
645.3,35.8542098
645.4,38.64546161
645.5,36.52335789
645.6,38.06627343
645.7,38.32769823
645.8,37.29678705
645.9,35.86091971
646,32.94666544
646.1,36.26382513
646.2,35.16209065
646.3,35.2076134
646.4,34.34143001
646.5,34.66835297
646.6,35.30854532
646.7,38.39287774
646.8,36.06356323
646.9,33.76250293
647,37.60126612
647.1,38.13668131
647.2,36.37511737
647.3,34.77765822
647.4,35.6994372
647.5,35.65277283
647.6,34.0094692
647.7,34.02544399
647.8,33.47067181
647.9,35.52202352
648,33.82377826
648.1,33.20818231
648.2,34.52492557
648.3,33.29875991
648.4,36.01498006
648.5,33.36581655
648.6,32.52416871
648.7,33.7162613
648.8,35.79763446
648.9,38.47602057
649,36.01591334
649.1,35.52123077
649.2,33.79777302
649.3,34.0577174
649.4,34.11093528
649.5,31.77925925
649.6,32.50538194
649.7,35.03738963
649.8,29.57676301
649.9,31.32157629
650,33.50094974
650.1,34.65755931
650.2,32.12703748
650.3,33.57061729
650.4,31.37090185
650.5,33.98476175
650.6,35.92949373
650.7,34.86588102
650.8,33.69528593
650.9,31.23676141
651,34.26846737
651.1,32.27962192
651.2,34.65931336
651.3,33.11166565
651.4,32.94472025
651.5,33.62835089
651.6,31.85365522
651.7,32.89762707
651.8,33.06908003
651.9,31.83472989
652,33.48082274
652.1,35.37796645
652.2,32.80060823
652.3,34.24578757
652.4,34.52181059
652.5,33.34096886
652.6,31.44007385
652.7,32.09605668
652.8,29.39929372
652.9,30.68836251
653,33.1016679
653.1,30.80015487
653.2,30.4172873
653.3,36.44105225
653.4,32.48473155
653.5,33.86245174
653.6,33.50328349
653.7,33.33260448
653.8,34.46639072
653.9,35.18265381
654,33.41386561
654.1,36.66848313
654.2,34.10652028
654.3,33.46477139
654.4,32.69279455
654.5,34.39341416
654.6,33.5573622
654.7,34.18099921
654.8,32.48133747
654.9,35.28829076
655,33.22840835
655.1,34.14590337
655.2,33.31354257
655.3,33.69016743
655.4,32.7477168
655.5,35.38092643
655.6,34.1278888
655.7,34.239436
655.8,35.16440711
655.9,35.35531074
656,35.54435188
656.1,34.94847702
656.2,31.5209482
656.3,32.59066786
656.4,34.53725038
656.5,34.32635588
656.6,34.85524206
656.7,37.36424146
656.8,35.39327068
656.9,32.84256673
657,35.81487934
657.1,36.71377405
657.2,34.40520102
657.3,36.64752374
657.4,35.48405149
657.5,33.63719067
657.6,35.27394315
657.7,32.79185955
657.8,33.19378588
657.9,35.81544644
658,34.07238212
658.1,35.63752116
658.2,36.16468001
658.3,36.05119508
658.4,35.49178562
658.5,36.29200935
658.6,35.24535527
658.7,36.55958273
658.8,37.40444627
658.9,37.34676033
659,36.67605673
659.1,38.41757055
659.2,34.36059982
659.3,35.99648808
659.4,36.11483782
659.5,34.49634793
659.6,34.62487303
659.7,35.81380022
659.8,39.20211551
659.9,35.1622809
660,37.89524827
660.1,35.76944208
660.2,38.18884052
660.3,39.23416985
660.4,35.85966069
660.5,36.78476981
660.6,37.26096067
660.7,37.48371709
660.8,36.01757883
660.9,37.6000863
661,38.28615109
661.1,37.19606354
661.2,38.29091905
661.3,38.18953413
661.4,37.82305459
661.5,36.03979677
661.6,35.7382714
661.7,37.20624605
661.8,36.25063169
661.9,38.39600876
662,36.91139804
662.1,37.75834135
662.2,38.32602082
662.3,41.79494731
662.4,40.33150171
662.5,36.16154228
662.6,37.42409058
662.7,37.52364434
662.8,34.56171733
662.9,34.54546923
663,37.54617217
663.1,34.58266723
663.2,38.346918
663.3,35.30835188
663.4,38.09753102
663.5,35.57479087
663.6,38.12746063
663.7,33.93026322
663.8,35.80979847
663.9,36.8653621
664,36.99810762
664.1,34.63433212
664.2,35.93051197
664.3,33.57944423
664.4,33.39150973
664.5,34.76574975
664.6,35.1668771
664.7,35.68890629
664.8,35.35861815
664.9,35.55974028
665,35.2355637
665.1,33.68437451
665.2,36.41801187
665.3,34.87536153
665.4,37.11607259
665.5,38.47696465
665.6,37.51534604
665.7,37.29555209
665.8,33.58889568
665.9,32.49768556
666,33.882318
666.1,36.96480483
666.2,34.87638814
666.3,34.86342692
666.4,32.74593469
666.5,34.61832325
666.6,35.17690086
666.7,32.79947942
666.8,31.35127764
666.9,30.73977983
667,30.75393243
667.1,28.14589218
667.2,29.79523661
667.3,26.35000555
667.4,27.23799335
667.5,24.89009388
667.6,26.07125911
667.7,27.57633324
667.8,22.89106785
667.9,24.46977811
668,23.40847656
668.1,20.78869808
668.2,24.73605836
668.3,20.2957213
668.4,20.70628048
668.5,17.86831792
668.6,20.00966678
668.7,18.06819961
668.8,18.10372592
668.9,18.17244951
669,15.35783844
669.1,14.16876816
669.2,14.71505935
669.3,13.13461481
669.4,14.00673395
669.5,12.165123
669.6,9.708297708
669.7,11.22982087
669.8,10.95360465
669.9,7.92300383
670,5.920831255
670.1,5.933838706
670.2,9.544543635
670.3,5.622134597
670.4,5.134851223
670.5,24.42472874
670.6,24.42425747
670.7,25.17673577
670.8,25.03749719
670.9,23.9769399
671,26.60859036
671.1,22.10692222
671.2,24.77946301
671.3,24.76901528
671.4,23.93947761
671.5,23.72692238
671.6,23.91296634
671.7,25.41406701
671.8,23.01944738
671.9,24.5504372
672,25.10077257
672.1,26.97630348
672.2,25.12302061
672.3,24.45748017
672.4,23.01877011
672.5,27.28516292
672.6,22.9027239
672.7,24.83419962
672.8,23.11452037
672.9,24.25414033
673,24.6681076
673.1,21.07602543
673.2,22.5251735
673.3,22.41697585
673.4,22.12491189
673.5,22.74864803
673.6,23.81093607
673.7,24.90120392
673.8,23.19738801
673.9,22.97754512
674,23.42624797
674.1,24.16773277
674.2,22.27671085
674.3,21.66778842
674.4,25.85113355
674.5,25.90647027
674.6,21.23791345
674.7,26.99689391
674.8,22.28298534
674.9,22.81309991
675,23.29051385
675.1,21.5201154
675.2,23.18932688
675.3,23.60467289
675.4,23.63247331
675.5,23.71710705
675.6,22.91851239
675.7,21.58284738
675.8,23.56258404
675.9,23.08292777
676,21.60648958
676.1,23.85967009
676.2,21.91371559
676.3,22.19960082
676.4,24.68245499
676.5,22.9317424
676.6,22.70776869
676.7,25.09078287
676.8,21.78216081
676.9,21.61126917
677,21.69683223
677.1,21.82053824
677.2,23.61605346
677.3,21.50321052
677.4,19.0613744
677.5,18.42677622
677.6,21.54735367
677.7,20.97342465
677.8,22.50101099
677.9,24.76081086
678,23.38517189
678.1,21.98501323
678.2,22.77744329
678.3,24.0397694
678.4,20.45156645
678.5,19.92856307
678.6,21.03243948
678.7,23.59639115
678.8,24.07587342
678.9,22.02422304
679,22.08158326
679.1,21.92033069
679.2,21.29586764
679.3,21.08409965
679.4,23.08840704
679.5,22.87175955
679.6,21.48302349
679.7,21.32160263
679.8,21.5142211
679.9,21.96202483
680,21.94530722
680.1,21.78566301
680.2,17.50151608
680.3,20.43358711
680.4,22.92015821
680.5,22.40552293
680.6,21.22617065
680.7,21.15000148
680.8,18.68435297
680.9,20.21005368
681,18.4982016
681.1,22.87467443
681.2,21.49363488
681.3,19.22532067
681.4,23.82336378
681.5,19.88029087
681.6,18.94309257
681.7,18.89389936
681.8,17.31299147
681.9,20.54707011
682,19.73472827
682.1,18.16267987
682.2,20.30280781
682.3,20.11330491
682.4,19.61131554
682.5,21.07594538
682.6,21.60186621
682.7,20.91146599
682.8,22.74005685
682.9,19.1740726
683,21.10369511
683.1,21.7609214
683.2,19.08855167
683.3,20.24076768
683.4,21.17474842
683.5,21.44807023
683.6,20.98627919
683.7,18.67157537
683.8,19.13733048
683.9,18.90647484
684,18.79970774
684.1,18.38152388
684.2,18.29298324
684.3,21.51154773
684.4,18.49505469
684.5,19.55537431
684.6,22.9495164
684.7,20.99043116
684.8,20.49549117
684.9,21.12177678
685,20.23621827
685.1,20.77701561
685.2,20.81199392
685.3,19.89029237
685.4,19.76929093
685.5,19.20243624
685.6,18.35580727
685.7,21.61530851
685.8,21.16879152
685.9,16.25330418
686,18.92774486
686.1,21.33350561
686.2,20.08812141
686.3,20.32562152
686.4,20.64682041
686.5,18.65080771
686.6,18.80601673
686.7,18.26638532
686.8,17.93195347
686.9,16.77136497
687,19.83667638
687.1,19.46198718
687.2,19.14718751
687.3,18.60676684
687.4,17.315685
687.5,16.60067537
687.6,18.61955311
687.7,19.4457316
687.8,18.69536663
687.9,19.91427706
688,19.36206682
688.1,17.40517102
688.2,17.63045132
688.3,16.3201692
688.4,16.08847798
688.5,16.14604553
688.6,19.37626069
688.7,16.23748409
688.8,17.91932363
688.9,19.25841878
689,16.67211598
689.1,17.09295181
689.2,17.27069238
689.3,17.32960917
689.4,17.51511078
689.5,18.54166937
689.6,20.54628968
689.7,18.58979481
689.8,17.01228486
689.9,19.45623491
690,18.64372185
690.1,17.78512926
690.2,15.88983565
690.3,19.15539775
690.4,14.98447765
690.5,17.59702846
690.6,17.17036782
690.7,16.15301922
690.8,17.89154901
690.9,15.07335089
691,16.00676908
691.1,15.68903225
691.2,15.55914084
691.3,15.06918865
691.4,17.79031604
691.5,16.83445942
691.6,15.7367705
691.7,16.47008849
691.8,15.80703479
691.9,15.84151454
692,16.05438043
692.1,15.18171537
692.2,15.21883864
692.3,16.71651446
692.4,14.59243116
692.5,14.43902865
692.6,15.22633327
692.7,15.54237743
692.8,17.83873942
692.9,14.91577497
693,14.62136923
693.1,16.00163918
693.2,17.46340759
693.3,17.26444733
693.4,14.31843896
693.5,17.02491947
693.6,14.97352099
693.7,15.99918414
693.8,14.87501718
693.9,16.29519118
694,15.95623611
694.1,13.55450398
694.2,14.10171762
694.3,16.73440675
694.4,16.02665889
694.5,14.4637481
694.6,14.11944425
694.7,15.63682821
694.8,14.4803173
694.9,16.36094655
695,12.62897292
695.1,13.74649934
695.2,13.2649027
695.3,15.52585226
695.4,15.85559753
695.5,17.53206968
695.6,15.68510115
695.7,15.16290231
695.8,13.33138693
695.9,16.00486579
696,14.00123421
696.1,16.43387339
696.2,14.12779683
696.3,15.18459353
696.4,13.46755203
696.5,13.19940854
696.6,13.58320264
696.7,14.63744278
696.8,13.98090639
696.9,14.80100897
697,13.89305292
697.1,13.46404827
697.2,12.8830197
697.3,14.4071473
697.4,12.53817158
697.5,13.27512106
697.6,14.77658763
697.7,15.60706374
697.8,13.93002279
697.9,14.8228657
698,13.14036041
698.1,15.75058777
698.2,13.65918665
698.3,13.63377933
698.4,11.74824487
698.5,10.61439085
698.6,12.08618823
698.7,12.74147786
698.8,13.37514835
698.9,14.67438606
699,12.91322789
699.1,13.89163694
699.2,12.99538443
699.3,14.22925357
699.4,12.89764599
699.5,13.27654037
699.6,14.25525184
699.7,14.48058922
699.8,14.43462352
699.9,10.82822809
700,15.97798904
700.1,13.36570704
700.2,15.70037225
700.3,13.02478911
700.4,12.19911443
700.5,14.84279769
700.6,13.91926251
700.7,12.35998241
700.8,11.76695705
700.9,11.44203205
701,10.99879621
701.1,15.25706668
701.2,12.23655519
701.3,12.81537524
701.4,13.08915308
701.5,15.06864741
701.6,12.64439917
701.7,11.0529851
701.8,15.57604037
701.9,14.94405161
702,14.7654218
702.1,13.95541343
702.2,12.81569459
702.3,11.27167105
702.4,13.85234141
702.5,10.77172488
702.6,12.40609275
702.7,13.40523114
702.8,11.00880715
702.9,11.58951195
703,14.72508715
703.1,13.03717407
703.2,11.55132648
703.3,13.87853558
703.4,12.52971218
703.5,12.58419945
703.6,11.2439436
703.7,12.83688268
703.8,12.32992569
703.9,10.51165437
704,13.75533247
704.1,13.67034659
704.2,12.93959747
704.3,12.11256912
704.4,13.73912014
704.5,10.70445956
704.6,11.86445117
704.7,12.95537977
704.8,10.70113555
704.9,12.54056521
705,11.06248367
705.1,12.58015955
705.2,12.94275644
705.3,12.50834926
705.4,7.399612355
705.5,11.8814019
705.6,13.94264771
705.7,14.87898241
705.8,11.17565832
705.9,9.96704764
706,9.439400514
706.1,12.46338104
706.2,11.64498323
706.3,11.73261678
706.4,9.53983095
706.5,13.93712569
706.6,10.81880351
706.7,11.40388311
706.8,12.72238882
706.9,12.23536868
707,10.77682516
707.1,11.87264601
707.2,9.499011562
707.3,9.44398282
707.4,11.73318801
707.5,11.63486609
707.6,9.758387481
707.7,11.91773123
707.8,13.33939226
707.9,9.720327135
708,13.12309632
708.1,10.9894803
708.2,11.31534684
708.3,12.32622035
708.4,14.39053689
708.5,9.832615781
708.6,9.138541528
708.7,14.32583566
708.8,12.75827081
708.9,12.85798166
709,10.05514719
709.1,10.90370577
709.2,13.56002762
709.3,12.62547198
709.4,12.04847113
709.5,10.79686197
709.6,13.08743485
709.7,10.25908368
709.8,12.45887897
709.9,11.12221639
710,11.06322937
710.1,12.81746142
710.2,11.9041392
710.3,11.34631165
710.4,9.61680083
710.5,12.11347289
710.6,11.01553503
710.7,10.03647308
710.8,9.638474275
710.9,12.00791883
711,9.957859735
711.1,11.55922655
711.2,11.07602858
711.3,11.16625605
711.4,13.98546459
711.5,9.177253834
711.6,13.11048112
711.7,8.028312098
711.8,11.53529461
711.9,12.05736683
712,12.13899293
712.1,9.845076707
712.2,9.847370561
712.3,10.14316102
712.4,10.58644629
712.5,11.3177267
712.6,12.11985053
712.7,12.78429994
712.8,10.63023237
712.9,10.75410122
713,11.02483413
713.1,9.229410406
713.2,13.03756867
713.3,9.652233179
713.4,10.16811111
713.5,10.01127282
713.6,11.87373002
713.7,8.940821834
713.8,12.23521509
713.9,11.16262423
714,8.807650295
714.1,11.99292159
714.2,9.408299023
714.3,11.29957381
714.4,12.54156252
714.5,9.333503468
714.6,12.32955983
714.7,11.63898787
714.8,11.47986009
714.9,10.44573129
715,10.84899458
715.1,13.06273431
715.2,11.28009455
715.3,12.99911566
715.4,11.13318337
715.5,10.83420371
715.6,11.1631125
715.7,11.74186375
715.8,11.03782383
715.9,13.25743805
716,11.52510378
716.1,13.66537067
716.2,9.6313148
716.3,13.73516345
716.4,11.96391568
716.5,13.20343472
716.6,11.91644111
716.7,8.56597499
716.8,8.837583534
716.9,12.67724531
717,11.25432222
717.1,13.23085234
717.2,11.7325192
717.3,9.203205168
717.4,7.282962519
717.5,12.03724186
717.6,11.96298703
717.7,11.61579447
717.8,9.852452609
717.9,12.2638069
718,11.6333396
718.1,12.65492647
718.2,9.558267247
718.3,11.22014045
718.4,11.20133251
718.5,11.89886191
718.6,7.376289004
718.7,10.29269526
718.8,9.172932904
718.9,12.46968894
719,13.32073904
719.1,12.31369309
719.2,9.973723907
719.3,13.40554337
719.4,12.42757158
719.5,11.03772061
719.6,13.3603124
719.7,12.15870948
719.8,8.665082588
719.9,11.08347816
720,11.49750599
720.1,11.0554829
720.2,13.43187122
720.3,11.60277469
720.4,13.94139849
720.5,13.03410638
720.6,12.05001299
720.7,11.52358545
720.8,9.534613945
720.9,11.96743101
721,14.20330528
721.1,14.85469716
721.2,12.2984279
721.3,12.78031681
721.4,11.0346941
721.5,12.28639172
721.6,10.39375229
721.7,9.107230153
721.8,13.93327507
721.9,11.84067096
722,13.28460857
722.1,13.8235688
722.2,11.41992627
722.3,9.787349493
722.4,11.52717244
722.5,12.5382974
722.6,11.42711078
722.7,12.21709304
722.8,13.49907761
722.9,11.97750729
723,13.45156719
723.1,11.06970228
723.2,11.65165587
723.3,12.37627905
723.4,12.4593043
723.5,13.58782145
723.6,13.54749321
723.7,11.09673507
723.8,13.84127354
723.9,13.13450606
724,13.35223449
724.1,12.47307616
724.2,12.44071201
724.3,13.28434453
724.4,13.458389
724.5,10.02155195
724.6,12.91145617
724.7,13.43330734
724.8,14.60630404
724.9,16.74306995
725,12.8317152
725.1,13.3187931
725.2,10.97168303
725.3,14.37107444
725.4,13.25547478
725.5,11.88310875
725.6,10.75355629
725.7,15.70240418
725.8,12.10548471
725.9,16.65593584
726,14.39412762
726.1,14.85279444
726.2,13.3910862
726.3,15.0422226
726.4,11.81265097
726.5,13.03669877
726.6,13.47302714
726.7,13.21955303
726.8,14.91165379
726.9,13.99204447
727,15.27378309
727.1,11.88988157
727.2,13.54052977
727.3,15.95568078
727.4,13.79198999
727.5,15.66648694
727.6,15.20096942
727.7,14.40994241
727.8,14.38519728
727.9,15.45878689
728,13.24463457
728.1,14.3137783
728.2,14.99321128
728.3,15.86532176
728.4,16.07087346
728.5,15.98000757
728.6,15.46578691
728.7,13.85758779
728.8,14.59390859
728.9,15.62432891
729,14.13619561
729.1,12.44801665
729.2,14.6921382
729.3,17.29856083
729.4,16.49341657
729.5,15.6887191
729.6,16.2661979
729.7,16.32318358
729.8,16.73021317
729.9,14.87814225
730,23.10930861
730.1,22.69365293
730.2,22.43036758
730.3,19.66139706
730.4,24.94858365
730.5,21.28395891
730.6,24.17763364
730.7,23.61341991
730.8,23.81089416
730.9,21.3282641
731,23.01626274
731.1,22.68635256
731.2,23.78239116
731.3,23.11277908
731.4,24.10715559
731.5,20.77639595
731.6,23.29968072
731.7,24.76023286
731.8,24.73047052
731.9,22.47610874
732,26.27273688
732.1,24.21884824
732.2,24.15793744
732.3,20.54844082
732.4,24.81343665
732.5,25.99964103
732.6,25.55329224
732.7,23.95159327
732.8,24.27639724
732.9,23.47541911
733,23.63608046
733.1,23.59500611
733.2,23.67169111
733.3,23.77040262
733.4,26.32133985
733.5,21.32310767
733.6,24.70139636
733.7,21.94390626
733.8,24.63950805
733.9,23.43112831
734,24.10783483
734.1,20.26110515
734.2,22.91308268
734.3,23.01724724
734.4,27.35421679
734.5,27.12774485
734.6,23.26630631
734.7,21.36906532
734.8,25.57975439
734.9,27.14131308
735,25.15461598
735.1,24.06331079
735.2,26.52790813
735.3,25.31355414
735.4,24.7369132
735.5,25.11028726
735.6,26.24079534
735.7,23.66951536
735.8,27.0283072
735.9,25.84095432
736,24.09786687
736.1,25.93897801
736.2,25.55647239
736.3,25.67615565
736.4,24.53471655
736.5,25.12744907
736.6,26.36693874
736.7,24.24044665
736.8,25.60323118
736.9,26.05663956
737,27.08926922
737.1,27.59154868
737.2,24.40884422
737.3,25.00587784
737.4,26.79224776
737.5,25.68402018
737.6,26.07816399
737.7,27.2976951
737.8,25.72524303
737.9,27.46628703
738,26.91479688
738.1,22.74362883
738.2,26.17253514
738.3,24.85088604
738.4,26.38764903
738.5,26.94437502
738.6,26.62959926
738.7,27.81798489
738.8,24.04208225
738.9,23.47470989
739,26.66020042
739.1,24.61290635
739.2,24.79099504
739.3,26.95157047
739.4,24.77295629
739.5,25.46050364
739.6,25.46590407
739.7,26.24760033
739.8,25.6185567
739.9,27.08813089
740,29.15636072
740.1,27.68350778
740.2,25.47051737
740.3,30.78851475
740.4,29.84742099
740.5,26.77253357
740.6,29.79454417
740.7,26.21579524
740.8,25.19543851
740.9,26.68679178
741,26.26603034
741.1,25.28493898
741.2,25.9387717
741.3,26.05837537
741.4,26.49535612
741.5,24.25976323
741.6,26.62098114
741.7,25.06919536
741.8,25.1205087
741.9,25.11534378
742,25.04528779
742.1,24.68037477
742.2,24.79635945
742.3,23.06010953
742.4,24.88212549
742.5,21.89853677
742.6,23.33092264
742.7,21.05637649
742.8,22.1103391
742.9,21.37258101
743,20.96503974
743.1,23.40670569
743.2,23.20423484
743.3,19.1866821
743.4,18.3716021
743.5,19.90209262
743.6,19.78422441
743.7,19.59833501
743.8,17.33478925
743.9,16.63682097
744,19.7044076
744.1,18.20446825
744.2,24.51010085
744.3,22.3351187
744.4,22.34906621
744.5,18.65280644
744.6,21.67275406
744.7,23.74265241
744.8,22.37471918
744.9,22.36058444
745,23.85627225
745.1,24.86847229
745.2,23.58016427
745.3,26.4805227
745.4,26.79024874
745.5,29.04321812
745.6,30.66916505
745.7,25.33757824
745.8,27.85065902
745.9,25.07361261
746,27.20265845
746.1,27.23274317
746.2,28.17367168
746.3,23.6517504
746.4,23.08244856
746.5,24.9546541
746.6,25.09350433
746.7,23.41456475
746.8,24.79344669
746.9,26.97050331
747,24.25969491
747.1,23.81441696
747.2,21.89368402
747.3,23.44952955
747.4,25.16320207
747.5,26.01234061
747.6,25.90587928
747.7,24.27150297
747.8,26.89866778
747.9,25.45170829
748,22.90026478
748.1,24.88657463
748.2,24.46946143
748.3,24.74141378
748.4,26.5463493
748.5,27.5769061
748.6,27.81991637
748.7,27.77455023
748.8,26.6379158
748.9,27.81894576
749,25.70345873
749.1,27.4224658
749.2,26.18243895
749.3,29.22943929
749.4,29.05773079
749.5,30.38970017
749.6,27.41935136
749.7,28.11436798
749.8,28.93743664
749.9,28.69840537
750,27.28791303
750.1,28.67283615
750.2,30.07023547
750.3,30.4487352
750.4,28.96005383
750.5,29.15444096
750.6,28.83260631
750.7,27.44314998
750.8,27.27175635
750.9,28.45609663
751,26.81759426
751.1,29.3917336
751.2,29.52086967
751.3,28.94837013
751.4,30.35893098
751.5,30.07295048
751.6,31.49116592
751.7,30.11749206
751.8,30.29878504
751.9,29.83923352
752,32.45407751
752.1,29.45693743
752.2,29.1664676
752.3,26.8010384
752.4,30.72888929
752.5,30.80608466
752.6,29.20829366
752.7,27.76967549
752.8,30.24590267
752.9,29.47453066
753,29.66418064
753.1,29.16426246
753.2,26.75926554
753.3,29.81619013
753.4,32.13976176
753.5,27.27662579
753.6,28.76558323
753.7,28.3814963
753.8,27.66344352
753.9,26.54416892
754,28.40055076
754.1,28.27667071
754.2,27.36626895
754.3,28.8702432
754.4,28.11285814
754.5,26.60431204
754.6,27.83321655
754.7,27.5371894
754.8,24.9178551
754.9,26.90459035
755,25.10209924
755.1,27.50644274
755.2,28.78544295
755.3,24.61257019
755.4,26.62466017
755.5,27.29595973
755.6,27.25556077
755.7,26.92628143
755.8,26.16647209
755.9,27.50794796
756,26.24351679
756.1,27.32012204
756.2,25.72853685
756.3,25.24555268
756.4,28.25387218
756.5,26.62670755
756.6,25.57455352
756.7,25.9056462
756.8,27.70723643
756.9,25.01977148
757,26.11876494
757.1,27.9168523
757.2,25.04538331
757.3,25.21573048
757.4,26.80421786
757.5,27.62187236
757.6,26.75760174
757.7,26.08525355
757.8,25.77584716
757.9,26.9233785
758,27.06164981
758.1,26.99968546
758.2,25.37198844
758.3,28.20203997
758.4,24.72555768
758.5,26.16137122
758.6,27.07180187
758.7,26.02111739
758.8,25.89323826
758.9,24.60648364
759,25.30204073
759.1,26.62629858
759.2,25.28106814
759.3,24.85015093
759.4,26.11758208
759.5,27.07289845
759.6,26.89477469
759.7,24.82468145
759.8,24.92896118
759.9,26.35321428
760,25.07571747
760.1,27.87494147
760.2,25.53202114
760.3,26.39004162
760.4,25.32330363
760.5,26.34535049
760.6,25.75618923
760.7,26.34052711
760.8,26.73806039
760.9,30.02898344
761,25.58419623
761.1,27.94750305
761.2,26.60124636
761.3,27.24127332
761.4,26.97126369
761.5,26.95288743
761.6,28.89134833
761.7,27.01443167
761.8,26.30739916
761.9,23.81563103
762,25.50277138
762.1,26.28248995
762.2,27.58099911
762.3,27.61720463
762.4,27.94556081
762.5,27.27756633
762.6,27.57476826
762.7,29.02057684
762.8,29.0260385
762.9,27.58864759
763,26.9394621
763.1,27.03511982
763.2,25.79403812
763.3,28.59195791
763.4,26.24364074
763.5,28.05179024
763.6,25.9741088
763.7,23.76961572
763.8,27.27044696
763.9,28.03488616
764,27.01803916
764.1,25.3732252
764.2,29.62985576
764.3,28.48149207
764.4,26.84591116
764.5,27.81760569
764.6,28.12011544
764.7,24.51926157
764.8,27.09552001
764.9,29.50936251
765,26.76066901
765.1,26.64859512
765.2,27.57600276
765.3,25.92422776
765.4,25.03080515
765.5,26.12785327
765.6,28.00479256
765.7,27.27586331
765.8,29.4468285
765.9,27.48589095
766,28.9308735
766.1,27.98540867
766.2,30.95851614
766.3,29.8778872
766.4,27.85545458
766.5,26.93688901
766.6,25.48464294
766.7,30.41632442
766.8,27.76110601
766.9,30.23695837
767,29.0518462
767.1,25.32908623
767.2,29.77888536
767.3,26.83900817
767.4,28.47768306
767.5,27.69121154
767.6,30.77772968
767.7,29.47469051
767.8,28.22021982
767.9,28.36358212
768,28.50675783
768.1,28.5963082
768.2,27.22030997
768.3,29.81486241
768.4,29.18716097
768.5,28.69649142
768.6,31.75148361
768.7,31.1918148
768.8,29.7501201
768.9,26.15336232
769,29.7018578
769.1,31.23560252
769.2,29.4940113
769.3,29.78649913
769.4,30.31226779
769.5,29.74651408
769.6,30.38581206
769.7,29.48218201
769.8,30.54920351
769.9,30.11268495
770,30.77963902
770.1,31.08815712
770.2,29.59024463
770.3,30.11616288
770.4,30.54159034
770.5,30.32506427
770.6,40.06753999
770.7,39.30745724
770.8,36.47893739
770.9,40.6967371
771,37.97930659
771.1,42.0398027
771.2,38.55702292
771.3,37.65476054
771.4,37.23309852
771.5,38.47635555
771.6,40.03671491
771.7,39.61506821
771.8,42.1535233
771.9,37.5793657
772,40.48991163
772.1,37.41374436
772.2,38.27221634
772.3,40.42535275
772.4,36.94647889
772.5,39.20084528
772.6,41.0649222
772.7,38.46849017
772.8,38.17784041
772.9,38.84062471
773,37.23464085
773.1,37.84842434
773.2,38.2127023
773.3,39.59499641
773.4,39.48360716
773.5,38.06518187
773.6,37.7046536
773.7,40.15171424
773.8,38.75641976
773.9,39.5526519
774,36.77474833
774.1,38.49708462
774.2,39.39002013
774.3,37.66211559
774.4,39.88686802
774.5,39.97021645
774.6,36.05898682
774.7,39.68872279
774.8,40.61047805
774.9,36.07643643
775,38.22356566
775.1,36.79734307
775.2,40.1150308
775.3,40.84600703
775.4,36.76617768
775.5,40.35108129
775.6,41.83328788
775.7,39.73461965
775.8,40.06845108
775.9,38.41270538
776,37.64031128
776.1,40.79500948
776.2,37.31122304
776.3,38.41389973
776.4,38.09893165
776.5,38.40956066
776.6,37.80709236
776.7,39.46190767
776.8,38.94634559
776.9,40.98186034
777,41.43065781
777.1,40.88205377
777.2,38.6097547
777.3,38.38558813
777.4,39.91858879
777.5,37.55345253
777.6,38.94086789
777.7,39.17861834
777.8,40.62059328
777.9,38.08295576
778,39.08303862
778.1,38.66863171
778.2,36.41545408
778.3,38.89467802
778.4,38.66543077
778.5,40.50288223
778.6,37.43589148
778.7,40.94376232
778.8,39.22573827
778.9,39.74363117
779,39.60435823
779.1,40.20175243
779.2,38.39505818
779.3,39.89797108
779.4,38.70033554
779.5,39.50557981
779.6,38.81248655
779.7,38.43040115
779.8,39.85065975
779.9,37.34265768
780,38.51460325
780.1,38.13017354
780.2,39.90063525
780.3,41.22041778
780.4,40.80006587
780.5,41.39096501
780.6,40.38613584
780.7,38.44666808
780.8,39.88275412
780.9,38.37247534
781,38.53721126
781.1,39.96726804
781.2,37.91634377
781.3,37.4721564
781.4,39.13127851
781.5,39.51971093
781.6,42.2421853
781.7,38.21934319
781.8,39.88885275
781.9,41.40547222
782,39.8043743
782.1,40.58064677
782.2,42.1128281
782.3,39.45183774
782.4,40.19780246
782.5,39.00354099
782.6,40.38802591
782.7,40.12471008
782.8,40.95951954
782.9,39.07558906
783,40.56204188
783.1,40.59173987
783.2,38.36749224
783.3,38.92953554
783.4,40.44694161
783.5,40.9971367
783.6,38.83011086
783.7,39.9842906
783.8,42.05351416
783.9,40.66289458
784,40.88935471
784.1,40.55826113
784.2,39.61960468
784.3,39.68397333
784.4,39.22084307
784.5,37.97797988
784.6,40.33614564
784.7,40.58533763
784.8,39.00641752
784.9,39.32402534
785,40.11973674
785.1,41.16405117
785.2,37.41577493
785.3,42.17065185
785.4,41.8462968
785.5,39.97029991
785.6,38.10682893
785.7,38.83875641
785.8,43.28468
785.9,39.65877351
786,40.5645535
786.1,42.9121151
786.2,40.55784018
786.3,40.60110606
786.4,39.64581932
786.5,38.71996145
786.6,41.28895967
786.7,38.7860182
786.8,42.56684363
786.9,42.38972101
787,41.20777609
787.1,42.29668102
787.2,40.93178432
787.3,40.50687563
787.4,40.33657952
787.5,43.08559438
787.6,40.14702519
787.7,40.6745292
787.8,40.37692793
787.9,41.61209505
788,40.28133737
788.1,42.92639648
788.2,44.81718017
788.3,42.57689881
788.4,42.47796503
788.5,41.8159214
788.6,42.95251821
788.7,42.78420335
788.8,43.22140529
788.9,42.3096378
789,43.79664129
789.1,43.98106208
789.2,41.35541821
789.3,42.85169404
789.4,41.99693822
789.5,43.63889332
789.6,41.6188331
789.7,43.87580316
789.8,43.9074261
789.9,44.16187414
790,42.17115208
790.1,41.77588963
790.2,42.33849
790.3,43.42789004
790.4,45.59386093
790.5,43.47571631
790.6,42.54231331
790.7,41.85778687
790.8,42.46349237
790.9,41.72300817
791,42.60955092
791.1,43.45251865
791.2,41.04773228
791.3,43.21802105
791.4,44.1036723
791.5,42.6137028
791.6,41.92008812
791.7,43.72405928
791.8,42.69814164
791.9,42.35694317
792,42.26715271
792.1,45.25605114
792.2,44.508095
792.3,44.32137893
792.4,43.30510598
792.5,42.6712937
792.6,45.10788487
792.7,42.66908186
792.8,45.76961487
792.9,42.40231552
793,43.0713735
793.1,45.61710032
793.2,43.49791762
793.3,45.73865481
793.4,43.58211588
793.5,46.3422639
793.6,44.48218342
793.7,46.46059824
793.8,47.06152135
793.9,45.74385366
794,44.1042884
794.1,43.49766294
794.2,44.80673817
794.3,46.67039189
794.4,46.04216455
794.5,44.7265186
794.6,43.79812226
794.7,45.00415771
794.8,44.8094878
794.9,47.07623669
795,46.75340501
795.1,43.98951125
795.2,44.89398467
795.3,46.61374215
795.4,47.07460798
795.5,46.43636553
795.6,46.45158508
795.7,45.90273349
795.8,48.20325616
795.9,46.63699129
796,46.95614469
796.1,46.68212607
796.2,44.93196433
796.3,45.70109937
796.4,45.78152703
796.5,46.19477501
796.6,46.48080427
796.7,46.23925727
796.8,47.10443682
796.9,48.24641256
797,46.86959103
797.1,48.40995455
797.2,48.07880398
797.3,43.37996964
797.4,45.5913907
797.5,45.33833271
797.6,47.6961804
797.7,48.0992897
797.8,45.07106797
797.9,44.53683583
798,44.94530997
798.1,46.08370701
798.2,47.94297762
798.3,45.84537007
798.4,48.89193758
798.5,49.47016756
798.6,49.4806127
798.7,48.3159837
798.8,49.01195046
798.9,50.48517878
799,51.36912476
799.1,48.72349428
799.2,50.11853675
799.3,49.54793562
799.4,49.6347836
799.5,47.26048436
799.6,48.47828311
799.7,48.52127606
799.8,49.00572022
799.9,51.06476271
800,50.59209544
800.1,53.0851796
800.2,50.36624243
800.3,49.80411904
800.4,49.55406104
800.5,51.82591988
800.6,51.09919385
800.7,51.85517881
800.8,46.76929154
800.9,47.0916818
801,47.96874573
801.1,48.95288565
801.2,48.12747965
801.3,48.78326305
801.4,50.42933295
801.5,49.21041258
801.6,50.71089737
801.7,50.132038
801.8,50.72553145
801.9,53.0278762
802,53.35370241
802.1,51.71242202
802.2,53.92772347
802.3,51.94423921
802.4,51.992698
802.5,50.74320155
802.6,48.93995819
802.7,50.94372727
802.8,50.98736468
802.9,50.80314061
803,50.60215465
803.1,51.29215408
803.2,52.48382447
803.3,50.38986731
803.4,50.65334609
803.5,54.89069685
803.6,54.1038124
803.7,53.35239793
803.8,54.48637443
803.9,53.55867719
804,54.50415469
804.1,52.52366993
804.2,54.51791072
804.3,53.60047013
804.4,52.88682061
804.5,53.97839959
804.6,56.00767747
804.7,54.73972718
804.8,50.45044445
804.9,52.67520662
805,55.45145849
805.1,54.9866687
805.2,55.64325214
805.3,57.85691
805.4,57.83131454
805.5,54.40839843
805.6,56.41424806
805.7,54.34628498
805.8,55.09161308
805.9,55.10102148
806,54.38602881
806.1,51.43569258
806.2,55.1743028
806.3,56.38374261
806.4,55.04040171
806.5,54.61283052
806.6,54.55296099
806.7,55.25448646
806.8,57.69173295
806.9,57.95491566
807,55.22298959
807.1,58.07969063
807.2,56.81362208
807.3,57.03113084
807.4,56.02416288
807.5,52.40003218
807.6,54.5275767
807.7,54.80386889
807.8,56.20253798
807.9,54.26886469
808,58.37241387
808.1,53.58669381
808.2,54.59103044
808.3,56.72548463
808.4,56.191909
808.5,56.28291708
808.6,58.46625363
808.7,56.52816342
808.8,56.15271087
808.9,57.24961253
809,56.44340811
809.1,57.72442279
809.2,54.83555975
809.3,55.69729584
809.4,55.87004872
809.5,57.92571446
809.6,55.38340195
809.7,57.01508247
809.8,56.64874423
809.9,54.71387628
810,56.67430056
810.1,57.49918351
810.2,59.44232112
810.3,61.85424206
810.4,58.15804742
810.5,59.74158689
810.6,57.75880095
810.7,60.43087535
810.8,58.9430748
810.9,55.60739385
811,59.61288916
811.1,58.92258894
811.2,57.67565302
811.3,58.92783812
811.4,58.4847813
811.5,59.74331982
811.6,58.84416549
811.7,59.09918747
811.8,60.56317405
811.9,60.73706897
812,58.94806
812.1,61.60259494
812.2,58.46652911
812.3,60.04989241
812.4,58.57479622
812.5,57.72389521
812.6,58.79143394
812.7,57.84087457
812.8,60.02865615
812.9,56.66770848
813,58.93520085
813.1,57.78450234
813.2,58.64432647
813.3,59.01327233
813.4,61.28882895
813.5,61.3170804
813.6,59.8382421
813.7,61.96209272
813.8,60.84185217
813.9,61.39314366
814,61.31334885
814.1,59.25388437
814.2,56.86015509
814.3,56.06884552
814.4,61.33500007
814.5,59.18367826
814.6,57.76296374
814.7,59.03181735
814.8,62.1756889
814.9,61.84793834
815,59.38113444
815.1,61.58366701
815.2,64.48889139
815.3,62.18570098
815.4,62.84670104
815.5,62.54459126
815.6,62.96917211
815.7,61.39878893
815.8,61.57274825
815.9,60.32770853
816,60.12038255
816.1,62.20366413
816.2,60.03758811
816.3,62.10036746
816.4,60.76929793
816.5,61.16250843
816.6,61.65984214
816.7,64.06813698
816.8,62.50714858
816.9,62.62847225
817,65.86562961
817.1,63.76961807
817.2,63.30494669
817.3,61.58992799
817.4,63.91867199
817.5,62.75212961
817.6,63.27428495
817.7,62.98806868
817.8,63.30539122
817.9,62.83321644
818,63.23557201
818.1,61.49437868
818.2,61.48991591
818.3,63.70383002
818.4,64.74692753
818.5,62.02048213
818.6,64.68522856
818.7,67.0050524
818.8,66.6167791
818.9,64.21108991
819,64.872487
819.1,62.07938237
819.2,63.34968278
819.3,62.33761512
819.4,64.91077896
819.5,63.01228608
819.6,66.00836589
819.7,62.84025936
819.8,63.01503885
819.9,63.61844858
820,66.73436058
820.1,64.52038706
820.2,65.83466402
820.3,67.28671014
820.4,66.73434064
820.5,65.49599602
820.6,68.45268215
820.7,64.49917674
820.8,64.2024441
820.9,63.86448456
821,64.43748557
821.1,65.90072429
821.2,67.37150137
821.3,66.86338397
821.4,64.97137264
821.5,64.61492348
821.6,65.92561661
821.7,67.83077563
821.8,69.8068957
821.9,70.33101032
822,69.01512758
822.1,68.24063426
822.2,68.36897839
822.3,65.82118735
822.4,65.6437485
822.5,67.40912026
822.6,65.34172011
822.7,65.55012796
822.8,66.70344319
822.9,67.18655596
823,70.35004333
823.1,68.3527915
823.2,71.26693061
823.3,71.64188733
823.4,74.77752752
823.5,70.58317216
823.6,72.2073101
823.7,71.9243953
823.8,70.94886716
823.9,68.45332228
824,69.07813948
824.1,70.1035188
824.2,66.97609474
824.3,70.65633548
824.4,71.41110983
824.5,68.15419266
824.6,69.84472893
824.7,71.08800302
824.8,69.65425078
824.9,71.75887862
825,71.4188842
825.1,73.38895964
825.2,72.96530096
825.3,72.08396409
825.4,68.86910316
825.5,70.93980372
825.6,73.61490637
825.7,70.76593571
825.8,68.5861619
825.9,67.72214117
826,70.38368542
826.1,71.65444675
826.2,71.59804848
826.3,71.05807025
826.4,69.60794027
826.5,72.38224368
826.6,70.21330373
826.7,71.39587037
826.8,72.80756533
826.9,75.08762097
827,72.20363735
827.1,74.51269592
827.2,73.73177507
827.3,72.19351367
827.4,72.40357889
827.5,68.17614212
827.6,72.29627969
827.7,72.09801415
827.8,72.28473782
827.9,71.54226236
828,72.98741143
828.1,70.23486324
828.2,72.85634191
828.3,75.38407342
828.4,72.78643668
828.5,72.0443932
828.6,75.53355374
828.7,78.16596145
828.8,76.4211493
828.9,74.68978649
829,71.58122767
829.1,73.43052816
829.2,74.69453631
829.3,72.14320421
829.4,71.59450573
829.5,72.48718947
829.6,73.17254398
829.7,71.26186044
829.8,75.36819177
829.9,73.06957983
830,72.63853171
830.1,75.15986103
830.2,75.78304139
830.3,78.50650766
830.4,74.43590251
830.5,76.7967623
830.6,75.47985315
830.7,76.45477448
830.8,73.82940544
830.9,73.68401654
831,72.8247719
831.1,72.36318148
831.2,74.41214739
831.3,74.13078438
831.4,75.93552112
831.5,73.5209099
831.6,73.42012662
831.7,77.46110237
831.8,75.37239323
831.9,76.76842769
832,80
832.1,76.53845681
832.2,75.70405273
832.3,75.98183864
832.4,75.44891285
832.5,73.54665533
832.6,75.78986731
832.7,74.42365391
832.8,73.93920968
832.9,74.4277391
833,76.65122888
833.1,76.24907271
833.2,74.49288513
833.3,75.2098501
833.4,75.06476705
833.5,77.65228315
833.6,76.19563291
833.7,79.17474935
833.8,75.99412913
833.9,76.56955755
834,74.89261128
834.1,76.82973833
834.2,74.75530916
834.3,73.32027601
834.4,73.28816792
834.5,74.21453735
834.6,75.64609596
834.7,76.01162701
834.8,76.60835002
834.9,76.26089159
835,79.35040808
835.1,77.44683232
835.2,76.33049473
835.3,77.12144532
835.4,76.64472967
835.5,75.69115305
835.6,76.22003117
835.7,76.35153041
835.8,75.6274964
835.9,75.59117707
836,72.52815481
836.1,75.83409094
836.2,75.75381418
836.3,75.84301494
836.4,72.5714825
836.5,74.12226021
836.6,72.69383364
836.7,74.5903681
836.8,75.85043989
836.9,78.50123272
837,76.86932454
837.1,75.65868193
837.2,76.39428819
837.3,76.61936216
837.4,73.69645085
837.5,73.39772646
837.6,74.35332042
837.7,73.51053699
837.8,74.54871562
837.9,73.75123369
838,76.5094391
838.1,74.6180095
838.2,76.71215838
838.3,76.9601709
838.4,78.11737524
838.5,77.72690677
838.6,78.50396276
838.7,79.34967766
838.8,78.1410339
838.9,74.90390077
839,76.1121785
839.1,75.99030589
839.2,73.8793148
839.3,74.574609
839.4,76.41998298
839.5,74.28727267
839.6,75.06192691
839.7,76.34530813
839.8,73.65823195
839.9,73.28102211
840,75.85652755
840.1,76.46766785
840.2,77.24719233
840.3,76.71184442
840.4,76.8082505
840.5,75.74365206
840.6,75.28745196
840.7,73.04911642
840.8,74.58561595
840.9,73.37773568
841,72.18702789
841.1,73.20265647
841.2,73.32890421
841.3,74.11828953
841.4,75.43620805
841.5,74.91758803
841.6,72.80687362
841.7,74.80094429
841.8,76.48257235
841.9,75.44027955
842,75.30061588
842.1,75.97527002
842.2,73.00778645
842.3,73.30407294
842.4,74.1528531
842.5,71.9874961
842.6,73.37004542
842.7,76.05810735
842.8,72.45650101
842.9,71.9575893
843,75.55696171
843.1,73.10932068
843.2,76.47165471
843.3,73.99978305
843.4,74.15800227
843.5,74.86583317
843.6,78.18853201
843.7,75.35335456
843.8,76.36802131
843.9,73.91597653
844,74.14286695
844.1,71.32617646
844.2,75.81293652
844.3,71.2999626
844.4,72.46732117
844.5,72.76034619
844.6,72.38217203
844.7,74.46271966
844.8,73.99257989
844.9,72.32587463
845,74.8759505
845.1,72.52065466
845.2,75.3635188
845.3,73.31754344
845.4,73.74089457
845.5,73.53176663
845.6,71.36032974
845.7,72.56734871
845.8,72.38108565
845.9,71.61516987
846,71.91069672
846.1,73.02825476
846.2,72.28142058
846.3,72.16886977
846.4,72.3181947
846.5,73.69211252
846.6,71.61860472
846.7,74.91408914
846.8,72.15235021
846.9,74.00390662
847,72.19949182
847.1,72.9468649
847.2,72.9229969
847.3,70.47525959
847.4,69.56400505
847.5,69.95040485
847.6,70.62819467
847.7,70.09501869
847.8,72.72698518
847.9,70.64074516
848,71.77429673
848.1,73.10591323
848.2,68.03417198
848.3,70.93474697
848.4,73.51248023
848.5,71.86869924
848.6,71.23570822
848.7,72.10615862
848.8,73.99935718
848.9,72.17196682
849,71.49412714
849.1,69.53759422
849.2,68.43552913
849.3,67.2170975
849.4,68.75275903
849.5,72.00403597
849.6,70.65540141
849.7,70.25249137
849.8,71.3680924
849.9,72.06891802
850,68.71493806
850.1,71.30472715
850.2,73.51773611
850.3,74.84867027
850.4,75.28445798
850.5,69.05454093
850.6,70.58533867
850.7,69.52351793
850.8,71.15019506
850.9,68.63997513
851,69.25918151
851.1,68.34327014
851.2,68.11285098
851.3,68.5087209
851.4,69.14470032
851.5,70.49117807
851.6,71.68973967
851.7,72.62969228
851.8,70.7686525
851.9,74.69187535
852,72.05335354
852.1,73.11838299
852.2,70.41120457
852.3,69.77249008
852.4,71.13176883
852.5,69.39195985
852.6,70.80475753
852.7,68.95695886
852.8,70.82235504
852.9,68.31738197
853,68.15938087
853.1,72.51568184
853.2,71.18478924
853.3,72.26390689
853.4,72.05123403
853.5,70.83987439
853.6,73.14836119
853.7,72.74776862
853.8,72.22508367
853.9,72.52905894
854,72.65119898
854.1,68.36248678
854.2,71.21162078
854.3,70.90895903
854.4,72.31076806
854.5,70.6667376
854.6,70.22573795
854.7,68.46749265
854.8,70.03761268
854.9,71.51023853
855,69.93255369
855.1,73.30482744
855.2,75.16031073
855.3,74.98127053
855.4,72.30135239
855.5,71.96800979
855.6,71.56295253
855.7,70.84779805
855.8,69.96889928
855.9,69.71565137
856,69.16010603
856.1,67.71071556
856.2,68.28812986
856.3,68.40013579
856.4,70.52804634
856.5,70.18492977
856.6,69.9369452
856.7,71.92148368
856.8,72.74770099
856.9,72.19490353
857,71.34838596
857.1,70.54709923
857.2,69.23982246
857.3,67.64224876
857.4,68.65382558
857.5,69.39668324
857.6,67.71348485
857.7,69.08120148
857.8,69.79126431
857.9,69.65893426
858,69.65524784
858.1,68.11760011
858.2,69.64819864
858.3,68.33134959
858.4,70.85303771
858.5,73.66430646
858.6,70.96579037
858.7,71.38107457
858.8,71.89504799
858.9,69.50534152
859,67.56816892
859.1,67.218086
859.2,68.45833725
859.3,67.57278468
859.4,66.69820655
859.5,69.13386742
859.6,66.16370829
859.7,67.38909407
859.8,67.16887885
859.9,68.80132945
860,71.06841443
860.1,70.0494419
860.2,71.97351993
860.3,69.8766488
860.4,71.59965754
860.5,68.5631466
860.6,69.58196652
860.7,68.27923336
860.8,69.21612731
860.9,68.09190307
861,68.58094777
861.1,69.06219335
861.2,67.74603496
861.3,67.98418228
861.4,69.73739526
861.5,67.02327312
861.6,68.95625642
861.7,67.37207333
861.8,67.99953154
861.9,69.67684566
862,69.28623268
862.1,69.31833626
862.2,69.89141261
862.3,67.07857002
862.4,68.3565836
862.5,68.58375168
862.6,68.15805825
862.7,68.83132781
862.8,67.7141983
862.9,69.9554553
863,67.16626946
863.1,66.93507112
863.2,67.74194475
863.3,66.99265555
863.4,67.47605029
863.5,69.93253893
863.6,69.6280975
863.7,70.46008651
863.8,68.01534622
863.9,69.96885076
864,65.2572733
864.1,67.69142625
864.2,66.89509018
864.3,66.97705072
864.4,67.10950794
864.5,67.0859146
864.6,66.60517158
864.7,64.38171365
864.8,67.60716044
864.9,68.36898096
865,69.07947893
865.1,68.80576413
865.2,66.5984421
865.3,68.73286401
865.4,66.60875939
865.5,68.78014709
865.6,66.32420524
865.7,66.29707999
865.8,67.7779889
865.9,68.10411189
866,66.80906499
866.1,65.16265651
866.2,67.62294093
866.3,66.89372159
866.4,65.03186551
866.5,67.37016913
866.6,70.01496632
866.7,66.57628029
866.8,68.50420872
866.9,68.5116039
867,67.01550558
867.1,65.62468873
867.2,67.68510751
867.3,67.46581094
867.4,65.14170466
867.5,63.25819208
867.6,66.98633779
867.7,67.62326106
867.8,67.20000174
867.9,64.22404339
868,66.35843743
868.1,66.94485756
868.2,64.88094666
868.3,67.20993582
868.4,67.72125401
868.5,69.89780549
868.6,67.9105841
868.7,66.88313546
868.8,67.48567214
868.9,64.23564122
869,64.80610782
869.1,65.1172531
869.2,64.61958999
869.3,66.91869956
869.4,64.46875613
869.5,62.80124407
869.6,67.67725696
869.7,66.96366306
869.8,66.23238702
869.9,64.94964624
870,66.38603737
870.1,67.90946033
870.2,66.62062771
870.3,69.39534915
870.4,67.03383795
870.5,69.90354381
870.6,69.92191658
870.7,71.61044811
870.8,72.78581551
870.9,74.02102421
871,70.81592191
871.1,71.23578666
871.2,74.23572089
871.3,73.3366394
871.4,78.10014253
871.5,76.4463824
871.6,73.89578819
871.7,67.43986364
871.8,62.58864934
871.9,61.78512108
872,59.44686083
872.1,59.69886498
872.2,59.19862982
872.3,58.8021556
872.4,59.00395702
872.5,63.62562748
872.6,65.78115237
872.7,65.70611876
872.8,63.67743247
872.9,61.83336933
873,64.62193845
873.1,64.81167129
873.2,64.76042852
873.3,65.66276931
873.4,67.44036401
873.5,66.02347752
873.6,65.36670183
873.7,65.66086006
873.8,68.51923234
873.9,64.58981518
874,59.50997838
874.1,60.77487829
874.2,54.82177409
874.3,55.29860025
874.4,54.77372835
874.5,45.4234797
874.6,51.75398156
874.7,50.47850333
874.8,51.56169839
874.9,54.86438195
875,49.17521944
875.1,51.26388922
875.2,45.17106351
875.3,46.52115121
875.4,50.21881491
875.5,47.83199319
875.6,48.67863738
875.7,52.97004047
875.8,53.12073622
875.9,50.24931672
876,47.99355041
876.1,49.42252768
876.2,50.03717013
876.3,51.83846299
876.4,50.24564932
876.5,48.03579138
876.6,46.94273098
876.7,48.94162449
876.8,45.92988899
876.9,49.72518834
877,49.30405287
877.1,46.13137663
877.2,47.22666567
877.3,43.62348313
877.4,50.6142436
877.5,50.76101527
877.6,50.6065489
877.7,50.58627884
877.8,51.2076875
877.9,48.41119894
878,45.96147945
878.1,50.11178757
878.2,50.84463988
878.3,54.19447673
878.4,58.56912681
878.5,58.50086114
878.6,59.37078208
878.7,62.98216868
878.8,61.13054474
878.9,56.36514609
879,62.50026448
879.1,62.00960898
879.2,63.23366039
879.3,66.97328442
879.4,66.77100789
879.5,62.87302748
879.6,66.71476025
879.7,61.93756244
879.8,59.97741389
879.9,56.09577998
880,56.59653964
880.1,59.52852109
880.2,61.82275908
880.3,61.81120653
880.4,63.95745714
880.5,62.4179691
880.6,64.20742536
880.7,62.21976496
880.8,62.26006094
880.9,65.39520017
881,63.26912174
881.1,63.47915541
881.2,63.77205234
881.3,64.00599138
881.4,60.92199587
881.5,61.61333185
881.6,63.58180439
881.7,64.14757248
881.8,68.47121613
881.9,67.09259932
882,64.60983332
882.1,66.40943732
882.2,63.80468749
882.3,62.72570408
882.4,63.69225096
882.5,63.60228897
882.6,63.82075031
882.7,62.99610176
882.8,61.47524305
882.9,63.85963429
883,62.69843393
883.1,63.74922164
883.2,63.42987201
883.3,63.51720021
883.4,61.57701846
883.5,65.87453292
883.6,66.73984743
883.7,65.83804677
883.8,65.97454913
883.9,63.96936195
884,62.66916843
884.1,63.31170357
884.2,64.21094359
884.3,61.66066987
884.4,63.48978134
884.5,64.12204701
884.6,63.22671623
884.7,62.05452763
884.8,62.55867236
884.9,64.27988987
885,62.11181574
885.1,64.65561249
885.2,67.53231768
885.3,63.78620723
885.4,61.62935682
885.5,60.10262911
885.6,63.03746188
885.7,64.42889031
885.8,65.39710114
885.9,61.22525684
886,60.46049663
886.1,60.13559135
886.2,62.77435194
886.3,61.50800513
886.4,61.66434747
886.5,61.00823764
886.6,65.4935225
886.7,64.83045008
886.8,64.08668973
886.9,65.86924445
887,63.90832567
887.1,62.57826833
887.2,60.28785507
887.3,63.38070856
887.4,60.6955808
887.5,61.54232349
887.6,60.67580509
887.7,63.47115753
887.8,60.51996595
887.9,60.94487961
888,62.92908034
888.1,62.17082208
888.2,62.69946917
888.3,62.41279653
888.4,63.83393169
888.5,64.73813681
888.6,61.51877443
888.7,63.08161861
888.8,60.06053541
888.9,62.12935885
889,62.63938096
889.1,59.53073525
889.2,60.13793135
889.3,59.58287947
889.4,59.92417891
889.5,62.95669645
889.6,64.6583228
889.7,61.38349865
889.8,62.7396854
889.9,62.64540961
890,61.67842064
890.1,60.06358944
890.2,59.24573107
890.3,64.35154061
890.4,61.95037556
890.5,60.00427499
890.6,57.77010209
890.7,60.70354452
890.8,60.40524766
890.9,61.41593539
891,59.99477963
891.1,60.76411202
891.2,58.95281999
891.3,61.10847912
891.4,61.532877
891.5,61.92905795
891.6,63.48464074
891.7,62.58983684
891.8,60.724373
891.9,59.59201817
892,63.32936822
892.1,61.96859136
892.2,59.54192521
892.3,58.98623483
892.4,58.36265918
892.5,58.63598452
892.6,59.84503149
892.7,64.1314495
892.8,58.31389559
892.9,58.05346386
893,59.94888747
893.1,60.30169177
893.2,60.10033508
893.3,59.70228079
893.4,60.98388741
893.5,60.65470223
893.6,61.31309838
893.7,60.54930786
893.8,59.57073543
893.9,59.0932638
894,57.51499226
894.1,58.43021419
894.2,58.07775313
894.3,55.64350249
894.4,59.57773291
894.5,59.13168517
894.6,58.72386537
894.7,61.57258354
894.8,62.35996884
894.9,61.46797564
895,60.85306904
895.1,62.78236709
895.2,58.1532554
895.3,60.89257401
895.4,61.04860501
895.5,59.92648298
895.6,60.00728325
895.7,56.70173998
895.8,57.88861199
895.9,58.64277626
896,57.2905883
896.1,59.53757933
896.2,60.79614536
896.3,57.38361527
896.4,58.11349606
896.5,59.02426332
896.6,58.19523511
896.7,59.69928393
896.8,60.92198226
896.9,58.54652967
897,57.27112678
897.1,59.75530689
897.2,59.11730985
897.3,56.66605268
897.4,56.08590048
897.5,56.05582265
897.6,55.99702516
897.7,54.65485133
897.8,58.65810389
897.9,57.38244263
898,57.9551141
898.1,56.22887071
898.2,58.48559966
898.3,58.1928367
898.4,59.90352943
898.5,60.77790808
898.6,59.06378958
898.7,58.86643038
898.8,59.66596189
898.9,55.09615026
899,55.42021463
899.1,57.49367546
899.2,55.97542063
899.3,55.60921288
899.4,55.98577088
899.5,56.94878717
899.6,57.10694748
899.7,55.69750685
899.8,58.28960857
899.9,57.51826614
900,58.64743069
900.1,60.5163682
900.2,59.26895454
900.3,55.39926698
900.4,60.75515624
900.5,56.62708834
900.6,58.33857076
900.7,54.91253682
900.8,54.01202288
900.9,57.69561157
901,56.27535178
901.1,56.25735468
901.2,57.36916793
901.3,57.97692702
901.4,58.77554511
901.5,58.76301127
901.6,55.10732792
901.7,58.10038481
901.8,58.77576791
901.9,61.22564664
902,58.92798467
902.1,57.71989348
902.2,56.23887808
902.3,56.26784697
902.4,55.94239711
902.5,56.0602351
902.6,56.69593968
902.7,57.02935933
902.8,56.99311922
902.9,56.99338089
903,56.98565302
903.1,57.80290663
903.2,55.35497717
903.3,56.78521228
903.4,57.33207273
903.5,57.59511438
903.6,56.46228927
903.7,58.2512987
903.8,55.85400227
903.9,56.3909154
904,56.19342345
904.1,56.0692148
904.2,55.53676733
904.3,56.25227342
904.4,59.67596798
904.5,53.59028298
904.6,55.85684984
904.7,55.62473164
904.8,54.25137482
904.9,56.25335011
905,58.08351424
905.1,57.51639721
905.2,58.16294595
905.3,57.04304387
905.4,54.74277793
905.5,56.39518979
905.6,53.19701735
905.7,56.67964361
905.8,53.86417456
905.9,54.21343153
906,51.46962061
906.1,55.6194301
906.2,56.04001025
906.3,54.99068363
906.4,52.91148161
906.5,53.43095682
906.6,57.473007
906.7,55.35240133
906.8,56.56461137
906.9,57.15433277
907,55.9780323
907.1,54.478086
907.2,52.97075988
907.3,53.00118567
907.4,53.69332689
907.5,52.06759596
907.6,52.44007307
907.7,54.10164591
907.8,55.29138085
907.9,51.47726382
908,55.83536438
908.1,50.41706308
908.2,54.21331509
908.3,55.89815169
908.4,56.96336687
908.5,53.64042065
908.6,56.8638806
908.7,52.27304953
908.8,51.73558646
908.9,55.58118702
909,53.79634876
909.1,51.30558225
909.2,54.31912763
909.3,51.8754583
909.4,53.49333745
909.5,54.9822601
909.6,51.00250562
909.7,53.80551639
909.8,54.63979877
909.9,53.58668003
910,56.42070487
910.1,56.72287922
910.2,55.09442733
910.3,55.32657066
910.4,53.71591432
910.5,51.92858422
910.6,54.17548262
910.7,52.47004418
910.8,53.36925611
910.9,52.57380118
911,52.84660473
911.1,52.67847102
911.2,54.56323406
911.3,51.23831386
911.4,54.4066809
911.5,50.51089227
911.6,49.98205289
911.7,53.91201804
911.8,54.06947797
911.9,51.96328367
912,53.95466315
912.1,53.40801051
912.2,51.17578595
912.3,45.90229298
912.4,51.41171885
912.5,49.34986785
912.6,50.06589299
912.7,52.55505895
912.8,52.09241384
912.9,51.02107677
913,50.9197907
913.1,48.87671584
913.2,51.87220266
913.3,50.73696424
913.4,54.07800945
913.5,54.44946064
913.6,51.3246896
913.7,49.28275219
913.8,52.35243141
913.9,53.5078479
914,52.02671786
914.1,47.98024626
914.2,50.07025861
914.3,50.08100674
914.4,51.4759538
914.5,47.57179723
914.6,50.38627312
914.7,49.46768452
914.8,52.4348643
914.9,50.34090172
915,51.70838981
915.1,53.28785671
915.2,50.29965103
915.3,51.65376142
915.4,50.42967999
915.5,48.36580352
915.6,49.22466669
915.7,50.95053912
915.8,50.34861713
915.9,48.16633456
916,50.40903789
916.1,50.19068026
916.2,49.2370035
916.3,48.83466539
916.4,47.59051643
916.5,48.58158412
916.6,50.59473029
916.7,48.93618332
916.8,50.96330112
916.9,49.78870859
917,50.27263975
917.1,48.41635559
917.2,47.66581519
917.3,49.20290214
917.4,48.55983083
917.5,45.42104831
917.6,45.99553081
917.7,46.7346324
917.8,47.0235836
917.9,47.12035469
918,48.74988944
918.1,46.42073598
918.2,47.14006742
918.3,47.00944788
918.4,47.54120459
918.5,48.71244978
918.6,48.4164743
918.7,48.9006854
918.8,46.13520529
918.9,48.01824174
919,49.64422824
919.1,46.53805449
919.2,48.53451247
919.3,46.9774852
919.4,47.68263548
919.5,49.50026227
919.6,46.76091161
919.7,45.9831181
919.8,48.83855034
919.9,48.72693988
920,48.77936258
920.1,51.54074996
920.2,47.58043708
920.3,48.5874355
920.4,47.93075266
920.5,49.4430964
920.6,46.9306425
920.7,45.24471628
920.8,49.11228482
920.9,43.79584052
921,48.58112306
921.1,47.93616326
921.2,48.62707496
921.3,47.16160051
921.4,44.36498105
921.5,47.13512106
921.6,46.62436447
921.7,46.63028455
921.8,46.66158359
921.9,47.30614733
922,47.87197878
922.1,48.55809981
922.2,45.85803438
922.3,46.90737739
922.4,44.39696292
922.5,46.49736168
922.6,45.69185661
922.7,46.18108271
922.8,46.31510806
922.9,43.20255479
923,45.79496987
923.1,45.97924738
923.2,47.06363401
923.3,49.00131186
923.4,50.33668294
923.5,48.97396594
923.6,45.68939358
923.7,48.14093625
923.8,43.72232227
923.9,47.72814642
924,46.24848935
924.1,42.92599001
924.2,44.96840085
924.3,44.545323
924.4,43.38507864
924.5,46.11554857
924.6,45.01678102
924.7,45.48832109
924.8,46.67304767
924.9,43.63277105
925,46.3280468
925.1,46.35938009
925.2,46.44857175
925.3,47.46028468
925.4,46.24792653
925.5,44.84046599
925.6,44.02225522
925.7,44.99475727
925.8,46.30109882
925.9,44.65174754
926,48.08824021
926.1,45.13226155
926.2,45.17030606
926.3,44.06783304
926.4,43.33153215
926.5,47.0641607
926.6,45.57437872
926.7,44.05017822
926.8,45.25126376
926.9,44.08545586
927,48.11312968
927.1,46.78235069
927.2,45.93357845
927.3,46.2913832
927.4,42.79590327
927.5,44.78292074
927.6,42.92413576
927.7,43.74440797
927.8,42.17426411
927.9,43.44393345
928,44.97272536
928.1,44.70773435
928.2,44.32385212
928.3,43.64510591
928.4,45.76036521
928.5,45.85652197
928.6,44.5840654
928.7,46.99265935
928.8,44.07318152
928.9,43.55004506
929,43.19242679
929.1,42.84803374
929.2,43.8601681
929.3,42.94055764
929.4,44.11458434
929.5,42.41644951
929.6,42.32833801
929.7,43.16074676
929.8,44.18711653
929.9,44.87012936
930,44.18719602
930.1,43.40241643
930.2,42.08095803
930.3,42.49572458
930.4,39.77201356
930.5,38.02282014
930.6,42.277062
930.7,41.41496625
930.8,38.36394031
930.9,42.06120944
931,40.51498215
931.1,40.12100191
931.2,39.84590979
931.3,37.51164604
931.4,37.66915258
931.5,39.72689065
931.6,38.84443539
931.7,42.02328776
931.8,38.96476217
931.9,39.61075261
932,39.96342175
932.1,39.40040426
932.2,40.82161367
932.3,40.49329159
932.4,40.63192865
932.5,37.90781567
932.6,38.76254826
932.7,41.36951732
932.8,39.44597894
932.9,38.57633037
933,39.51454095
933.1,39.35224358
933.2,38.88910712
933.3,40.03767394
933.4,41.97635528
933.5,40.93962378
933.6,41.52270002
933.7,39.58147257
933.8,39.18244015
933.9,40.3130949
934,40.12381535
934.1,37.98559048
934.2,37.84068162
934.3,38.54541175
934.4,37.23203561
934.5,39.03014199
934.6,38.30601093
934.7,40.8219999
934.8,38.64435992
934.9,39.12676212
935,39.74452665
935.1,40.51424584
935.2,40.95308723
935.3,38.87106878
935.4,38.91609455
935.5,37.91284857
935.6,39.17202894
935.7,37.08745465
935.8,35.83787069
935.9,40.33010089
936,35.57475958
936.1,37.57018453
936.2,39.68560165
936.3,38.64017069
936.4,37.88979894
936.5,38.54153237
936.6,35.6512558
936.7,39.84889141
936.8,38.39348575
936.9,38.3233774
937,40.08366872
937.1,35.85583357
937.2,35.8376977
937.3,38.07943651
937.4,38.05225251
937.5,37.8314179
937.6,36.40365354
937.7,38.17740797
937.8,37.45537431
937.9,36.39763857
938,40.55803388
938.1,36.53909039
938.2,40.28656028
938.3,39.70552543
938.4,36.34455333
938.5,37.90929555
938.6,37.96823754
938.7,38.95537306
938.8,40.10424601
938.9,37.40476871
939,38.02910439
939.1,35.92960408
939.2,35.86126794
939.3,38.6996141
939.4,36.93492659
939.5,38.34444635
939.6,36.73976445
939.7,40.059227
939.8,35.53082481
939.9,38.22855732
940,40.03115866
940.1,36.41147913
940.2,40.26928213
940.3,38.49533394
940.4,36.89172553
940.5,35.86533459
940.6,39.6086496
940.7,34.07028292
940.8,36.77843846
940.9,35.61663175
941,35.57599355
941.1,33.73874033
941.2,34.81852169
941.3,37.79713953
941.4,35.80915267
941.5,38.82255361
941.6,38.04642524
941.7,38.47523092
941.8,38.93632356
941.9,40.17313549
942,35.98387987
942.1,34.56649719
942.2,38.02118357
942.3,35.89400604
942.4,36.925223
942.5,35.90712792
942.6,35.15797443
942.7,38.28622046
942.8,37.73543477
942.9,36.18939997
943,37.47526143
943.1,35.42671755
943.2,37.44625001
943.3,36.84908135
943.4,37.94036781
943.5,36.94938824
943.6,40.25145156
943.7,37.57658192
943.8,36.94068213
943.9,37.16136466
944,38.41133149
944.1,36.27857002
944.2,34.02689929
944.3,38.33978907
944.4,35.93200532
944.5,35.01799809
944.6,36.93350066
944.7,39.44045762
944.8,35.65461402
944.9,34.35637542
945,39.17211433
945.1,35.83488571
945.2,37.06825504
945.3,37.0356964
945.4,37.1392179
945.5,37.29624319
945.6,35.90057983
945.7,34.74055859
945.8,36.74646041
945.9,36.02841485
946,34.17277322
946.1,35.13649369
946.2,34.59408748
946.3,34.06355961
946.4,35.22760085
946.5,33.16060729
946.6,37.78879067
946.7,36.84630555
946.8,38.82449818
946.9,39.31230113
947,41.43181339
947.1,35.74376602
947.2,35.51347375
947.3,37.93998482
947.4,35.03837889
947.5,34.29134386
947.6,36.96025323
947.7,35.38500521
947.8,38.39029758
947.9,34.9823215
948,37.0887021
948.1,36.07882593
948.2,36.88638269
948.3,36.91238498
948.4,37.04701723
948.5,34.68554629
948.6,34.69174019
948.7,36.02136096
948.8,37.22641954
948.9,35.94228848
949,39.37534388
949.1,33.28571468
949.2,35.0216491
949.3,36.50121542
949.4,35.49581082
949.5,34.82055891
949.6,34.59876227
949.7,32.75421655
949.8,38.35885313
949.9,35.95910732
950,38.4284469
950.1,38.14749145
950.2,36.43660316
950.3,35.40217292
950.4,35.94389068
950.5,34.39350226
950.6,37.8014019
950.7,36.0383432
950.8,37.28196595
950.9,37.18279883
951,34.19900029
951.1,34.24023176
951.2,34.20963237
951.3,34.18122761
951.4,34.94362874
951.5,34.81053159
951.6,35.90571821
951.7,38.24963891
951.8,34.91732019
951.9,36.21304722
952,34.75622933
952.1,32.40845535
952.2,34.80082318
952.3,35.73747578
952.4,35.15555745
952.5,33.80137359
952.6,34.23676964
952.7,35.91654176
952.8,32.33149495
952.9,34.27033377
953,36.93899988
953.1,35.2704341
953.2,32.92113601
953.3,36.51061928
953.4,36.39648306
953.5,34.9938438
953.6,35.42096406
953.7,34.78166862
953.8,32.21564058
953.9,34.4485216
954,30.9772225
954.1,31.90598006
954.2,34.92510023
954.3,33.39227601
954.4,32.01386134
954.5,36.09432987
954.6,35.81521447
954.7,33.71286502
954.8,35.16290828
954.9,34.83637481
955,34.50768112
955.1,37.12341166
955.2,35.00717047
955.3,37.02265054
955.4,35.46624248
955.5,38.39755173
955.6,32.91478119
955.7,36.26957877
955.8,34.88789826
955.9,35.75896822
956,33.94732122
956.1,31.7460285
956.2,34.22058995
956.3,37.54346836
956.4,35.98169326
956.5,35.40105173
956.6,32.1029261
956.7,36.42385378
956.8,34.22379249
956.9,36.57642323
957,35.76708991
957.1,32.13472226
957.2,32.79599684
957.3,34.10531108
957.4,33.68580139
957.5,32.19808656
957.6,34.86046991
957.7,33.94808411
957.8,31.66792498
957.9,32.58714597
958,31.23210558
958.1,35.21459022
958.2,34.23043737
958.3,35.93981115
958.4,34.00392876
958.5,35.8411378
958.6,33.24713698
958.7,33.15234685
958.8,33.80166142
958.9,32.76842818
959,33.11109206
959.1,32.02931364
959.2,31.35694718
959.3,32.63589684
959.4,32.47782087
959.5,33.78463012
959.6,30.53000623
959.7,35.65946656
959.8,35.25940421
959.9,35.36748004
960,35.26663711
960.1,35.23629192
960.2,35.50955091
960.3,33.74805604
960.4,32.58385283
960.5,32.14537946
960.6,32.63516883
960.7,31.7625425
960.8,32.28475164
960.9,30.95448845
961,31.35963257
961.1,34.94649846
961.2,32.17824472
961.3,33.91897168
961.4,30.31417341
961.5,30.93693565
961.6,34.88268875
961.7,35.07730219
961.8,33.4220007
961.9,33.66255678
962,33.66366893
962.1,34.21771667
962.2,33.10642888
962.3,33.20281503
962.4,31.24728015
962.5,33.5074814
962.6,29.66793052
962.7,31.49241941
962.8,32.49775978
962.9,33.88417197
963,29.58734491
963.1,34.09552121
963.2,32.90830322
963.3,32.70009223
963.4,35.01759102
963.5,33.6982683
963.6,34.32577008
963.7,34.53031671
963.8,35.14650315
963.9,35.85522326
964,32.28669463
964.1,34.95514796
964.2,33.21423665
964.3,31.98741425
964.4,33.40644345
964.5,32.97672228
964.6,33.38549428
964.7,32.42450767
964.8,32.93686757
964.9,33.83636704
965,33.5088557
965.1,33.38408174
965.2,34.57947303
965.3,31.53402303
965.4,32.99688729
965.5,32.59658045
965.6,31.12087788
965.7,34.67341614
965.8,32.69816819
965.9,31.92154518
966,31.58307618
966.1,33.27872494
966.2,30.98794111
966.3,32.69971107
966.4,34.03462404
966.5,33.05785427
966.6,33.76375938
966.7,34.38515025
966.8,35.9045728
966.9,34.32088874
967,34.48346041
967.1,31.99302714
967.2,32.78221266
967.3,34.2262396
967.4,34.15945301
967.5,31.18852488
967.6,34.00054326
967.7,34.23162596
967.8,33.63609979
967.9,31.33624685
968,36.29302321
968.1,33.76440904
968.2,34.39773731
968.3,35.09557443
968.4,33.51814877
968.5,31.12955005
968.6,32.94712927
968.7,33.96782974
968.8,31.56447656
968.9,32.86271466
969,33.24983117
969.1,33.95527918
969.2,31.19562681
969.3,31.41277281
969.4,32.76910864
969.5,30.40490415
969.6,34.3190689
969.7,35.00115827
969.8,33.02660632
969.9,32.57095548
970,36.17855498
970.1,33.96664764
970.2,35.48716474
970.3,32.40397723
970.4,32.94244807
970.5,29.88295143
970.6,31.73742379
970.7,33.87988763
970.8,33.89267104
970.9,33.32298427
971,29.58438914
971.1,32.38939747
971.2,33.18402822
971.3,33.86759632
971.4,32.99368419
971.5,31.7233812
971.6,32.12567062
971.7,32.25024875
971.8,33.36465438
971.9,36.31119313
972,33.17617437
972.1,31.70798794
972.2,29.50888436
972.3,29.93638776
972.4,32.06368251
972.5,30.09869196
972.6,31.23795183
972.7,33.75311608
972.8,32.13346209
972.9,31.08439736
973,33.15871671
973.1,31.23015506
973.2,31.74717542
973.3,33.02750879
973.4,33.69330157
973.5,34.46350803
973.6,35.25383621
973.7,32.77843233
973.8,29.74374131
973.9,31.66180046
974,31.79111872
974.1,32.86241719
974.2,33.02920712
974.3,32.44263385
974.4,30.84723635
974.5,30.80196725
974.6,35.59389757
974.7,31.40285665
974.8,31.73520298
974.9,31.5534322
975,34.55980392
975.1,32.9439222
975.2,34.63672697
975.3,32.72503758
975.4,32.53357622
975.5,30.60550002
975.6,35.30952111
975.7,35.40591074
975.8,33.94439354
975.9,33.88792975
976,34.29916846
976.1,30.75071859
976.2,32.80265178
976.3,30.6876742
976.4,33.07145519
976.5,32.10415694
976.6,34.65300926
976.7,31.43808996
976.8,34.21691498
976.9,35.67859038
977,32.93044614
977.1,32.2735895
977.2,31.10740647
977.3,32.9842355
977.4,29.7537965
977.5,34.78356089
977.6,30.53860493
977.7,30.56698571
977.8,32.92547455
977.9,32.28823323
978,31.11387517
978.1,31.55032629
978.2,31.5787837
978.3,32.77465784
978.4,29.87664166
978.5,32.8577766
978.6,33.09705342
978.7,31.55034415
978.8,33.08347818
978.9,31.8050707
979,30.09616437
979.1,32.32688547
979.2,31.92775739
979.3,33.65275884
979.4,30.69284672
979.5,31.77489284
979.6,30.66699362
979.7,32.03954368
979.8,31.3291908
979.9,31.94878344
980,34.71441639
980.1,30.55086652
980.2,33.85592069
980.3,34.03190849
980.4,31.71195083
980.5,30.4475846
980.6,33.38771204
980.7,30.94334446
980.8,33.16589222
980.9,30.3840419
981,32.65577725
981.1,33.52492813
981.2,30.16618903
981.3,34.18396058
981.4,33.94317612
981.5,34.6837142
981.6,34.08167769
981.7,32.47067911
981.8,32.99191089
981.9,33.21869448
982,30.88144062
982.1,32.46202907
982.2,31.54088986
982.3,32.45878382
982.4,31.33038966
982.5,31.1205241
982.6,34.04360474
982.7,31.8046335
982.8,33.38225324
982.9,31.80420929
983,35.51968603
983.1,34.13763831
983.2,34.9813964
983.3,33.41104643
983.4,33.62848599
983.5,34.16858791
983.6,31.16547108
983.7,32.57423962
983.8,34.96407866
983.9,32.36926733
984,32.42826718
984.1,33.14807016
984.2,31.41948834
984.3,35.33652307
984.4,32.3512096
984.5,34.5483789
984.6,30.68145866
984.7,32.29912807
984.8,32.15847965
984.9,35.35915511
985,37.37218868
985.1,35.51948461
985.2,31.05814419
985.3,35.16241709
985.4,33.11452401
985.5,32.66712875
985.6,33.45287647
985.7,32.33254843
985.8,34.23804572
985.9,32.51061578
986,31.58682215
986.1,31.46349463
986.2,31.6879844
986.3,35.70766983
986.4,35.23543635
986.5,34.98152646
986.6,36.74717861
986.7,34.41047629
986.8,32.56252282
986.9,35.63448005
987,32.62659045
987.1,32.96368669
987.2,32.4237988
987.3,34.4226995
987.4,32.78148713
987.5,32.45856933
987.6,34.84308366
987.7,34.77177135
987.8,33.12289548
987.9,33.1430849
988,31.1725802
988.1,33.95064287
988.2,35.70018835
988.3,35.32448994
988.4,36.03592494
988.5,34.7383626
988.6,34.13344481
988.7,34.46922205
988.8,34.48701697
988.9,35.29593236
989,33.51814038
989.1,33.32770424
989.2,33.20084741
989.3,34.6615057
989.4,32.37218764
989.5,33.41916575
989.6,34.95255601
989.7,33.26036292
989.8,34.09486738
989.9,33.62713724
990,37.30463223
990.1,34.55132722
990.2,35.29795059
990.3,36.31039315
990.4,32.95599818
990.5,34.11865403
990.6,36.01871483
990.7,32.75896114
990.8,31.71767744
990.9,33.3052001
991,33.68747152
991.1,34.02473149
991.2,33.14265649
991.3,34.66524665
991.4,36.29366157
991.5,34.40673003
991.6,36.64902612
991.7,35.00625709
991.8,34.4294736
991.9,34.30948338
992,36.33721297
992.1,35.2831413
992.2,34.87247329
992.3,33.23285322
992.4,31.82492214
992.5,34.09555217
992.6,31.49940644
992.7,33.79465399
992.8,30.86892927
992.9,34.80291614
993,35.03967783
993.1,32.44409917
993.2,33.32111323
993.3,36.70847254
993.4,36.25610034
993.5,36.6603449
993.6,34.95647429
993.7,35.25954661
993.8,36.84100162
993.9,34.65975582
994,35.09368975
994.1,34.55069124
994.2,33.80711424
994.3,34.67170248
994.4,33.26497659
994.5,34.52575526
994.6,32.98414952
994.7,32.39392338
994.8,35.67723804
994.9,34.96801449
995,35.61253912
995.1,35.06758281
995.2,36.44014775
995.3,36.08298917
995.4,33.8396788
995.5,35.42900362
995.6,33.89335205
995.7,33.77099891
995.8,36.14676586
995.9,35.01155142
996,34.85730874
996.1,37.00382036
996.2,35.67984729
996.3,35.3696838
996.4,33.65982379
996.5,34.78759097
996.6,35.76558057
996.7,35.51164182
996.8,34.58986598
996.9,35.48340091
997,35.48307846
997.1,34.4681936
997.2,34.29753885
997.3,33.45942327
997.4,33.3055517
997.5,33.99636762
997.6,36.78580989
997.7,34.68535645
997.8,35.81635903
997.9,34.85104649
998,33.3983491
998.1,33.69798037
998.2,35.93622197
998.3,34.98321857
998.4,37.87894124
998.5,38.8662498
998.6,35.04618779
998.7,36.888835
998.8,33.89762626
998.9,34.48393774
999,35.36185079
999.1,31.2950702
999.2,31.57638599
999.3,33.12489138
999.4,37.15864648
999.5,36.00661674
999.6,36.55497477
999.7,34.30634368
999.8,36.76067315
999.9,36.05382458
1000,38.13527248
1000.1,40.06206
1000.2,35.53583957
1000.3,39.4118366
1000.4,38.17363334
1000.5,33.10762284
1000.6,33.2208191
1000.7,34.84371454
1000.8,36.42283603
1000.9,31.67356863
1001,35.87087063
1001.1,36.80359233
1001.2,35.09595499
1001.3,36.09591074
1001.4,35.32172935
1001.5,35.0995613
1001.6,37.27552365
1001.7,34.54523955
1001.8,37.46366558
1001.9,37.79124314
1002,34.46917054
1002.1,36.9635989
1002.2,33.52314938
1002.3,32.91675597
1002.4,34.57741458
1002.5,34.61080258
1002.6,35.76430787
1002.7,35.08449347
1002.8,32.36886538
1002.9,36.81951519
1003,35.20715187
1003.1,35.32874757
1003.2,36.84636578
1003.3,36.92837927
1003.4,33.96476565
1003.5,37.22296523
1003.6,34.58475595
1003.7,37.75819553
1003.8,35.01884603
1003.9,36.34519805
1004,34.70616811
1004.1,36.61997831
1004.2,34.42078994
1004.3,36.44578757
1004.4,35.04095724
1004.5,33.83829963
1004.6,36.03964605
1004.7,35.10661706
1004.8,35.18401569
1004.9,35.58932739
1005,37.70191047
1005.1,36.53616125
1005.2,37.61026352
1005.3,36.94454136
1005.4,35.79277501
1005.5,37.24219974
1005.6,36.11058657
1005.7,35.52650589
1005.8,35.57401484
1005.9,37.23954255
1006,33.97594651
1006.1,36.26968994
1006.2,35.14472836
1006.3,37.3941621
1006.4,34.52803423
1006.5,35.36009293
1006.6,37.25936631
1006.7,35.99770429
1006.8,38.12486031
1006.9,37.54291334
1007,35.79750464
1007.1,32.5976782
1007.2,36.24673587
1007.3,33.65805977
1007.4,34.34783836
1007.5,35.16846151
1007.6,34.1962158
1007.7,34.00018709
1007.8,36.5391827
1007.9,36.48732944
1008,36.89097966
1008.1,36.37953918
1008.2,37.10238854
1008.3,37.09060801
1008.4,38.99830631
1008.5,39.71206352
1008.6,38.55759293
1008.7,37.73685946
1008.8,37.58087543
1008.9,37.27272786
1009,34.52508647
1009.1,37.63951721
1009.2,35.0498459
1009.3,38.32348655
1009.4,37.25608469
1009.5,36.90642618
1009.6,39.38152516
1009.7,39.53146447
1009.8,39.01873314
1009.9,38.18301057
1010,40.29796486
1010.1,40.43989544
1010.2,39.48655966
1010.3,39.70061476
1010.4,37.39515567
1010.5,36.23879583
1010.6,37.49229845
1010.7,36.41437459
1010.8,38.09692825
1010.9,40.72012527
1011,40.00594301
1011.1,35.71113034
1011.2,40.04468584
1011.3,38.69882371
1011.4,39.68792206
1011.5,40.18523609
1011.6,39.93258114
1011.7,40.35206628
1011.8,38.92036788
1011.9,41.92033403
1012,37.33539259
1012.1,39.19623836
1012.2,38.35683987
1012.3,38.42026093
1012.4,40.14936868
1012.5,38.3251342
1012.6,39.79086954
1012.7,38.65496142
1012.8,38.84262724
1012.9,37.31988444
1013,39.79276142
1013.1,39.29826733
1013.2,39.32135016
1013.3,39.23215623
1013.4,38.68306779
1013.5,39.91530197
1013.6,38.83411818
1013.7,40.69222162
1013.8,39.69240707
1013.9,40.9518408
1014,38.72162858
1014.1,41.03731634
1014.2,39.37351813
1014.3,39.42953059
1014.4,41.16168162
1014.5,41.82348496
1014.6,39.47203078
1014.7,40.94631646
1014.8,37.49837919
1014.9,40.33476139
1015,39.07148902
1015.1,39.95143114
1015.2,41.15821816
1015.3,41.47794058
1015.4,38.88953586
1015.5,39.59632573
1015.6,38.69995368
1015.7,37.19352661
1015.8,38.14007725
1015.9,39.88579089
1016,38.32176296
1016.1,39.21171365
1016.2,39.10702079
1016.3,39.81748
1016.4,41.38166852
1016.5,39.80849682
1016.6,43.68485782
1016.7,39.99317982
1016.8,39.6191418
1016.9,42.0520042
1017,38.30130873
1017.1,39.68822996
1017.2,38.78135046
1017.3,43.09828616
1017.4,39.4108206
1017.5,40.97742063
1017.6,38.75040126
1017.7,41.02634784
1017.8,41.01310801
1017.9,39.34380785
1018,39.71847997
1018.1,39.35735136
1018.2,40.99898607
1018.3,41.37537494
1018.4,42.86241855
1018.5,40.81662917
1018.6,41.46260142
1018.7,39.41133777
1018.8,39.37527566
1018.9,39.32372115
1019,37.87751067
1019.1,38.76570968
1019.2,40.70765777
1019.3,38.20001569
1019.4,37.85456757
1019.5,39.72109034
1019.6,39.71109337
1019.7,38.95451412
1019.8,39.3943001
1019.9,41.588424
1020,40.82479904
1020.1,40.43135139
1020.2,39.36028483
1020.3,41.12747574
1020.4,38.57123663
1020.5,40.31927165
1020.6,39.46703731
1020.7,38.18547616
1020.8,39.99456904
1020.9,40.33604036
1021,38.22749638
1021.1,39.25087491
1021.2,38.66807024
1021.3,40.67906552
1021.4,38.56130718
1021.5,40.31586176
1021.6,41.96520429
1021.7,41.95598253
1021.8,39.68196511
1021.9,41.5139942
1022,37.93957702
1022.1,39.98591834
1022.2,40.59266798
1022.3,39.75129928
1022.4,39.33665515
1022.5,39.9719629
1022.6,40.63025723
1022.7,39.6805411
1022.8,40.85844593
1022.9,39.92962812
1023,41.0436493
1023.1,38.11047959
1023.2,38.18337309
1023.3,41.01479163
1023.4,41.2114024
1023.5,40.75368059
1023.6,42.95902807
1023.7,39.93407452
1023.8,37.61820482
1023.9,38.6833628
1024,39.87987491
1024.1,40.68892429
1024.2,38.86236817
1024.3,40.04444217
1024.4,38.91500796
1024.5,39.89805846
1024.6,40.60494777
1024.7,40.86937197
1024.8,40.98478051
1024.9,38.30437522
1025,41.87259428
1025.1,42.34063723
1025.2,40.40731308
1025.3,40.47187204
1025.4,41.48011778
1025.5,40.98345082
1025.6,37.34620829
1025.7,37.92473318
1025.8,39.48797584
1025.9,39.83655162
1026,42.36951073
1026.1,40.75182857
1026.2,40.76783028
1026.3,39.76817693
1026.4,41.42369366
1026.5,42.75025326
1026.6,42.29735465
1026.7,40.97033513
1026.8,42.38778299
1026.9,42.21609873
1027,41.56720445
1027.1,41.70913286
1027.2,41.11768434
1027.3,41.1785949
1027.4,40.85841656
1027.5,38.58144463
1027.6,40.45916089
1027.7,41.60987102
1027.8,43.16885372
1027.9,40.16460256
1028,44.03926397
1028.1,43.61408884
1028.2,43.03478549
1028.3,41.23397555
1028.4,42.42668497
1028.5,43.65178116
1028.6,42.39920803
1028.7,39.95750758
1028.8,41.80637331
1028.9,43.36092211
1029,42.67840477
1029.1,41.50250147
1029.2,40.63028017
1029.3,40.89280848
1029.4,39.82576739
1029.5,41.46141714
1029.6,39.4656591
1029.7,42.19031351
1029.8,40.61396308
1029.9,44.06642644
1030,44.63588074
1030.1,43.78875971
1030.2,43.3996474
1030.3,41.10210742
1030.4,41.86593393
1030.5,40.30476831
1030.6,41.19040237
1030.7,42.08943972
1030.8,41.72313375
1030.9,40.59025893
1031,40.43037476
1031.1,41.67092439
1031.2,40.42045193
1031.3,41.6253272
1031.4,42.71971269
1031.5,42.58842479
1031.6,41.73314787
1031.7,42.81638563
1031.8,40.37587257
1031.9,43.5110429
1032,41.62221798
1032.1,41.80406614
1032.2,38.56278995
1032.3,42.57046705
1032.4,41.69427689
1032.5,42.9597001
1032.6,40.45338368
1032.7,42.14706989
1032.8,42.77048277
1032.9,41.49240339
1033,42.27339067
1033.1,41.56623953
1033.2,44.14452301
1033.3,43.53600238
1033.4,42.8352143
1033.5,42.57529796
1033.6,41.35481893
1033.7,42.47143044
1033.8,39.45109114
1033.9,36.89232135
1034,41.14794826
1034.1,39.48847271
1034.2,40.94970188
1034.3,41.64188252
1034.4,42.47240382
1034.5,41.79478381
1034.6,41.88114926
1034.7,43.01036681
1034.8,42.46109267
1034.9,45.09935796
1035,43.20713423
1035.1,42.45519188
1035.2,41.27628032
1035.3,39.97936333
1035.4,41.70293045
1035.5,40.46531752
1035.6,39.12047114
1035.7,43.0583315
1035.8,43.69351992
1035.9,39.06582563
1036,39.36898824
1036.1,41.90272915
1036.2,41.74626298
1036.3,41.42421529
1036.4,40.81676547
1036.5,43.57461741
1036.6,42.00178027
1036.7,41.23525473
1036.8,44.30274873
1036.9,40.14707961
1037,38.12596358
1037.1,41.13493564
1037.2,38.86207337
1037.3,40.31768909
1037.4,40.0044146
1037.5,42.13407678
1037.6,39.26435282
1037.7,41.54660927
1037.8,41.28506914
1037.9,40.07338146
1038,40.90632182
1038.1,41.57624605
1038.2,41.28468766
1038.3,43.13029763
1038.4,43.94956329
1038.5,43.64242367
1038.6,39.22246199
1038.7,42.28386212
1038.8,41.82460455
1038.9,41.86950602
1039,42.67624064
1039.1,41.20049118
1039.2,39.34235489
1039.3,42.12682225
1039.4,40.66401077
1039.5,39.86796015
1039.6,40.34987757
1039.7,41.40541273
1039.8,43.65844214
1039.9,41.67374102
1040,41.05737574
1040.1,44.50257803
1040.2,40.26052288
1040.3,40.95009124
1040.4,41.9526411
1040.5,41.19242781
1040.6,42.09685015
1040.7,39.74361408
1040.8,40.69483256
1040.9,39.64437068
1041,42.49562711
1041.1,41.47448649
1041.2,38.54963994
1041.3,42.83642669
1041.4,41.66389147
1041.5,41.79309728
1041.6,44.51132406
1041.7,42.06511516
1041.8,40.58309762
1041.9,42.2283035
1042,41.44898043
1042.1,40.71800284
1042.2,41.70073125
1042.3,43.47922013
1042.4,42.07755492
1042.5,38.39769745
1042.6,38.89929195
1042.7,40.42042277
1042.8,44.61247178
1042.9,41.61602644
1043,41.48949174
1043.1,44.39053732
1043.2,42.28073717
1043.3,45.09308568
1043.4,42.92950448
1043.5,44.46060677
1043.6,40.00941963
1043.7,42.14029563
1043.8,41.44276568
1043.9,41.0074461
1044,42.93125216
1044.1,40.50186475
1044.2,43.88736912
1044.3,43.73880607
1044.4,38.99532155
1044.5,41.62908108
1044.6,39.99613614
1044.7,40.76638425
1044.8,46.59826026
1044.9,42.95313778
1045,41.03620633
1045.1,44.21798568
1045.2,43.13509437
1045.3,39.09915292
1045.4,40.22430762
1045.5,41.14291489
1045.6,41.41657928
1045.7,41.31413538
1045.8,40.06556158
1045.9,39.36160029
1046,41.07137396
1046.1,41.44709533
1046.2,42.1985495
1046.3,42.35010693
1046.4,41.05193276
1046.5,41.18753166
1046.6,43.8014149
1046.7,40.59718463
1046.8,43.22159297
1046.9,43.17651062
1047,39.09139187
1047.1,42.03418404
1047.2,40.49422514
1047.3,39.20653944
1047.4,39.00409988
1047.5,40.95576828
1047.6,38.56191013
1047.7,40.08837166
1047.8,39.85158109
1047.9,41.92407377
1048,41.8572727
1048.1,41.4154004
1048.2,41.80979414
1048.3,41.75440544
1048.4,41.7627834
1048.5,42.06781772
1048.6,41.17500478
1048.7,43.55379582
1048.8,39.95024415
1048.9,40.88408837
1049,41.73880615
1049.1,40.29639202
1049.2,38.79726341
1049.3,41.17943293
1049.4,41.94265039
1049.5,39.30268561
1049.6,39.30754696
1049.7,41.65989341
1049.8,41.96591928
1049.9,42.34256526
1050,40.45773606
1050.1,42.69012566
1050.2,40.67238831
1050.3,40.41423002
1050.4,40.22539999
1050.5,41.09100121
1050.6,42.1471593
1050.7,40.70435733
1050.8,41.57367249
1050.9,40.1107645
1051,42.38857538
1051.1,41.21590896
1051.2,40.79399193
1051.3,42.57195052
1051.4,40.78935058
1051.5,45.12354319
1051.6,45.59096434
1051.7,43.49916636
1051.8,41.41100037
1051.9,41.85461518
1052,42.27680643
1052.1,39.14458829
1052.2,39.85271665
1052.3,39.12013482
1052.4,42.52061628
1052.5,41.6285293
1052.6,42.73050347
1052.7,41.95236114
1052.8,38.87026841
1052.9,40.17133837
1053,41.91863967
1053.1,41.70595501
1053.2,43.2172429
1053.3,41.93075888
1053.4,42.3119314
1053.5,41.14061513
1053.6,41.28467006
1053.7,40.54712015
1053.8,40.34694547
1053.9,39.89407451
1054,39.24645366
1054.1,39.3415356
1054.2,40.13864293
1054.3,40.77635583
1054.4,41.55534864
1054.5,42.5799766
1054.6,40.2430991
1054.7,41.99125831
1054.8,41.87345381
1054.9,43.03260279
1055,45.03093079
1055.1,41.54123118
1055.2,40.32114975
1055.3,38.92085426
1055.4,41.83443792
1055.5,42.34185713
1055.6,40.41186727
1055.7,41.75596981
1055.8,42.88020949
1055.9,40.5710829
1056,43.07632816
1056.1,39.18494839
1056.2,39.58957702
1056.3,39.82277014
1056.4,41.6208747
1056.5,42.52282898
1056.6,41.24398207
1056.7,43.34210728
1056.8,43.80064428
1056.9,39.75606129
1057,39.97317778
1057.1,41.22394752
1057.2,41.43411087
1057.3,40.43645535
1057.4,40.56324117
1057.5,40.58569906
1057.6,42.48292914
1057.7,40.37155239
1057.8,38.6897833
1057.9,43.78483104
1058,41.29292656
1058.1,40.59717147
1058.2,42.63700169
1058.3,41.92069164
1058.4,43.80144747
1058.5,42.42067145
1058.6,42.49522099
1058.7,40.60798461
1058.8,39.77549212
1058.9,42.63859881
1059,41.07554872
1059.1,40.67392195
1059.2,40.33733602
1059.3,41.08443248
1059.4,40.50298709
1059.5,40.96188552
1059.6,42.39467158
1059.7,41.78677313
1059.8,42.26664476
1059.9,42.40722058
1060,43.27814402
1060.1,42.50923556
1060.2,44.04425656
1060.3,42.71558473
1060.4,40.24470411
1060.5,37.63648281
1060.6,40.55614516
1060.7,41.54663679
1060.8,39.38410608
1060.9,40.42125659
1061,40.16318719
1061.1,41.69539496
1061.2,39.75527406
1061.3,40.30988131
1061.4,40.02368295
1061.5,41.1262323
1061.6,44.9128225
1061.7,43.01899547
1061.8,41.17970248
1061.9,38.28767139
1062,40.55098181
1062.1,42.02759788
1062.2,38.76154612
1062.3,38.89722042
1062.4,40.36916775
1062.5,40.07329057
1062.6,40.611714
1062.7,39.18850555
1062.8,42.36623932
1062.9,40.52600659
1063,40.75273998
1063.1,42.6368962
1063.2,39.79159974
1063.3,43.50095613
1063.4,42.69098663
1063.5,42.42666084
1063.6,41.19254387
1063.7,40.48165366
1063.8,39.89860548
1063.9,42.47729762
1064,39.78369535
1064.1,40.00566645
1064.2,40.10956739
1064.3,39.82911582
1064.4,39.32430854
1064.5,39.54598757
1064.6,39.16364594
1064.7,39.04473112
1064.8,40.92367701
1064.9,38.77241621
1065,41.59840159
1065.1,38.50576961
1065.2,39.67481273
1065.3,41.85917806
1065.4,42.17450501
1065.5,39.6833594
1065.6,38.40977029
1065.7,38.76846067
1065.8,37.23772074
1065.9,40.26440901
1066,39.80090265
1066.1,39.39056223
1066.2,38.47404881
1066.3,40.83587688
1066.4,38.75261908
1066.5,39.65866893
1066.6,43.58259432
1066.7,39.28444415
1066.8,40.1499701
1066.9,37.7335176
1067,39.82710668
1067.1,39.07936352
1067.2,40.75256009
1067.3,40.64739631
1067.4,41.42304496
1067.5,40.72740842
1067.6,39.10210586
1067.7,39.1598004
1067.8,38.53167623
1067.9,39.68811529
1068,40.25330907
1068.1,40.99567854
1068.2,40.59754246
1068.3,41.53256972
1068.4,43.44179993
1068.5,39.58446409
1068.6,37.63927028
1068.7,40.72593355
1068.8,38.13169268
1068.9,37.07910084
1069,40.67265759
1069.1,36.06360214
1069.2,37.06964339
1069.3,38.49778928
1069.4,39.45783384
1069.5,39.44278181
1069.6,38.78347478
1069.7,39.79432854
1069.8,37.45516225
1069.9,39.19082982
1070,41.81330796
1070.1,40.24633506
1070.2,39.90387092
1070.3,37.56821964
1070.4,38.26630362
1070.5,38.37045797
1070.6,39.39331709
1070.7,36.15028815
1070.8,39.00183627
1070.9,39.46202924
1071,36.56360646
1071.1,38.5832866
1071.2,39.10054089
1071.3,38.04363994
1071.4,38.13541338
1071.5,41.24075971
1071.6,41.34604838
1071.7,42.07429889
1071.8,40.08362898
1071.9,39.52265066
1072,41.83059911
1072.1,37.31208806
1072.2,38.16138588
1072.3,37.98301244
1072.4,36.64996341
1072.5,38.86346765
1072.6,37.67947911
1072.7,38.99244688
1072.8,40.55522368
1072.9,39.37077593
1073,38.04275111
1073.1,39.56979558
1073.2,38.86511603
1073.3,39.78408871
1073.4,39.17819448
1073.5,38.29483313
1073.6,36.52075601
1073.7,38.57729354
1073.8,38.96305672
1073.9,35.84415262
1074,35.94640881
1074.1,38.03329562
1074.2,38.84199927
1074.3,36.9186645
1074.4,39.74548044
1074.5,34.77136137
1074.6,38.36591631
1074.7,38.12155023
1074.8,36.27310883
1074.9,38.7264223
1075,39.73013357
1075.1,38.46857903
1075.2,40.03003145
1075.3,37.86000461
1075.4,38.02800546
1075.5,37.64875333
1075.6,36.49357045
1075.7,35.49896035
1075.8,36.19296778
1075.9,36.67271663
1076,36.8689603
1076.1,36.89063083
1076.2,34.62197486
1076.3,39.2226155
1076.4,39.22519562
1076.5,38.22477247
1076.6,37.77317678
1076.7,39.22450554
1076.8,39.25225174
1076.9,37.11620501
1077,37.14362006
1077.1,36.28172386
1077.2,38.22547734
1077.3,36.87207114
1077.4,34.46775317
1077.5,37.50304358
1077.6,37.26718341
1077.7,39.19362979
1077.8,38.57288459
1077.9,40.13635085
1078,39.18128008
1078.1,38.34876641
1078.2,39.72513645
1078.3,38.59934794
1078.4,38.88456305
1078.5,38.41307792
1078.6,39.57776134
1078.7,39.11031875
1078.8,38.43370263
1078.9,37.68437126
1079,36.8609831
1079.1,38.601556
1079.2,39.26082701
1079.3,37.97953688
1079.4,38.40292424
1079.5,35.48122361
1079.6,39.354544
1079.7,37.5392098
1079.8,39.77865513
1079.9,39.53647335
1080,38.32464214
1080.1,38.04707135
1080.2,40.27368801
1080.3,36.72972393
1080.4,38.71082201
1080.5,38.5589117
1080.6,41.64503405
1080.7,38.73896948
1080.8,39.01078364
1080.9,38.90135424
1081,38.5337416
1081.1,39.34178338
1081.2,37.31892424
1081.3,40.18065669
1081.4,38.63133871
1081.5,40.72403494
1081.6,38.03479826
1081.7,38.16425594
1081.8,38.83228849
1081.9,37.93414348
1082,36.48113379
1082.1,37.36313503
1082.2,36.53499805
1082.3,37.27500776
1082.4,38.81822059
1082.5,35.39566084
1082.6,38.0607113
1082.7,38.31447126
1082.8,34.82976983
1082.9,38.9488754
1083,36.76528612
1083.1,39.20792575
1083.2,40.58711711
1083.3,39.43133753
1083.4,38.79807337
1083.5,38.63298423
1083.6,38.09485282
1083.7,39.45761339
1083.8,37.83367685
1083.9,38.48783868
1084,38.98387976
1084.1,40.4289975
1084.2,36.66300063
1084.3,39.08723178
1084.4,39.47246934
1084.5,38.73390532
1084.6,41.16697692
1084.7,37.63488382
1084.8,42.27235353
1084.9,39.65434969
1085,40.91897273
1085.1,41.52019962
1085.2,40.09409138
1085.3,39.64987896
1085.4,38.18792974
1085.5,36.87630301
1085.6,37.40923042
1085.7,39.76140107
1085.8,39.21018375
1085.9,37.93897992
1086,40.42551939
1086.1,38.7635794
1086.2,41.16421881
1086.3,38.84338406
1086.4,40.51924311
1086.5,40.0449661
1086.6,39.74067229
1086.7,42.40774794
1086.8,38.71022761
1086.9,39.16886367
1087,39.05773448
1087.1,40.80391946
1087.2,39.49568636
1087.3,36.7898384
1087.4,36.83812984
1087.5,37.09958151
1087.6,36.94454135
1087.7,39.73732569
1087.8,38.76784795
1087.9,39.39849323
1088,38.36003656
1088.1,38.19561768
1088.2,38.95316382
1088.3,40.57604445
1088.4,40.22837984
1088.5,41.10073539
1088.6,39.95091281
1088.7,41.31991135
1088.8,40.41269373
1088.9,39.12278143
1089,37.2691066
1089.1,37.32612117
1089.2,39.29843506
1089.3,38.35324626
1089.4,38.707102
1089.5,38.52753578
1089.6,40.64733116
1089.7,40.58530257
1089.8,39.77895703
1089.9,41.94855113
1090,41.99617129
1090.1,41.10484308
1090.2,41.18141463
1090.3,39.97267876
1090.4,40.57835249
1090.5,41.47188614
1090.6,40.43891405
1090.7,39.37749415
1090.8,39.35826845
1090.9,39.62284209
1091,39.70249205
1091.1,39.7416369
1091.2,40.05783611
1091.3,41.47972998
1091.4,42.51665366
1091.5,38.95582012
1091.6,39.7167273
1091.7,40.74060198
1091.8,37.93720522
1091.9,43.54495897
1092,40.24441405
1092.1,41.34688554
1092.2,39.57386311
1092.3,41.1779142
1092.4,40.30249969
1092.5,42.23110445
1092.6,39.4935001
1092.7,39.88824005
1092.8,40.4528038
1092.9,40.51835304
1093,39.65544493
1093.1,39.19065315
1093.2,40.2526396
1093.3,40.34258213
1093.4,41.50141797
1093.5,40.05370387
1093.6,42.6671918
1093.7,40.89987909
1093.8,39.68347087
1093.9,43.77420768
1094,41.96895648
1094.1,39.30900375
1094.2,42.03680691
1094.3,41.95436596
1094.4,40.47663316
1094.5,40.2909636
1094.6,40.57285729
1094.7,40.49188553
1094.8,43.98230349
1094.9,41.48076964
1095,41.32127322
1095.1,42.23088988
1095.2,41.44551598
1095.3,38.72596492
1095.4,41.82748595
1095.5,38.45034727
1095.6,39.92011434
1095.7,39.37189798
1095.8,39.81296518
1095.9,44.42617419
1096,42.75785735
1096.1,41.81479621
1096.2,43.95679823
1096.3,42.74656445
1096.4,44.97214102
1096.5,43.43760722
1096.6,41.76116602
1096.7,41.22273782
1096.8,42.31272267
1096.9,39.47313826
1097,40.46688243
1097.1,39.21269471
1097.2,40.63516686
1097.3,41.35774465
1097.4,41.0125578
1097.5,38.18259856
1097.6,40.46735072
1097.7,38.09926083
1097.8,41.06640894
1097.9,39.22660322
1098,42.53312929
1098.1,39.21372297
1098.2,40.95001853
1098.3,42.2115433
1098.4,45.00355134
1098.5,40.40790558
1098.6,41.47992247
1098.7,39.87503476
1098.8,39.42781952
1098.9,41.32352974
1099,41.85993037
1099.1,41.6403598
1099.2,41.86331961
1099.3,39.81495992
1099.4,42.55441403
1099.5,42.08431611
1099.6,43.0150621
1099.7,39.8869355
1099.8,41.50073058
1099.9,41.59415137
1100,40.25517846
1100.1,40.52719744
1100.2,41.83646735
1100.3,42.75537079
1100.4,44.40689732
1100.5,44.09865123
1100.6,46.22775575
1100.7,44.84189275
1100.8,42.50758598
1100.9,39.96785176
1101,42.1174817
1101.1,44.35467441
1101.2,42.38708005
1101.3,45.64787402
1101.4,45.38192295
1101.5,47.93893695
1101.6,47.97165905
1101.7,43.28301466
1101.8,44.63504738
1101.9,41.83410425
1102,47.5981447
1102.1,45.55824712
1102.2,43.86311057
1102.3,45.40556259
1102.4,46.94923627
1102.5,42.92452195
1102.6,42.70875886
1102.7,45.30486642
1102.8,46.36778062
1102.9,43.45451756
1103,44.18676391
1103.1,45.78088384
1103.2,46.4851374
1103.3,41.3974313
1103.4,44.95499168
1103.5,46.58274197
1103.6,43.46677271
1103.7,43.9605538
1103.8,44.84962831
1103.9,43.5395809
1104,42.50608645
1104.1,43.35008057
1104.2,45.99905431
1104.3,44.69749888
1104.4,42.3780295
1104.5,40.4924438
1104.6,39.83909361
1104.7,40.814121
1104.8,41.80515602
1104.9,42.05642338
1105,38.83990072
1105.1,42.60261507
1105.2,46.34291493
1105.3,44.32274244
1105.4,47.06551315
1105.5,44.40108746
1105.6,43.45193766
1105.7,46.12805836
1105.8,47.55973468
1105.9,42.06215955
1106,42.3826296
1106.1,44.8627829
1106.2,45.39186615
1106.3,42.66565716
1106.4,45.22287282
1106.5,44.11876742
1106.6,41.64072863
1106.7,40.96323593
1106.8,42.66407988
1106.9,43.65564698
1107,44.48094967
1107.1,44.18914815
1107.2,44.58507119
1107.3,41.03868319
1107.4,43.90679128
1107.5,42.62566943
1107.6,39.95272355
1107.7,39.40988358
1107.8,40.19476218
1107.9,38.34497276
1108,39.53494624
1108.1,40.39246316
1108.2,40.44815037
1108.3,41.33036288
1108.4,39.92535693
1108.5,39.64727797
1108.6,41.56023903
1108.7,38.04898194
1108.8,37.57830189
1108.9,38.01326858
1109,38.4420815
1109.1,40.62767884
1109.2,39.49849531
1109.3,38.93050987
1109.4,38.68672381
1109.5,39.77485535
1109.6,39.53471821
1109.7,38.87980818
1109.8,40.45494825
1109.9,40.19635552
1110,42.23803168
1110.1,41.50487465
1110.2,39.56939128
1110.3,41.30856859
1110.4,39.54038913
1110.5,39.14145166
1110.6,41.49282971
1110.7,37.07959286
1110.8,37.898685
1110.9,35.5972809
1111,39.5455729
1111.1,37.61698606
1111.2,39.36386393
1111.3,40.0480057
1111.4,40.95996659
1111.5,41.09388409
1111.6,41.40797251
1111.7,40.15712525
1111.8,41.66536028
1111.9,40.25188843
1112,37.72319516
1112.1,42.30481842
1112.2,40.47981223
1112.3,39.3322642
1112.4,39.87434038
1112.5,36.17295179
1112.6,38.53314673
1112.7,39.94246651
1112.8,40.59258661
1112.9,39.14050846
1113,39.90372619
1113.1,39.48473823
1113.2,40.06049485
1113.3,39.31673597
1113.4,41.54469563
1113.5,38.82928886
1113.6,39.00196306
1113.7,39.39304406
1113.8,38.44907433
1113.9,36.4224226
1114,40.23082127
1114.1,39.76568045
1114.2,39.25377419
1114.3,39.84687862
1114.4,38.89571162
1114.5,38.48450555
1114.6,36.36380942
1114.7,39.80719255
1114.8,42.17894791
1114.9,39.97969663
1115,40.10812053
1115.1,39.14966219
1115.2,38.47142537
1115.3,38.49652197
1115.4,41.0055567
1115.5,40.44517844
1115.6,39.39734795
1115.7,40.79061324
1115.8,37.21411925
1115.9,36.99617948
1116,38.00853078
1116.1,38.05947899
1116.2,37.1150953
1116.3,40.71584566
1116.4,39.20625704
1116.5,41.51674456
1116.6,38.65801905
1116.7,38.45172856
1116.8,37.50460235
1116.9,37.29738667
1117,39.88863353
1117.1,39.25862793
1117.2,35.71129257
1117.3,37.26223801
1117.4,37.425413
1117.5,36.11543913
1117.6,38.31543201
1117.7,36.93868082
1117.8,38.45530922
1117.9,40.32025566
1118,37.20513489
1118.1,38.74554967
1118.2,39.32824934
1118.3,39.02277675
1118.4,36.87198685
1118.5,38.04914268
1118.6,39.05771844
1118.7,37.88501817
1118.8,37.41474716
1118.9,39.36457622
1119,37.79223451
1119.1,38.52037537
1119.2,33.13972502
1119.3,37.85099644
1119.4,33.68950023
1119.5,36.7904143
1119.6,36.98553275
1119.7,39.64809597
1119.8,36.21683764
1119.9,40.01050089
1120,39.27247993
1120.1,34.70933185
1120.2,37.0027559
1120.3,37.39024604
1120.4,35.47756403
1120.5,37.54743222
1120.6,36.93021172
1120.7,36.79031633
1120.8,38.55391515
1120.9,36.94403204
1121,37.90423013
1121.1,35.22351142
1121.2,36.9346029
1121.3,38.10387803
1121.4,36.85213506
1121.5,35.91136235
1121.6,37.27574985
1121.7,34.43997577
1121.8,37.63639956
1121.9,37.40932968
1122,36.09005901
1122.1,34.15467019
1122.2,34.17166977
1122.3,34.99283756
1122.4,34.88833929
1122.5,35.53308912
1122.6,36.36247323
1122.7,33.55980136
1122.8,37.04952822
1122.9,34.95949129
1123,35.09950966
1123.1,38.74443378
1123.2,37.39952718
1123.3,37.89967806
1123.4,36.76067019
1123.5,34.23625338
1123.6,36.76905918
1123.7,36.4856577
1123.8,34.67795337
1123.9,35.62411842
1124,34.6449574
1124.1,34.79120903
1124.2,35.96106067
1124.3,35.0567559
1124.4,35.00381007
1124.5,36.82990164
1124.6,37.56006902
1124.7,37.10155573
1124.8,37.68401261
1124.9,35.43700178
1125,37.31112912
1125.1,36.20817373
1125.2,36.33114349
1125.3,34.86882158
1125.4,35.80504362
1125.5,36.31586142
1125.6,32.49769655
1125.7,33.33252964
1125.8,35.25224083
1125.9,32.39127238
1126,34.75598716
1126.1,32.61111378
1126.2,34.53269222
1126.3,35.92375775
1126.4,35.21134888
1126.5,37.52911239
1126.6,37.57390886
1126.7,36.88793147
1126.8,33.94363016
1126.9,34.45603832
1127,34.6553869
1127.1,33.99868488
1127.2,34.91643278
1127.3,36.64257677
1127.4,33.98553221
1127.5,33.32844872
1127.6,35.84834361
1127.7,33.8070397
1127.8,37.12423536
1127.9,33.42891906
1128,33.6672269
1128.1,36.1772512
1128.2,36.74422569
1128.3,34.60821637
1128.4,34.33738015
1128.5,34.88142899
1128.6,35.71487513
1128.7,33.79257658
1128.8,34.36911883
1128.9,33.29780733
1129,31.02121096
1129.1,33.82116412
1129.2,34.04059216
1129.3,34.81211195
1129.4,33.63244091
1129.5,32.11158698
1129.6,34.76986374
1129.7,31.86712185
1129.8,36.00301248
1129.9,36.67432209
1130,36.97618122
1130.1,36.00643768
1130.2,35.13757326
1130.3,36.24156393
1130.4,33.66938591
1130.5,36.38937448
1130.6,36.70165469
1130.7,35.15323699
1130.8,36.45255201
1130.9,37.16935402
1131,36.87978005
1131.1,35.57748806
1131.2,35.00112449
1131.3,36.9459416
1131.4,35.82136782
1131.5,35.74644363
1131.6,35.51863972
1131.7,35.64513237
1131.8,34.11476972
1131.9,35.41699678
1132,36.16928274
1132.1,34.06695803
1132.2,36.18129823
1132.3,34.27290877
1132.4,34.86784146
1132.5,36.49288266
1132.6,34.05506567
1132.7,35.70407745
1132.8,35.64822057
1132.9,35.92140641
1133,35.73064783
1133.1,36.8494982
1133.2,38.57050414
1133.3,36.66941543
1133.4,35.98204417
1133.5,38.50300754
1133.6,35.43827011
1133.7,34.11952045
1133.8,33.40496539
1133.9,34.6831819
1134,34.27050599
1134.1,34.0115108
1134.2,34.72547487
1134.3,32.9849305
1134.4,35.55478541
1134.5,34.17917342
1134.6,36.5624964
1134.7,37.80128469
1134.8,37.7055812
1134.9,34.91759836
1135,37.03910583
1135.1,36.65712023
1135.2,35.74687591
1135.3,33.33167773
1135.4,34.37535842
1135.5,36.12831411
1135.6,34.86566333
1135.7,31.94100581
1135.8,36.49165278
1135.9,36.69987018
1136,35.28575946
1136.1,35.35865034
1136.2,34.85444019
1136.3,32.79261145
1136.4,33.99529973
1136.5,35.77655936
1136.6,36.9707589
1136.7,34.26587555
1136.8,32.77798453
1136.9,36.22167839
1137,33.61323633
1137.1,34.21299007
1137.2,32.87145486
1137.3,32.71396099
1137.4,32.78021987
1137.5,34.81683709
1137.6,34.23821899
1137.7,34.55642652
1137.8,34.89484971
1137.9,34.03906256
1138,35.84552047
1138.1,34.80610167
1138.2,34.7299634
1138.3,36.95382191
1138.4,36.44727384
1138.5,34.51901303
1138.6,35.28945952
1138.7,35.34423421
1138.8,32.1728919
1138.9,35.53838007
1139,34.15995312
1139.1,34.2725566
1139.2,36.01098611
1139.3,31.69810936
1139.4,34.06940263
1139.5,34.70835824
1139.6,36.41461958
1139.7,34.51271665
1139.8,34.42570069
1139.9,33.74539642
1140,35.66070383
1140.1,34.0228132
1140.2,34.39497797
1140.3,33.2955602
1140.4,30.28163608
1140.5,33.55151501
1140.6,33.44840993
1140.7,35.00658252
1140.8,31.84975344
1140.9,32.83153694
1141,33.3885905
1141.1,34.25544422
1141.2,32.49001225
1141.3,36.63088126
1141.4,35.62389139
1141.5,34.71335802
1141.6,35.63629055
1141.7,34.85468271
1141.8,32.88033166
1141.9,32.93015284
1142,33.0700137
1142.1,32.17337602
1142.2,33.91948464
1142.3,34.13696469
1142.4,33.60432642
1142.5,32.91119185
1142.6,34.65996041
1142.7,35.02973476
1142.8,32.3185935
1142.9,34.31162253
1143,32.87974583
1143.1,36.22472705
1143.2,35.91759293
1143.3,34.61580805
1143.4,34.79206589
1143.5,32.21565846
1143.6,33.99733702
1143.7,36.15491159
1143.8,33.25987335
1143.9,33.04725217
1144,33.20223817
1144.1,32.42473765
1144.2,32.50689576
1144.3,32.83868964
1144.4,34.55393125
1144.5,30.53003769
1144.6,33.93419016
1144.7,33.78854187
1144.8,32.56121513
1144.9,34.57269038
1145,33.32364347
1145.1,33.73164363
1145.2,33.68899451
1145.3,32.98295604
1145.4,32.07600009
1145.5,33.34911849
1145.6,33.94540276
1145.7,30.48435259
1145.8,31.86227977
1145.9,32.45599817
1146,34.21035218
1146.1,31.49512715
1146.2,34.02300693
1146.3,33.39211673
1146.4,32.64508225
1146.5,33.10398511
1146.6,32.64971674
1146.7,32.63094134
1146.8,36.14096596
1146.9,34.61213874
1147,32.04394092
1147.1,32.7926651
1147.2,32.20826102
1147.3,32.1729746
1147.4,33.7128832
1147.5,31.6409168
1147.6,34.67744669
1147.7,33.70685875
1147.8,32.25653108
1147.9,31.32807379
1148,35.64026242
1148.1,30.85009843
1148.2,34.75088684
1148.3,31.10832675
1148.4,32.16325273
1148.5,34.49226178
1148.6,32.33196557
1148.7,31.73500427
1148.8,32.76175959
1148.9,32.65105141
1149,35.54795872
1149.1,32.66734107
1149.2,33.81662506
1149.3,32.77595748
1149.4,32.60071881
1149.5,33.05247419
1149.6,35.06848966
1149.7,32.47166333
1149.8,35.98526318
1149.9,35.24282433
1150,33.00914363
1150.1,30.72876194
1150.2,30.7131388
1150.3,31.5810216
1150.4,33.93307309
1150.5,32.06848648
1150.6,34.79821727
1150.7,33.63235665
1150.8,32.52807055
1150.9,32.78513615
1151,30.58520436
1151.1,30.97005529
1151.2,31.5762939
1151.3,34.61940209
1151.4,32.62410982
1151.5,36.86204615
1151.6,33.93270502
1151.7,35.02017364
1151.8,32.18096224
1151.9,34.14090885
1152,33.97891878
1152.1,31.9320052
1152.2,28.8843452
1152.3,32.67369476
1152.4,32.40566906
1152.5,34.06814359
1152.6,34.86655432
1152.7,33.41039807
1152.8,32.59716367
1152.9,32.92103975
1153,33.69533776
1153.1,33.76963844
1153.2,33.65428788
1153.3,33.11053276
1153.4,32.12686583
1153.5,33.53524658
1153.6,33.93878751
1153.7,31.15998027
1153.8,31.95166057
1153.9,29.57503825
1154,33.43434992
1154.1,30.6504269
1154.2,32.37759977
1154.3,33.0543655
1154.4,30.16783255
1154.5,32.4091009
1154.6,30.84544052
1154.7,31.75037115
1154.8,30.33651934
1154.9,32.25684405
1155,34.3125584
1155.1,29.90574798
1155.2,34.41763588
1155.3,31.34375901
1155.4,31.23514741
1155.5,28.24668269
1155.6,29.8849756
1155.7,33.17575283
1155.8,29.49434397
1155.9,31.2917303
1156,29.32345006
1156.1,30.6942105
1156.2,32.13208692
1156.3,31.73775279
1156.4,34.08345215
1156.5,31.09847058
1156.6,33.00350777
1156.7,32.87499
1156.8,31.15213329
1156.9,33.64038965
1157,30.72996818
1157.1,30.87659831
1157.2,32.08797392
1157.3,32.27709933
1157.4,30.93469773
1157.5,30.44766671
1157.6,31.26025157
1157.7,33.46305786
1157.8,28.53298742
1157.9,32.99051489
1158,31.85275014
1158.1,34.53220578
1158.2,31.35486242
1158.3,32.73167814
1158.4,32.72384129
1158.5,32.12326933
1158.6,31.85221338
1158.7,32.05407269
1158.8,30.5892156
1158.9,32.47535399
1159,30.21216626
1159.1,30.8447539
1159.2,30.84775255
1159.3,30.68565258
1159.4,31.14876345
1159.5,33.11615254
1159.6,30.02057146
1159.7,32.1291232
1159.8,30.47269271
1159.9,32.94978047
1160,31.18671356
1160.1,30.4447396
1160.2,31.17931355
1160.3,29.25126978
1160.4,31.32280513
1160.5,28.92039794
1160.6,32.32888351
1160.7,32.05619164
1160.8,31.91545825
1160.9,27.08464745
1161,30.77221255
1161.1,28.47403081
1161.2,29.21984241
1161.3,33.1293186
1161.4,30.13575005
1161.5,32.44650825
1161.6,32.15941614
1161.7,30.37491342
1161.8,31.5428898
1161.9,34.17939102
1162,31.33596462
1162.1,31.04034603
1162.2,27.69250901
1162.3,29.43371915
1162.4,30.62653019
1162.5,32.71225523
1162.6,29.88501139
1162.7,31.39430713
1162.8,32.24276517
1162.9,29.8070593
1163,31.20515683
1163.1,28.72009179
1163.2,31.81938477
1163.3,30.44900225
1163.4,32.48265863
1163.5,30.05201826
1163.6,29.95973611
1163.7,30.51843475
1163.8,32.19384385
1163.9,32.4591195
1164,30.89989347
1164.1,27.27864714
1164.2,31.27614006
1164.3,31.09877129
1164.4,30.73285413
1164.5,30.09635414
1164.6,31.9791182
1164.7,29.31361709
1164.8,31.93625072
1164.9,31.88718144
1165,31.84322982
1165.1,28.09860784
1165.2,30.88404148
1165.3,31.01351256
1165.4,32.48885532
1165.5,29.73689571
1165.6,29.75155284
1165.7,29.56654293
1165.8,29.15248105
1165.9,29.51323066
1166,30.38886443
1166.1,30.39200175
1166.2,31.31742157
1166.3,30.29684452
1166.4,30.11040564
1166.5,31.6588005
1166.6,31.52277648
1166.7,30.167219
1166.8,29.33490893
1166.9,29.82442212
1167,31.22606021
1167.1,28.46742679
1167.2,31.00991113
1167.3,30.60987601
1167.4,29.0302434
1167.5,27.85293934
1167.6,28.51171137
1167.7,29.54831503
1167.8,30.0224222
1167.9,30.71733632
1168,29.14662172
1168.1,30.61306441
1168.2,30.43212422
1168.3,29.94632683
1168.4,28.16407795
1168.5,29.5757209
1168.6,30.15635034
1168.7,26.89727206
1168.8,31.06441629
1168.9,29.84006271
1169,31.95938438
1169.1,27.86899258
1169.2,29.80210681
1169.3,30.24922159
1169.4,29.24198527
1169.5,27.42951057
1169.6,30.71320523
1169.7,31.04427353
1169.8,30.81266799
1169.9,30.93347751
1170,30.75041891
1170.1,31.05058452
1170.2,29.92885796
1170.3,30.9220901
1170.4,27.88512722
1170.5,27.71504437
1170.6,31.73466141
1170.7,28.17145938
1170.8,27.36865499
1170.9,29.80746462
1171,30.78820616
1171.1,28.68516236
1171.2,31.52946206
1171.3,26.84730785
1171.4,26.87129833
1171.5,30.0993455
1171.6,29.99061879
1171.7,28.61528125
1171.8,28.68952866
1171.9,29.27192838
1172,29.78286845
1172.1,29.00014963
1172.2,30.46869257
1172.3,27.70452253
1172.4,29.87524871
1172.5,28.97313025
1172.6,28.11609391
1172.7,29.30152011
1172.8,29.94811654
1172.9,26.37294371
1173,31.83685911
1173.1,29.52384971
1173.2,32.17169085
1173.3,28.50254686
1173.4,28.82556786
1173.5,29.23951602
1173.6,29.51218113
1173.7,32.24440065
1173.8,28.93668062
1173.9,25.38547653
1174,29.2912533
1174.1,29.11701914
1174.2,29.2995731
1174.3,29.02333565
1174.4,30.06997707
1174.5,28.00606359
1174.6,31.0755544
1174.7,31.43054265
1174.8,30.69604747
1174.9,29.86065794
1175,29.26753097
1175.1,26.80959322
1175.2,27.56616597
1175.3,29.34040003
1175.4,28.42150998
1175.5,28.49915759
1175.6,28.51546654
1175.7,30.53674517
1175.8,28.03475095
1175.9,27.93747864
1176,28.02074704
1176.1,26.77634216
1176.2,30.86711508
1176.3,28.81100038
1176.4,27.99478283
1176.5,30.40706496
1176.6,30.13859687
1176.7,29.14922373
1176.8,27.2450743
1176.9,29.66425057
1177,26.8672092
1177.1,26.88705482
1177.2,28.30064253
1177.3,26.83515155
1177.4,29.06875362
1177.5,30.18489167
1177.6,26.99234714
1177.7,27.26661725
1177.8,26.87436252
1177.9,29.82121099
1178,29.39824376
1178.1,30.08807644
1178.2,30.11034564
1178.3,28.75324857
1178.4,29.27811196
1178.5,27.71270716
1178.6,29.30048506
1178.7,27.9766154
1178.8,28.0654533
1178.9,26.34184799
1179,29.01876294
1179.1,27.71290252
1179.2,25.98547048
1179.3,27.52732468
1179.4,29.48676268
1179.5,26.97020944
1179.6,26.47329622
1179.7,29.55825776
1179.8,27.3527943
1179.9,28.45649184
1180,28.06224109
1180.1,29.69939453
1180.2,28.7919304
1180.3,26.40796474
1180.4,25.98651317
1180.5,27.50234411
1180.6,27.67606402
1180.7,26.20605435
1180.8,25.1820606
1180.9,27.22971033
1181,29.45560052
1181.1,29.30843116
1181.2,26.43800251
1181.3,29.12045846
1181.4,26.7267179
1181.5,29.75757201
1181.6,28.37154143
1181.7,29.28394477
1181.8,30.72122774
1181.9,25.69257627
1182,27.64166726
1182.1,28.25097433
1182.2,30.31234072
1182.3,27.12126649
1182.4,27.78242481
1182.5,27.86647401
1182.6,27.74930695
1182.7,29.45707233
1182.8,28.67658318
1182.9,27.70236835
1183,29.26883756
1183.1,30.33867045
1183.2,28.57087536
1183.3,28.78877532
1183.4,28.32253994
1183.5,28.51850865
1183.6,28.5486694
1183.7,27.43166653
1183.8,28.83702662
1183.9,27.50661797
1184,27.24679799
1184.1,28.41031738
1184.2,27.52305016
1184.3,27.9160289
1184.4,29.42062461
1184.5,27.45077229
1184.6,28.2440168
1184.7,29.51464571
1184.8,29.4177442
1184.9,29.0368304
1185,30.25194814
1185.1,29.52667335
1185.2,30.48585045
1185.3,26.6314707
1185.4,27.60042618
1185.5,26.61303292
1185.6,25.34915325
1185.7,27.56055723
1185.8,29.40660762
1185.9,28.34618887
1186,31.24387708
1186.1,30.68440448
1186.2,29.7189011
1186.3,29.32340641
1186.4,28.91378447
1186.5,28.41420816
1186.6,26.40797855
1186.7,27.23128699
1186.8,24.75837111
1186.9,25.96427506
1187,30.52193962
1187.1,27.8441498
1187.2,25.87909805
1187.3,27.43753151
1187.4,28.49376194
1187.5,28.27556337
1187.6,27.58583775
1187.7,29.98141097
1187.8,26.03399129
1187.9,28.861202
1188,28.05240376
1188.1,30.84773785
1188.2,30.60629504
1188.3,29.82999652
1188.4,27.26978597
1188.5,27.26992701
1188.6,28.5100038
1188.7,25.97695641
1188.8,26.88801482
1188.9,26.59763366
1189,25.58497529
1189.1,24.77154469
1189.2,26.83349275
1189.3,25.87846231
1189.4,29.36957139
1189.5,28.27533003
1189.6,28.30695187
1189.7,28.11498367
1189.8,27.78358816
1189.9,25.54269289
1190,27.76131816
1190.1,28.71413862
1190.2,26.63164695
1190.3,26.19594142
1190.4,26.78420975
1190.5,25.75604921
1190.6,27.82193994
1190.7,23.39940771
1190.8,27.0548908
1190.9,27.3405235
1191,28.26600701
1191.1,28.38362038
1191.2,27.71766443
1191.3,28.09156263
1191.4,24.98028229
1191.5,25.48377338
1191.6,24.47258178
1191.7,26.04958359
1191.8,27.31889313
1191.9,26.29631202
1192,27.7029671
1192.1,28.14937526
1192.2,27.83862473
1192.3,23.4596674
1192.4,26.34958883
1192.5,25.72086288
1192.6,28.25149683
1192.7,26.31815798
1192.8,26.95560228
1192.9,25.26955305
1193,26.12933665
1193.1,27.37207823
1193.2,29.37347782
1193.3,23.66870258
1193.4,26.54905936
1193.5,29.98862352
1193.6,27.85136975
1193.7,26.40839703
1193.8,27.58236945
1193.9,26.44348047
1194,25.56932915
1194.1,27.46428536
1194.2,27.02622837
1194.3,23.99740445
1194.4,26.27322165
1194.5,26.1222593
1194.6,26.55238689
1194.7,30.30603433
1194.8,27.60342701
1194.9,24.30562457
1195,26.57619864
1195.1,27.72486485
1195.2,23.65618073
1195.3,27.71244756
1195.4,28.16399966
1195.5,25.91616336
1195.6,28.78027834
1195.7,27.17826961
1195.8,24.31040545
1195.9,26.49665848
1196,27.59887825
1196.1,24.45550484
1196.2,24.09677619
1196.3,27.25447482
1196.4,24.72617548
1196.5,27.91731682
1196.6,25.53035128
1196.7,26.61383285
1196.8,26.20962003
1196.9,25.35957137
1197,26.45841338
1197.1,26.78247396
1197.2,28.22227548
1197.3,26.80264168
1197.4,27.16974157
1197.5,28.08661404
1197.6,24.61434152
1197.7,27.88201459
1197.8,28.00157574
1197.9,26.01791898
1198,27.1462022
1198.1,30.46076164
1198.2,27.81937387
1198.3,27.14803801
1198.4,26.38173045
1198.5,25.85719336
1198.6,26.5186876
1198.7,27.15897077
1198.8,25.56169043
1198.9,26.36439909
1199,26.39229341
1199.1,25.58882973
1199.2,26.04324987
1199.3,28.14314458
1199.4,25.12812115
1199.5,26.03709752
1199.6,26.37859604
1199.7,28.66018929
1199.8,26.26333471
1199.9,25.53835344
1200,26.92352263
1200.1,25.90003408
1200.2,27.18784992
1200.3,24.51102174
1200.4,27.4144219
1200.5,24.82112872
1200.6,24.92355447
1200.7,25.80781275
1200.8,25.84331119
1200.9,26.83254316
1201,26.71482145
1201.1,26.72931751
1201.2,24.55984707
1201.3,27.90054935
1201.4,26.58024358
1201.5,28.42318049
1201.6,24.42490409
1201.7,26.88438324
1201.8,25.987318
1201.9,28.93972601
1202,26.59567908
1202.1,26.47471704
1202.2,24.63615409
1202.3,26.46878383
1202.4,30.3823514
1202.5,26.34510129
1202.6,26.5100268
1202.7,29.59622624
1202.8,28.65517546
1202.9,26.09372652
1203,28.28259403
1203.1,27.04323153
1203.2,27.25369733
1203.3,26.73171197
1203.4,27.28596986
1203.5,25.44308302
1203.6,25.48590627
1203.7,26.60394164
1203.8,26.08051232
1203.9,28.61780442
1204,27.5364244
1204.1,26.64306185
1204.2,24.86251855
1204.3,27.31306313
1204.4,27.06553328
1204.5,29.59856879
1204.6,26.61994535
1204.7,29.69237573
1204.8,26.82550592
1204.9,27.17073287
1205,22.58015585
1205.1,23.25097251
1205.2,25.07568613
1205.3,26.56150865
1205.4,25.30386325
1205.5,26.79805888
1205.6,27.4442228
1205.7,24.16376624
1205.8,25.11742113
1205.9,26.56794742
1206,26.90274885
1206.1,26.88101127
1206.2,29.71124529
1206.3,28.46470683
1206.4,30.9797232
1206.5,29.64557822
1206.6,28.04532926
1206.7,25.95398179
1206.8,30.25208512
1206.9,27.33284571
1207,26.89692016
1207.1,28.73825557
1207.2,27.87941378
1207.3,25.97232187
1207.4,26.08502651
1207.5,24.64288153
1207.6,28.19616355
1207.7,24.66814067
1207.8,28.11533958
1207.9,29.27273478
1208,29.33918492
1208.1,28.08915299
1208.2,25.89532029
1208.3,26.39034424
1208.4,27.15559067
1208.5,28.36628249
1208.6,25.49235704
1208.7,27.33652808
1208.8,27.39535367
1208.9,26.00798551
1209,27.36013779
1209.1,26.96268276
1209.2,30.00809984
1209.3,26.17495669
1209.4,25.69582545
1209.5,25.84961873
1209.6,26.31321821
1209.7,30.23073535
1209.8,31.03336444
1209.9,28.71206686
1210,27.95440233
1210.1,27.60131706
1210.2,25.2153479
1210.3,26.31057841
1210.4,26.41941676
1210.5,25.65044095
1210.6,25.80224216
1210.7,26.36591081
1210.8,28.46968975
1210.9,24.32554979
1211,25.90252296
1211.1,28.61325883
1211.2,28.32536721
1211.3,25.31671275
1211.4,32.52043418
1211.5,29.38153386
1211.6,28.36220281
1211.7,26.98168676
1211.8,27.13726484
1211.9,27.93929989
1212,29.07127301
1212.1,27.6534816
1212.2,27.73106075
1212.3,29.65013552
1212.4,28.78654678
1212.5,29.20288903
1212.6,27.83379643
1212.7,27.93507677
1212.8,29.22518559
1212.9,27.92198714
1213,28.42339986
1213.1,26.51488286
1213.2,28.49559268
1213.3,27.45315888
1213.4,28.59436754
1213.5,29.03139186
1213.6,27.51443781
1213.7,28.63450934
1213.8,27.11302666
1213.9,27.41562867
1214,27.49956221
1214.1,26.50714897
1214.2,29.60051481
1214.3,28.75137129
1214.4,28.59320148
1214.5,30.30411633
1214.6,29.70990555
1214.7,29.16680459
1214.8,28.8079274
1214.9,27.59025679
1215,25.64485606
1215.1,25.84219919
1215.2,29.85002693
1215.3,31.39362959
1215.4,26.75988694
1215.5,27.31216328
1215.6,30.17317818
1215.7,30.02704544
1215.8,29.30718202
1215.9,30.26489693
1216,30.09960396
1216.1,29.71680459
1216.2,31.50362612
1216.3,29.21361898
1216.4,29.34715444
1216.5,31.8320066
1216.6,27.77800837
1216.7,30.42653567
1216.8,26.14055002
1216.9,29.81394898
1217,29.38742714
1217.1,26.50873242
1217.2,30.51833482
1217.3,31.54233716
1217.4,27.57092073
1217.5,30.11550508
1217.6,28.85570975
1217.7,29.6310881
1217.8,30.3717883
1217.9,31.22674995
1218,28.4135533
1218.1,30.28357487
1218.2,30.928299
1218.3,31.93655607
1218.4,31.56271048
1218.5,32.91953507
1218.6,29.62800382
1218.7,31.16395914
1218.8,31.93521139
1218.9,33.02174919
1219,29.06804711
1219.1,29.65446921
1219.2,32.55851855
1219.3,32.531132
1219.4,31.62247876
1219.5,33.80168437
1219.6,30.92501967
1219.7,33.15862252
1219.8,30.83655068
1219.9,33.97285292
1220,32.73333385
1220.1,32.88653302
1220.2,33.11853917
1220.3,31.44747407
1220.4,33.88192744
1220.5,33.10272586
1220.6,31.8320947
1220.7,33.14393593
1220.8,33.51954127
1220.9,31.35118768
1221,34.72315728
1221.1,35.40449061
1221.2,35.47445503
1221.3,32.96755633
1221.4,33.22582222
1221.5,34.53553557
1221.6,32.25929819
1221.7,33.91879913
1221.8,34.81270503
1221.9,32.42633172
1222,33.24776253
1222.1,33.73290359
1222.2,33.55785035
1222.3,36.08537513
1222.4,35.66680718
1222.5,32.1495943
1222.6,35.90213704
1222.7,37.30687865
1222.8,35.25929411
1222.9,38.73951359
1223,33.8243102
1223.1,34.43432106
1223.2,34.44733914
1223.3,36.35486193
1223.4,36.00084845
1223.5,36.1944345
1223.6,37.14752297
1223.7,35.89932365
1223.8,35.83691556
1223.9,35.79049948
1224,35.71204024
1224.1,39.65386861
1224.2,36.3702089
1224.3,36.74236141
1224.4,37.44535328
1224.5,37.48206841
1224.6,37.36906325
1224.7,37.80100138
1224.8,39.05326589
1224.9,36.49238961
1225,36.69200837
1225.1,39.76497023
1225.2,37.92206494
1225.3,39.35915255
1225.4,38.24027113
1225.5,38.56088338
1225.6,36.69391172
1225.7,39.18073904
1225.8,37.50029268
1225.9,38.58859896
1226,39.05892053
1226.1,40.22348094
1226.2,39.69515229
1226.3,38.9938573
1226.4,39.43405506
1226.5,40.13886103
1226.6,40.58609298
1226.7,40.64762965
1226.8,39.42355641
1226.9,39.20125554
1227,39.08636827
1227.1,40.07476676
1227.2,40.36272215
1227.3,39.15009403
1227.4,41.46573047
1227.5,42.03686851
1227.6,40.2727992
1227.7,43.80747262
1227.8,41.32381658
1227.9,42.94835749
1228,38.99051619
1228.1,41.59921965
1228.2,43.24414181
1228.3,40.94971448
1228.4,40.02051569
1228.5,41.70671304
1228.6,40.48638075
1228.7,44.29167321
1228.8,43.07181577
1228.9,43.40767519
1229,43.19873942
1229.1,41.63829495
1229.2,41.96442139
1229.3,40.83758845
1229.4,43.28243379
1229.5,45.56058155
1229.6,43.09019318
1229.7,44.99379565
1229.8,44.56510256
1229.9,42.44332919
1230,41.88173943
1230.1,43.64030098
1230.2,44.10779051
1230.3,44.12515543
1230.4,46.13546112
1230.5,45.99269347
1230.6,43.71552449
1230.7,44.89872311
1230.8,42.95265181
1230.9,47.05770432
1231,49.03292698
1231.1,49.21495493
1231.2,47.85307354
1231.3,46.78096421
1231.4,47.27143759
1231.5,45.42266729
1231.6,47.5605775
1231.7,46.14237664
1231.8,47.33286223
1231.9,46.9208808
1232,44.64168914
1232.1,46.37607658
1232.2,45.59569752
1232.3,45.38134808
1232.4,47.23395211
1232.5,46.30290564
1232.6,48.05121968
1232.7,48.65501559
1232.8,46.14196759
1232.9,47.48338639
1233,47.88039736
1233.1,45.31618314
1233.2,46.54713514
1233.3,48.11006122
1233.4,47.28390592
1233.5,48.02153903
1233.6,50.23435505
1233.7,50.70301805
1233.8,49.44074665
1233.9,50.92166593
1234,46.78028631
1234.1,48.07599018
1234.2,47.59200723
1234.3,51.7254517
1234.4,51.07511672
1234.5,49.76432053
1234.6,49.65935104
1234.7,49.69379329
1234.8,50.85317709
1234.9,49.6143548
1235,48.64244013
1235.1,50.25402565
1235.2,50.87093556
1235.3,48.22379078
1235.4,50.14182695
1235.5,51.14236582
1235.6,50.74960538
1235.7,50.59158222
1235.8,49.27856227
1235.9,50.79131817
1236,52.43243596
1236.1,49.91486804
1236.2,52.75245486
1236.3,51.01481816
1236.4,49.56935817
1236.5,51.16455316
1236.6,52.50313694
1236.7,48.25504142
1236.8,51.61609957
1236.9,49.26616272
1237,50.79002152
1237.1,52.11828828
1237.2,53.46520392
1237.3,54.42126952
1237.4,51.76537113
1237.5,51.28882913
1237.6,51.15175719
1237.7,52.75543734
1237.8,51.91824359
1237.9,50.95884776
1238,52.05740353
1238.1,53.75885255
1238.2,49.60142361
1238.3,50.3774757
1238.4,50.2259607
1238.5,51.92722799
1238.6,54.84479832
1238.7,54.81114939
1238.8,54.23508105
1238.9,52.3360479
1239,53.11859114
1239.1,53.75978805
1239.2,53.69665481
1239.3,53.42054615
1239.4,54.61426229
1239.5,53.22968191
1239.6,52.6354622
1239.7,52.45995922
1239.8,51.37946357
1239.9,53.3708944
1240,53.66440035
1240.1,63.62954797
1240.2,63.0181841
1240.3,61.81546733
1240.4,62.49827916
1240.5,61.94901553
1240.6,63.34092133
1240.7,62.5653369
1240.8,56.36439092
1240.9,53.28722054
1241,50.37000353
1241.1,53.33625734
1241.2,45.86288144
1241.3,47.24828428
1241.4,47.32877104
1241.5,48.0565633
1241.6,52.16823612
1241.7,49.79073503
1241.8,46.44615076
1241.9,46.26068674
1242,46.23148855
1242.1,47.2219171
1242.2,44.73732518
1242.3,46.96952905
1242.4,41.04950504
1242.5,43.0057304
1242.6,41.57751975
1242.7,40.84317721
1242.8,38.93659158
1242.9,41.82454612
1243,37.3484367
1243.1,38.51060262
1243.2,41.10425672
1243.3,41.66863383
1243.4,40.71906034
1243.5,42.28846376
1243.6,40.44741009
1243.7,40.28737528
1243.8,41.07609697
1243.9,38.50898473
1244,43.64143348
1244.1,42.50558861
1244.2,43.18863011
1244.3,42.34488512
1244.4,42.21938701
1244.5,40.02795524
1244.6,41.61425972
1244.7,42.68331457
1244.8,44.00805613
1244.9,42.20435009
1245,45.12042774
1245.1,44.21424523
1245.2,42.72077556
1245.3,47.84314488
1245.4,47.54237767
1245.5,52.53791359
1245.6,50.45106744
1245.7,49.06268137
1245.8,48.0513652
1245.9,48.77261942
1246,47.97490172
1246.1,50.76809972
1246.2,49.14893039
1246.3,46.66192281
1246.4,44.85898602
1246.5,44.51487606
1246.6,46.27344802
1246.7,47.00739745
1246.8,43.87512855
1246.9,45.7526097
1247,45.44000866
1247.1,45.23005275
1247.2,45.59092956
1247.3,44.90387546
1247.4,47.19902204
1247.5,42.47355243
1247.6,43.33729514
1247.7,41.07988786
1247.8,41.78551064
1247.9,43.60140033
1248,44.75928311
1248.1,43.44586478
1248.2,48.51595825
1248.3,42.67876768
1248.4,43.07811631
1248.5,44.96977841
1248.6,46.17886742
1248.7,46.79273458
1248.8,48.40743931
1248.9,51.16296039
1249,49.98409085
1249.1,47.91207991
1249.2,48.06406597
1249.3,49.91634754
1249.4,48.5717943
1249.5,50.89071738
1249.6,47.73786837
1249.7,46.9216555
1249.8,50.20297339
1249.9,50.40418126
1250,51.13953614
1250.1,48.4554982
1250.2,50.34174394
1250.3,48.27847238
1250.4,50.99061016
1250.5,51.49011608
1250.6,51.33495666
1250.7,51.42038653
1250.8,46.37772244
1250.9,48.50760195
1251,50.10966646
1251.1,47.95198532
1251.2,49.71202045
1251.3,52.3107198
1251.4,50.87180012
1251.5,49.60413614
1251.6,49.65932219
1251.7,49.65753687
1251.8,51.21017014
1251.9,48.17049114
1252,51.155856
1252.1,47.38769872
1252.2,49.57008967
1252.3,48.33828542
1252.4,48.83764293
1252.5,50.75985864
1252.6,47.8084908
1252.7,51.45922615
1252.8,51.99308927
1252.9,51.31893764
1253,50.71718621
1253.1,47.98146289
1253.2,44.40559912
1253.3,44.14746637
1253.4,43.83671212
1253.5,47.32206626
1253.6,46.8583665
1253.7,46.6452352
1253.8,45.67815549
1253.9,45.03779114
1254,48.86985472
1254.1,45.36806228
1254.2,45.25070601
1254.3,46.99523503
1254.4,46.96795852
1254.5,44.05891225
1254.6,43.94171094
1254.7,42.86022413
1254.8,43.95562905
1254.9,44.03572779
1255,42.38185268
1255.1,45.29382152
1255.2,43.84334009
1255.3,43.83513953
1255.4,43.26968564
1255.5,45.28503635
1255.6,44.33536695
1255.7,42.47037821
1255.8,45.29075747
1255.9,42.30809726
1256,43.20353095
1256.1,43.16029901
1256.2,42.46270074
1256.3,41.60245683
1256.4,41.4751351
1256.5,41.46595722
1256.6,41.24951403
1256.7,45.87353243
1256.8,40.61551106
1256.9,41.14208492
1257,40.23759368
1257.1,40.5819928
1257.2,40.36051884
1257.3,43.38078034
1257.4,38.97824084
1257.5,42.42128469
1257.6,40.39078373
1257.7,41.46047552
1257.8,39.84377702
1257.9,41.69618727
1258,38.40108902
1258.1,40.20369284
1258.2,39.83806335
1258.3,42.49314297
1258.4,39.63187294
1258.5,42.37614291
1258.6,37.96332146
1258.7,39.49944613
1258.8,39.17062406
1258.9,38.69732089
1259,38.76612526
1259.1,39.69377245
1259.2,38.85024386
1259.3,39.83109536
1259.4,37.98658223
1259.5,40.80277282
1259.6,39.759754
1259.7,42.06817192
1259.8,38.88404012
1259.9,38.27382464
1260,38.33364429
1260.1,37.81459166
1260.2,38.44263431
1260.3,37.58802716
1260.4,40.83170862
1260.5,40.32162012
1260.6,35.34601668
1260.7,36.98439212
1260.8,37.97173304
1260.9,38.72585116
1261,39.70115963
1261.1,40.26021309
1261.2,39.01088851
1261.3,38.13929925
1261.4,36.06113754
1261.5,38.85312491
1261.6,36.93674919
1261.7,35.64607912
1261.8,38.0690211
1261.9,37.1616304
1262,36.71639417
1262.1,38.23951881
1262.2,36.50115597
1262.3,36.96623577
1262.4,36.05046281
1262.5,36.00386408
1262.6,38.03788776
1262.7,37.90710994
1262.8,40.06958863
1262.9,36.60720028
1263,40.32215239
1263.1,33.41855443
1263.2,35.64265552
1263.3,37.89186391
1263.4,36.16424209
1263.5,35.98768274
1263.6,37.54697312
1263.7,38.48552236
1263.8,36.14315607
1263.9,36.60942362
1264,38.49932875
1264.1,36.48741136
1264.2,37.84105326
1264.3,38.51620712
1264.4,38.78820335
1264.5,38.76602942
1264.6,36.19935237
1264.7,33.08087457
1264.8,35.9157079
1264.9,35.0707872
1265,37.14572082
1265.1,35.19862864
1265.2,39.39466774
1265.3,36.68517977
1265.4,35.9729735
1265.5,36.20063123
1265.6,35.52465226
1265.7,35.41862296
1265.8,37.12730069
1265.9,38.29134045
1266,35.99551486
1266.1,35.19687217
1266.2,36.30857911
1266.3,39.54397037
1266.4,35.57551974
1266.5,35.38177595
1266.6,35.91253363
1266.7,37.36305855
1266.8,38.68221004
1266.9,35.88328362
1267,36.02943881
1267.1,35.13717592
1267.2,37.41365475
1267.3,35.88344327
1267.4,35.9322968
1267.5,33.58862811
1267.6,35.56686726
1267.7,36.74629702
1267.8,33.57573269
1267.9,37.67814037
1268,36.26710295
1268.1,37.15017465
1268.2,35.32485774
1268.3,34.79517386
1268.4,35.83015955
1268.5,34.62905524
1268.6,36.20790515
1268.7,36.38248237
1268.8,37.80591022
1268.9,36.26954143
1269,37.24579437
1269.1,35.95209606
1269.2,36.60296685
1269.3,36.88979843
1269.4,36.20878038
1269.5,35.78610837
1269.6,36.42618022
1269.7,37.75197506
1269.8,34.63859893
1269.9,35.18832934
1270,37.43176943
1270.1,36.45900279
1270.2,37.59042735
1270.3,37.15015553
1270.4,35.30970471
1270.5,37.76960818
1270.6,35.0924052
1270.7,37.45811191
1270.8,37.61163248
1270.9,37.44582139
1271,36.17498122
1271.1,39.59684426
1271.2,37.71292258
1271.3,38.00401212
1271.4,35.98512195
1271.5,36.43151127
1271.6,36.47514316
1271.7,38.54534965
1271.8,38.34270708
1271.9,36.36580508
1272,36.73053367
1272.1,39.34643627
1272.2,37.62077729
1272.3,35.08346418
1272.4,36.18196104
1272.5,34.97646267
1272.6,37.17666048
1272.7,38.55989463
1272.8,35.43193228
1272.9,36.81732659
1273,37.18874689
1273.1,39.29662456
1273.2,36.53841053
1273.3,38.93212917
1273.4,37.28400916
1273.5,38.39628357
1273.6,39.31588249
1273.7,36.08901913
1273.8,36.2718827
1273.9,39.47136603
1274,37.35140907
1274.1,37.21810755
1274.2,38.92172053
1274.3,36.65685049
1274.4,38.1550456
1274.5,38.1944393
1274.6,39.54671037
1274.7,38.58940429
1274.8,36.65011117
1274.9,37.28978416
1275,35.36914151
1275.1,39.04609253
1275.2,36.94468878
1275.3,38.54905436
1275.4,37.90321412
1275.5,36.84129095
1275.6,36.39875139
1275.7,38.04110504
1275.8,40.20332288
1275.9,38.21425095
1276,37.10829274
1276.1,37.06484832
1276.2,37.05370799
1276.3,37.36836395
1276.4,39.7573716
1276.5,37.38469448
1276.6,36.41928729
1276.7,40.03278622
1276.8,35.03280449
1276.9,38.48130795
1277,36.90280505
1277.1,35.63560319
1277.2,37.87092001
1277.3,38.04719738
1277.4,36.83144084
1277.5,37.39608386
1277.6,34.88138082
1277.7,39.8834132
1277.8,38.57145775
1277.9,36.31993104
1278,40.88678734
1278.1,36.52994374
1278.2,38.00529343
1278.3,37.91874156
1278.4,37.33204264
1278.5,36.21212167
1278.6,38.3161148
1278.7,35.49904396
1278.8,37.25661326
1278.9,37.37972722
1279,35.30824386
1279.1,38.13118419
1279.2,38.81892773
1279.3,35.38994558
1279.4,36.68412468
1279.5,35.79488746
1279.6,34.5289816
1279.7,34.2419235
1279.8,35.12302395
1279.9,37.77333661
1280,34.34297848
1280.1,34.56528881
1280.2,36.47348977
1280.3,37.31829538
1280.4,36.47012023
1280.5,36.40975345
1280.6,36.16227707
1280.7,31.44400885
1280.8,37.95583943
1280.9,31.28389984
1281,35.22948247
1281.1,36.74087316
1281.2,34.70461943
1281.3,35.26834196
1281.4,32.1445723
1281.5,35.32584701
1281.6,35.08702471
1281.7,35.07935201
1281.8,33.5399804
1281.9,35.88547439
1282,36.87665933
1282.1,32.12290516
1282.2,32.4583883
1282.3,34.13664295
1282.4,36.98914646
1282.5,34.54976771
1282.6,34.30331487
1282.7,33.33712407
1282.8,33.94698765
1282.9,34.30509527
1283,36.99630522
1283.1,34.18791638
1283.2,33.0021925
1283.3,32.60723492
1283.4,36.08385182
1283.5,34.24055652
1283.6,35.99268407
1283.7,33.51104248
1283.8,34.57770615
1283.9,33.04904854
1284,35.9051562
1284.1,34.17560283
1284.2,35.0175464
1284.3,34.86382433
1284.4,33.49111505
1284.5,32.12411723
1284.6,35.49726677
1284.7,34.61649604
1284.8,33.29674167
1284.9,33.28161657
1285,33.61666713
1285.1,31.11584446
1285.2,33.53431514
1285.3,35.18331081
1285.4,32.78777138
1285.5,35.07627881
1285.6,30.22255189
1285.7,34.00475522
1285.8,32.59569392
1285.9,34.30205948
1286,33.79341761
1286.1,31.58526367
1286.2,32.77843308
1286.3,33.89874116
1286.4,34.80861229
1286.5,32.04747836
1286.6,30.90644016
1286.7,32.75989574
1286.8,32.673184
1286.9,32.52082875
1287,30.50516755
1287.1,33.08020789
1287.2,32.30998627
1287.3,32.46583384
1287.4,32.85174722
1287.5,34.35982743
1287.6,33.11899667
1287.7,35.02709928
1287.8,33.47857859
1287.9,33.29966961
1288,33.49712848
1288.1,31.32203871
1288.2,34.40143432
1288.3,31.84147122
1288.4,32.3767103
1288.5,31.73758566
1288.6,34.5634389
1288.7,32.44355603
1288.8,34.40826424
1288.9,32.11584017
1289,31.45632902
1289.1,33.37462828
1289.2,31.43714893
1289.3,33.95386006
1289.4,34.01842422
1289.5,33.70874689
1289.6,33.74344961
1289.7,34.07929224
1289.8,34.3081218
1289.9,31.80815794
1290,34.57451159
1290.1,32.92656524
1290.2,32.65946834
1290.3,33.90822639
1290.4,33.77929003
1290.5,33.80154197
1290.6,33.24704772
1290.7,32.81967004
1290.8,33.14134901
1290.9,31.77744479
1291,31.25407774
1291.1,33.10043086
1291.2,34.89914707
1291.3,33.13403946
1291.4,32.06444666
1291.5,30.11683061
1291.6,31.35456468
1291.7,31.48554548
1291.8,29.8903414
1291.9,30.42518071
1292,30.97186367
1292.1,33.47463028
1292.2,31.95094461
1292.3,31.70706204
1292.4,29.4824051
1292.5,32.29266329
1292.6,31.57877914
1292.7,29.39419473
1292.8,29.99993681
1292.9,32.88069414
1293,32.63312101
1293.1,33.47854674
1293.2,30.60846602
1293.3,30.71028048
1293.4,31.26128528
1293.5,30.50256879
1293.6,30.59340548
1293.7,30.86104535
1293.8,30.59531867
1293.9,28.03781516
1294,29.57946039
1294.1,31.68129367
1294.2,28.14129241
1294.3,32.05914041
1294.4,35.04846056
1294.5,29.9998697
1294.6,30.18963821
1294.7,30.54760849
1294.8,29.68227259
1294.9,29.69274598
1295,29.95808738
1295.1,31.86651844
1295.2,31.70880844
1295.3,31.84396902
1295.4,28.96713125
1295.5,32.88718289
1295.6,30.32269361
1295.7,28.93931477
1295.8,30.42029299
1295.9,29.65371375
1296,32.59603756
1296.1,31.89136576
1296.2,30.706998
1296.3,31.72119147
1296.4,31.55863415
1296.5,30.26560425
1296.6,30.08903277
1296.7,33.03929393
1296.8,31.0401863
1296.9,28.67875784
1297,30.46203961
1297.1,33.20764017
1297.2,30.55436422
1297.3,30.96122703
1297.4,29.35352877
1297.5,28.90644489
1297.6,30.68171897
1297.7,30.36072717
1297.8,33.67204761
1297.9,29.01577752
1298,30.05105767
1298.1,28.89651554
1298.2,29.68070347
1298.3,29.2816683
1298.4,29.86559746
1298.5,32.14352161
1298.6,28.37377046
1298.7,30.63398052
1298.8,30.3990186
1298.9,30.14679439
1299,29.00536462
1299.1,28.98469305
1299.2,32.18750331
1299.3,29.88324379
1299.4,29.45476196
1299.5,30.91334573
1299.6,30.06602113
1299.7,29.1324609
1299.8,30.72557404
1299.9,31.25415168
1300,29.71377344
1300.1,28.43044569
1300.2,28.54811226
1300.3,25.01439143
1300.4,32.29646634
1300.5,31.89156593
1300.6,29.4781093
1300.7,30.01853741
1300.8,31.2831386
1300.9,29.06529583
1301,27.19294646
1301.1,28.17268001
1301.2,30.44975157
1301.3,32.01685912
1301.4,30.81995138
1301.5,29.46212523
1301.6,27.06540507
1301.7,29.68728843
1301.8,30.2542596
1301.9,30.60310734
1302,29.75895275
1302.1,30.54629156
1302.2,29.30880818
1302.3,30.43558673
1302.4,32.3839991
1302.5,27.80523146
1302.6,29.1431669
1302.7,30.06839024
1302.8,30.49848403
1302.9,30.1839676
1303,31.26080096
1303.1,35.81840677
1303.2,32.65291795
1303.3,31.44310077
1303.4,31.56366565
1303.5,31.93523173
1303.6,31.20123532
1303.7,29.37346566
1303.8,31.96393215
1303.9,32.19737445
1304,32.00889415
1304.1,30.31194073
1304.2,32.24647219
1304.3,34.49963088
1304.4,34.87026716
1304.5,33.84777616
1304.6,33.09700281
1304.7,34.11561796
1304.8,35.05249056
1304.9,34.52248974
1305,34.38328038
1305.1,33.08375476
1305.2,31.42236997
1305.3,34.80456246
1305.4,35.25117291
1305.5,33.82046884
1305.6,31.59521885
1305.7,34.69319129
1305.8,34.60774918
1305.9,32.97450509
1306,32.09832345
1306.1,36.17677741
1306.2,36.73453415
1306.3,34.43927759
1306.4,37.61109932
1306.5,39.32041147
1306.6,35.69524048
1306.7,34.76648461
1306.8,34.58197293
1306.9,35.52126292
1307,36.25413287
1307.1,35.07987014
1307.2,36.95779576
1307.3,36.61501504
1307.4,36.24161878
1307.5,38.90116613
1307.6,36.95730021
1307.7,37.38742531
1307.8,38.1913087
1307.9,40.61883408
1308,38.56539336
1308.1,41.31755239
1308.2,39.32609772
1308.3,39.69646474
1308.4,40.48990161
1308.5,40.02080299
1308.6,40.08886201
1308.7,40.39618064
1308.8,40.08738099
1308.9,41.95732191
1309,41.09149373
1309.1,40.40984572
1309.2,43.04841119
1309.3,43.09648347
1309.4,43.30075324
1309.5,42.60282214
1309.6,42.89687092
1309.7,44.85240897
1309.8,43.83894883
1309.9,41.64837069
1310,41.67689781
1310.1,43.35810127
1310.2,43.71286247
1310.3,42.89964312
1310.4,43.90153403
1310.5,45.84729874
1310.6,45.95856228
1310.7,44.03021025
1310.8,46.28273457
1310.9,46.19921393
1311,46.82441834
1311.1,46.66790812
1311.2,47.45038034
1311.3,46.16055812
1311.4,50.94738615
1311.5,48.69803939
1311.6,48.08306423
1311.7,46.99182405
1311.8,45.05510857
1311.9,49.31157902
1312,49.25722526
1312.1,47.36818484
1312.2,48.54008591
1312.3,46.77775986
1312.4,45.62054711
1312.5,48.73776062
1312.6,48.66178428
1312.7,49.87468634
1312.8,49.85439431
1312.9,51.47121806
1313,53.28173111
1313.1,52.34923124
1313.2,53.1247452
1313.3,51.28612155
1313.4,51.21481938
1313.5,49.90250179
1313.6,50.11257216
1313.7,50.44319446
1313.8,51.23364297
1313.9,52.73220632
1314,53.37445963
1314.1,53.14250151
1314.2,52.12427154
1314.3,56.42054763
1314.4,55.33470878
1314.5,57.65220949
1314.6,55.93568191
1314.7,57.60648368
1314.8,57.2928591
1314.9,58.47504957
1315,57.05503005
1315.1,55.67527754
1315.2,53.21065711
1315.3,53.82314912
1315.4,56.11724457
1315.5,57.64069264
1315.6,55.38469088
1315.7,56.29677406
1315.8,57.08785986
1315.9,57.63021845
1316,52.27049598
1316.1,52.51400909
1316.2,53.78059989
1316.3,52.94355103
1316.4,49.02461293
1316.5,51.0389316
1316.6,48.77326477
1316.7,49.18335451
1316.8,46.43774342
1316.9,49.40466679
1317,51.90718141
1317.1,50.95163192
1317.2,46.72251612
1317.3,48.66328302
1317.4,46.83886534
1317.5,50.44060083
1317.6,50.0436637
1317.7,47.82040716
1317.8,47.14367556
1317.9,43.9830476
1318,47.75506851
1318.1,45.39278176
1318.2,44.2254164
1318.3,43.08302869
1318.4,45.70854061
1318.5,45.0328613
1318.6,44.89970157
1318.7,44.17538886
1318.8,40.80132589
1318.9,44.70714725
1319,41.69549737
1319.1,41.89102373
1319.2,38.91798333
1319.3,43.84715118
1319.4,42.77411682
1319.5,44.45229907
1319.6,41.64228073
1319.7,39.90228793
1319.8,43.43715846
1319.9,42.64101833
1320,40.40014896
1320.1,38.17864404
1320.2,39.99776742
1320.3,37.23769955
1320.4,31.31711474
1320.5,26.96657017
1320.6,19.49645331
1320.7,21.49208576
1320.8,20.96524258
1320.9,20.71290838
1321,22.41805191
1321.1,25.29071726
1321.2,24.86401485
1321.3,26.91277904
1321.4,29.86537515
1321.5,30.04459723
1321.6,31.83861664
1321.7,27.94882531
1321.8,30.82658765
1321.9,30.49382037
1322,28.73622749
1322.1,33.08047115
1322.2,29.29620637
1322.3,29.96905341
1322.4,29.43906974
1322.5,30.09024507
1322.6,32.70483027
1322.7,26.63589258
1322.8,26.88272328
1322.9,30.52450852
1323,27.61981147
1323.1,30.41255613
1323.2,29.19686178
1323.3,29.70501606
1323.4,28.98965048
1323.5,27.82177292
1323.6,27.61367319
1323.7,26.12687753
1323.8,23.67030171
1323.9,26.21900777
1324,25.43536402
1324.1,26.58469818
1324.2,25.56843788
1324.3,25.43184351
1324.4,24.75121664
1324.5,24.17354378
1324.6,25.70526874
1324.7,26.24118179
1324.8,26.40294365
1324.9,24.08067138
1325,27.35338831
1325.1,25.68199403
1325.2,23.13200403
1325.3,25.93393037
1325.4,25.84298647
1325.5,25.58040483
1325.6,23.67634769
1325.7,22.8686581
1325.8,24.01114202
1325.9,21.74605429
1326,22.5927391
1326.1,21.0109721
1326.2,21.10941341
1326.3,22.86759423
1326.4,22.96489697
1326.5,22.60985794
1326.6,24.32037761
1326.7,20.4070555
1326.8,21.9134871
1326.9,19.33886941
1327,19.00817784
1327.1,22.22018671
1327.2,21.58117726
1327.3,23.90594947
1327.4,22.81499061
1327.5,19.79750371
1327.6,21.57750813
1327.7,20.98058159
1327.8,21.29458105
1327.9,21.07790332
1328,22.23517886
1328.1,21.35344189
1328.2,23.33284042
1328.3,22.34125254
1328.4,19.01938944
1328.5,23.54069143
1328.6,26.50491153
1328.7,30.03088142
1328.8,34.79892291
1328.9,34.03572627
1329,34.66261251
1329.1,32.85975822
1329.2,28.47576578
1329.3,29.05559107
1329.4,25.79989202
1329.5,28.30642491
1329.6,25.94574019
1329.7,26.46620414
1329.8,29.37185331
1329.9,23.63247837
1330,18.93608244
1330.1,14.10844104
1330.2,22.25360019
1330.3,32.27525663
1330.4,30.01406963
1330.5,30.96726861
1330.6,27.18830703
1330.7,27.61469106
1330.8,27.99133804
1330.9,23.47193199
1331,22.55621855
1331.1,21.82105648
1331.2,24.07243842
1331.3,23.66220332
1331.4,23.98252226
1331.5,26.18116602
1331.6,21.98081817
1331.7,14.17437557
1331.8,18.90482666
1331.9,15.68434295
1332,16.03338694
1332.1,24.07188541
1332.2,25.32890879
1332.3,25.40163822
1332.4,22.16495713
1332.5,26.09979856
1332.6,24.57180695
1332.7,30.79214019
1332.8,26.11793246
1332.9,26.89462826
1333,30.55785079
1333.1,37.62384912
1333.2,53.75950597
1333.3,55.62278705
1333.4,56.23926631
1333.5,56.77973681
1333.6,54.35479953
1333.7,53.25152354
1333.8,54.74551089
1333.9,55.27841396
1334,53.80756004
1334.1,59.15616195
1334.2,55.43130439
1334.3,58.55889621
1334.4,45.4844813
1334.5,46.5119092
1334.6,45.63001605
1334.7,47.4384006
1334.8,46.91032501
1334.9,46.70855754
1335,48.921805
1335.1,48.54831205
1335.2,50.62393664
1335.3,45.01061736
1335.4,47.44065809
1335.5,51.7694234
1335.6,50.68290853
1335.7,51.43623813
1335.8,50.64745586
1335.9,49.90880058
1336,51.32134648
1336.1,50.86440389
1336.2,50.44926766
1336.3,50.05567689
1336.4,50.20981179
1336.5,53.32998254
1336.6,52.90191792
1336.7,51.20218818
1336.8,54.49776824
1336.9,57.22300401
1337,55.45877718
1337.1,56.7711877
1337.2,57.01165993
1337.3,58.87847543
1337.4,59.75178504
1337.5,56.68955921
1337.6,59.46631761
1337.7,58.58321011
1337.8,56.60194818
1337.9,56.4363006
1338,58.61275991
1338.1,58.926994
1338.2,56.54552775
1338.3,58.0364913
1338.4,56.75785974
1338.5,56.82730795
1338.6,56.59749821
1338.7,56.70367236
1338.8,58.82903875
1338.9,58.19474929
1339,60.50623615
1339.1,58.46190421
1339.2,57.75612391
1339.3,59.84047134
1339.4,58.82672703
1339.5,62.07129801
1339.6,57.64627214
1339.7,57.97210883
1339.8,59.76676815
1339.9,59.11687268
1340,57.25642607
1340.1,56.45494798
1340.2,55.15673277
1340.3,55.6915078
1340.4,57.55119026
1340.5,51.94289852
1340.6,52.06028665
1340.7,54.24196688
1340.8,54.09217425
1340.9,52.74449796
1341,53.73917475
1341.1,52.12701657
1341.2,55.77944785
1341.3,52.02227047
1341.4,50.78336935
1341.5,52.87815983
1341.6,51.58337002
1341.7,49.85184757
1341.8,47.67033939
1341.9,50.71476693
1342,49.41216127
1342.1,49.88344741
1342.2,49.43750817
1342.3,48.28392498
1342.4,46.9341609
1342.5,46.00686412
1342.6,47.58020133
1342.7,47.66868382
1342.8,47.58979888
1342.9,45.37837042
1343,45.94465102
1343.1,46.00863448
1343.2,44.42311057
1343.3,44.66315866
1343.4,45.93499148
1343.5,45.41874013
1343.6,41.50135873
1343.7,43.87600443
1343.8,42.90250672
1343.9,41.95372475
1344,42.47965979
1344.1,43.07222882
1344.2,42.13168095
1344.3,43.74323111
1344.4,44.70933801
1344.5,42.58758412
1344.6,40.40431245
1344.7,43.82860185
1344.8,41.66736416
1344.9,38.37184589
1345,35.8862265
1345.1,40.96613854
1345.2,40.71131729
1345.3,42.82607941
1345.4,38.30080528
1345.5,38.64073711
1345.6,40.11579597
1345.7,38.40476045
1345.8,37.27867351
1345.9,36.43814462
1346,36.38578501
1346.1,39.55954399
1346.2,40.86509717
1346.3,37.7539033
1346.4,38.29221014
1346.5,36.76545328
1346.6,36.45301171
1346.7,36.63952728
1346.8,35.44242909
1346.9,35.14962002
1347,33.63521527
1347.1,35.12309409
1347.2,34.7525091
1347.3,32.41866911
1347.4,34.38999041
1347.5,33.6898147
1347.6,35.55434431
1347.7,36.26722787
1347.8,36.26088897
1347.9,33.15850507
1348,30.53711229
1348.1,33.70872223
1348.2,32.97310333
1348.3,32.39238931
1348.4,33.02179897
1348.5,33.57760838
1348.6,32.90642136
1348.7,33.19952179
1348.8,36.69912445
1348.9,33.32360753
1349,29.9979953
1349.1,33.21877676
1349.2,31.2449771
1349.3,32.25401659
1349.4,31.98877024
1349.5,31.21268346
1349.6,31.11343467
1349.7,31.63719288
1349.8,30.77613882
1349.9,30.95847506
1350,31.55278658
1350.1,30.56051789
1350.2,32.13306848
1350.3,29.37662396
1350.4,29.42726242
1350.5,31.49856998
1350.6,29.4741484
1350.7,26.74609539
1350.8,31.33762227
1350.9,30.15512077
1351,31.66981394
1351.1,29.50124139
1351.2,30.25662274
1351.3,33.31562921
1351.4,31.31303585
1351.5,28.82860457
1351.6,27.74307808
1351.7,30.83815796
1351.8,30.24398962
1351.9,27.76109449
1352,28.87335372
1352.1,28.70431947
1352.2,25.60284668
1352.3,24.94296777
1352.4,29.4338957
1352.5,30.5494745
1352.6,29.57187502
1352.7,29.53270302
1352.8,28.23070683
1352.9,27.99464145
1353,26.82104371
1353.1,29.85371497
1353.2,27.00515271
1353.3,29.27191445
1353.4,28.42261929
1353.5,28.71489348
1353.6,28.63868448
1353.7,26.03440584
1353.8,29.52509834
1353.9,25.52553243
1354,27.13138341
1354.1,28.43967703
1354.2,26.87600474
1354.3,30.40173949
1354.4,29.8441664
1354.5,26.49914303
1354.6,27.05211278
1354.7,25.74289289
1354.8,27.90521932
1354.9,24.55758171
1355,26.80105502
1355.1,29.42928821
1355.2,25.40265072
1355.3,28.91086149
1355.4,28.53558309
1355.5,29.35080262
1355.6,25.38351616
1355.7,27.0129558
1355.8,31.41767237
1355.9,27.37572276
1356,26.00010484
1356.1,30.04216352
1356.2,27.78467197
1356.3,27.17416808
1356.4,29.11093098
1356.5,25.64284754
1356.6,27.75750575
1356.7,26.46421165
1356.8,29.35881428
1356.9,28.9329019
1357,26.58643163
1357.1,27.30061665
1357.2,29.05822516
1357.3,27.37605604
1357.4,29.74893052
1357.5,28.13001819
1357.6,29.86947677
1357.7,31.67349835
1357.8,31.01212648
1357.9,28.46640463
1358,28.71158124
1358.1,28.86010182
1358.2,28.45267997
1358.3,28.63908075
1358.4,28.12568406
1358.5,28.64657814
1358.6,27.92964686
1358.7,29.0660144
1358.8,30.06169973
1358.9,29.53624012
1359,27.1801317
1359.1,28.90905815
1359.2,27.80647376
1359.3,30.81138653
1359.4,28.86472551
1359.5,29.4935839
1359.6,29.03324508
1359.7,29.49546841
1359.8,30.62869451
1359.9,27.36003069
1360,30.61725359
1360.1,31.18081938
1360.2,30.78707302
1360.3,30.87794177
1360.4,31.08606663
1360.5,28.35296243
1360.6,29.11661828
1360.7,29.61137251
1360.8,30.40604335
1360.9,32.41932683
1361,29.7871313
1361.1,29.35033602
1361.2,29.43737295
1361.3,31.43562547
1361.4,31.20899659
1361.5,31.25472266
1361.6,30.66965536
1361.7,33.241845
1361.8,30.09158897
1361.9,30.48052666
1362,31.54610297
1362.1,29.58741707
1362.2,32.26324711
1362.3,28.56004662
1362.4,30.56879029
1362.5,31.09662975
1362.6,33.43616737
1362.7,32.5686871
1362.8,30.64085352
1362.9,31.49898697
1363,36.89928757
1363.1,31.91689393
1363.2,30.37140673
1363.3,32.13815587
1363.4,32.95022398
1363.5,33.1963037
1363.6,31.52865785
1363.7,33.01451892
1363.8,30.16448343
1363.9,31.73612013
1364,31.97393763
1364.1,31.34983501
1364.2,32.32430858
1364.3,29.12404979
1364.4,31.70311877
1364.5,34.55637251
1364.6,31.19425187
1364.7,29.55630153
1364.8,29.132578
1364.9,27.85719221
1365,30.16682393
1365.1,32.17436552
1365.2,32.60384578
1365.3,31.07519613
1365.4,31.66193315
1365.5,28.45086469
1365.6,30.09104827
1365.7,31.58372476
1365.8,30.3514084
1365.9,30.04488318
1366,32.02430083
1366.1,31.40902458
1366.2,29.57906576
1366.3,28.62201969
1366.4,26.52406653
1366.5,29.82308787
1366.6,29.5438931
1366.7,30.05215398
1366.8,28.28622946
1366.9,28.16659803
1367,28.5731062
1367.1,27.27651999
1367.2,25.57120164
1367.3,29.17281128
1367.4,28.28329429
1367.5,29.5101491
1367.6,30.17386399
1367.7,30.0401579
1367.8,30.51562286
1367.9,30.53766456
1368,27.83171179
1368.1,24.67703946
1368.2,27.08584469
1368.3,28.19364059
1368.4,29.39690047
1368.5,28.63841587
1368.6,27.75106528
1368.7,27.89647677
1368.8,28.10189092
1368.9,28.24976026
1369,28.45982994
1369.1,25.89295792
1369.2,29.64146973
1369.3,28.16435162
1369.4,29.29414853
1369.5,28.30903224
1369.6,29.33851557
1369.7,26.72082695
1369.8,26.34002298
1369.9,28.28038007
1370,28.17681078
1370.1,29.64753135
1370.2,27.94108058
1370.3,27.61143381
1370.4,27.01709338
1370.5,27.18202609
1370.6,26.89794188
1370.7,28.31447103
1370.8,28.36118685
1370.9,28.20610403
1371,29.21767026
1371.1,28.87939198
1371.2,28.47647166
1371.3,28.60428544
1371.4,28.10579726
1371.5,26.41342399
1371.6,25.53968915
1371.7,27.17639306
1371.8,27.58957253
1371.9,26.76240879
1372,24.96314614
1372.1,26.85828803
1372.2,27.03096956
1372.3,26.298706
1372.4,23.79773708
1372.5,28.73455753
1372.6,24.06894802
1372.7,28.27439375
1372.8,29.56714214
1372.9,26.3900289
1373,26.04946098
1373.1,26.33989916
1373.2,26.48834629
1373.3,26.54924385
1373.4,29.18849271
1373.5,27.73551696
1373.6,27.53894265
1373.7,28.18979102
1373.8,24.87450896
1373.9,28.56351196
1374,23.19143875
1374.1,27.41595923
1374.2,26.99613166
1374.3,28.16505892
1374.4,25.50514653
1374.5,27.93423003
1374.6,26.86419266
1374.7,26.15241593
1374.8,27.96327604
1374.9,24.46571448
1375,27.22588206
1375.1,27.88284806
1375.2,26.21773981
1375.3,27.24486327
1375.4,26.33158762
1375.5,27.93492744
1375.6,24.40081435
1375.7,26.68032805
1375.8,26.16725608
1375.9,25.32949135
1376,26.5010431
1376.1,27.29241604
1376.2,26.24322063
1376.3,27.1755454
1376.4,25.79438273
1376.5,28.68318969
1376.6,27.21113612
1376.7,27.87658429
1376.8,26.3546675
1376.9,26.33223002
1377,23.58890745
1377.1,26.16350781
1377.2,26.84844313
1377.3,26.3639822
1377.4,25.94588333
1377.5,24.91960974
1377.6,24.16918703
1377.7,24.55559113
1377.8,27.90183027
1377.9,27.60450486
1378,28.26443516
1378.1,25.74496661
1378.2,24.61569604
1378.3,24.91766491
1378.4,27.18826296
1378.5,27.99721938
1378.6,26.01170457
1378.7,26.8581637
1378.8,25.23042488
1378.9,26.64403954
1379,25.22777952
1379.1,28.2621092
1379.2,26.29573598
1379.3,27.2767987
1379.4,26.41249302
1379.5,25.01854247
1379.6,27.48447418
1379.7,27.08930808
1379.8,27.790456
1379.9,27.6391715
1380,26.45359448
1380.1,26.55262436
1380.2,23.52856749
1380.3,26.94900997
1380.4,24.99307727
1380.5,23.88176097
1380.6,24.73142068
1380.7,26.27118556
1380.8,25.80761986
1380.9,26.25215201
1381,26.12079594
1381.1,28.40252556
1381.2,28.19764199
1381.3,27.18695736
1381.4,26.67919803
1381.5,26.03638818
1381.6,26.70863121
1381.7,24.81954735
1381.8,29.04228984
1381.9,26.60026853
1382,25.80211901
1382.1,26.62938689
1382.2,26.05934292
1382.3,26.40728293
1382.4,27.47602755
1382.5,27.51788216
1382.6,25.86907358
1382.7,27.88956464
1382.8,25.27194718
1382.9,26.5770097
1383,27.60685981
1383.1,28.65486389
1383.2,27.60942843
1383.3,27.62506979
1383.4,25.89878892
1383.5,29.06859184
1383.6,28.2306395
1383.7,27.29235031
1383.8,29.04636276
1383.9,26.79684339
1384,27.02895477
1384.1,28.44951141
1384.2,29.18877824
1384.3,26.20854118
1384.4,28.7821063
1384.5,28.5935095
1384.6,27.2001344
1384.7,27.65653846
1384.8,31.00512342
1384.9,29.11765771
1385,26.3602525
1385.1,25.38707964
1385.2,28.75685185
1385.3,27.98652332
1385.4,29.54300167
1385.5,28.72027298
1385.6,24.81632458
1385.7,29.77732458
1385.8,26.75500607
1385.9,28.89369313
1386,28.48322183
1386.1,30.09623772
1386.2,33.43717613
1386.3,29.81080763
1386.4,30.98379913
1386.5,29.0088813
1386.6,29.07401743
1386.7,30.77993684
1386.8,29.48769479
1386.9,30.38108389
1387,30.0138725
1387.1,31.81178938
1387.2,28.85565718
1387.3,29.98826253
1387.4,29.216644
1387.5,30.51093673
1387.6,29.13475171
1387.7,30.3246764
1387.8,32.42437824
1387.9,32.98490847
1388,29.52815044
1388.1,30.79523491
1388.2,30.01844285
1388.3,30.00155315
1388.4,29.11330732
1388.5,31.19228891
1388.6,29.8634151
1388.7,31.58890436
1388.8,32.13852758
1388.9,30.52522312
1389,31.50337781
1389.1,28.14345272
1389.2,31.64360994
1389.3,30.47067176
1389.4,30.05821637
1389.5,34.42774486
1389.6,35.5171747
1389.7,34.35297532
1389.8,32.77712294
1389.9,33.17632494
1390,30.79612731
1390.1,31.57435397
1390.2,32.40561554
1390.3,32.12626158
1390.4,32.66610641
1390.5,32.59529615
1390.6,34.40467079
1390.7,32.58838082
1390.8,33.37537422
1390.9,36.08128066
1391,35.9381756
1391.1,33.57612992
1391.2,37.55902972
1391.3,34.53597386
1391.4,34.91274402
1391.5,31.90378178
1391.6,35.11722092
1391.7,32.22291322
1391.8,29.64544893
1391.9,38.02895449
1392,35.53109955
1392.1,33.51646182
1392.2,33.45011751
1392.3,33.62737224
1392.4,33.92713343
1392.5,34.42033799
1392.6,33.3731642
1392.7,34.34750456
1392.8,39.44412091
1392.9,35.01748495
1393,37.31947477
1393.1,33.78222911
1393.2,34.70394871
1393.3,36.98161567
1393.4,34.7415801
1393.5,36.49481388
1393.6,35.82598126
1393.7,35.95051048
1393.8,35.82327107
1393.9,34.57287357
1394,37.09603256
1394.1,35.31399672
1394.2,35.86858682
1394.3,37.72908665
1394.4,37.72495759
1394.5,38.0091807
1394.6,38.43153415
1394.7,36.99971929
1394.8,36.77787629
1394.9,32.57197566
1395,37.30553869
1395.1,35.70954965
1395.2,34.09692053
1395.3,36.1043437
1395.4,33.80379122
1395.5,35.75665228
1395.6,33.1327538
1395.7,35.18145292
1395.8,38.67756616
1395.9,39.51120759
1396,37.3610108
1396.1,36.05495117
1396.2,37.96442965
1396.3,37.33390377
1396.4,37.90358094
1396.5,39.34748139
1396.6,36.6346665
1396.7,34.42106024
1396.8,34.40919975
1396.9,33.69902823
1397,33.65965206
1397.1,34.92455412
1397.2,36.77162244
1397.3,34.8603094
1397.4,36.94313783
1397.5,36.12595036
1397.6,35.0938636
1397.7,37.58733498
1397.8,35.79264862
1397.9,36.75202073
1398,38.81529107
1398.1,37.64155884
1398.2,35.48892015
1398.3,35.17053008
1398.4,36.55299152
1398.5,36.03573842
1398.6,34.12498387
1398.7,35.98717264
1398.8,36.02709614
1398.9,35.34445122
1399,36.07828689
1399.1,35.38362966
1399.2,30.63815565
1399.3,36.1565874
1399.4,33.14611902
1399.5,34.67341357
1399.6,38.15692938
1399.7,35.62086627
1399.8,33.40553698
1399.9,34.51203145
1400,34.88186383
1400.1,33.52727842
1400.2,34.89129966
1400.3,39.81624512
1400.4,35.07497385
1400.5,36.24457374
1400.6,35.23871794
1400.7,36.18081737
1400.8,33.51861583
1400.9,32.03293378
1401,34.41000145
1401.1,36.33815257
1401.2,40.21625964
1401.3,37.00801997
1401.4,38.45805303
1401.5,33.98521901
1401.6,36.54381277
1401.7,35.38861766
1401.8,36.67624548
1401.9,34.2842919
1402,31.94193489
1402.1,32.93365978
1402.2,35.39453996
1402.3,34.52087304
1402.4,34.64290662
1402.5,32.73641856
1402.6,35.84645484
1402.7,36.77077146
1402.8,38.44581552
1402.9,37.93938047
1403,35.78841047
1403.1,35.17381899
1403.2,31.80070994
1403.3,34.13928413
1403.4,33.83091654
1403.5,32.81828284
1403.6,35.01043849
1403.7,35.641616
1403.8,37.26710046
1403.9,31.6137217
1404,34.39174545
1404.1,38.31392501
1404.2,34.13517712
1404.3,33.47371278
1404.4,32.34928665
1404.5,37.96730705
1404.6,35.43917287
1404.7,36.8246716
1404.8,33.46420786
1404.9,33.47855457
1405,35.89012617
1405.1,34.30867515
1405.2,31.87404186
1405.3,32.81431605
1405.4,31.65933514
1405.5,35.67026606
1405.6,34.18303357
1405.7,35.66290551
1405.8,31.76227738
1405.9,33.31213261
1406,31.52624547
1406.1,35.1329027
1406.2,32.75505946
1406.3,36.57500934
1406.4,34.54604758
1406.5,34.55054345
1406.6,31.23262397
1406.7,36.08438757
1406.8,32.9085018
1406.9,32.69238316
1407,34.38802632
1407.1,35.00520691
1407.2,35.85923529
1407.3,32.4657553
1407.4,34.14671794
1407.5,34.99023866
1407.6,37.83076673
1407.7,37.28796151
1407.8,33.37045143
1407.9,33.37478805
1408,36.7444277
1408.1,38.680225
1408.2,33.66791138
1408.3,34.14842277
1408.4,34.74069345
1408.5,37.24935367
1408.6,32.76353593
1408.7,33.7278286
1408.8,35.42392693
1408.9,32.46715779
1409,35.01039297
1409.1,35.49183522
1409.2,35.44739374
1409.3,36.40103435
1409.4,38.17439845
1409.5,38.0085449
1409.6,34.55655592
1409.7,35.58583151
1409.8,37.43066847
1409.9,34.6530897
1410,35.45244234
1410.1,35.13569825
1410.2,34.65129219
1410.3,34.82860204
1410.4,35.74088607
1410.5,34.10082523
1410.6,34.78873636
1410.7,34.93367383
1410.8,34.8020974
1410.9,39.36372769
1411,37.00863755
1411.1,39.53562403
1411.2,38.94082669
1411.3,34.25942398
1411.4,35.84796369
1411.5,35.56657999
1411.6,36.32223636
1411.7,34.89480159
1411.8,37.69240497
1411.9,35.29393881
1412,32.27427782
1412.1,34.55383531
1412.2,35.88156278
1412.3,34.58935604
1412.4,37.45461541
1412.5,34.0181371
1412.6,34.0589665
1412.7,38.75604123
1412.8,35.89315061
1412.9,37.22570176
1413,36.85760987
1413.1,36.61894056
1413.2,36.0338129
1413.3,35.8274793
1413.4,37.28763153
1413.5,37.02939508
1413.6,36.31600941
1413.7,36.51824646
1413.8,37.53177849
1413.9,36.7021118
1414,36.1886243
1414.1,37.68781427
1414.2,38.38731391
1414.3,35.97679483
1414.4,36.79659716
1414.5,36.84317021
1414.6,38.83293259
1414.7,36.79089993
1414.8,38.41923025
1414.9,38.0805285
1415,36.68167471
1415.1,34.95094639
1415.2,35.84157223
1415.3,36.41345493
1415.4,35.25306859
1415.5,36.24127128
1415.6,35.15026301
1415.7,36.59608504
1415.8,37.08132315
1415.9,35.99010803
1416,36.55113703
1416.1,36.91027403
1416.2,33.1180323
1416.3,38.74877064
1416.4,36.85745437
1416.5,35.3707959
1416.6,34.59466728
1416.7,34.6536957
1416.8,36.93331226
1416.9,35.17206502
1417,37.69996958
1417.1,36.41958938
1417.2,34.7814971
1417.3,37.25035616
1417.4,36.76661793
1417.5,36.80199132
1417.6,37.81579001
1417.7,39.00903438
1417.8,38.45500852
1417.9,38.8683058
1418,37.71076774
1418.1,34.15140768
1418.2,36.99744755
1418.3,32.1745376
1418.4,34.8140737
1418.5,32.51050666
1418.6,34.77274871
1418.7,33.57680536
1418.8,36.63333836
1418.9,34.96018747
1419,34.97205893
1419.1,38.48639476
1419.2,31.20193106
1419.3,35.18879771
1419.4,35.84505654
1419.5,35.82866959
1419.6,35.64261136
1419.7,37.1857652
1419.8,35.44467677
1419.9,35.67236889
1420,35.57083972
1420.1,31.31074493
1420.2,32.88943657
1420.3,33.04772097
1420.4,33.90951531
1420.5,34.45959371
1420.6,31.05360718
1420.7,33.27134987
1420.8,35.21502978
1420.9,34.93254746
1421,34.00567522
1421.1,36.87163801
1421.2,36.20300996
1421.3,35.3296136
1421.4,34.15932741
1421.5,34.89211948
1421.6,33.27341797
1421.7,31.60824366
1421.8,31.73429123
1421.9,34.91885132
1422,32.48070158
1422.1,34.3911698
1422.2,32.77295974
1422.3,33.60810165
1422.4,33.55739005
1422.5,32.21074841
1422.6,33.93986114
1422.7,33.74988193
1422.8,34.97450261
1422.9,34.84126037
1423,34.36075404
1423.1,36.2841658
1423.2,34.33076175
1423.3,32.23888136
1423.4,34.02793199
1423.5,31.56125638
1423.6,32.69835023
1423.7,32.62612161
1423.8,35.35463015
1423.9,34.37069619
1424,36.77422543
1424.1,33.38015708
1424.2,34.96209336
1424.3,36.21339672
1424.4,37.03060345
1424.5,35.04054592
1424.6,35.03787058
1424.7,36.36142487
1424.8,34.87775878
1424.9,32.48678806
1425,34.32108593
1425.1,35.78935648
1425.2,34.33511018
1425.3,35.2624367
1425.4,34.7487235
1425.5,35.13853186
1425.6,38.01150419
1425.7,37.80881128
1425.8,37.22470343
1425.9,35.1754205
1426,36.88320644
1426.1,39.91085851
1426.2,38.75052085
1426.3,39.54502588
1426.4,36.79806392
1426.5,36.91871529
1426.6,36.63251781
1426.7,35.43762581
1426.8,34.41939357
1426.9,34.62147222
1427,36.08463667
1427.1,37.18052504
1427.2,37.22848092
1427.3,38.03522327
1427.4,39.11100749
1427.5,39.96919832
1427.6,38.18877915
1427.7,40.64270915
1427.8,40.34732304
1427.9,40.9545597
1428,40.5487501
1428.1,38.7862167
1428.2,38.28566564
1428.3,38.92264773
1428.4,39.55457359
1428.5,38.11325146
1428.6,40.57941307
1428.7,37.36900573
1428.8,42.34334741
1428.9,40.46348733
1429,40.40005867
1429.1,39.15104351
1429.2,39.6774695
1429.3,42.8508242
1429.4,39.80322394
1429.5,44.04690857
1429.6,40.41098261
1429.7,43.25119494
1429.8,40.64570131
1429.9,40.03305552
1430,41.15990456
1430.1,42.94815645
1430.2,39.28004343
1430.3,39.51636103
1430.4,36.74775148
1430.5,41.51162091
1430.6,41.02721539
1430.7,40.45115306
1430.8,41.4855431
1430.9,42.47653997
1431,44.01767741
1431.1,45.53555885
1431.2,42.43836161
1431.3,45.13074383
1431.4,43.59900513
1431.5,43.86052633
1431.6,40.44332262
1431.7,44.43447938
1431.8,42.59058804
1431.9,38.1866365
1432,43.69967102
1432.1,42.46211553
1432.2,41.19346744
1432.3,43.03709894
1432.4,42.97115763
1432.5,44.07287675
1432.6,43.00450516
1432.7,41.35748125
1432.8,41.82235745
1432.9,44.7782517
1433,45.18905915
1433.1,43.7906004
1433.2,43.58604822
1433.3,42.40512361
1433.4,43.19837565
1433.5,43.61949763
1433.6,43.12519884
1433.7,43.33525335
1433.8,41.45227682
1433.9,41.33976803
1434,43.38410772
1434.1,42.31285724
1434.2,42.92084001
1434.3,43.46086491
1434.4,44.82990308
1434.5,44.17984444
1434.6,44.52828919
1434.7,42.61712879
1434.8,43.36625731
1434.9,43.00619301
1435,44.0392042
1435.1,41.70493173
1435.2,42.83402961
1435.3,44.86844953
1435.4,39.93711626
1435.5,43.90654221
1435.6,40.48701
1435.7,41.96524359
1435.8,40.4687506
1435.9,43.31835886
1436,44.80300277
1436.1,42.74707439
1436.2,44.24629396
1436.3,44.0872717
1436.4,41.008675
1436.5,41.88729546
1436.6,42.90126231
1436.7,40.77707989
1436.8,40.92101742
1436.9,43.44010207
1437,43.14970374
1437.1,39.65264376
1437.2,38.05109903
1437.3,39.00999209
1437.4,41.67674123
1437.5,40.43333565
1437.6,35.35705016
1437.7,37.48852492
1437.8,33.74060084
1437.9,34.99886486
1438,31.75754579
1438.1,32.79924937
1438.2,28.12007648
1438.3,30.23571896
1438.4,29.76016022
1438.5,28.58644321
1438.6,27.0278419
1438.7,24.96493264
1438.8,24.59282892
1438.9,22.45069206
1439,21.88994386
1439.1,21.90533862
1439.2,20.15096246
1439.3,21.42806705
1439.4,21.89218489
1439.5,17.73965842
1439.6,22.2849402
1439.7,22.39499729
1439.8,25.05082047
1439.9,21.74249471
1440,25.96902329
1440.1,22.91966264
1440.2,24.70380202
1440.3,20.52998827
1440.4,19.78794927
1440.5,23.35682161
1440.6,22.40930332
1440.7,25.18262094
1440.8,24.57635347
1440.9,24.96484207
1441,24.36148549
1441.1,27.8398485
1441.2,26.42771428
1441.3,31.07972476
1441.4,27.55149912
1441.5,29.21491999
1441.6,27.44396003
1441.7,30.99030983
1441.8,30.57968482
1441.9,32.79456849
1442,30.96978555
1442.1,31.25167438
1442.2,29.64467347
1442.3,28.19653329
1442.4,30.41693537
1442.5,31.8273307
1442.6,30.59197417
1442.7,27.51636989
1442.8,29.56763678
1442.9,28.4154854
1443,27.9477545
1443.1,31.94063967
1443.2,29.34020238
1443.3,32.4981428
1443.4,32.00957974
1443.5,30.75990703
1443.6,30.26728357
1443.7,30.5840749
1443.8,30.49939703
1443.9,30.54400247
1444,30.35176449
1444.1,30.88924928
1444.2,28.12035542
1444.3,29.62416115
1444.4,29.32315671
1444.5,28.89077593
1444.6,31.27387018
1444.7,29.54010739
1444.8,28.63856337
1444.9,30.3744533
1445,29.38063086
1445.1,27.76202717
1445.2,30.80725087
1445.3,32.68534345
1445.4,31.77534433
1445.5,29.84705142
1445.6,30.61400331
1445.7,32.68474279
1445.8,30.63573131
1445.9,30.45780148
1446,31.02329209
1446.1,30.71732801
1446.2,31.50533436
1446.3,28.89225338
1446.4,31.0932289
1446.5,28.07071627
1446.6,29.25690197
1446.7,29.26081016
1446.8,28.68707027
1446.9,32.29182695
1447,31.19524377
1447.1,33.22585286
1447.2,29.91714982
1447.3,28.80511861
1447.4,29.71469958
1447.5,30.24663183
1447.6,32.30773155
1447.7,30.37871901
1447.8,30.33109056
1447.9,30.54052818
1448,29.71668288
1448.1,28.10354895
1448.2,28.25892754
1448.3,28.35396162
1448.4,27.76351994
1448.5,30.20942218
1448.6,31.95139029
1448.7,29.53610058
1448.8,29.0569854
1448.9,28.84597246
1449,31.2693885
1449.1,28.53698394
1449.2,27.62784546
1449.3,27.55279231
1449.4,28.4328032
1449.5,30.36303212
1449.6,30.95737446
1449.7,29.10391024
1449.8,30.21024633
1449.9,30.51818839
1450,30.60083863
1450.1,30.32102903
1450.2,30.31789694
1450.3,29.89937671
1450.4,31.21166321
1450.5,30.04669177
1450.6,30.7661019
1450.7,28.00077498
1450.8,29.45349864
1450.9,27.58144975
1451,27.75965826
1451.1,28.53703759
1451.2,27.99034877
1451.3,27.19026778
1451.4,27.01401713
1451.5,28.57917018
1451.6,29.72667065
1451.7,31.45058425
1451.8,30.27511815
1451.9,30.16669851
1452,30.81423303
1452.1,31.2643666
1452.2,31.08670999
1452.3,30.89260354
1452.4,28.21251668
1452.5,29.70709986
1452.6,28.82950662
1452.7,31.22767482
1452.8,28.56687822
1452.9,29.7540575
1453,28.88302477
1453.1,30.26216767
1453.2,29.55898407
1453.3,32.86474102
1453.4,28.26645255
1453.5,30.14014975
1453.6,30.65936317
1453.7,29.0887254
1453.8,33.40184999
1453.9,29.77333281
1454,28.37447783
1454.1,29.75840781
1454.2,31.04016677
1454.3,29.94094071
1454.4,28.67950007
1454.5,30.63001685
1454.6,29.89365655
1454.7,30.36041055
1454.8,28.19860167
1454.9,30.81585684
1455,29.41916952
1455.1,29.36940227
1455.2,29.47471196
1455.3,29.94152214
1455.4,34.01890541
1455.5,28.92327812
1455.6,26.73086618
1455.7,29.9411889
1455.8,31.27785873
1455.9,31.42772621
1456,29.82270152
1456.1,28.13567076
1456.2,27.76267925
1456.3,29.42585417
1456.4,27.07364769
1456.5,29.3765231
1456.6,27.2468186
1456.7,29.98030589
1456.8,30.81292015
1456.9,29.82308832
1457,28.09735616
1457.1,28.32139344
1457.2,30.40961945
1457.3,29.42879183
1457.4,27.44347012
1457.5,26.91974056
1457.6,24.98411213
1457.7,29.49536853
1457.8,29.47309041
1457.9,27.55543691
1458,27.72727197
1458.1,29.3904411
1458.2,26.0997957
1458.3,30.42746741
1458.4,29.88859668
1458.5,26.24731502
1458.6,29.53874661
1458.7,28.29696674
1458.8,29.62214537
1458.9,30.72719406
1459,30.26367742
1459.1,30.00592885
1459.2,27.89328512
1459.3,29.26375609
1459.4,30.04180295
1459.5,29.54752756
1459.6,27.14931527
1459.7,29.38143105
1459.8,27.27838182
1459.9,28.26113289
1460,28.23152675
1460.1,29.43898306
1460.2,31.60697563
1460.3,28.22979346
1460.4,31.35343267
1460.5,29.27292011
1460.6,26.59406135
1460.7,28.73519905
1460.8,29.2905169
1460.9,29.71656277
1461,28.72385302
1461.1,27.9034455
1461.2,28.89191354
1461.3,26.68354379
1461.4,28.24478142
1461.5,27.53659281
1461.6,27.92869055
1461.7,27.30403229
1461.8,30.2256704
1461.9,27.91206045
1462,29.81327528
1462.1,28.84693688
1462.2,28.51776314
1462.3,30.42043131
1462.4,28.89533326
1462.5,25.33761724
1462.6,25.9528554
1462.7,26.52919442
1462.8,28.11901538
1462.9,27.04548713
1463,27.92084397
1463.1,28.07003782
1463.2,27.28584706
1463.3,29.0539878
1463.4,33.26130343
1463.5,30.8290836
1463.6,27.24803454
1463.7,30.63212261
1463.8,26.97849271
1463.9,25.14328604
1464,29.14881596
1464.1,28.39946097
1464.2,27.51144692
1464.3,27.69388244
1464.4,28.37097538
1464.5,27.53226647
1464.6,27.18955369
1464.7,26.31595667
1464.8,27.51885843
1464.9,25.06266542
1465,27.49896115
1465.1,28.04002595
1465.2,27.95345305
1465.3,28.08111081
1465.4,29.14275097
1465.5,26.9050237
1465.6,26.63237145
1465.7,30.14840302
1465.8,28.30847128
1465.9,26.68696315
1466,27.50071819
1466.1,29.4035059
1466.2,29.6147306
1466.3,27.71091211
1466.4,27.09325194
1466.5,30.70225945
1466.6,27.4955177
1466.7,28.81496644
1466.8,29.7481084
1466.9,27.95868594
1467,29.29449503
1467.1,27.45404438
1467.2,27.22116639
1467.3,28.6656365
1467.4,28.41660495
1467.5,25.58499302
1467.6,25.3349439
1467.7,29.24083859
1467.8,29.63116555
1467.9,28.79882673
1468,27.11807032
1468.1,28.63277752
1468.2,28.03336925
1468.3,28.15037162
1468.4,29.95772572
1468.5,31.11739781
1468.6,29.44938835
1468.7,27.86370126
1468.8,28.92038568
1468.9,27.80746994
1469,26.84482682
1469.1,30.29700434
1469.2,27.88341211
1469.3,25.91780206
1469.4,27.58018566
1469.5,26.01852504
1469.6,27.54055705
1469.7,27.65830203
1469.8,27.37410498
1469.9,28.73740645
1470,30.53740015
1470.1,29.208407
1470.2,29.36858678
1470.3,30.28300433
1470.4,28.92202522
1470.5,28.60083127
1470.6,27.56311085
1470.7,27.71629543
1470.8,27.92472673
1470.9,27.38865561
1471,28.63832704
1471.1,25.79081928
1471.2,28.53120448
1471.3,25.81292901
1471.4,28.21676439
1471.5,28.13207611
1471.6,27.883375
1471.7,27.08091346
1471.8,29.38076113
1471.9,32.00472953
1472,29.94689392
1472.1,27.28679368
1472.2,26.67472602
1472.3,29.88335917
1472.4,27.79162681
1472.5,29.5990683
1472.6,28.95235239
1472.7,26.62243931
1472.8,28.81002608
1472.9,26.26356179
1473,29.72173218
1473.1,26.65467186
1473.2,29.66487633
1473.3,30.37126421
1473.4,25.42130511
1473.5,29.4715998
1473.6,30.25884317
1473.7,27.54381874
1473.8,26.87765761
1473.9,29.93559818
1474,28.27912514
1474.1,29.71179752
1474.2,25.64044874
1474.3,29.30580215
1474.4,29.91626927
1474.5,26.71546806
1474.6,25.09164074
1474.7,26.80243168
1474.8,30.20103212
1474.9,28.79437456
1475,29.29384899
1475.1,31.29127649
1475.2,28.27282228
1475.3,30.52814559
1475.4,30.34204427
1475.5,29.45171857
1475.6,27.54202076
1475.7,25.75684506
1475.8,26.45365297
1475.9,27.98158944
1476,28.38984975
1476.1,27.09892758
1476.2,29.39527783
1476.3,25.44233672
1476.4,28.957384
1476.5,28.4595474
1476.6,30.25364288
1476.7,30.43355665
1476.8,28.68489542
1476.9,28.0493389
1477,28.86052899
1477.1,26.64136452
1477.2,27.65207059
1477.3,26.52965
1477.4,29.14626852
1477.5,27.87131525
1477.6,25.87958128
1477.7,28.97728869
1477.8,28.91467153
1477.9,28.37004316
1478,28.7822495
1478.1,29.10001413
1478.2,29.71096579
1478.3,30.55101289
1478.4,29.62187077
1478.5,29.72583731
1478.6,28.21542389
1478.7,30.66028119
1478.8,28.35761823
1478.9,29.83730943
1479,26.85365152
1479.1,29.15265343
1479.2,28.08751485
1479.3,30.43341022
1479.4,30.04244755
1479.5,28.89242892
1479.6,30.39131832
1479.7,28.26207921
1479.8,29.21685875
1479.9,29.33983373
1480,28.40323505
1480.1,29.92483172
1480.2,31.03503789
1480.3,28.57099058
1480.4,25.62892572
1480.5,30.14557572
1480.6,29.6928998
1480.7,28.61114046
1480.8,29.76999864
1480.9,29.41763762
1481,28.57520388
1481.1,29.10006166
1481.2,29.7869643
1481.3,29.08165751
1481.4,30.68992734
1481.5,29.14247335
1481.6,32.54092883
1481.7,29.73880628
1481.8,30.0342501
1481.9,28.11279999
1482,30.15835353
1482.1,30.51774503
1482.2,30.59083653
1482.3,30.00683619
1482.4,29.80796534
1482.5,26.52158713
1482.6,28.92533206
1482.7,28.0431796
1482.8,30.2083637
1482.9,30.1489309
1483,28.91765449
1483.1,30.05485003
1483.2,29.67151185
1483.3,32.74980617
1483.4,32.54533093
1483.5,31.00164142
1483.6,32.39178772
1483.7,33.9923354
1483.8,32.80442046
1483.9,33.58517424
1484,32.41766501
1484.1,33.63449264
1484.2,31.86450949
1484.3,27.88929045
1484.4,31.51567637
1484.5,28.82888487
1484.6,28.80887106
1484.7,30.93265133
1484.8,29.02356198
1484.9,33.08609548
1485,30.40369922
1485.1,31.91006166
1485.2,34.26644562
1485.3,31.75971829
1485.4,30.56950476
1485.5,33.9410916
1485.6,32.49826714
1485.7,33.13457039
1485.8,32.73845344
1485.9,31.08213313
1486,31.81028913
1486.1,31.545081
1486.2,32.92866274
1486.3,33.41544795
1486.4,29.66879217
1486.5,32.21598526
1486.6,34.4523062
1486.7,32.21351848
1486.8,31.16200474
1486.9,35.7994375
1487,32.83396119
1487.1,31.25808386
1487.2,33.80708522
1487.3,35.04780336
1487.4,33.59760205
1487.5,34.37807419
1487.6,33.66674367
1487.7,32.09229492
1487.8,29.99619634
1487.9,34.14124965
1488,35.12688861
1488.1,35.74354438
1488.2,33.02150699
1488.3,34.40203459
1488.4,36.53689248
1488.5,34.85693563
1488.6,35.17693572
1488.7,33.5895457
1488.8,33.77976869
1488.9,35.27933981
1489,34.1267004
1489.1,33.76473288
1489.2,36.97565552
1489.3,35.25746394
1489.4,33.25763433
1489.5,36.33259928
1489.6,31.15368092
1489.7,34.8198386
1489.8,36.41515027
1489.9,38.49415898
1490,38.93297261
1490.1,38.10199063
1490.2,35.83547987
1490.3,36.78836891
1490.4,37.09952199
1490.5,38.00694677
1490.6,34.66134498
1490.7,35.43372617
1490.8,36.89428728
1490.9,32.6831608
1491,34.34225366
1491.1,35.25320583
1491.2,35.89391262
1491.3,36.77042271
1491.4,36.82444825
1491.5,36.81812593
1491.6,41.61319582
1491.7,38.80074826
1491.8,37.40369758
1491.9,39.61101093
1492,39.26413956
1492.1,36.95161528
1492.2,38.51147936
1492.3,39.22553032
1492.4,39.28845329
1492.5,38.7308536
1492.6,39.23662195
1492.7,38.60158546
1492.8,38.28287152
1492.9,39.21620253
1493,38.32193839
1493.1,39.10654413
1493.2,44.1720774
1493.3,43.2447884
1493.4,40.05538749
1493.5,41.06252625
1493.6,41.77130765
1493.7,43.09406786
1493.8,42.30948748
1493.9,39.46874902
1494,39.68613204
1494.1,41.67479063
1494.2,42.55206859
1494.3,41.20847751
1494.4,41.30858793
1494.5,43.09712723
1494.6,43.33697149
1494.7,40.1565933
1494.8,44.98601133
1494.9,42.08386455
1495,42.03562307
1495.1,43.78969826
1495.2,45.97493678
1495.3,41.93135502
1495.4,42.84621292
1495.5,41.89573641
1495.6,43.06781226
1495.7,45.10601769
1495.8,43.86122798
1495.9,42.26838838
1496,44.04023701
1496.1,44.07326656
1496.2,45.10080166
1496.3,43.56014138
1496.4,45.02924969
1496.5,47.65291796
1496.6,46.64114249
1496.7,46.30135847
1496.8,46.85343271
1496.9,49.62872114
1497,45.26591802
1497.1,47.09577424
1497.2,48.7456529
1497.3,46.72991818
1497.4,47.03821445
1497.5,47.30391272
1497.6,49.90603357
1497.7,46.18771018
1497.8,47.06745268
1497.9,45.81672177
1498,48.46925973
1498.1,50.24663543
1498.2,50.90975427
1498.3,50.77676091
1498.4,51.60068481
1498.5,49.93279757
1498.6,49.69927902
1498.7,51.00494267
1498.8,51.84176525
1498.9,50.03301497
1499,47.64146905
1499.1,50.15922167
1499.2,52.8966547
1499.3,53.1227667
1499.4,49.01944319
1499.5,50.49377927
1499.6,53.08770185
1499.7,52.8174261
1499.8,53.100126
1499.9,52.45543164
1500,55.39133194
1500.1,54.06274296
1500.2,53.30530124
1500.3,51.78036808
1500.4,53.17215989
1500.5,53.39845255
1500.6,52.82028304
1500.7,52.20150561
1500.8,53.30912248
1500.9,54.15927112
1501,55.01744847
1501.1,51.76792088
1501.2,55.8287161
1501.3,53.84835254
1501.4,56.1781003
1501.5,55.11513638
1501.6,57.83679901
1501.7,56.22984273
