0,28
0.1,25
0.2,22
0.3,23
0.4,24
0.5,30
0.6,20
0.7,30
0.8,30
0.9,30
1,25
1.1,30
1.2,24
1.3,20
1.4,22
1.5,29
1.6,20
1.7,25
1.8,21
1.9,23
2,21
2.1,29
2.2,26
2.3,29
2.4,27
2.5,30
2.6,25
2.7,26
2.8,26
2.9,25
3,28
3.1,26
3.2,28
3.3,28
3.4,22
3.5,27
3.6,22
3.7,26
3.8,27
3.9,30
4,20
4.1,21
4.2,21
4.3,24
4.4,28
4.5,28
4.6,27
4.7,29
4.8,23
4.9,21
5,21
5.1,29
5.2,27
5.3,27
5.4,23
5.5,24
5.6,30
5.7,21
5.8,28
5.9,23
6,20
6.1,27
6.2,23
6.3,27
6.4,27
6.5,25
6.6,28
6.7,26
6.8,23
6.9,27
7,26
7.1,20
7.2,29
7.3,25
7.4,29
7.5,29
7.6,24
7.7,25
7.8,24
7.9,24
8,29
8.1,28
8.2,21
8.3,26
8.4,30
8.5,26
8.6,28
8.7,28
8.8,24
8.9,24
9,27
9.1,25
9.2,26
9.3,27
9.4,28
9.5,23
9.6,21
9.7,23
9.8,25
9.9,23
10,26
10.1,21
10.2,25
10.3,24
10.4,25
10.5,24
10.6,23
10.7,29
10.8,22
10.9,27
11,29
11.1,25
11.2,29
11.3,21
11.4,25
11.5,25
11.6,20
11.7,24
11.8,24
11.9,27
12,29
12.1,21
12.2,23
12.3,24
12.4,25
12.5,28
12.6,24
12.7,20
12.8,27
12.9,29
13,25
13.1,26
13.2,22
13.3,22
13.4,22
13.5,24
13.6,29
13.7,25
13.8,22
13.9,23
14,24
14.1,26
14.2,24
14.3,24
14.4,26
14.5,22
14.6,21
14.7,20
14.8,23
14.9,21
15,23
15.1,28
15.2,27
15.3,26
15.4,29
15.5,23
15.6,29
15.7,24
15.8,24
15.9,24
16,21
16.1,30
16.2,21
16.3,24
16.4,23
16.5,21
16.6,23
16.7,21
16.8,23
16.9,29
17,24
17.1,21
17.2,27
17.3,31
17.4,24
17.5,23
17.6,30
17.7,22
17.8,25
17.9,23
18,30
18.1,31
18.2,30
18.3,24
18.4,25
18.5,24
18.6,29
18.7,31
18.8,27
18.9,29
19,23
19.1,27
19.2,29
19.3,28
19.4,25
19.5,20
19.6,30
19.7,31
19.8,32
19.9,29
20,28
20.1,25
20.2,32
20.3,29
20.4,29
20.5,31
20.6,30
20.7,21
20.8,25
20.9,32
21,39
21.1,30
21.2,26
21.3,36
21.4,34
21.5,30
21.6,26
21.7,31
21.8,37
21.9,28
22,30
22.1,22
22.2,38
22.3,37
22.4,21
22.5,29
22.6,27
22.7,33
22.8,29
22.9,32
23,35
23.1,32
23.2,25
23.3,29
23.4,31
23.5,26
23.6,29
23.7,25
23.8,35
23.9,28
24,34
24.1,24
24.2,36
24.3,31
24.4,32
24.5,37
24.6,30
24.7,34
24.8,31
24.9,24
25,32
25.1,22
25.2,23
25.3,34
25.4,25
25.5,37
25.6,30
25.7,41
25.8,33
25.9,44
26,26
26.1,40
26.2,37
26.3,29
26.4,29
26.5,26
26.6,35
26.7,29
26.8,27
26.9,39
27,34
27.1,39
27.2,41
27.3,40
27.4,36
27.5,56
27.6,36
27.7,33
27.8,29
27.9,32
28,31
28.1,31
28.2,41
28.3,40
28.4,29
28.5,33
28.6,40
28.7,38
28.8,41
28.9,41
29,31
29.1,33
29.2,26
29.3,53
29.4,55
29.5,31
29.6,35
29.7,28
29.8,36
29.9,55
30,46
30.1,33
30.2,32
30.3,26
30.4,40
30.5,36
30.6,48
30.7,50
30.8,52
30.9,46
31,32
31.1,56
31.2,28
31.3,29
31.4,45
31.5,28
31.6,41
31.7,34
31.8,49
31.9,28
32,56
32.1,33
32.2,40
32.3,26
32.4,38
32.5,37
32.6,97
32.7,38
32.8,39
32.9,33
33,49
33.1,48
33.2,57
33.3,56
33.4,52
33.5,48
33.6,38
33.7,44
33.8,31
33.9,31
34,58
34.1,57
34.2,27
34.3,56
34.4,51
34.5,35
34.6,59
34.7,32
34.8,40
34.9,28
35,31
35.1,22
35.2,29
35.3,44
35.4,33
35.5,34
35.6,28
35.7,38
35.8,42
35.9,33
36,31
36.1,35
36.2,42
36.3,38
36.4,31
36.5,36
36.6,45
36.7,34
36.8,28
36.9,62
37,30
37.1,41
37.2,54
37.3,46
37.4,21
37.5,35
37.6,45
37.7,37
37.8,38
37.9,60
38,34
38.1,34
38.2,37
38.3,33
38.4,29
38.5,39
38.6,37
38.7,48
38.8,35
38.9,47
39,30
39.1,42
39.2,26
39.3,41
39.4,34
39.5,38
39.6,32
39.7,28
39.8,28
39.9,48
40,24
40.1,29
40.2,34
40.3,22
40.4,32
40.5,40
40.6,36
40.7,44
40.8,36
40.9,35
41,26
41.1,25
41.2,33
41.3,39
41.4,23
41.5,32
41.6,30
41.7,29
41.8,41
41.9,42
42,30
42.1,33
42.2,39
42.3,29
42.4,36
42.5,29
42.6,43
42.7,33
42.8,31
42.9,36
43,29
43.1,33
43.2,45
43.3,27
43.4,29
43.5,35
43.6,41
43.7,32
43.8,36
43.9,31
44,37
44.1,30
44.2,27
44.3,38
44.4,35
44.5,38
44.6,23
44.7,29
44.8,36
44.9,26
45,36
45.1,34
45.2,37
45.3,38
45.4,31
45.5,26
45.6,43
45.7,21
45.8,28
45.9,29
46,29
46.1,40
46.2,27
46.3,42
46.4,30
46.5,32
46.6,26
46.7,29
46.8,28
46.9,31
47,27
47.1,28
47.2,24
47.3,26
47.4,29
47.5,28
47.6,26
47.7,22
47.8,31
47.9,31
48,22
48.1,28
48.2,27
48.3,24
48.4,26
48.5,31
48.6,29
48.7,23
48.8,34
48.9,25
49,32
49.1,22
49.2,25
49.3,30
49.4,24
49.5,31
49.6,28
49.7,23
49.8,26
49.9,27
50,24
50.1,31
50.2,31
50.3,23
50.4,30
50.5,25
50.6,28
50.7,31
50.8,25
50.9,29
51,26
51.1,26
51.2,31
51.3,26
51.4,26
51.5,27
51.6,24
51.7,24
51.8,30
51.9,27
52,28
52.1,23
52.2,25
52.3,30
52.4,24
52.5,22
52.6,25
52.7,24
52.8,22
52.9,29
53,30
53.1,26
53.2,28
53.3,29
53.4,27
53.5,21
53.6,22
53.7,21
53.8,20
53.9,23
54,24
54.1,22
54.2,21
54.3,25
54.4,23
54.5,28
54.6,26
54.7,29
54.8,23
54.9,28
55,26
55.1,23
55.2,23
55.3,24
55.4,26
55.5,22
55.6,29
55.7,26
55.8,29
55.9,20
56,23
56.1,20
56.2,23
56.3,29
56.4,20
56.5,24
56.6,21
56.7,24
56.8,28
56.9,26
57,27
57.1,23
57.2,29
57.3,27
57.4,24
57.5,24
57.6,29
57.7,26
57.8,27
57.9,24
58,22
58.1,27
58.2,26
58.3,25
58.4,26
58.5,22
58.6,28
58.7,29
58.8,29
58.9,23
59,24
59.1,28
59.2,26
59.3,25
59.4,29
59.5,25
59.6,25
59.7,20
59.8,21
59.9,20
60,29
60.1,24
60.2,25
60.3,28
60.4,26
60.5,26
60.6,23
60.7,28
60.8,22
60.9,21
61,22
61.1,23
61.2,23
61.3,27
61.4,22
61.5,27
61.6,21
61.7,21
61.8,25
61.9,29
62,29
62.1,30
62.2,27
62.3,27
62.4,26
62.5,26
62.6,21
62.7,25
62.8,24
62.9,24
63,25
63.1,21
63.2,24
63.3,21
63.4,30
63.5,21
63.6,23
63.7,29
63.8,25
63.9,21
64,24
64.1,21
64.2,22
64.3,21
64.4,24
64.5,28
64.6,26
64.7,26
64.8,22
64.9,23
65,28
65.1,21
65.2,29
65.3,25
65.4,28
65.5,23
65.6,23
65.7,28
65.8,28
65.9,22
66,30
66.1,21
66.2,21
66.3,26
66.4,27
66.5,30
66.6,24
66.7,20
66.8,26
66.9,23
67,24
67.1,25
67.2,21
67.3,25
67.4,24
67.5,27
67.6,26
67.7,22
67.8,22
67.9,23
68,22
68.1,27
68.2,30
68.3,27
68.4,26
68.5,24
68.6,23
68.7,29
68.8,30
68.9,25
69,23
69.1,28
69.2,21
69.3,28
69.4,28
69.5,21
69.6,30
69.7,30
69.8,29
69.9,25
70,22
70.1,26
70.2,24
70.3,22
70.4,24
70.5,27
70.6,21
70.7,23
70.8,20
70.9,27
71,26
71.1,21
71.2,30
71.3,20
71.4,26
71.5,28
71.6,28
71.7,20
71.8,29
71.9,29
72,26
72.1,25
72.2,20
72.3,26
72.4,24
72.5,28
72.6,24
72.7,27
72.8,21
72.9,21
73,21
73.1,20
73.2,25
73.3,28
73.4,26
73.5,26
73.6,27
73.7,23
73.8,24
73.9,23
74,27
74.1,22
74.2,20
74.3,26
74.4,29
74.5,26
74.6,28
74.7,27
74.8,25
74.9,27
75,28
75.1,22
75.2,23
75.3,22
75.4,25
75.5,29
75.6,23
75.7,24
75.8,29
75.9,25
76,25
76.1,29
76.2,25
76.3,27
76.4,21
76.5,22
76.6,24
76.7,25
76.8,30
76.9,30
77,29
77.1,23
77.2,30
77.3,27
77.4,24
77.5,27
77.6,20
77.7,21
77.8,28
77.9,26
78,24
78.1,25
78.2,29
78.3,26
78.4,24
78.5,21
78.6,23
78.7,30
78.8,24
78.9,25
79,25
79.1,29
79.2,26
79.3,27
79.4,24
79.5,20
79.6,29
79.7,29
79.8,29
79.9,29
80,28
80.1,27
80.2,28
80.3,26
80.4,21
80.5,24
80.6,30
80.7,24
80.8,29
80.9,21
81,23
81.1,24
81.2,21
81.3,21
81.4,22
81.5,28
81.6,21
81.7,23
81.8,20
81.9,27
82,26
82.1,26
82.2,24
82.3,22
82.4,27
82.5,28
82.6,21
82.7,25
82.8,22
82.9,22
83,27
83.1,25
83.2,22
83.3,23
83.4,30
83.5,28
83.6,29
83.7,25
83.8,26
83.9,24
84,21
84.1,24
84.2,26
84.3,23
84.4,28
84.5,84
84.6,86
84.7,78
84.8,80
84.9,79
85,84
85.1,86
85.2,87
85.3,85
85.4,86
85.5,84
85.6,84
85.7,84
85.8,82
85.9,84
86,85
86.1,85
86.2,83
86.3,84
86.4,82
86.5,81
86.6,82
86.7,88
86.8,87
86.9,86
87,83
87.1,84
87.2,79
87.3,87
87.4,86
87.5,87
87.6,87
87.7,85
87.8,86
87.9,82
88,82
88.1,82
88.2,79
88.3,79
88.4,88
88.5,88
88.6,87
88.7,88
88.8,86
88.9,86
89,84
89.1,81
89.2,81
89.3,79
89.4,84
89.5,81
89.6,85
89.7,83
89.8,80
89.9,81
90,86
90.1,90
90.2,90
90.3,87
90.4,84
90.5,84
90.6,83
90.7,84
90.8,82
90.9,84
91,87
91.1,83
91.2,82
91.3,82
91.4,80
91.5,77
91.6,87
91.7,87
91.8,88
91.9,88
92,86
92.1,81
92.2,83
92.3,83
92.4,88
92.5,85
92.6,87
92.7,83
92.8,83
92.9,82
93,82
93.1,82
93.2,80
93.3,84
93.4,89
93.5,87
93.6,87
93.7,88
93.8,86
93.9,83
94,80
94.1,82
94.2,82
94.3,84
94.4,85
94.5,84
94.6,79
94.7,81
94.8,79
94.9,83
95,88
95.1,86
95.2,86
95.3,86
95.4,84
95.5,83
95.6,82
95.7,86
95.8,89
95.9,89
96,83
96.1,86
96.2,86
96.3,85
96.4,82
96.5,79
96.6,80
96.7,85
96.8,89
96.9,90
97,87
97.1,85
97.2,86
97.3,87
97.4,85
97.5,83
97.6,82
97.7,80
97.8,82
97.9,85
98,81
98.1,83
98.2,81
98.3,80
98.4,86
98.5,89
98.6,87
98.7,87
98.8,85
98.9,86
99,84
99.1,82
99.2,81
99.3,80
99.4,83
99.5,81
99.6,84
99.7,82
99.8,80
99.9,82
100,87
100.1,87
100.2,85
100.3,87
100.4,86
100.5,83
100.6,81
100.7,83
100.8,82
100.9,86
101,84
101.1,84
101.2,82
101.3,82
101.4,79
101.5,79
101.6,85
101.7,88
101.8,89
101.9,85
102,85
102.1,83
102.2,83
102.3,84
102.4,83
102.5,83
102.6,85
102.7,86
102.8,81
102.9,85
103,82
103.1,81
103.2,80
103.3,88
103.4,88
103.5,89
103.6,87
103.7,87
103.8,86
103.9,81
104,82
104.1,84
104.2,85
104.3,85
104.4,84
104.5,93
104.6,88
104.7,88
104.8,87
104.9,92
105,87
105.1,89
105.2,87
105.3,86
105.4,88
105.5,87
105.6,87
105.7,87
105.8,89
105.9,87
106,91
106.1,92
106.2,88
106.3,91
106.4,90
106.5,92
106.6,88
106.7,92
106.8,86
106.9,87
107,88
107.1,86
107.2,86
107.3,87
107.4,88
107.5,88
107.6,90
107.7,89
107.8,91
107.9,91
108,89
108.1,91
108.2,89
108.3,89
108.4,90
108.5,88
108.6,86
108.7,87
108.8,87
108.9,85
109,86
109.1,88
109.2,88
109.3,91
109.4,91
109.5,92
109.6,92
109.7,93
109.8,90
109.9,89
110,90
110.1,91
110.2,85
110.3,88
110.4,87
110.5,88
110.6,87
110.7,90
110.8,88
110.9,91
111,90
111.1,91
111.2,91
111.3,93
111.4,88
111.5,89
111.6,93
111.7,88
111.8,88
111.9,86
112,89
112.1,85
112.2,88
112.3,86
112.4,89
112.5,87
112.6,90
112.7,89
112.8,94
112.9,91
113,91
113.1,94
113.2,90
113.3,93
113.4,88
113.5,89
113.6,87
113.7,85
113.8,88
113.9,88
114,85
114.1,88
114.2,90
114.3,90
114.4,89
114.5,89
114.6,94
114.7,88
114.8,91
114.9,88
115,92
115.1,88
115.2,88
115.3,91
115.4,86
115.5,90
115.6,86
115.7,87
115.8,92
115.9,89
116,88
116.1,91
116.2,91
116.3,92
116.4,90
116.5,94
116.6,91
116.7,88
116.8,88
116.9,86
117,87
117.1,85
117.2,90
117.3,86
117.4,89
117.5,88
117.6,88
117.7,91
117.8,92
117.9,92
118,86
118.1,89
118.2,92
118.3,88
118.4,89
118.5,86
118.6,89
118.7,88
118.8,88
118.9,88
119,89
119.1,86
119.2,87
119.3,90
119.4,92
119.5,90
119.6,90
119.7,90
119.8,89
119.9,88
120,88
120.1,88
120.2,88
120.3,88
120.4,86
120.5,86
120.6,86
120.7,85
120.8,89
120.9,91
121,89
121.1,89
121.2,93
121.3,90
121.4,91
121.5,90
121.6,92
121.7,90
121.8,88
121.9,87
122,86
122.1,85
122.2,88
122.3,86
122.4,86
122.5,91
122.6,91
122.7,90
122.8,90
122.9,91
123,90
123.1,88
123.2,93
123.3,88
123.4,88
123.5,88
123.6,90
123.7,86
123.8,89
123.9,87
124,85
124.1,88
124.2,88
124.3,88
124.4,91
124.5,90
124.6,91
124.7,90
124.8,90
124.9,91
125,89
125.1,83
125.2,87
125.3,86
125.4,87
125.5,90
125.6,89
125.7,87
125.8,86
125.9,89
126,89
126.1,91
126.2,90
126.3,91
126.4,88
126.5,92
126.6,89
126.7,89
126.8,86
126.9,87
127,85
127.1,86
127.2,89
127.3,86
127.4,86
127.5,89
127.6,88
127.7,89
127.8,90
127.9,93
128,90
128.1,91
128.2,91
128.3,89
128.4,89
128.5,89
128.6,86
128.7,81
128.8,85
128.9,88
129,87
129.1,87
129.2,90
129.3,89
129.4,87
129.5,88
129.6,91
129.7,89
129.8,92
129.9,88
130,89
130.1,86
130.2,86
130.3,84
130.4,85
130.5,87
130.6,85
130.7,90
130.8,90
130.9,87
131,86
131.1,89
131.2,91
131.3,89
131.4,89
131.5,92
131.6,89
131.7,89
131.8,86
131.9,87
132,86
132.1,85
132.2,88
132.3,84
132.4,88
132.5,87
132.6,90
132.7,89
132.8,91
132.9,89
133,91
133.1,90
133.2,87
133.3,90
133.4,87
133.5,85
133.6,87
133.7,88
133.8,89
133.9,86
134,87
134.1,87
134.2,90
134.3,88
134.4,89
134.5,89
134.6,88
134.7,90
134.8,92
134.9,89
135,87
135.1,88
135.2,88
135.3,86
135.4,88
135.5,85
135.6,86
135.7,88
135.8,88
135.9,88
136,87
136.1,92
136.2,90
136.3,90
136.4,91
136.5,89
136.6,89
136.7,87
136.8,87
136.9,86
137,87
137.1,85
137.2,85
137.3,85
137.4,87
137.5,85
137.6,89
137.7,89
137.8,90
137.9,90
138,91
138.1,94
138.2,91
138.3,88
138.4,87
138.5,88
138.6,84
138.7,86
138.8,86
138.9,87
139,88
139.1,86
139.2,87
139.3,90
139.4,88
139.5,92
139.6,91
139.7,90
139.8,90
139.9,88
140,88
140.1,87
140.2,87
140.3,87
140.4,85
140.5,87
140.6,85
140.7,86
140.8,88
140.9,87
141,87
141.1,90
141.2,90
141.3,89
141.4,89
141.5,91
141.6,88
141.7,87
141.8,88
141.9,85
142,84
142.1,87
142.2,85
142.3,85
142.4,88
142.5,86
142.6,89
142.7,88
142.8,90
142.9,92
143,86
143.1,90
143.2,90
143.3,88
143.4,86
143.5,88
143.6,88
143.7,87
143.8,87
143.9,86
144,85
144.1,88
144.2,89
144.3,87
144.4,90
144.5,91
144.6,91
144.7,89
144.8,88
144.9,88
145,87
145.1,87
145.2,86
145.3,90
145.4,87
145.5,88
145.6,86
145.7,87
145.8,87
145.9,88
146,90
146.1,90
146.2,91
146.3,89
146.4,89
146.5,87
146.6,91
146.7,91
146.8,88
146.9,85
147,88
147.1,88
147.2,86
147.3,87
147.4,86
147.5,90
147.6,89
147.7,88
147.8,91
147.9,92
148,90
148.1,91
148.2,89
148.3,87
148.4,87
148.5,87
148.6,86
148.7,87
148.8,86
148.9,85
149,88
149.1,87
149.2,87
149.3,90
149.4,88
149.5,88
149.6,85
149.7,89
149.8,92
149.9,85
150,86
150.1,87
150.2,83
150.3,86
150.4,87
150.5,89
150.6,86
150.7,86
150.8,86
150.9,89
151,90
151.1,92
151.2,92
151.3,89
151.4,90
151.5,94
151.6,90
151.7,87
151.8,87
151.9,85
152,82
152.1,87
152.2,88
152.3,84
152.4,87
152.5,87
152.6,89
152.7,89
152.8,88
152.9,89
153,88
153.1,92
153.2,91
153.3,88
153.4,89
153.5,86
153.6,86
153.7,85
153.8,87
153.9,85
154,87
154.1,88
154.2,88
154.3,89
154.4,90
154.5,86
154.6,86
154.7,86
154.8,87
154.9,84
155,87
155.1,82
155.2,83
155.3,82
155.4,86
155.5,83
155.6,81
155.7,84
155.8,84
155.9,83
156,83
156.1,85
156.2,86
156.3,85
156.4,87
156.5,86
156.6,84
156.7,88
156.8,89
156.9,84
157,85
157.1,82
157.2,84
157.3,84
157.4,82
157.5,82
157.6,80
157.7,83
157.8,82
157.9,87
158,87
158.1,87
158.2,87
158.3,86
158.4,87
158.5,86
158.6,82
158.7,86
158.8,83
158.9,81
159,82
159.1,80
159.2,81
159.3,84
159.4,84
159.5,86
159.6,86
159.7,85
159.8,87
159.9,85
160,85
160.1,84
160.2,87
160.3,87
160.4,85
160.5,85
160.6,82
160.7,85
160.8,85
160.9,81
161,84
161.1,85
161.2,85
161.3,87
161.4,87
161.5,85
161.6,86
161.7,88
161.8,86
161.9,87
162,84
162.1,84
162.2,82
162.3,82
162.4,83
162.5,80
162.6,82
162.7,85
162.8,85
162.9,87
163,85
163.1,87
163.2,85
163.3,88
163.4,88
163.5,86
163.6,86
163.7,84
163.8,84
163.9,83
164,81
164.1,83
164.2,81
164.3,87
164.4,83
164.5,86
164.6,86
164.7,84
164.8,84
164.9,87
165,89
165.1,85
165.2,83
165.3,84
165.4,82
165.5,82
165.6,84
165.7,83
165.8,81
165.9,84
166,85
166.1,84
166.2,85
166.3,86
166.4,87
166.5,86
166.6,88
166.7,87
166.8,85
166.9,84
167,83
167.1,84
167.2,83
167.3,82
167.4,84
167.5,82
167.6,85
167.7,85
167.8,83
167.9,86
168,88
168.1,85
168.2,86
168.3,87
168.4,83
168.5,86
168.6,83
168.7,82
168.8,83
168.9,79
169,81
169.1,86
169.2,83
169.3,82
169.4,86
169.5,84
169.6,85
169.7,84
169.8,87
169.9,88
170,86
170.1,83
170.2,87
170.3,86
170.4,80
170.5,83
170.6,82
170.7,81
170.8,80
170.9,85
171,83
171.1,85
171.2,84
171.3,84
171.4,83
171.5,86
171.6,89
171.7,85
171.8,84
171.9,86
172,85
172.1,82
172.2,83
172.3,83
172.4,82
172.5,83
172.6,87
172.7,81
172.8,86
172.9,86
173,88
173.1,88
173.2,86
173.3,88
173.4,86
173.5,84
173.6,85
173.7,82
173.8,84
173.9,82
174,79
174.1,81
174.2,83
174.3,83
174.4,80
174.5,87
174.6,86
174.7,87
174.8,86
174.9,87
175,89
175.1,85
175.2,88
175.3,84
175.4,81
175.5,85
175.6,82
175.7,83
175.8,81
175.9,82
176,84
176.1,87
176.2,85
176.3,86
176.4,89
176.5,86
176.6,87
176.7,87
176.8,85
176.9,85
177,85
177.1,82
177.2,84
177.3,81
177.4,82
177.5,80
177.6,82
177.7,82
177.8,84
177.9,87
178,84
178.1,84
178.2,85
178.3,87
178.4,86
178.5,85
178.6,86
178.7,83
178.8,84
178.9,82
179,81
179.1,81
179.2,83
179.3,84
179.4,85
179.5,86
179.6,83
179.7,89
179.8,87
179.9,87
180,86
180.1,87
180.2,83
180.3,85
180.4,80
180.5,84
180.6,80
180.7,83
180.8,84
180.9,84
181,85
181.1,86
181.2,85
181.3,87
181.4,85
181.5,86
181.6,88
181.7,86
181.8,83
181.9,88
182,84
182.1,84
182.2,82
182.3,83
182.4,83
182.5,81
182.6,83
182.7,81
182.8,84
182.9,87
183,85
183.1,90
183.2,84
183.3,87
183.4,85
183.5,85
183.6,86
183.7,82
183.8,82
183.9,83
184,82
184.1,82
184.2,81
184.3,83
184.4,86
184.5,83
184.6,85
184.7,83
184.8,87
184.9,88
185,86
185.1,83
185.2,83
185.3,84
185.4,83
185.5,85
185.6,81
185.7,83
185.8,81
185.9,82
186,83
186.1,85
186.2,87
186.3,85
186.4,85
186.5,87
186.6,85
186.7,87
186.8,85
186.9,84
187,83
187.1,84
187.2,78
187.3,84
187.4,81
187.5,83
187.6,84
187.7,86
187.8,85
187.9,85
188,83
188.1,86
188.2,83
188.3,86
188.4,85
188.5,85
188.6,84
188.7,83
188.8,84
188.9,79
189,81
189.1,83
189.2,83
189.3,80
189.4,83
189.5,87
189.6,85
189.7,86
189.8,89
189.9,86
190,86
190.1,85
190.2,88
190.3,85
190.4,83
190.5,82
190.6,82
190.7,84
190.8,81
190.9,84
191,83
191.1,85
191.2,85
191.3,85
191.4,86
191.5,85
191.6,88
191.7,85
191.8,84
191.9,87
192,81
192.1,84
192.2,80
192.3,83
192.4,82
192.5,82
192.6,83
192.7,84
192.8,84
192.9,85
193,83
193.1,87
193.2,84
193.3,86
193.4,87
193.5,85
193.6,84
193.7,86
193.8,91
193.9,120
194,31
194.1,71
194.2,107
194.3,20
194.4,53
194.5,84
194.6,94
194.7,101
194.8,101
194.9,100
195,101
195.1,97
195.2,103
195.3,101
195.4,98
195.5,99
195.6,101
195.7,100
195.8,103
195.9,103
196,103
196.1,98
196.2,101
196.3,101
196.4,101
196.5,101
196.6,100
196.7,102
196.8,103
196.9,102
197,101
197.1,104
197.2,104
197.3,102
197.4,101
197.5,104
197.6,103
197.7,100
197.8,104
197.9,102
198,101
198.1,98
198.2,101
198.3,101
198.4,104
198.5,103
198.6,101
198.7,103
198.8,103
198.9,102
199,101
199.1,101
199.2,103
199.3,103
199.4,102
199.5,98
199.6,100
199.7,103
199.8,98
199.9,103
200,103
200.1,102
200.2,102
200.3,102
200.4,102
200.5,100
200.6,103
200.7,104
200.8,100
200.9,100
201,102
201.1,101
201.2,102
201.3,104
201.4,99
201.5,104
201.6,101
201.7,102
201.8,102
201.9,103
202,102
202.1,102
202.2,102
202.3,101
202.4,99
202.5,100
202.6,102
202.7,101
202.8,101
202.9,105
203,103
203.1,102
203.2,103
203.3,101
203.4,102
203.5,102
203.6,101
203.7,101
203.8,104
203.9,103
204,99
204.1,101
204.2,101
204.3,101
204.4,103
204.5,86
204.6,83
204.7,84
204.8,84
204.9,83
205,82
205.1,84
205.2,85
205.3,84
205.4,86
205.5,84
205.6,86
205.7,87
205.8,87
205.9,87
206,86
206.1,88
206.2,84
206.3,83
206.4,87
206.5,82
206.6,84
206.7,85
206.8,79
206.9,84
207,85
207.1,87
207.2,84
207.3,89
207.4,86
207.5,89
207.6,86
207.7,88
207.8,86
207.9,83
208,79
208.1,84
208.2,83
208.3,84
208.4,83
208.5,86
208.6,84
208.7,83
208.8,86
208.9,85
209,87
209.1,85
209.2,86
209.3,86
209.4,85
209.5,90
209.6,84
209.7,84
209.8,82
209.9,84
210,81
210.1,84
210.2,86
210.3,82
210.4,86
210.5,85
210.6,89
210.7,89
210.8,88
210.9,84
211,89
211.1,86
211.2,87
211.3,84
211.4,82
211.5,85
211.6,83
211.7,81
211.8,84
211.9,84
212,83
212.1,87
212.2,85
212.3,86
212.4,88
212.5,87
212.6,84
212.7,87
212.8,85
212.9,87
213,85
213.1,84
213.2,82
213.3,82
213.4,85
213.5,81
213.6,83
213.7,83
213.8,83
213.9,86
214,87
214.1,90
214.2,86
214.3,87
214.4,85
214.5,87
214.6,85
214.7,86
214.8,85
214.9,84
215,82
215.1,83
215.2,82
215.3,86
215.4,86
215.5,85
215.6,84
215.7,88
215.8,88
215.9,86
216,88
216.1,86
216.2,88
216.3,82
216.4,83
216.5,86
216.6,83
216.7,86
216.8,81
216.9,85
217,86
217.1,83
217.2,85
217.3,86
217.4,84
217.5,87
217.6,87
217.7,86
217.8,86
217.9,86
218,84
218.1,82
218.2,83
218.3,80
218.4,83
218.5,85
218.6,83
218.7,83
218.8,87
218.9,86
219,87
219.1,87
219.2,84
219.3,89
219.4,90
219.5,88
219.6,80
219.7,85
219.8,83
219.9,82
220,83
220.1,83
220.2,83
220.3,84
220.4,83
220.5,85
220.6,86
220.7,85
220.8,85
220.9,86
221,89
221.1,85
221.2,85
221.3,82
221.4,84
221.5,85
221.6,86
221.7,84
221.8,83
221.9,82
222,84
222.1,86
222.2,86
222.3,86
222.4,87
222.5,87
222.6,87
222.7,84
222.8,86
222.9,89
223,83
223.1,84
223.2,84
223.3,85
223.4,83
223.5,80
223.6,84
223.7,84
223.8,85
223.9,86
224,87
224.1,88
224.2,87
224.3,87
224.4,87
224.5,85
224.6,86
224.7,83
224.8,83
224.9,81
225,82
225.1,84
225.2,81
225.3,84
225.4,81
225.5,84
225.6,84
225.7,87
225.8,88
225.9,87
226,87
226.1,86
226.2,87
226.3,84
226.4,83
226.5,86
226.6,86
226.7,81
226.8,83
226.9,88
227,85
227.1,85
227.2,86
227.3,88
227.4,88
227.5,85
227.6,87
227.7,83
227.8,86
227.9,84
228,85
228.1,81
228.2,83
228.3,84
228.4,83
228.5,80
228.6,85
228.7,84
228.8,85
228.9,86
229,90
229.1,85
229.2,90
229.3,87
229.4,87
229.5,85
229.6,84
229.7,83
229.8,85
229.9,81
230,83
230.1,79
230.2,83
230.3,85
230.4,82
230.5,86
230.6,87
230.7,89
230.8,86
230.9,91
231,84
231.1,86
231.2,84
231.3,87
231.4,83
231.5,82
231.6,83
231.7,83
231.8,82
231.9,82
232,84
232.1,86
232.2,87
232.3,89
232.4,84
232.5,87
232.6,88
232.7,86
232.8,82
232.9,83
233,85
233.1,84
233.2,84
233.3,81
233.4,84
233.5,81
233.6,85
233.7,84
233.8,84
233.9,89
234,84
234.1,86
234.2,84
234.3,89
234.4,87
234.5,85
234.6,84
234.7,87
234.8,82
234.9,81
235,84
235.1,84
235.2,84
235.3,85
235.4,87
235.5,83
235.6,84
235.7,88
235.8,85
235.9,84
236,89
236.1,83
236.2,85
236.3,84
236.4,86
236.5,80
236.6,83
236.7,82
236.8,84
236.9,82
237,87
237.1,84
237.2,82
237.3,85
237.4,87
237.5,88
237.6,85
237.7,85
237.8,88
237.9,83
238,84
238.1,83
238.2,83
238.3,81
238.4,82
238.5,83
238.6,82
238.7,82
238.8,87
238.9,87
239,89
239.1,89
239.2,86
239.3,87
239.4,85
239.5,84
239.6,87
239.7,108
239.8,10
239.9,41
240,76
240.1,111
240.2,14
240.3,50
240.4,79
240.5,92
240.6,97
240.7,103
240.8,101
240.9,103
241,104
241.1,103
241.2,101
241.3,98
241.4,102
241.5,105
241.6,102
241.7,99
241.8,101
241.9,102
242,100
242.1,98
242.2,102
242.3,101
242.4,105
242.5,102
242.6,102
242.7,101
242.8,102
242.9,99
243,100
243.1,104
243.2,102
243.3,101
243.4,103
243.5,103
243.6,105
243.7,102
243.8,100
243.9,102
244,103
244.1,103
244.2,99
244.3,102
244.4,100
244.5,101
244.6,103
244.7,103
244.8,101
244.9,102
245,101
245.1,106
245.2,103
245.3,101
245.4,104
245.5,104
245.6,105
245.7,105
245.8,103
245.9,101
246,101
246.1,101
246.2,101
246.3,103
246.4,102
246.5,103
246.6,103
246.7,100
246.8,99
246.9,100
247,101
247.1,102
247.2,101
247.3,103
247.4,101
247.5,102
247.6,102
247.7,104
247.8,100
247.9,105
248,101
248.1,100
248.2,102
248.3,107
248.4,103
248.5,103
248.6,103
248.7,101
248.8,102
248.9,102
249,105
249.1,101
249.2,101
249.3,100
249.4,102
249.5,102
249.6,100
249.7,103
249.8,102
249.9,103
250,104
250.1,102
250.2,100
250.3,101
250.4,105
250.5,102
250.6,105
250.7,103
250.8,103
250.9,103
251,100
251.1,102
251.2,100
251.3,101
251.4,103
251.5,100
251.6,103
251.7,100
251.8,104
251.9,101
252,100
252.1,100
252.2,101
252.3,99
252.4,101
252.5,103
252.6,101
252.7,100
252.8,102
252.9,102
253,105
253.1,103
253.2,102
253.3,103
253.4,102
253.5,102
253.6,104
253.7,100
253.8,103
253.9,102
254,102
254.1,101
254.2,102
254.3,101
254.4,101
254.5,88
254.6,85
254.7,86
254.8,85
254.9,85
255,87
255.1,87
255.2,89
255.3,89
255.4,89
255.5,88
255.6,90
255.7,95
255.8,95
255.9,93
256,95
256.1,91
256.2,90
256.3,91
256.4,89
256.5,84
256.6,87
256.7,87
256.8,83
256.9,87
257,92
257.1,94
257.2,91
257.3,92
257.4,90
257.5,91
257.6,92
257.7,94
257.8,93
257.9,95
258,91
258.1,88
258.2,88
258.3,89
258.4,88
258.5,84
258.6,83
258.7,90
258.8,94
258.9,94
259,93
259.1,91
259.2,93
259.3,88
259.4,91
259.5,89
259.6,89
259.7,85
259.8,84
259.9,88
260,88
260.1,88
260.2,89
260.3,84
260.4,91
260.5,93
260.6,94
260.7,93
260.8,93
260.9,91
261,90
261.1,89
261.2,88
261.3,88
261.4,84
261.5,87
261.6,87
261.7,89
261.8,89
261.9,89
262,85
262.1,87
262.2,91
262.3,94
262.4,92
262.5,92
262.6,88
262.7,88
262.8,89
262.9,86
263,88
263.1,84
263.2,85
263.3,83
263.4,90
263.5,87
263.6,88
263.7,87
263.8,88
263.9,93
264,92
264.1,93
264.2,91
264.3,93
264.4,92
264.5,87
264.6,89
264.7,86
264.8,86
264.9,85
265,87
265.1,87
265.2,92
265.3,88
265.4,87
265.5,88
265.6,88
265.7,88
265.8,95
265.9,90
266,92
266.1,93
266.2,93
266.3,89
266.4,86
266.5,89
266.6,87
266.7,83
266.8,83
266.9,90
267,92
267.1,93
267.2,90
267.3,89
267.4,90
267.5,85
267.6,90
267.7,90
267.8,92
267.9,88
268,92
268.1,88
268.2,85
268.3,87
268.4,88
268.5,86
268.6,81
268.7,90
268.8,92
268.9,96
269,91
269.1,90
269.2,92
269.3,89
269.4,89
269.5,85
269.6,85
269.7,90
269.8,88
269.9,89
270,87
270.1,84
270.2,88
270.3,93
270.4,93
270.5,91
270.6,87
270.7,86
270.8,85
270.9,91
271,92
271.1,90
271.2,93
271.3,88
271.4,87
271.5,88
271.6,88
271.7,89
271.8,86
271.9,87
272,90
272.1,96
272.2,90
272.3,91
272.4,91
272.5,87
272.6,86
272.7,85
272.8,89
272.9,92
273,89
273.1,87
273.2,82
273.3,87
273.4,86
273.5,81
273.6,91
273.7,93
273.8,94
273.9,90
274,89
274.1,88
274.2,89
274.3,90
274.4,91
274.5,93
274.6,87
274.7,91
274.8,87
274.9,90
275,85
275.1,84
275.2,85
275.3,92
275.4,92
275.5,94
275.6,92
275.7,91
275.8,89
275.9,89
276,89
276.1,85
276.2,87
276.3,88
276.4,87
276.5,84
276.6,88
276.7,82
276.8,83
276.9,92
277,92
277.1,91
277.2,89
277.3,90
277.4,87
277.5,88
277.6,91
277.7,92
277.8,91
277.9,94
278,90
278.1,87
278.2,88
278.3,85
278.4,85
278.5,88
278.6,88
278.7,92
278.8,92
278.9,89
279,91
279.1,89
279.2,89
279.3,88
279.4,90
279.5,88
279.6,90
279.7,89
279.8,86
279.9,86
280,83
280.1,85
280.2,91
280.3,93
280.4,91
280.5,91
280.6,91
280.7,86
280.8,87
280.9,90
281,91
281.1,90
281.2,89
281.3,90
281.4,88
281.5,88
281.6,85
281.7,84
281.8,84
281.9,90
282,93
282.1,94
282.2,90
282.3,91
282.4,87
282.5,91
282.6,86
282.7,91
282.8,89
282.9,90
283,92
283.1,88
283.2,91
283.3,87
283.4,87
283.5,85
283.6,88
283.7,89
283.8,91
283.9,93
284,90
284.1,89
284.2,86
284.3,86
284.4,89
284.5,87
284.6,89
284.7,88
284.8,86
284.9,85
285,84
285.1,83
285.2,91
285.3,90
285.4,93
285.5,90
285.6,88
285.7,89
285.8,90
285.9,90
286,91
286.1,91
286.2,88
286.3,93
286.4,90
286.5,87
286.6,86
286.7,84
286.8,81
286.9,85
287,94
287.1,94
287.2,91
287.3,92
287.4,90
287.5,89
287.6,84
287.7,87
287.8,92
287.9,87
288,89
288.1,88
288.2,86
288.3,86
288.4,84
288.5,84
288.6,90
288.7,95
288.8,89
288.9,90
289,90
289.1,88
289.2,85
289.3,90
289.4,91
289.5,89
289.6,90
289.7,91
289.8,87
289.9,87
290,88
290.1,83
290.2,86
290.3,92
290.4,90
290.5,90
290.6,89
290.7,86
290.8,88
290.9,85
291,89
291.1,88
291.2,91
291.3,90
291.4,87
291.5,88
291.6,86
291.7,87
291.8,82
291.9,87
292,91
292.1,92
292.2,92
292.3,89
292.4,89
292.5,89
292.6,89
292.7,90
292.8,90
292.9,89
293,89
293.1,87
293.2,84
293.3,86
293.4,83
293.5,83
293.6,88
293.7,91
293.8,90
293.9,87
294,88
294.1,87
294.2,86
294.3,89
294.4,93
294.5,91
294.6,89
294.7,89
294.8,89
294.9,88
295,83
295.1,82
295.2,83
295.3,90
295.4,91
295.5,91
295.6,91
295.7,90
295.8,87
295.9,84
296,90
296.1,90
296.2,89
296.3,91
296.4,86
296.5,88
296.6,84
296.7,86
296.8,83
296.9,88
297,89
297.1,91
297.2,91
297.3,90
297.4,89
297.5,87
297.6,86
297.7,87
297.8,92
297.9,94
298,89
298.1,85
298.2,85
298.3,86
298.4,85
298.5,84
298.6,92
298.7,89
298.8,93
298.9,91
299,88
299.1,85
299.2,87
299.3,92
299.4,90
299.5,89
299.6,90
299.7,91
299.8,88
299.9,87
300,87
300.1,85
300.2,83
300.3,87
300.4,90
300.5,90
300.6,91
300.7,90
300.8,88
300.9,84
301,93
301.1,90
301.2,90
301.3,89
301.4,88
301.5,87
301.6,85
301.7,87
301.8,81
301.9,89
302,94
302.1,92
302.2,94
302.3,89
302.4,91
302.5,84
302.6,88
302.7,92
302.8,88
302.9,89
303,91
303.1,89
303.2,87
303.3,85
303.4,84
303.5,84
303.6,90
303.7,92
303.8,93
303.9,90
304,89
304.1,88
304.2,87
304.3,92
304.4,90
304.5,101
304.6,101
304.7,101
304.8,99
304.9,97
305,103
305.1,99
305.2,104
305.3,103
305.4,101
305.5,103
305.6,103
305.7,100
305.8,102
305.9,100
306,103
306.1,101
306.2,102
306.3,102
306.4,102
306.5,104
306.6,101
306.7,103
306.8,102
306.9,104
307,101
307.1,103
307.2,102
307.3,97
307.4,100
307.5,103
307.6,103
307.7,100
307.8,102
307.9,103
308,102
308.1,103
308.2,102
308.3,101
308.4,101
308.5,103
308.6,103
308.7,100
308.8,102
308.9,100
309,101
309.1,101
309.2,102
309.3,103
309.4,101
309.5,101
309.6,101
309.7,104
309.8,98
309.9,101
310,104
310.1,102
310.2,103
310.3,98
310.4,100
310.5,103
310.6,104
310.7,100
310.8,101
310.9,103
311,100
311.1,103
311.2,98
311.3,103
311.4,100
311.5,101
311.6,102
311.7,102
311.8,101
311.9,103
312,99
312.1,102
312.2,101
312.3,103
312.4,103
312.5,103
312.6,104
312.7,104
312.8,102
312.9,102
313,103
313.1,102
313.2,103
313.3,98
313.4,104
313.5,102
313.6,99
313.7,101
313.8,99
313.9,100
314,102
314.1,104
314.2,103
314.3,102
314.4,100
314.5,101
314.6,101
314.7,101
314.8,101
314.9,101
315,101
315.1,100
315.2,102
315.3,101
315.4,100
315.5,102
315.6,102
315.7,100
315.8,101
315.9,103
316,100
316.1,100
316.2,101
316.3,102
316.4,104
316.5,102
316.6,103
316.7,102
316.8,100
316.9,102
317,102
317.1,103
317.2,101
317.3,103
317.4,102
317.5,102
317.6,102
317.7,102
317.8,103
317.9,101
318,99
318.1,99
318.2,102
318.3,101
318.4,99
318.5,102
318.6,101
318.7,101
318.8,102
318.9,104
319,104
319.1,102
319.2,102
319.3,102
319.4,102
319.5,102
319.6,102
319.7,100
319.8,102
319.9,102
320,101
320.1,101
320.2,100
320.3,100
320.4,102
320.5,101
320.6,99
320.7,100
320.8,101
320.9,103
321,102
321.1,101
321.2,101
321.3,104
321.4,103
321.5,100
321.6,104
321.7,101
321.8,103
321.9,101
322,103
322.1,100
322.2,102
322.3,104
322.4,98
322.5,102
322.6,101
322.7,103
322.8,104
322.9,103
323,102
323.1,102
323.2,101
323.3,102
323.4,104
323.5,100
323.6,101
323.7,102
323.8,103
323.9,102
324,103
324.1,104
324.2,103
324.3,100
324.4,104
324.5,104
324.6,102
324.7,99
324.8,99
324.9,102
325,101
325.1,99
325.2,99
325.3,101
325.4,102
325.5,104
325.6,103
325.7,101
325.8,103
325.9,102
326,103
326.1,102
326.2,104
326.3,103
326.4,102
326.5,102
326.6,103
326.7,100
326.8,100
326.9,100
327,101
327.1,103
327.2,101
327.3,102
327.4,101
327.5,101
327.6,100
327.7,102
327.8,102
327.9,103
328,102
328.1,102
328.2,99
328.3,103
328.4,101
328.5,102
328.6,104
328.7,103
328.8,103
328.9,102
329,102
329.1,102
329.2,103
329.3,105
329.4,106
329.5,102
329.6,99
329.7,100
329.8,104
329.9,103
330,102
330.1,101
330.2,100
330.3,104
330.4,101
330.5,103
330.6,100
330.7,102
330.8,103
330.9,102
331,101
331.1,102
331.2,100
331.3,100
331.4,103
331.5,101
331.6,103
331.7,103
331.8,103
331.9,99
332,101
332.1,103
332.2,103
332.3,105
332.4,101
332.5,104
332.6,103
332.7,100
332.8,101
332.9,102
333,99
333.1,98
333.2,99
333.3,102
333.4,101
333.5,101
333.6,101
333.7,100
333.8,101
333.9,99
334,104
334.1,105
334.2,98
334.3,101
334.4,101
334.5,102
334.6,103
334.7,101
334.8,102
334.9,106
335,101
335.1,104
335.2,102
335.3,101
335.4,101
335.5,102
335.6,100
335.7,101
335.8,101
335.9,102
336,105
336.1,101
336.2,103
336.3,100
336.4,104
336.5,99
336.6,103
336.7,101
336.8,101
336.9,101
337,100
337.1,100
337.2,103
337.3,102
337.4,102
337.5,103
337.6,102
337.7,101
337.8,106
337.9,103
338,102
338.1,101
338.2,103
338.3,100
338.4,100
338.5,104
338.6,102
338.7,101
338.8,102
338.9,103
339,103
339.1,103
339.2,100
339.3,103
339.4,102
339.5,102
339.6,104
339.7,103
339.8,102
339.9,98
340,101
340.1,100
340.2,103
340.3,103
340.4,102
340.5,101
340.6,105
340.7,101
340.8,100
340.9,101
341,101
341.1,101
341.2,103
341.3,99
341.4,101
341.5,101
341.6,102
341.7,104
341.8,104
341.9,100
342,99
342.1,102
342.2,101
342.3,100
342.4,102
342.5,102
342.6,101
342.7,101
342.8,101
342.9,101
343,103
343.1,100
343.2,101
343.3,101
343.4,101
343.5,102
343.6,105
343.7,103
343.8,103
343.9,102
344,100
344.1,101
344.2,101
344.3,103
344.4,99
344.5,103
344.6,102
344.7,103
344.8,100
344.9,101
345,101
345.1,101
345.2,103
345.3,103
345.4,105
345.5,101
345.6,97
345.7,101
345.8,102
345.9,103
346,102
346.1,101
346.2,105
346.3,100
346.4,101
346.5,100
346.6,101
346.7,104
346.8,102
346.9,102
347,99
347.1,102
347.2,104
347.3,102
347.4,101
347.5,104
347.6,101
347.7,104
347.8,100
347.9,103
348,104
348.1,103
348.2,99
348.3,101
348.4,101
348.5,103
348.6,100
348.7,100
348.8,100
348.9,101
349,100
349.1,104
349.2,101
349.3,103
349.4,102
349.5,102
349.6,101
349.7,103
349.8,102
349.9,102
350,101
350.1,101
350.2,103
350.3,102
350.4,102
350.5,101
350.6,105
350.7,101
350.8,102
350.9,102
351,105
351.1,102
351.2,101
351.3,102
351.4,100
351.5,102
351.6,105
351.7,102
351.8,102
351.9,101
352,105
352.1,105
352.2,103
352.3,103
352.4,102
352.5,103
352.6,101
352.7,100
352.8,100
352.9,103
353,100
353.1,101
353.2,101
353.3,103
353.4,101
353.5,103
353.6,103
353.7,100
353.8,104
353.9,102
354,101
354.1,102
354.2,102
354.3,101
354.4,101
354.5,101
354.6,102
354.7,101
354.8,102
354.9,102
355,102
355.1,103
355.2,104
355.3,104
355.4,104
355.5,103
355.6,105
355.7,103
355.8,102
355.9,105
356,98
356.1,102
356.2,104
356.3,103
356.4,105
356.5,102
356.6,101
356.7,101
356.8,102
356.9,104
357,104
357.1,102
357.2,102
357.3,101
357.4,101
357.5,104
357.6,104
357.7,101
357.8,102
357.9,102
358,103
358.1,101
358.2,99
358.3,103
358.4,101
358.5,101
358.6,103
358.7,102
358.8,103
358.9,100
359,103
359.1,99
359.2,103
359.3,104
359.4,100
359.5,102
359.6,104
359.7,101
359.8,102
359.9,97
360,103
360.1,102
360.2,102
360.3,103
360.4,105
360.5,103
360.6,104
360.7,100
360.8,103
360.9,102
361,101
361.1,99
361.2,103
361.3,103
361.4,103
361.5,103
361.6,100
361.7,103
361.8,104
361.9,101
362,102
362.1,101
362.2,104
362.3,100
362.4,103
362.5,101
362.6,100
362.7,99
362.8,102
362.9,100
363,102
363.1,105
363.2,102
363.3,104
363.4,100
363.5,100
363.6,100
363.7,102
363.8,106
363.9,99
364,101
364.1,98
364.2,97
364.3,94
364.4,95
364.5,92
364.6,93
364.7,90
364.8,85
364.9,88
365,82
365.1,81
365.2,81
365.3,80
365.4,82
365.5,78
365.6,79
365.7,75
365.8,75
365.9,73
366,72
366.1,69
366.2,68
366.3,66
366.4,63
366.5,64
366.6,62
366.7,62
366.8,60
366.9,61
367,58
367.1,56
367.2,55
367.3,55
367.4,50
367.5,50
367.6,49
367.7,49
367.8,48
367.9,46
368,41
368.1,41
368.2,42
368.3,40
368.4,40
368.5,38
368.6,39
368.7,33
368.8,36
368.9,35
369,34
369.1,33
369.2,32
369.3,28
369.4,26
369.5,24
369.6,25
369.7,23
369.8,25
369.9,21
370,19
370.1,18
370.2,21
370.3,17
370.4,15
370.5,16
370.6,17
370.7,12
370.8,13
370.9,13
371,7
371.1,7
371.2,9
371.3,5
371.4,6
371.5,3
371.6,2
371.7,1
371.8,1
371.9,127
372,125
372.1,128
372.2,126
372.3,119
372.4,121
372.5,124
372.6,118
372.7,121
372.8,116
372.9,115
373,116
373.1,114
373.2,113
373.3,114
373.4,112
373.5,110
373.6,111
373.7,109
373.8,105
373.9,108
374,105
374.1,103
374.2,99
374.3,99
374.4,103
374.5,102
374.6,99
374.7,95
374.8,95
374.9,93
375,92
375.1,97
375.2,96
375.3,90
375.4,91
375.5,88
375.6,89
375.7,91
375.8,89
375.9,87
376,85
376.1,86
376.2,84
376.3,82
376.4,81
376.5,81
376.6,80
376.7,78
376.8,76
376.9,75
377,74
377.1,74
377.2,73
377.3,72
377.4,71
377.5,72
377.6,72
377.7,69
377.8,68
377.9,66
378,66
378.1,67
378.2,66
378.3,65
378.4,64
378.5,63
378.6,62
378.7,61
378.8,59
378.9,59
379,58
379.1,58
379.2,56
379.3,58
379.4,53
379.5,54
379.6,51
379.7,51
379.8,49
379.9,51
380,50
380.1,49
380.2,48
380.3,46
380.4,45
380.5,46
380.6,42
380.7,45
380.8,46
380.9,43
381,41
381.1,40
381.2,41
381.3,38
381.4,39
381.5,36
381.6,38
381.7,38
381.8,34
381.9,33
382,32
382.1,32
382.2,30
382.3,29
382.4,32
382.5,31
382.6,30
382.7,28
382.8,29
382.9,26
383,26
383.1,22
383.2,22
383.3,22
383.4,21
383.5,18
383.6,21
383.7,21
383.8,18
383.9,16
384,16
384.1,17
384.2,15
384.3,15
384.4,12
384.5,16
384.6,13
384.7,14
384.8,12
384.9,10
385,9
385.1,7
385.2,7
385.3,6
385.4,5
385.5,9
385.6,6
385.7,7
385.8,3
385.9,1
386,1
386.1,1
386.2,1
386.3,0
386.4,125
386.5,125
386.6,125
386.7,124
386.8,125
386.9,122
387,124
387.1,121
387.2,117
387.3,122
387.4,122
387.5,119
387.6,117
387.7,116
387.8,115
387.9,119
388,115
388.1,117
388.2,113
388.3,112
388.4,111
388.5,110
388.6,111
388.7,108
388.8,109
388.9,111
389,107
389.1,109
389.2,104
389.3,109
389.4,104
389.5,103
389.6,105
389.7,103
389.8,104
389.9,100
390,101
390.1,100
390.2,99
390.3,101
390.4,100
390.5,98
390.6,100
390.7,96
390.8,99
390.9,97
391,94
391.1,98
391.2,93
391.3,95
391.4,93
391.5,92
391.6,92
391.7,92
391.8,90
391.9,90
392,90
392.1,89
392.2,88
392.3,88
392.4,90
392.5,86
392.6,88
392.7,84
392.8,83
392.9,89
393,84
393.1,84
393.2,89
393.3,93
393.4,91
393.5,91
393.6,88
393.7,90
393.8,88
393.9,89
394,85
394.1,88
394.2,82
394.3,84
394.4,81
394.5,91
394.6,92
394.7,91
394.8,95
394.9,91
395,87
395.1,91
395.2,87
395.3,88
395.4,88
395.5,85
395.6,86
395.7,84
395.8,86
395.9,83
396,84
396.1,94
396.2,95
396.3,93
396.4,91
396.5,92
396.6,90
396.7,91
396.8,87
396.9,90
397,89
397.1,91
397.2,89
397.3,87
397.4,85
397.5,84
397.6,90
397.7,92
397.8,94
397.9,93
398,92
398.1,91
398.2,88
398.3,87
398.4,87
398.5,89
398.6,85
398.7,84
398.8,86
398.9,87
399,88
399.1,87
399.2,83
399.3,88
399.4,93
399.5,91
399.6,88
399.7,89
399.8,90
399.9,89
400,90
400.1,90
400.2,88
400.3,90
400.4,90
400.5,90
400.6,86
400.7,89
400.8,86
400.9,86
401,93
401.1,92
401.2,89
401.3,93
401.4,92
401.5,90
401.6,91
401.7,90
401.8,85
401.9,87
402,83
402.1,85
402.2,87
402.3,89
402.4,86
402.5,87
402.6,83
402.7,93
402.8,93
402.9,93
403,89
403.1,91
403.2,92
403.3,88
403.4,89
403.5,87
403.6,88
403.7,85
403.8,88
403.9,86
404,86
404.1,85
404.2,89
404.3,90
404.4,93
404.5,82
404.6,80
404.7,81
404.8,82
404.9,77
405,85
405.1,88
405.2,86
405.3,85
405.4,85
405.5,85
405.6,82
405.7,81
405.8,86
405.9,84
406,86
406.1,87
406.2,81
406.3,79
406.4,81
406.5,77
406.6,81
406.7,84
406.8,87
406.9,88
407,85
407.1,87
407.2,85
407.3,85
407.4,81
407.5,86
407.6,85
407.7,84
407.8,82
407.9,78
408,82
408.1,81
408.2,76
408.3,86
408.4,90
408.5,87
408.6,88
408.7,85
408.8,83
408.9,85
409,80
409.1,83
409.2,83
409.3,83
409.4,84
409.5,81
409.6,82
409.7,78
409.8,78
409.9,82
410,89
410.1,88
410.2,86
410.3,84
410.4,84
410.5,83
410.6,78
410.7,80
410.8,84
410.9,85
411,85
411.1,83
411.2,83
411.3,81
411.4,80
411.5,80
411.6,86
411.7,85
411.8,88
411.9,89
412,88
412.1,85
412.2,83
412.3,83
412.4,84
412.5,85
412.6,85
412.7,84
412.8,81
412.9,81
413,80
413.1,79
413.2,81
413.3,88
413.4,85
413.5,86
413.6,86
413.7,84
413.8,85
413.9,81
414,83
414.1,85
414.2,85
414.3,85
414.4,83
414.5,80
414.6,82
414.7,80
414.8,78
414.9,83
415,88
415.1,92
415.2,88
415.3,85
415.4,83
415.5,83
415.6,81
415.7,83
415.8,83
415.9,86
416,85
416.1,84
416.2,80
416.3,82
416.4,82
416.5,78
416.6,83
416.7,89
416.8,87
416.9,87
417,88
417.1,83
417.2,85
417.3,82
417.4,80
417.5,86
417.6,85
417.7,84
417.8,82
417.9,82
418,78
418.1,80
418.2,81
418.3,83
418.4,87
418.5,86
418.6,84
418.7,82
418.8,82
418.9,82
419,83
419.1,83
419.2,86
419.3,85
419.4,87
419.5,84
419.6,82
419.7,81
419.8,78
419.9,81
420,88
420.1,85
420.2,86
420.3,84
420.4,85
420.5,83
420.6,83
420.7,82
420.8,83
420.9,83
421,84
421.1,82
421.2,81
421.3,83
421.4,81
421.5,81
421.6,85
421.7,87
421.8,88
421.9,86
422,85
422.1,84
422.2,86
422.3,83
422.4,83
422.5,87
422.6,86
422.7,82
422.8,84
422.9,83
423,82
423.1,79
423.2,80
423.3,86
423.4,86
423.5,86
423.6,87
423.7,84
423.8,82
423.9,83
424,81
424.1,86
424.2,83
424.3,85
424.4,83
424.5,81
424.6,81
424.7,83
424.8,79
424.9,86
425,84
425.1,85
425.2,89
425.3,88
425.4,83
425.5,84
425.6,83
425.7,81
425.8,84
425.9,85
426,82
426.1,82
426.2,82
426.3,81
426.4,78
426.5,80
426.6,86
426.7,87
426.8,90
426.9,87
427,85
427.1,86
427.2,86
427.3,83
427.4,84
427.5,84
427.6,85
427.7,83
427.8,84
427.9,83
428,83
428.1,76
428.2,78
428.3,88
428.4,86
428.5,89
428.6,88
428.7,85
428.8,82
428.9,82
429,83
429.1,87
429.2,85
429.3,83
429.4,87
429.5,84
429.6,24
429.7,26
429.8,23
429.9,28
430,84
430.1,86
430.2,78
430.3,80
430.4,79
430.5,84
430.6,86
430.7,87
430.8,85
430.9,86
431,84
431.1,84
431.2,84
431.3,82
431.4,84
431.5,85
431.6,85
431.7,83
431.8,84
431.9,82
432,81
432.1,82
432.2,88
432.3,87
432.4,86
432.5,83
432.6,84
432.7,79
432.8,87
432.9,86
433,87
433.1,87
433.2,85
433.3,86
433.4,82
433.5,82
433.6,82
433.7,79
433.8,79
433.9,88
434,88
434.1,87
434.2,88
434.3,86
434.4,86
434.5,84
434.6,81
434.7,81
434.8,79
434.9,84
435,81
435.1,85
435.2,83
435.3,80
435.4,81
435.5,86
435.6,90
435.7,90
435.8,87
435.9,84
436,84
436.1,83
436.2,84
436.3,82
436.4,84
436.5,87
436.6,83
436.7,82
436.8,82
436.9,80
437,77
437.1,87
437.2,87
437.3,88
437.4,88
437.5,86
437.6,81
437.7,83
437.8,83
437.9,88
438,85
438.1,87
438.2,83
438.3,83
438.4,82
438.5,82
438.6,82
438.7,80
438.8,84
438.9,89
439,87
439.1,87
439.2,88
439.3,86
439.4,83
439.5,80
439.6,82
439.7,82
439.8,84
439.9,85
440,84
440.1,79
440.2,81
440.3,79
440.4,83
440.5,88
440.6,86
440.7,86
440.8,86
440.9,84
441,83
441.1,82
441.2,86
441.3,89
441.4,89
441.5,83
441.6,86
441.7,86
441.8,85
441.9,82
442,79
442.1,80
442.2,85
442.3,89
442.4,90
442.5,87
442.6,85
442.7,86
442.8,87
442.9,85
443,83
443.1,82
443.2,80
443.3,82
443.4,85
443.5,81
443.6,83
443.7,81
443.8,80
443.9,86
444,89
444.1,87
444.2,87
444.3,85
444.4,86
444.5,84
444.6,82
444.7,81
444.8,80
444.9,83
445,81
445.1,84
445.2,82
445.3,80
445.4,82
445.5,87
445.6,87
445.7,85
445.8,87
445.9,86
446,83
446.1,81
446.2,83
446.3,82
446.4,86
446.5,84
446.6,84
446.7,82
446.8,82
446.9,79
447,79
447.1,85
447.2,88
447.3,89
447.4,85
447.5,85
447.6,83
447.7,83
447.8,84
447.9,83
448,83
448.1,85
448.2,86
448.3,81
448.4,85
448.5,82
448.6,81
448.7,80
448.8,88
448.9,88
449,89
449.1,87
449.2,87
449.3,86
449.4,81
449.5,82
449.6,84
449.7,85
449.8,85
449.9,84
450,93
450.1,88
450.2,88
450.3,87
450.4,92
450.5,87
450.6,89
450.7,87
450.8,86
450.9,88
451,87
451.1,87
451.2,87
451.3,89
451.4,87
451.5,91
451.6,92
451.7,88
451.8,91
451.9,90
452,92
452.1,88
452.2,92
452.3,86
452.4,87
452.5,88
452.6,86
452.7,86
452.8,87
452.9,88
453,88
453.1,90
453.2,89
453.3,91
453.4,91
453.5,89
453.6,91
453.7,89
453.8,89
453.9,90
454,88
454.1,86
454.2,87
454.3,87
454.4,85
454.5,86
454.6,88
454.7,88
454.8,91
454.9,91
455,92
455.1,92
455.2,93
455.3,90
455.4,89
455.5,90
455.6,91
455.7,85
455.8,88
455.9,87
456,88
456.1,87
456.2,90
456.3,88
456.4,91
456.5,90
456.6,91
456.7,91
456.8,93
456.9,88
457,89
457.1,93
457.2,88
457.3,88
457.4,86
457.5,89
457.6,85
457.7,88
457.8,86
457.9,89
458,87
458.1,90
458.2,89
458.3,94
458.4,91
458.5,91
458.6,94
458.7,90
458.8,93
458.9,88
459,89
459.1,87
459.2,85
459.3,88
459.4,88
459.5,85
459.6,88
459.7,90
459.8,90
459.9,89
460,89
460.1,94
460.2,88
460.3,91
460.4,88
460.5,92
460.6,88
460.7,88
460.8,91
460.9,86
461,90
461.1,86
461.2,87
461.3,92
461.4,89
461.5,88
461.6,91
461.7,91
461.8,92
461.9,90
462,94
462.1,91
462.2,88
462.3,88
462.4,86
462.5,87
462.6,85
462.7,90
462.8,86
462.9,89
463,88
463.1,88
463.2,91
463.3,92
463.4,92
463.5,86
463.6,89
463.7,92
463.8,88
463.9,89
464,86
464.1,89
464.2,88
464.3,88
464.4,88
464.5,89
464.6,86
464.7,87
464.8,90
464.9,92
465,90
465.1,90
465.2,90
465.3,89
465.4,88
465.5,88
465.6,88
465.7,88
465.8,88
465.9,86
466,86
466.1,86
466.2,85
466.3,89
466.4,91
466.5,89
466.6,89
466.7,93
466.8,90
466.9,91
467,90
467.1,92
467.2,90
467.3,88
467.4,87
467.5,86
467.6,85
467.7,88
467.8,86
467.9,86
468,91
468.1,91
468.2,90
468.3,90
468.4,91
468.5,90
468.6,88
468.7,93
468.8,88
468.9,88
469,88
469.1,90
469.2,86
469.3,89
469.4,87
469.5,85
469.6,88
469.7,88
469.8,88
469.9,91
470,90
470.1,91
470.2,90
470.3,90
470.4,91
470.5,89
470.6,83
470.7,87
470.8,86
470.9,87
471,90
471.1,89
471.2,87
471.3,86
471.4,89
471.5,89
471.6,91
471.7,90
471.8,91
471.9,88
472,92
472.1,89
472.2,89
472.3,86
472.4,87
472.5,85
472.6,86
472.7,89
472.8,86
472.9,86
473,89
473.1,88
473.2,89
473.3,90
473.4,93
473.5,90
473.6,91
473.7,91
473.8,89
473.9,89
474,89
474.1,86
474.2,81
474.3,85
474.4,88
474.5,87
474.6,87
474.7,90
474.8,89
474.9,87
475,88
475.1,91
475.2,89
475.3,92
475.4,88
475.5,89
475.6,86
475.7,86
475.8,84
475.9,85
476,87
476.1,85
476.2,90
476.3,90
476.4,87
476.5,86
476.6,89
476.7,91
476.8,89
476.9,89
477,92
477.1,89
477.2,89
477.3,86
477.4,87
477.5,86
477.6,85
477.7,88
477.8,84
477.9,88
478,87
478.1,90
478.2,89
478.3,91
478.4,89
478.5,91
478.6,90
478.7,87
478.8,90
478.9,87
479,85
479.1,87
479.2,88
479.3,89
479.4,86
479.5,87
479.6,87
479.7,90
479.8,88
479.9,89
480,89
480.1,88
480.2,90
480.3,92
480.4,89
480.5,87
480.6,88
480.7,88
480.8,86
480.9,88
481,85
481.1,86
481.2,88
481.3,88
481.4,88
481.5,87
481.6,92
481.7,90
481.8,90
481.9,91
482,89
482.1,89
482.2,87
482.3,87
482.4,86
482.5,87
482.6,85
482.7,85
482.8,85
482.9,87
483,85
483.1,89
483.2,89
483.3,90
483.4,90
483.5,91
483.6,94
483.7,91
483.8,88
483.9,87
484,88
484.1,84
484.2,86
484.3,86
484.4,87
484.5,88
484.6,86
484.7,87
484.8,90
484.9,88
485,92
485.1,91
485.2,90
485.3,90
485.4,88
485.5,88
485.6,87
485.7,87
485.8,87
485.9,85
486,87
486.1,85
486.2,86
486.3,88
486.4,87
486.5,87
486.6,90
486.7,90
486.8,89
486.9,89
487,91
487.1,88
487.2,87
487.3,88
487.4,85
487.5,84
487.6,87
487.7,85
487.8,85
487.9,88
488,86
488.1,89
488.2,88
488.3,90
488.4,92
488.5,86
488.6,90
488.7,90
488.8,88
488.9,86
489,88
489.1,88
489.2,87
489.3,87
489.4,86
489.5,85
489.6,88
489.7,89
489.8,87
489.9,90
490,91
490.1,91
490.2,89
490.3,88
490.4,88
490.5,87
490.6,87
490.7,86
490.8,90
490.9,87
491,88
491.1,86
491.2,87
491.3,87
491.4,88
491.5,90
491.6,90
491.7,91
491.8,89
491.9,89
492,87
492.1,91
492.2,91
492.3,88
492.4,85
492.5,88
492.6,88
492.7,86
492.8,87
492.9,86
493,90
493.1,89
493.2,88
493.3,91
493.4,92
493.5,90
493.6,91
493.7,89
493.8,87
493.9,87
494,87
494.1,86
494.2,87
494.3,86
494.4,85
494.5,88
494.6,87
494.7,87
494.8,90
494.9,88
495,88
495.1,85
495.2,89
495.3,92
495.4,85
495.5,86
495.6,87
495.7,83
495.8,86
495.9,87
496,89
496.1,86
496.2,86
496.3,86
496.4,89
496.5,90
496.6,92
496.7,92
496.8,89
496.9,90
497,94
497.1,90
497.2,87
497.3,87
497.4,85
497.5,82
497.6,87
497.7,88
497.8,84
497.9,87
498,87
498.1,89
498.2,89
498.3,88
498.4,89
498.5,88
498.6,92
498.7,91
498.8,88
498.9,89
499,86
499.1,86
499.2,85
499.3,87
499.4,85
499.5,87
499.6,88
499.7,88
499.8,89
499.9,90
500,86
500.1,86
500.2,86
500.3,87
500.4,84
500.5,87
500.6,82
500.7,83
500.8,82
500.9,86
501,83
501.1,81
501.2,84
501.3,84
501.4,83
501.5,83
501.6,85
501.7,86
501.8,85
501.9,87
502,86
502.1,84
502.2,88
502.3,89
502.4,84
502.5,85
502.6,82
502.7,84
502.8,84
502.9,82
503,82
503.1,80
503.2,83
503.3,82
503.4,87
503.5,87
503.6,87
503.7,87
503.8,86
503.9,87
504,86
504.1,82
504.2,86
504.3,83
504.4,81
504.5,82
504.6,80
504.7,81
504.8,84
504.9,84
505,86
505.1,86
505.2,85
505.3,87
505.4,85
505.5,85
505.6,84
505.7,87
505.8,87
505.9,85
506,85
506.1,82
506.2,85
506.3,85
506.4,81
506.5,84
506.6,85
506.7,85
506.8,87
506.9,87
507,85
507.1,86
507.2,88
507.3,86
507.4,87
507.5,84
507.6,84
507.7,82
507.8,82
507.9,83
508,80
508.1,82
508.2,85
508.3,85
508.4,87
508.5,85
508.6,87
508.7,85
508.8,88
508.9,88
509,86
509.1,86
509.2,84
509.3,84
509.4,83
509.5,81
509.6,83
509.7,81
509.8,87
509.9,83
510,86
510.1,86
510.2,84
510.3,84
510.4,87
510.5,89
510.6,85
510.7,83
510.8,84
510.9,82
511,82
511.1,84
511.2,83
511.3,81
511.4,84
511.5,85
511.6,84
511.7,85
511.8,86
511.9,87
512,86
512.1,88
512.2,87
512.3,85
512.4,84
512.5,83
512.6,84
512.7,83
512.8,82
512.9,84
513,82
513.1,85
513.2,85
513.3,83
513.4,86
513.5,88
513.6,85
513.7,86
513.8,87
513.9,83
514,86
514.1,83
514.2,82
514.3,83
514.4,79
514.5,81
514.6,86
514.7,83
514.8,82
514.9,86
515,84
515.1,85
515.2,84
515.3,87
515.4,88
515.5,86
515.6,83
515.7,87
515.8,86
515.9,80
516,83
516.1,82
516.2,81
516.3,80
516.4,85
516.5,83
516.6,85
516.7,84
516.8,84
516.9,83
517,86
517.1,89
517.2,85
517.3,84
517.4,86
517.5,85
517.6,82
517.7,83
517.8,83
517.9,82
518,83
518.1,87
518.2,81
518.3,86
518.4,86
518.5,88
518.6,88
518.7,86
518.8,88
518.9,86
519,84
519.1,85
519.2,82
519.3,84
519.4,82
519.5,79
519.6,81
519.7,83
519.8,83
519.9,80
520,87
520.1,86
520.2,87
520.3,86
520.4,87
520.5,89
520.6,85
520.7,88
520.8,84
520.9,81
521,85
521.1,82
521.2,83
521.3,81
521.4,82
521.5,84
521.6,87
521.7,85
521.8,86
521.9,89
522,86
522.1,87
522.2,87
522.3,85
522.4,85
522.5,85
522.6,82
522.7,84
522.8,81
522.9,82
523,80
523.1,82
523.2,82
523.3,84
523.4,87
523.5,84
523.6,84
523.7,85
523.8,87
523.9,86
524,85
524.1,86
524.2,83
524.3,84
524.4,82
524.5,81
524.6,81
524.7,83
524.8,84
524.9,85
525,86
525.1,83
525.2,89
525.3,87
525.4,87
525.5,86
525.6,87
525.7,83
525.8,85
525.9,80
526,84
526.1,80
526.2,83
526.3,84
526.4,84
526.5,85
526.6,86
526.7,85
526.8,87
526.9,85
527,86
527.1,88
527.2,86
527.3,83
527.4,88
527.5,84
527.6,84
527.7,82
527.8,83
527.9,83
528,81
528.1,83
528.2,81
528.3,84
528.4,87
528.5,85
528.6,90
528.7,84
528.8,87
528.9,85
529,85
529.1,86
529.2,82
529.3,82
529.4,83
529.5,82
529.6,82
529.7,81
529.8,83
529.9,86
530,83
530.1,85
530.2,83
530.3,87
530.4,88
530.5,86
530.6,83
530.7,83
530.8,84
530.9,83
531,85
531.1,81
531.2,83
531.3,81
531.4,82
531.5,83
531.6,85
531.7,87
531.8,85
531.9,85
532,87
532.1,85
532.2,87
532.3,85
532.4,84
532.5,83
532.6,84
532.7,78
532.8,84
532.9,81
533,83
533.1,84
533.2,86
533.3,85
533.4,85
533.5,83
533.6,86
533.7,83
533.8,86
533.9,85
534,85
534.1,84
534.2,83
534.3,84
534.4,79
534.5,81
534.6,83
534.7,83
534.8,80
534.9,83
535,87
535.1,85
535.2,86
535.3,89
535.4,86
535.5,86
535.6,85
535.7,88
535.8,85
535.9,83
536,82
536.1,82
536.2,84
536.3,81
536.4,84
536.5,83
536.6,85
536.7,85
536.8,85
536.9,86
537,85
537.1,88
537.2,85
537.3,84
537.4,87
537.5,81
537.6,84
537.7,80
537.8,83
537.9,82
538,82
538.1,83
538.2,84
538.3,84
538.4,85
538.5,83
538.6,87
538.7,84
538.8,86
538.9,87
539,85
539.1,84
539.2,86
539.3,91
539.4,120
539.5,31
539.6,71
539.7,107
539.8,20
539.9,53
540,84
540.1,94
540.2,101
540.3,101
540.4,100
540.5,101
540.6,97
540.7,103
540.8,101
540.9,98
541,99
541.1,101
541.2,100
541.3,103
541.4,103
541.5,103
541.6,98
541.7,101
541.8,101
541.9,101
542,101
542.1,100
542.2,102
542.3,103
542.4,102
542.5,101
542.6,104
542.7,104
542.8,102
542.9,101
543,104
543.1,103
543.2,100
543.3,104
543.4,102
543.5,101
543.6,98
543.7,101
543.8,101
543.9,104
544,103
544.1,101
544.2,103
544.3,103
544.4,102
544.5,101
544.6,101
544.7,103
544.8,103
544.9,102
545,98
545.1,100
545.2,103
545.3,98
545.4,103
545.5,103
545.6,102
545.7,102
545.8,102
545.9,102
546,100
546.1,103
546.2,104
546.3,100
546.4,100
546.5,102
546.6,101
546.7,102
546.8,104
546.9,99
547,104
547.1,101
547.2,102
547.3,102
547.4,103
547.5,102
547.6,102
547.7,102
547.8,101
547.9,99
548,100
548.1,102
548.2,101
548.3,101
548.4,105
548.5,103
548.6,102
548.7,103
548.8,101
548.9,102
549,102
549.1,101
549.2,101
549.3,104
549.4,103
549.5,99
549.6,101
549.7,101
549.8,101
549.9,103
550,86
550.1,83
550.2,84
550.3,84
550.4,83
550.5,82
550.6,84
550.7,85
550.8,84
550.9,86
551,84
551.1,86
551.2,87
551.3,87
551.4,87
551.5,86
551.6,88
551.7,84
551.8,83
551.9,87
552,82
552.1,84
552.2,85
552.3,79
552.4,84
552.5,85
552.6,87
552.7,84
552.8,89
552.9,86
553,89
553.1,86
553.2,88
553.3,86
553.4,83
553.5,79
553.6,84
553.7,83
553.8,84
553.9,83
554,86
554.1,84
554.2,83
554.3,86
554.4,85
554.5,87
554.6,85
554.7,86
554.8,86
554.9,85
555,90
555.1,84
555.2,84
555.3,82
555.4,84
555.5,81
555.6,84
555.7,86
555.8,82
555.9,86
556,85
556.1,89
556.2,89
556.3,88
556.4,84
556.5,89
556.6,86
556.7,87
556.8,84
556.9,82
557,85
557.1,83
557.2,81
557.3,84
557.4,84
557.5,83
557.6,87
557.7,85
557.8,86
557.9,88
558,87
558.1,84
558.2,87
558.3,85
558.4,87
558.5,85
558.6,84
558.7,82
558.8,82
558.9,85
559,81
559.1,83
559.2,83
559.3,83
559.4,86
559.5,87
559.6,90
559.7,86
559.8,87
559.9,85
560,87
560.1,85
560.2,86
560.3,85
560.4,84
560.5,82
560.6,83
560.7,82
560.8,86
560.9,86
561,85
561.1,84
561.2,88
561.3,88
561.4,86
561.5,88
561.6,86
561.7,88
561.8,82
561.9,83
562,86
562.1,83
562.2,86
562.3,81
562.4,85
562.5,86
562.6,83
562.7,85
562.8,86
562.9,84
563,87
563.1,87
563.2,86
563.3,86
563.4,86
563.5,84
563.6,82
563.7,83
563.8,80
563.9,83
564,85
564.1,83
564.2,83
564.3,87
564.4,86
564.5,87
564.6,87
564.7,84
564.8,89
564.9,90
565,88
565.1,80
565.2,85
565.3,83
565.4,82
565.5,83
565.6,83
565.7,83
565.8,84
565.9,83
566,85
566.1,86
566.2,85
566.3,85
566.4,86
566.5,89
566.6,85
566.7,85
566.8,82
566.9,84
567,85
567.1,86
567.2,84
567.3,83
567.4,82
567.5,84
567.6,86
567.7,86
567.8,86
567.9,87
568,87
568.1,87
568.2,84
568.3,86
568.4,89
568.5,83
568.6,84
568.7,84
568.8,85
568.9,83
569,80
569.1,84
569.2,84
569.3,85
569.4,86
569.5,87
569.6,88
569.7,87
569.8,87
569.9,87
570,85
570.1,86
570.2,83
570.3,83
570.4,81
570.5,82
570.6,84
570.7,81
570.8,84
570.9,81
571,84
571.1,84
571.2,87
571.3,88
571.4,87
571.5,87
571.6,86
571.7,87
571.8,84
571.9,83
572,86
572.1,86
572.2,81
572.3,83
572.4,88
572.5,85
572.6,85
572.7,86
572.8,88
572.9,88
573,85
573.1,87
573.2,83
573.3,86
573.4,84
573.5,85
573.6,81
573.7,83
573.8,84
573.9,83
574,80
574.1,85
574.2,84
574.3,85
574.4,86
574.5,90
574.6,85
574.7,90
574.8,87
574.9,87
575,85
575.1,84
575.2,83
575.3,85
575.4,81
575.5,83
575.6,79
575.7,83
575.8,85
575.9,82
576,86
576.1,87
576.2,89
576.3,86
576.4,91
576.5,84
576.6,86
576.7,84
576.8,87
576.9,83
577,82
577.1,83
577.2,83
577.3,82
577.4,82
577.5,84
577.6,86
577.7,87
577.8,89
577.9,84
578,87
578.1,88
578.2,86
578.3,82
578.4,83
578.5,85
578.6,84
578.7,84
578.8,81
578.9,84
579,81
579.1,85
579.2,84
579.3,84
579.4,89
579.5,84
579.6,86
579.7,84
579.8,89
579.9,87
580,85
580.1,84
580.2,87
580.3,82
580.4,81
580.5,84
580.6,84
580.7,84
580.8,85
580.9,87
581,83
581.1,84
581.2,88
581.3,85
581.4,84
581.5,89
581.6,83
581.7,85
581.8,84
581.9,86
582,80
582.1,83
582.2,82
582.3,84
582.4,82
582.5,87
582.6,84
582.7,82
582.8,85
582.9,87
583,88
583.1,85
583.2,85
583.3,88
583.4,83
583.5,84
583.6,83
583.7,83
583.8,81
583.9,82
584,83
584.1,82
584.2,82
584.3,87
584.4,87
584.5,89
584.6,89
584.7,86
584.8,87
584.9,85
585,84
585.1,87
585.2,108
585.3,10
585.4,41
585.5,76
585.6,111
585.7,14
585.8,50
585.9,79
586,92
586.1,97
586.2,103
586.3,101
586.4,103
586.5,104
586.6,103
586.7,101
586.8,98
586.9,102
587,105
587.1,102
587.2,99
587.3,101
587.4,102
587.5,100
587.6,98
587.7,102
587.8,101
587.9,105
588,102
588.1,102
588.2,101
588.3,102
588.4,99
588.5,100
588.6,104
588.7,102
588.8,101
588.9,103
589,103
589.1,105
589.2,102
589.3,100
589.4,102
589.5,103
589.6,103
589.7,99
589.8,102
589.9,100
590,101
590.1,103
590.2,103
590.3,101
590.4,102
590.5,101
590.6,106
590.7,103
590.8,101
590.9,104
591,104
591.1,105
591.2,105
591.3,103
591.4,101
591.5,101
591.6,101
591.7,101
591.8,103
591.9,102
592,103
592.1,103
592.2,100
592.3,99
592.4,100
592.5,101
592.6,102
592.7,101
592.8,103
592.9,101
593,102
593.1,102
593.2,104
593.3,100
593.4,105
593.5,101
593.6,100
593.7,102
593.8,107
593.9,103
594,103
594.1,103
594.2,101
594.3,102
594.4,102
594.5,105
594.6,101
594.7,101
594.8,100
594.9,102
595,102
595.1,100
595.2,103
595.3,102
595.4,103
595.5,104
595.6,102
595.7,100
595.8,101
595.9,105
596,102
596.1,105
596.2,103
596.3,103
596.4,103
596.5,100
596.6,102
596.7,100
596.8,101
596.9,103
597,100
597.1,103
597.2,100
597.3,104
597.4,101
597.5,100
597.6,100
597.7,101
597.8,99
597.9,101
598,103
598.1,101
598.2,100
598.3,102
598.4,102
598.5,105
598.6,103
598.7,102
598.8,103
598.9,102
599,102
599.1,104
599.2,100
599.3,103
599.4,102
599.5,102
599.6,101
599.7,102
599.8,101
599.9,101
600,88
600.1,85
600.2,86
600.3,85
600.4,85
600.5,87
600.6,87
600.7,89
600.8,89
600.9,89
601,88
601.1,90
601.2,95
601.3,95
601.4,93
601.5,95
601.6,91
601.7,90
601.8,91
601.9,89
602,84
602.1,87
602.2,87
602.3,83
602.4,87
602.5,92
602.6,94
602.7,91
602.8,92
602.9,90
603,91
603.1,92
603.2,94
603.3,93
603.4,95
603.5,91
603.6,88
603.7,88
603.8,89
603.9,88
604,84
604.1,83
604.2,90
604.3,94
604.4,94
604.5,93
604.6,91
604.7,93
604.8,88
604.9,91
605,89
605.1,89
605.2,85
605.3,84
605.4,88
605.5,88
605.6,88
605.7,89
605.8,84
605.9,91
606,93
606.1,94
606.2,93
606.3,93
606.4,91
606.5,90
606.6,89
606.7,88
606.8,88
606.9,84
607,87
607.1,87
607.2,89
607.3,89
607.4,89
607.5,85
607.6,87
607.7,91
607.8,94
607.9,92
608,92
608.1,88
608.2,88
608.3,89
608.4,86
608.5,88
608.6,84
608.7,85
608.8,83
608.9,90
609,87
609.1,88
609.2,87
609.3,88
609.4,93
609.5,92
609.6,93
609.7,91
609.8,93
609.9,92
610,87
610.1,89
610.2,86
610.3,86
610.4,85
610.5,87
610.6,87
610.7,92
610.8,88
610.9,87
611,88
611.1,88
611.2,88
611.3,95
611.4,90
611.5,92
611.6,93
611.7,93
611.8,89
611.9,86
612,89
612.1,87
612.2,83
612.3,83
612.4,90
612.5,92
612.6,93
612.7,90
612.8,89
612.9,90
613,85
613.1,90
613.2,90
613.3,92
613.4,88
613.5,92
613.6,88
613.7,85
613.8,87
613.9,88
614,86
614.1,81
614.2,90
614.3,92
614.4,96
614.5,91
614.6,90
614.7,92
614.8,89
614.9,89
615,85
615.1,85
615.2,90
615.3,88
615.4,89
615.5,87
615.6,84
615.7,88
615.8,93
615.9,93
616,91
616.1,87
616.2,86
616.3,85
616.4,91
616.5,92
616.6,90
616.7,93
616.8,88
616.9,87
617,88
617.1,88
617.2,89
617.3,86
617.4,87
617.5,90
617.6,96
617.7,90
617.8,91
617.9,91
618,87
618.1,86
618.2,85
618.3,89
618.4,92
618.5,89
618.6,87
618.7,82
618.8,87
618.9,86
619,81
619.1,91
619.2,93
619.3,94
619.4,90
619.5,89
619.6,88
619.7,89
619.8,90
619.9,91
620,93
620.1,87
620.2,91
620.3,87
620.4,90
620.5,85
620.6,84
620.7,85
620.8,92
620.9,92
621,94
621.1,92
621.2,91
621.3,89
621.4,89
621.5,89
621.6,85
621.7,87
621.8,88
621.9,87
622,84
622.1,88
622.2,82
622.3,83
622.4,92
622.5,92
622.6,91
622.7,89
622.8,90
622.9,87
623,88
623.1,91
623.2,92
623.3,91
623.4,94
623.5,90
623.6,87
623.7,88
623.8,85
623.9,85
624,88
624.1,88
624.2,92
624.3,92
624.4,89
624.5,91
624.6,89
624.7,89
624.8,88
624.9,90
625,88
625.1,90
625.2,89
625.3,86
625.4,86
625.5,83
625.6,85
625.7,91
625.8,93
625.9,91
626,91
626.1,91
626.2,86
626.3,87
626.4,90
626.5,91
626.6,90
626.7,89
626.8,90
626.9,88
627,88
627.1,85
627.2,84
627.3,84
627.4,90
627.5,93
627.6,94
627.7,90
627.8,91
627.9,87
628,91
628.1,86
628.2,91
628.3,89
628.4,90
628.5,92
628.6,88
628.7,91
628.8,87
628.9,87
629,85
629.1,88
629.2,89
629.3,91
629.4,93
629.5,90
629.6,89
629.7,86
629.8,86
629.9,89
630,87
630.1,89
630.2,88
630.3,86
630.4,85
630.5,84
630.6,83
630.7,91
630.8,90
630.9,93
631,90
631.1,88
631.2,89
631.3,90
631.4,90
631.5,91
631.6,91
631.7,88
631.8,93
631.9,90
632,87
632.1,86
632.2,84
632.3,81
632.4,85
632.5,94
632.6,94
632.7,91
632.8,92
632.9,90
633,89
633.1,84
633.2,87
633.3,92
633.4,87
633.5,89
633.6,88
633.7,86
633.8,86
633.9,84
634,84
634.1,90
634.2,95
634.3,89
634.4,90
634.5,90
634.6,88
634.7,85
634.8,90
634.9,91
635,89
635.1,90
635.2,91
635.3,87
635.4,87
635.5,88
635.6,83
635.7,86
635.8,92
635.9,90
636,90
636.1,89
636.2,86
636.3,88
636.4,85
636.5,89
636.6,88
636.7,91
636.8,90
636.9,87
637,88
637.1,86
637.2,87
637.3,82
637.4,87
637.5,91
637.6,92
637.7,92
637.8,89
637.9,89
638,89
638.1,89
638.2,90
638.3,90
638.4,89
638.5,89
638.6,87
638.7,84
638.8,86
638.9,83
639,83
639.1,88
639.2,91
639.3,90
639.4,87
639.5,88
639.6,87
639.7,86
639.8,89
639.9,93
640,91
640.1,89
640.2,89
640.3,89
640.4,88
640.5,83
640.6,82
640.7,83
640.8,90
640.9,91
641,91
641.1,91
641.2,90
641.3,87
641.4,84
641.5,90
641.6,90
641.7,89
641.8,91
641.9,86
642,88
642.1,84
642.2,86
642.3,83
642.4,88
642.5,89
642.6,91
642.7,91
642.8,90
642.9,89
643,87
643.1,86
643.2,87
643.3,92
643.4,94
643.5,89
643.6,85
643.7,85
643.8,86
643.9,85
644,84
644.1,92
644.2,89
644.3,93
644.4,91
644.5,88
644.6,85
644.7,87
644.8,92
644.9,90
645,89
645.1,90
645.2,91
645.3,88
645.4,87
645.5,87
645.6,85
645.7,83
645.8,87
645.9,90
646,90
646.1,91
646.2,90
646.3,88
646.4,84
646.5,93
646.6,90
646.7,90
646.8,89
646.9,88
647,87
647.1,85
647.2,87
647.3,81
647.4,89
647.5,94
647.6,92
647.7,94
647.8,89
647.9,91
648,84
648.1,88
648.2,92
648.3,88
648.4,89
648.5,91
648.6,89
648.7,87
648.8,85
648.9,84
649,84
649.1,90
649.2,92
649.3,93
649.4,90
649.5,89
649.6,88
649.7,87
649.8,92
649.9,90
650,101
650.1,101
650.2,101
650.3,99
650.4,97
650.5,103
650.6,99
650.7,104
650.8,103
650.9,101
651,103
651.1,103
651.2,100
651.3,102
651.4,100
651.5,103
651.6,101
651.7,102
651.8,102
651.9,102
652,104
652.1,101
652.2,103
652.3,102
652.4,104
652.5,101
652.6,103
652.7,102
652.8,97
652.9,100
653,103
653.1,103
653.2,100
653.3,102
653.4,103
653.5,102
653.6,103
653.7,102
653.8,101
653.9,101
654,103
654.1,103
654.2,100
654.3,102
654.4,100
654.5,101
654.6,101
654.7,102
654.8,103
654.9,101
655,101
655.1,101
655.2,104
655.3,98
655.4,101
655.5,104
655.6,102
655.7,103
655.8,98
655.9,100
656,103
656.1,104
656.2,100
656.3,101
656.4,103
656.5,100
656.6,103
656.7,98
656.8,103
656.9,100
657,101
657.1,102
657.2,102
657.3,101
657.4,103
657.5,99
657.6,102
657.7,101
657.8,103
657.9,103
658,103
658.1,104
658.2,104
658.3,102
658.4,102
658.5,103
658.6,102
658.7,103
658.8,98
658.9,104
659,102
659.1,99
659.2,101
659.3,99
659.4,100
659.5,102
659.6,104
659.7,103
659.8,102
659.9,100
660,101
660.1,101
660.2,101
660.3,101
660.4,101
660.5,101
660.6,100
660.7,102
660.8,101
660.9,100
661,102
661.1,102
661.2,100
661.3,101
661.4,103
661.5,100
661.6,100
661.7,101
661.8,102
661.9,104
662,102
662.1,103
662.2,102
662.3,100
662.4,102
662.5,102
662.6,103
662.7,101
662.8,103
662.9,102
663,102
663.1,102
663.2,102
663.3,103
663.4,101
663.5,99
663.6,99
663.7,102
663.8,101
663.9,99
664,102
664.1,101
664.2,101
664.3,102
664.4,104
664.5,104
664.6,102
664.7,102
664.8,102
664.9,102
665,102
665.1,102
665.2,100
665.3,102
665.4,102
665.5,101
665.6,101
665.7,100
665.8,100
665.9,102
666,101
666.1,99
666.2,100
666.3,101
666.4,103
666.5,102
666.6,101
666.7,101
666.8,104
666.9,103
667,100
667.1,104
667.2,101
667.3,103
667.4,101
667.5,103
667.6,100
667.7,102
667.8,104
667.9,98
668,102
668.1,101
668.2,103
668.3,104
668.4,103
668.5,102
668.6,102
668.7,101
668.8,102
668.9,104
669,100
669.1,101
669.2,102
669.3,103
669.4,102
669.5,103
669.6,104
669.7,103
669.8,100
669.9,104
670,104
670.1,102
670.2,99
670.3,99
670.4,102
670.5,101
670.6,99
670.7,99
670.8,101
670.9,102
671,104
671.1,103
671.2,101
671.3,103
671.4,102
671.5,103
671.6,102
671.7,104
671.8,103
671.9,102
672,102
672.1,103
672.2,100
672.3,100
672.4,100
672.5,101
672.6,103
672.7,101
672.8,102
672.9,101
673,101
673.1,100
673.2,102
673.3,102
673.4,103
673.5,102
673.6,102
673.7,99
673.8,103
673.9,101
674,102
674.1,104
674.2,103
674.3,103
674.4,102
674.5,102
674.6,102
674.7,103
674.8,105
674.9,106
675,102
675.1,99
675.2,100
675.3,104
675.4,103
675.5,102
675.6,101
675.7,100
675.8,104
675.9,101
676,103
676.1,100
676.2,102
676.3,103
676.4,102
676.5,101
676.6,102
676.7,100
676.8,100
676.9,103
677,101
677.1,103
677.2,103
677.3,103
677.4,99
677.5,101
677.6,103
677.7,103
677.8,105
677.9,101
678,104
678.1,103
678.2,100
678.3,101
678.4,102
678.5,99
678.6,98
678.7,99
678.8,102
678.9,101
679,101
679.1,101
679.2,100
679.3,101
679.4,99
679.5,104
679.6,105
679.7,98
679.8,101
679.9,101
680,102
680.1,103
680.2,101
680.3,102
680.4,106
680.5,101
680.6,104
680.7,102
680.8,101
680.9,101
681,102
681.1,100
681.2,101
681.3,101
681.4,102
681.5,105
681.6,101
681.7,103
681.8,100
681.9,104
682,99
682.1,103
682.2,101
682.3,101
682.4,101
682.5,100
682.6,100
682.7,103
682.8,102
682.9,102
683,103
683.1,102
683.2,101
683.3,106
683.4,103
683.5,102
683.6,101
683.7,103
683.8,100
683.9,100
684,104
684.1,102
684.2,101
684.3,102
684.4,103
684.5,103
684.6,103
684.7,100
684.8,103
684.9,102
685,102
685.1,104
685.2,103
685.3,102
685.4,98
685.5,101
685.6,100
685.7,103
685.8,103
685.9,102
686,101
686.1,105
686.2,101
686.3,100
686.4,101
686.5,101
686.6,101
686.7,103
686.8,99
686.9,101
687,101
687.1,102
687.2,104
687.3,104
687.4,100
687.5,99
687.6,102
687.7,101
687.8,100
687.9,102
688,102
688.1,101
688.2,101
688.3,101
688.4,101
688.5,103
688.6,100
688.7,101
688.8,101
688.9,101
689,102
689.1,105
689.2,103
689.3,103
689.4,102
689.5,100
689.6,101
689.7,101
689.8,103
689.9,99
690,103
690.1,102
690.2,103
690.3,100
690.4,101
690.5,101
690.6,101
690.7,103
690.8,103
690.9,105
691,101
691.1,97
691.2,101
691.3,102
691.4,103
691.5,102
691.6,101
691.7,105
691.8,100
691.9,101
692,100
692.1,101
692.2,104
692.3,102
692.4,102
692.5,99
692.6,102
692.7,104
692.8,102
692.9,101
693,104
693.1,101
693.2,104
693.3,100
693.4,103
693.5,104
693.6,103
693.7,99
693.8,101
693.9,101
694,103
694.1,100
694.2,100
694.3,100
694.4,101
694.5,100
694.6,104
694.7,101
694.8,103
694.9,102
695,102
695.1,101
695.2,103
695.3,102
695.4,102
695.5,101
695.6,101
695.7,103
695.8,102
695.9,102
696,101
696.1,105
696.2,101
696.3,102
696.4,102
696.5,105
696.6,102
696.7,101
696.8,102
696.9,100
697,102
697.1,105
697.2,102
697.3,102
697.4,101
697.5,105
697.6,105
697.7,103
697.8,103
697.9,102
698,103
698.1,101
698.2,100
698.3,100
698.4,103
698.5,100
698.6,101
698.7,101
698.8,103
698.9,101
699,103
699.1,103
699.2,100
699.3,104
699.4,102
699.5,101
699.6,102
699.7,102
699.8,101
699.9,101
700,101
700.1,102
700.2,101
700.3,102
700.4,102
700.5,102
700.6,103
700.7,104
700.8,104
700.9,104
701,103
701.1,105
701.2,103
701.3,102
701.4,105
701.5,98
701.6,102
701.7,104
701.8,103
701.9,105
702,102
702.1,101
702.2,101
702.3,102
702.4,104
702.5,104
702.6,102
702.7,102
702.8,101
702.9,101
703,104
703.1,104
703.2,101
703.3,102
703.4,102
703.5,103
703.6,101
703.7,99
703.8,103
703.9,101
704,101
704.1,103
704.2,102
704.3,103
704.4,100
704.5,103
704.6,99
704.7,103
704.8,104
704.9,100
705,102
705.1,104
705.2,101
705.3,102
705.4,97
705.5,103
705.6,102
705.7,102
705.8,103
705.9,105
706,103
706.1,104
706.2,100
706.3,103
706.4,102
706.5,101
706.6,99
706.7,103
706.8,103
706.9,103
707,103
707.1,100
707.2,103
707.3,104
707.4,101
707.5,102
707.6,101
707.7,104
707.8,100
707.9,103
708,101
708.1,100
708.2,99
708.3,102
708.4,100
708.5,102
708.6,105
708.7,102
708.8,104
708.9,100
709,100
709.1,100
709.2,102
709.3,106
709.4,99
709.5,101
709.6,98
709.7,97
709.8,94
709.9,95
710,92
710.1,93
710.2,90
710.3,85
710.4,88
710.5,82
710.6,81
710.7,81
710.8,80
710.9,82
711,78
711.1,79
711.2,75
711.3,75
711.4,73
711.5,72
711.6,69
711.7,68
711.8,66
711.9,63
712,64
712.1,62
712.2,62
712.3,60
712.4,61
712.5,58
712.6,56
712.7,55
712.8,55
712.9,50
713,50
713.1,49
713.2,49
713.3,48
713.4,46
713.5,41
713.6,41
713.7,42
713.8,40
713.9,40
714,38
714.1,39
714.2,33
714.3,36
714.4,35
714.5,34
714.6,33
714.7,32
714.8,28
714.9,26
715,24
715.1,25
715.2,23
715.3,25
715.4,21
715.5,19
715.6,18
715.7,21
715.8,17
715.9,15
716,16
716.1,17
716.2,12
716.3,13
716.4,13
716.5,7
716.6,7
716.7,9
716.8,5
716.9,6
717,3
717.1,2
717.2,1
717.3,1
717.4,127
717.5,125
717.6,128
717.7,126
717.8,119
717.9,121
718,124
718.1,118
718.2,121
718.3,116
718.4,115
718.5,116
718.6,114
718.7,113
718.8,114
718.9,112
719,110
719.1,111
719.2,109
719.3,105
719.4,108
719.5,105
719.6,103
719.7,99
719.8,99
719.9,103
720,102
720.1,99
720.2,95
720.3,95
720.4,93
720.5,92
720.6,97
720.7,96
720.8,90
720.9,91
721,88
721.1,89
721.2,91
721.3,89
721.4,87
721.5,85
721.6,86
721.7,84
721.8,82
721.9,81
722,81
722.1,80
722.2,78
722.3,76
722.4,75
722.5,74
722.6,74
722.7,73
722.8,72
722.9,71
723,72
723.1,72
723.2,69
723.3,68
723.4,66
723.5,66
723.6,67
723.7,66
723.8,65
723.9,64
724,63
724.1,62
724.2,61
724.3,59
724.4,59
724.5,58
724.6,58
724.7,56
724.8,58
724.9,53
725,54
725.1,51
725.2,51
725.3,49
725.4,51
725.5,50
725.6,49
725.7,48
725.8,46
725.9,45
726,46
726.1,42
726.2,45
726.3,46
726.4,43
726.5,41
726.6,40
726.7,41
726.8,38
726.9,39
727,36
727.1,38
727.2,38
727.3,34
727.4,33
727.5,32
727.6,32
727.7,30
727.8,29
727.9,32
728,31
728.1,30
728.2,28
728.3,29
728.4,26
728.5,26
728.6,22
728.7,22
728.8,22
728.9,21
729,18
729.1,21
729.2,21
729.3,18
729.4,16
729.5,16
729.6,17
729.7,15
729.8,15
729.9,12
730,16
730.1,13
730.2,14
730.3,12
730.4,10
730.5,9
730.6,7
730.7,7
730.8,6
730.9,5
731,9
731.1,6
731.2,7
731.3,3
731.4,1
731.5,1
731.6,1
731.7,1
731.8,0
731.9,125
732,125
732.1,125
732.2,124
732.3,125
732.4,122
732.5,124
732.6,121
732.7,117
732.8,122
732.9,122
733,119
733.1,117
733.2,116
733.3,115
733.4,119
733.5,115
733.6,117
733.7,113
733.8,112
733.9,111
734,110
734.1,111
734.2,108
734.3,109
734.4,111
734.5,107
734.6,109
734.7,104
734.8,109
734.9,104
735,103
735.1,105
735.2,103
735.3,104
735.4,100
735.5,101
735.6,100
735.7,99
735.8,101
735.9,100
736,98
736.1,100
736.2,96
736.3,99
736.4,97
736.5,94
736.6,98
736.7,93
736.8,95
736.9,93
737,92
737.1,92
737.2,92
737.3,90
737.4,90
737.5,90
737.6,89
737.7,88
737.8,88
737.9,90
738,86
738.1,88
738.2,84
738.3,83
738.4,89
738.5,84
738.6,84
738.7,89
738.8,93
738.9,91
739,91
739.1,88
739.2,90
739.3,88
739.4,89
739.5,85
739.6,88
739.7,82
739.8,84
739.9,81
740,91
740.1,92
740.2,91
740.3,95
740.4,91
740.5,87
740.6,91
740.7,87
740.8,88
740.9,88
741,85
741.1,86
741.2,84
741.3,86
741.4,83
741.5,84
741.6,94
741.7,95
741.8,93
741.9,91
742,92
742.1,90
742.2,91
742.3,87
742.4,90
742.5,89
742.6,91
742.7,89
742.8,87
742.9,85
743,84
743.1,90
743.2,92
743.3,94
743.4,93
743.5,92
743.6,91
743.7,88
743.8,87
743.9,87
744,89
744.1,85
744.2,84
744.3,86
744.4,87
744.5,88
744.6,87
744.7,83
744.8,88
744.9,93
745,91
745.1,88
745.2,89
745.3,90
745.4,89
745.5,90
745.6,90
745.7,88
745.8,90
745.9,90
746,90
746.1,86
746.2,89
746.3,86
746.4,86
746.5,93
746.6,92
746.7,89
746.8,93
746.9,92
747,90
747.1,91
747.2,90
747.3,85
747.4,87
747.5,83
747.6,85
747.7,87
747.8,89
747.9,86
748,87
748.1,83
748.2,93
748.3,93
748.4,93
748.5,89
748.6,91
748.7,92
748.8,88
748.9,89
749,87
749.1,88
749.2,85
749.3,88
749.4,86
749.5,86
749.6,85
749.7,89
749.8,90
749.9,93
750,82
750.1,80
750.2,81
750.3,82
750.4,77
750.5,85
750.6,88
750.7,86
750.8,85
750.9,85
751,85
751.1,82
751.2,81
751.3,86
751.4,84
751.5,86
751.6,87
751.7,81
751.8,79
751.9,81
752,77
752.1,81
752.2,84
752.3,87
752.4,88
752.5,85
752.6,87
752.7,85
752.8,85
752.9,81
753,86
753.1,85
753.2,84
753.3,82
753.4,78
753.5,82
753.6,81
753.7,76
753.8,86
753.9,90
754,87
754.1,88
754.2,85
754.3,83
754.4,85
754.5,80
754.6,83
754.7,83
754.8,83
754.9,84
755,81
755.1,82
755.2,78
755.3,78
755.4,82
755.5,89
755.6,88
755.7,86
755.8,84
755.9,84
756,83
756.1,78
756.2,80
756.3,84
756.4,85
756.5,85
756.6,83
756.7,83
756.8,81
756.9,80
757,80
757.1,86
757.2,85
757.3,88
757.4,89
757.5,88
757.6,85
757.7,83
757.8,83
757.9,84
758,85
758.1,85
758.2,84
758.3,81
758.4,81
758.5,80
758.6,79
758.7,81
758.8,88
758.9,85
759,86
759.1,86
759.2,84
759.3,85
759.4,81
759.5,83
759.6,85
759.7,85
759.8,85
759.9,83
760,80
760.1,82
760.2,80
760.3,78
760.4,83
760.5,88
760.6,92
760.7,88
760.8,85
760.9,83
761,83
761.1,81
761.2,83
761.3,83
761.4,86
761.5,85
761.6,84
761.7,80
761.8,82
761.9,82
762,78
762.1,83
762.2,89
762.3,87
762.4,87
762.5,88
762.6,83
762.7,85
762.8,82
762.9,80
763,86
763.1,85
763.2,84
763.3,82
763.4,82
763.5,78
763.6,80
763.7,81
763.8,83
763.9,87
764,86
764.1,84
764.2,82
764.3,82
764.4,82
764.5,83
764.6,83
764.7,86
764.8,85
764.9,87
765,84
765.1,82
765.2,81
765.3,78
765.4,81
765.5,88
765.6,85
765.7,86
765.8,84
765.9,85
766,83
766.1,83
766.2,82
766.3,83
766.4,83
766.5,84
766.6,82
766.7,81
766.8,83
766.9,81
767,81
767.1,85
767.2,87
767.3,88
767.4,86
767.5,85
767.6,84
767.7,86
767.8,83
767.9,83
768,87
768.1,86
768.2,82
768.3,84
768.4,83
768.5,82
768.6,79
768.7,80
768.8,86
768.9,86
769,86
769.1,87
769.2,84
769.3,82
769.4,83
769.5,81
769.6,86
769.7,83
769.8,85
769.9,83
770,81
770.1,81
770.2,83
770.3,79
770.4,86
770.5,84
770.6,85
770.7,89
770.8,88
770.9,83
771,84
771.1,83
771.2,81
771.3,84
771.4,85
771.5,82
771.6,82
771.7,82
771.8,81
771.9,78
772,80
772.1,86
772.2,87
772.3,90
772.4,87
772.5,85
772.6,86
772.7,86
772.8,83
772.9,84
773,84
773.1,85
773.2,83
773.3,84
773.4,83
773.5,83
773.6,76
773.7,78
773.8,88
773.9,86
774,89
774.1,88
774.2,85
774.3,82
774.4,82
774.5,83
774.6,87
774.7,85
774.8,83
774.9,87
775,84
775.1,80
775.2,81
775.3,80
775.4,81
775.5,88
775.6,89
775.7,86
775.8,88
775.9,82
776,87
776.1,82
776.2,83
776.3,85
776.4,83
776.5,84
776.6,81
776.7,83
776.8,81
776.9,80
777,80
777.1,86
777.2,89
777.3,89
777.4,86
777.5,84
777.6,82
777.7,83
777.8,82
777.9,82
778,88
778.1,84
778.2,81
778.3,85
778.4,79
778.5,82
778.6,81
778.7,80
778.8,85
778.9,88
779,89
779.1,85
779.2,87
779.3,85
779.4,83
779.5,80
779.6,86
779.7,86
779.8,83
779.9,83
780,83
780.1,81
780.2,82
780.3,79
780.4,83
780.5,91
780.6,85
780.7,86
780.8,85
780.9,85
781,84
781.1,85
781.2,83
781.3,84
781.4,84
781.5,84
781.6,84
781.7,81
781.8,82
781.9,80
782,77
782.1,88
782.2,87
782.3,86
782.4,87
782.5,83
782.6,85
782.7,78
782.8,80
782.9,87
783,85
783.1,84
783.2,86
783.3,81
783.4,83
783.5,82
783.6,80
783.7,79
783.8,86
783.9,92
784,86
784.1,91
784.2,87
784.3,84
784.4,83
784.5,80
784.6,85
784.7,84
784.8,85
784.9,81
785,80
785.1,83
785.2,78
785.3,80
785.4,82
785.5,89
785.6,88
785.7,89
785.8,85
785.9,81
786,83
786.1,82
786.2,83
786.3,86
786.4,84
786.5,82
786.6,82
786.7,81
786.8,80
786.9,83
787,80
787.1,87
787.2,88
787.3,88
787.4,88
787.5,86
787.6,84
787.7,80
787.8,81
787.9,84
788,84
788.1,84
788.2,85
788.3,84
788.4,82
788.5,82
788.6,80
788.7,81
788.8,87
788.9,85
789,87
789.1,85
789.2,87
789.3,84
789.4,80
789.5,82
789.6,86
789.7,85
789.8,85
789.9,80
790,78
790.1,79
790.2,80
790.3,81
790.4,83
790.5,86
790.6,88
790.7,86
790.8,85
790.9,84
791,85
791.1,84
791.2,83
791.3,88
791.4,85
791.5,85
791.6,82
791.7,81
791.8,80
791.9,80
792,79
792.1,87
792.2,91
792.3,88
792.4,85
792.5,85
792.6,86
792.7,83
792.8,84
792.9,84
793,85
793.1,84
793.2,83
793.3,81
793.4,82
793.5,81
793.6,81
793.7,76
793.8,85
793.9,89
794,88
794.1,87
794.2,88
794.3,83
794.4,82
794.5,80
794.6,79
794.7,84
794.8,83
794.9,82
795,81
795.1,81
795.2,78
795.3,79
795.4,87
795.5,87
795.6,87
795.7,87
795.8,85
795.9,86
796,83
796.1,83
796.2,87
796.3,84
796.4,85
796.5,85
796.6,85
796.7,86
796.8,81
796.9,80
797,80
797.1,84
797.2,90
797.3,86
797.4,89
797.5,88
797.6,87
797.7,84
797.8,84
797.9,81
798,79
798.1,80
798.2,81
798.3,82
798.4,82
798.5,80
798.6,80
798.7,86
798.8,86
798.9,91
799,88
799.1,85
799.2,84
799.3,82
799.4,82
799.5,82
799.6,88
799.7,81
799.8,85
799.9,82
800,85
800.1,86
800.2,90
800.3,84
800.4,86
800.5,85
800.6,85
800.7,90
800.8,92
800.9,87
801,90
801.1,86
801.2,89
801.3,91
801.4,92
801.5,89
801.6,89
801.7,89
801.8,87
801.9,86
802,84
802.1,85
802.2,82
802.3,87
802.4,90
802.5,89
802.6,88
802.7,88
802.8,88
802.9,85
803,90
803.1,91
803.2,90
803.3,90
803.4,90
803.5,88
803.6,87
803.7,87
803.8,85
803.9,80
804,88
804.1,90
804.2,94
804.3,92
804.4,89
804.5,89
804.6,88
804.7,83
804.8,89
804.9,88
805,91
805.1,88
805.2,89
805.3,86
805.4,86
805.5,82
805.6,84
805.7,87
805.8,91
805.9,89
806,88
806.1,87
806.2,88
806.3,86
806.4,91
806.5,91
806.6,92
806.7,89
806.8,88
806.9,86
807,87
807.1,87
807.2,84
807.3,82
807.4,88
807.5,91
807.6,88
807.7,90
807.8,90
807.9,89
808,91
808.1,86
808.2,84
808.3,88
808.4,84
808.5,84
808.6,87
808.7,84
808.8,83
808.9,84
809,90
809.1,90
809.2,90
809.3,87
809.4,87
809.5,89
809.6,89
809.7,91
809.8,91
809.9,91
810,90
810.1,88
810.2,87
810.3,86
810.4,85
810.5,83
810.6,80
810.7,93
810.8,93
810.9,90
811,91
811.1,88
811.2,87
811.3,85
811.4,86
811.5,86
811.6,89
811.7,90
811.8,86
811.9,86
812,84
812.1,85
812.2,82
812.3,90
812.4,88
812.5,90
812.6,88
812.7,89
812.8,88
812.9,87
813,89
813.1,87
813.2,91
813.3,91
813.4,93
813.5,87
813.6,86
813.7,86
813.8,84
813.9,84
814,83
814.1,90
814.2,93
814.3,92
814.4,92
814.5,89
814.6,90
814.7,84
814.8,83
814.9,89
815,87
815.1,88
815.2,86
815.3,85
815.4,82
815.5,83
815.6,92
815.7,91
815.8,92
815.9,91
816,87
816.1,88
816.2,87
816.3,90
816.4,95
816.5,92
816.6,89
816.7,89
816.8,88
816.9,89
817,85
817.1,87
817.2,82
817.3,85
817.4,89
817.5,91
817.6,91
817.7,90
817.8,92
817.9,90
818,87
818.1,85
818.2,88
818.3,90
818.4,89
818.5,87
818.6,87
818.7,86
818.8,83
818.9,81
819,88
819.1,91
819.2,94
819.3,88
819.4,91
819.5,87
819.6,85
819.7,91
819.8,90
819.9,91
820,90
820.1,88
820.2,89
820.3,87
820.4,84
820.5,83
820.6,78
820.7,88
820.8,94
820.9,90
821,92
821.1,91
821.2,88
821.3,90
821.4,86
821.5,89
821.6,82
821.7,86
821.8,87
821.9,87
822,87
822.1,90
822.2,84
822.3,89
822.4,90
822.5,89
822.6,93
822.7,89
822.8,92
822.9,88
823,86
823.1,90
823.2,91
823.3,89
823.4,86
823.5,87
823.6,87
823.7,85
823.8,82
823.9,82
824,88
824.1,92
824.2,92
824.3,92
824.4,88
824.5,87
824.6,88
824.7,85
824.8,85
824.9,86
825,86
825.1,89
825.2,88
825.3,85
825.4,82
825.5,80
825.6,89
825.7,91
825.8,90
825.9,90
826,87
826.1,89
826.2,90
826.3,85
826.4,94
826.5,90
826.6,93
826.7,90
826.8,89
826.9,90
827,87
827.1,85
827.2,81
827.3,80
827.4,91
827.5,95
827.6,92
827.7,90
827.8,87
827.9,87
828,87
828.1,85
828.2,84
828.3,87
828.4,89
828.5,87
828.6,86
828.7,84
828.8,83
828.9,89
829,90
829.1,91
829.2,89
829.3,86
829.4,88
829.5,88
829.6,94
829.7,92
829.8,89
829.9,90
830,87
830.1,88
830.2,87
830.3,85
830.4,85
830.5,82
830.6,91
830.7,93
830.8,90
830.9,91
831,90
831.1,87
831.2,86
831.3,91
831.4,91
831.5,91
831.6,92
831.7,93
831.8,87
831.9,87
832,86
832.1,85
832.2,84
832.3,81
832.4,89
832.5,95
832.6,93
832.7,91
832.8,91
832.9,91
833,86
833.1,86
833.2,83
833.3,83
833.4,88
833.5,85
833.6,86
833.7,86
833.8,85
833.9,82
834,91
834.1,92
834.2,91
834.3,92
834.4,88
834.5,88
834.6,84
834.7,88
834.8,92
834.9,90
835,89
835.1,87
835.2,89
835.3,84
835.4,87
835.5,85
835.6,80
835.7,90
835.8,96
835.9,94
836,90
836.1,91
836.2,87
836.3,86
836.4,86
836.5,86
836.6,86
836.7,88
836.8,88
836.9,84
837,85
837.1,85
837.2,85
837.3,90
837.4,91
837.5,91
837.6,87
837.7,90
837.8,86
837.9,90
838,88
838.1,94
838.2,89
838.3,93
838.4,92
838.5,86
838.6,88
838.7,84
838.8,83
838.9,82
839,90
839.1,93
839.2,91
839.3,92
839.4,90
839.5,86
839.6,87
839.7,89
839.8,85
839.9,84
840,88
840.1,85
840.2,86
840.3,84
840.4,86
840.5,85
840.6,88
840.7,89
840.8,88
840.9,88
841,90
841.1,89
841.2,94
841.3,92
841.4,91
841.5,89
841.6,89
841.7,87
841.8,88
841.9,83
842,85
842.1,81
842.2,83
842.3,91
842.4,89
842.5,90
842.6,88
842.7,88
842.8,86
842.9,88
843,89
843.1,91
843.2,89
843.3,92
843.4,90
843.5,87
843.6,84
843.7,86
843.8,83
843.9,82
844,85
844.1,93
844.2,89
844.3,94
844.4,93
844.5,90
844.6,88
844.7,88
844.8,86
844.9,84
845,87
845.1,91
845.2,85
845.3,86
845.4,83
845.5,84
845.6,87
845.7,93
845.8,91
845.9,90
846,92
846.1,87
846.2,88
846.3,88
846.4,92
846.5,94
846.6,90
846.7,86
846.8,87
846.9,91
847,85
847.1,87
847.2,82
847.3,83
847.4,92
847.5,93
847.6,93
847.7,90
847.8,91
847.9,89
848,88
848.1,85
848.2,89
848.3,87
848.4,87
848.5,86
848.6,84
848.7,82
848.8,85
848.9,88
849,91
849.1,89
849.2,90
849.3,88
849.4,89
849.5,85
849.6,93
849.7,93
849.8,90
849.9,91
850,87
850.1,86
850.2,86
850.3,83
850.4,80
850.5,89
850.6,90
850.7,86
850.8,90
850.9,87
851,86
851.1,85
851.2,86
851.3,90
851.4,89
851.5,88
851.6,88
851.7,84
851.8,86
851.9,85
852,84
852.1,83
852.2,84
852.3,89
852.4,93
852.5,90
852.6,88
852.7,87
852.8,87
852.9,87
853,84
853.1,82
853.2,85
853.3,82
853.4,84
853.5,85
853.6,86
853.7,83
853.8,82
853.9,87
854,90
854.1,89
854.2,86
854.3,85
854.4,83
854.5,84
854.6,87
854.7,91
854.8,87
854.9,87
855,89
855.1,88
855.2,84
855.3,82
855.4,82
855.5,78
855.6,87
855.7,90
855.8,90
855.9,90
856,87
856.1,85
856.2,86
856.3,87
856.4,82
856.5,81
856.6,84
856.7,83
856.8,86
856.9,81
857,82
857.1,81
857.2,85
857.3,86
857.4,91
857.5,89
857.6,89
857.7,89
857.8,84
857.9,80
858,85
858.1,85
858.2,84
858.3,86
858.4,87
858.5,82
858.6,83
858.7,79
858.8,79
858.9,89
859,90
859.1,88
859.2,90
859.3,83
859.4,83
859.5,83
859.6,84
859.7,89
859.8,87
859.9,86
860,83
860.1,86
860.2,81
860.3,80
860.4,80
860.5,82
860.6,87
860.7,90
860.8,88
860.9,89
861,87
861.1,88
861.2,83
861.3,84
861.4,83
861.5,90
861.6,86
861.7,84
861.8,83
861.9,82
862,84
862.1,83
862.2,87
862.3,87
862.4,90
862.5,89
862.6,87
862.7,85
862.8,83
862.9,86
863,90
863.1,88
863.2,88
863.3,86
863.4,83
863.5,82
863.6,84
863.7,83
863.8,82
863.9,88
864,91
864.1,90
864.2,90
864.3,87
864.4,85
864.5,86
864.6,85
864.7,86
864.8,84
864.9,83
865,84
865.1,83
865.2,82
865.3,82
865.4,82
865.5,88
865.6,88
865.7,84
865.8,87
865.9,85
866,84
866.1,85
866.2,89
866.3,90
866.4,88
866.5,88
866.6,86
866.7,85
866.8,79
866.9,81
867,79
867.1,81
867.2,84
867.3,88
867.4,91
867.5,90
867.6,88
867.7,87
867.8,86
867.9,84
868,84
868.1,84
868.2,82
868.3,85
868.4,83
868.5,86
868.6,80
868.7,79
868.8,81
868.9,86
869,90
869.1,86
869.2,89
869.3,87
869.4,85
869.5,81
869.6,80
869.7,86
869.8,86
869.9,86
870,85
870.1,84
870.2,79
870.3,82
870.4,79
870.5,86
870.6,87
870.7,86
870.8,90
870.9,88
871,86
871.1,84
871.2,80
871.3,90
871.4,88
871.5,87
871.6,86
871.7,82
871.8,85
871.9,81
872,82
872.1,81
872.2,86
872.3,90
872.4,92
872.5,87
872.6,87
872.7,85
872.8,82
872.9,84
873,84
873.1,88
873.2,88
873.3,82
873.4,86
873.5,83
873.6,84
873.7,80
873.8,84
873.9,86
874,90
874.1,88
874.2,84
874.3,82
874.4,85
874.5,83
874.6,86
874.7,86
874.8,89
874.9,89
875,85
875.1,83
875.2,84
875.3,83
875.4,80
875.5,82
875.6,89
875.7,89
875.8,87
875.9,91
876,89
876.1,86
876.2,85
876.3,83
876.4,83
876.5,80
876.6,81
876.7,85
876.8,85
876.9,82
877,81
877.1,82
877.2,86
877.3,89
877.4,88
877.5,85
877.6,87
877.7,86
877.8,85
877.9,83
878,89
878.1,88
878.2,86
878.3,85
878.4,86
878.5,84
878.6,80
878.7,82
878.8,86
878.9,91
879,88
879.1,87
879.2,86
879.3,86
879.4,85
879.5,82
879.6,86
879.7,85
879.8,89
879.9,84
880,86
880.1,85
880.2,83
880.3,82
880.4,79
880.5,83
880.6,90
880.7,91
880.8,88
880.9,86
881,85
881.1,88
881.2,83
881.3,83
881.4,87
881.5,84
881.6,84
881.7,85
881.8,86
881.9,81
882,83
882.1,81
882.2,86
882.3,88
882.4,86
882.5,88
882.6,90
882.7,86
882.8,83
882.9,88
883,86
883.1,86
883.2,87
883.3,86
883.4,83
883.5,83
883.6,82
883.7,83
883.8,78
883.9,85
884,89
884.1,91
884.2,89
884.3,88
884.4,86
884.5,86
884.6,85
884.7,82
884.8,80
884.9,83
885,85
885.1,81
885.2,85
885.3,80
885.4,81
885.5,88
885.6,88
885.7,88
885.8,88
885.9,85
886,84
886.1,82
886.2,84
886.3,87
886.4,86
886.5,88
886.6,85
886.7,81
886.8,84
886.9,85
887,82
887.1,77
887.2,87
887.3,88
887.4,90
887.5,87
887.6,87
887.7,83
887.8,84
887.9,81
888,82
888.1,84
888.2,80
888.3,85
888.4,84
888.5,84
888.6,78
888.7,79
888.8,86
888.9,89
889,86
889.1,88
889.2,85
889.3,82
889.4,83
889.5,84
889.6,84
889.7,89
889.8,88
889.9,86
890,83
890.1,82
890.2,83
890.3,80
890.4,80
890.5,83
890.6,88
890.7,89
890.8,88
890.9,90
891,89
891.1,86
891.2,84
891.3,83
891.4,84
891.5,81
891.6,86
891.7,84
891.8,82
891.9,82
892,80
892.1,82
892.2,88
892.3,88
892.4,89
892.5,87
892.6,89
892.7,84
892.8,81
892.9,82
893,85
893.1,84
893.2,87
893.3,87
893.4,82
893.5,84
893.6,80
893.7,80
893.8,84
893.9,88
894,89
894.1,86
894.2,89
894.3,86
894.4,85
894.5,82
894.6,83
894.7,88
894.8,85
894.9,86
895,86
895.1,83
895.2,84
895.3,81
895.4,78
895.5,87
895.6,89
895.7,93
895.8,87
895.9,86
896,85
896.1,83
896.2,82
896.3,83
896.4,86
896.5,85
896.6,87
896.7,82
896.8,85
896.9,82
897,82
897.1,81
897.2,86
897.3,88
897.4,86
897.5,87
897.6,86
897.7,85
897.8,85
897.9,84
898,84
898.1,92
898.2,85
898.3,87
898.4,82
898.5,83
898.6,80
898.7,76
898.8,79
898.9,87
899,89
899.1,89
899.2,87
899.3,86
899.4,85
899.5,84
899.6,82
899.7,81
899.8,86
899.9,84
900,82
900.1,82
900.2,81
900.3,78
900.4,85
900.5,85
900.6,87
900.7,89
900.8,89
900.9,85
901,84
901.1,80
901.2,80
901.3,82
901.4,84
901.5,85
901.6,84
901.7,78
901.8,78
901.9,79
902,83
902.1,86
902.2,89
902.3,85
902.4,86
902.5,83
902.6,81
902.7,84
902.8,88
902.9,89
903,85
903.1,85
903.2,82
903.3,82
903.4,83
903.5,82
903.6,81
903.7,75
903.8,85
903.9,87
904,87
904.1,87
904.2,88
904.3,86
904.4,86
904.5,82
904.6,79
904.7,82
904.8,81
904.9,82
905,83
905.1,83
905.2,81
905.3,79
905.4,82
905.5,88
905.6,88
905.7,88
905.8,85
905.9,83
906,87
906.1,82
906.2,85
906.3,86
906.4,85
906.5,83
906.6,78
906.7,80
906.8,81
906.9,75
907,80
907.1,87
907.2,89
907.3,89
907.4,88
907.5,88
907.6,85
907.7,83
907.8,81
907.9,85
908,85
908.1,87
908.2,85
908.3,82
908.4,84
908.5,80
908.6,78
908.7,82
908.8,86
908.9,90
909,86
909.1,86
909.2,87
909.3,83
909.4,83
909.5,80
909.6,85
909.7,86
909.8,85
909.9,84
910,83
910.1,81
910.2,82
910.3,81
910.4,84
910.5,91
910.6,88
910.7,90
910.8,85
910.9,86
911,84
911.1,82
911.2,82
911.3,87
911.4,84
911.5,83
911.6,81
911.7,84
911.8,80
911.9,81
912,80
912.1,89
912.2,89
912.3,87
912.4,85
912.5,84
912.6,83
912.7,84
912.8,84
912.9,84
913,86
913.1,85
913.2,81
913.3,83
913.4,83
913.5,81
913.6,80
913.7,80
913.8,86
913.9,90
914,90
914.1,85
914.2,86
914.3,88
914.4,84
914.5,83
914.6,81
914.7,85
914.8,82
914.9,85
915,82
915.1,80
915.2,79
915.3,82
915.4,86
915.5,89
915.6,86
915.7,87
915.8,86
915.9,84
916,83
916.1,86
916.2,89
916.3,89
916.4,88
916.5,82
916.6,85
916.7,84
916.8,81
916.9,79
917,78
917.1,84
917.2,90
917.3,92
917.4,87
917.5,86
917.6,86
917.7,82
917.8,82
917.9,82
918,79
918.1,85
918.2,82
918.3,85
918.4,84
918.5,82
918.6,80
918.7,86
918.8,87
918.9,85
919,86
919.1,86
919.2,83
919.3,83
919.4,82
919.5,87
919.6,89
919.7,87
919.8,86
919.9,83
920,81
920.1,81
920.2,80
920.3,79
920.4,83
920.5,89
920.6,88
920.7,88
920.8,87
920.9,87
921,87
921.1,86
921.2,80
921.3,83
921.4,84
921.5,85
921.6,84
921.7,81
921.8,80
921.9,78
922,82
922.1,86
922.2,88
922.3,88
922.4,87
922.5,85
922.6,82
922.7,86
922.8,85
922.9,87
923,87
923.1,84
923.2,85
923.3,84
923.4,81
923.5,79
923.6,82
923.7,83
923.8,91
923.9,89
924,88
924.1,86
924.2,85
924.3,82
924.4,81
924.5,83
924.6,85
924.7,85
924.8,84
924.9,84
925,85
925.1,82
925.2,79
925.3,81
925.4,90
925.5,90
925.6,90
925.7,89
925.8,84
925.9,88
926,85
926.1,83
926.2,86
926.3,85
926.4,85
926.5,86
926.6,82
926.7,83
926.8,79
926.9,80
927,81
927.1,86
927.2,90
927.3,87
927.4,86
927.5,85
927.6,89
927.7,85
927.8,86
927.9,86
928,88
928.1,86
928.2,84
928.3,87
928.4,84
928.5,82
928.6,79
928.7,83
928.8,89
928.9,89
929,89
929.1,89
929.2,86
929.3,86
929.4,84
929.5,81
929.6,85
929.7,86
929.8,87
929.9,85
930,82
930.1,84
930.2,82
930.3,85
930.4,88
930.5,88
930.6,90
930.7,85
930.8,86
930.9,85
931,83
931.1,86
931.2,85
931.3,86
931.4,88
931.5,87
931.6,88
931.7,82
931.8,83
931.9,82
932,81
932.1,87
932.2,89
932.3,88
932.4,89
932.5,84
932.6,88
932.7,83
932.8,79
932.9,86
933,86
933.1,86
933.2,86
933.3,85
933.4,85
933.5,81
933.6,82
933.7,89
933.8,85
933.9,88
934,86
934.1,87
934.2,86
934.3,85
934.4,87
934.5,88
934.6,89
934.7,88
934.8,88
934.9,85
935,83
935.1,83
935.2,82
935.3,79
935.4,88
935.5,89
935.6,89
935.7,89
935.8,87
935.9,87
936,85
936.1,83
936.2,83
936.3,89
936.4,88
936.5,84
936.6,86
936.7,85
936.8,84
936.9,83
937,85
937.1,90
937.2,89
937.3,90
937.4,88
937.5,85
937.6,87
937.7,84
937.8,86
937.9,87
938,88
938.1,86
938.2,83
938.3,82
938.4,82
938.5,83
938.6,81
938.7,89
938.8,90
938.9,92
939,88
939.1,87
939.2,87
939.3,85
939.4,84
939.5,85
939.6,85
939.7,88
939.8,87
939.9,84
940,85
940.1,82
940.2,83
940.3,84
940.4,89
940.5,89
940.6,89
940.7,89
940.8,86
940.9,86
941,86
941.1,91
941.2,91
941.3,88
941.4,87
941.5,87
941.6,84
941.7,84
941.8,82
941.9,82
942,84
942.1,89
942.2,91
942.3,89
942.4,89
942.5,88
942.6,84
942.7,88
942.8,83
942.9,84
943,89
943.1,85
943.2,87
943.3,85
943.4,81
943.5,83
943.6,81
943.7,90
943.8,91
943.9,88
944,91
944.1,87
944.2,89
944.3,85
944.4,83
944.5,86
944.6,87
944.7,86
944.8,88
944.9,83
945,85
945.1,84
945.2,84
945.3,82
945.4,88
945.5,90
945.6,91
945.7,90
945.8,89
945.9,89
946,86
946.1,84
946.2,84
946.3,86
946.4,87
946.5,83
946.6,83
946.7,83
946.8,82
946.9,82
947,88
947.1,90
947.2,89
947.3,88
947.4,88
947.5,88
947.6,84
947.7,90
947.8,91
947.9,87
948,92
948.1,89
948.2,84
948.3,86
948.4,83
948.5,82
948.6,82
948.7,87
948.8,89
948.9,90
949,91
949.1,89
949.2,86
949.3,89
949.4,84
949.5,86
949.6,85
949.7,87
949.8,84
949.9,82
950,89
950.1,89
950.2,88
950.3,89
950.4,88
950.5,85
950.6,87
950.7,87
950.8,84
950.9,87
951,88
951.1,84
951.2,86
951.3,88
951.4,91
951.5,87
951.6,88
951.7,87
951.8,91
951.9,88
952,87
952.1,87
952.2,87
952.3,87
952.4,85
952.5,85
952.6,85
952.7,83
952.8,86
952.9,87
953,87
953.1,86
953.2,86
953.3,89
953.4,90
953.5,92
953.6,88
953.7,87
953.8,86
953.9,84
954,86
954.1,88
954.2,84
954.3,83
954.4,87
954.5,87
954.6,88
954.7,90
954.8,87
954.9,87
955,89
955.1,88
955.2,88
955.3,91
955.4,87
955.5,85
955.6,85
955.7,87
955.8,84
955.9,85
956,86
956.1,87
956.2,86
956.3,91
956.4,91
956.5,86
956.6,87
956.7,89
956.8,91
956.9,88
957,87
957.1,85
957.2,84
957.3,87
957.4,84
957.5,85
957.6,82
957.7,87
957.8,87
957.9,84
958,88
958.1,88
958.2,87
958.3,85
958.4,87
958.5,90
958.6,87
958.7,87
958.8,88
958.9,86
959,82
959.1,84
959.2,85
959.3,83
959.4,87
959.5,84
959.6,86
959.7,85
959.8,88
959.9,90
960,88
960.1,88
960.2,89
960.3,88
960.4,89
960.5,87
960.6,87
960.7,85
960.8,82
960.9,86
961,87
961.1,89
961.2,88
961.3,87
961.4,89
961.5,88
961.6,88
961.7,88
961.8,91
961.9,85
962,86
962.1,88
962.2,88
962.3,84
962.4,88
962.5,87
962.6,84
962.7,81
962.8,83
962.9,86
963,89
963.1,89
963.2,87
963.3,88
963.4,88
963.5,88
963.6,88
963.7,88
963.8,84
963.9,85
964,85
964.1,86
964.2,83
964.3,84
964.4,86
964.5,85
964.6,84
964.7,89
964.8,89
964.9,89
965,89
965.1,85
965.2,89
965.3,90
965.4,85
965.5,88
965.6,86
965.7,83
965.8,84
965.9,83
966,85
966.1,86
966.2,84
966.3,87
966.4,89
966.5,89
966.6,89
966.7,86
966.8,88
966.9,88
967,90
967.1,86
967.2,86
967.3,83
967.4,83
967.5,83
967.6,84
967.7,88
967.8,85
967.9,87
968,87
968.1,86
968.2,88
968.3,90
968.4,88
968.5,86
968.6,89
968.7,86
968.8,85
968.9,86
969,86
969.1,83
969.2,86
969.3,81
969.4,85
969.5,85
969.6,87
969.7,87
969.8,86
969.9,88
970,86
970.1,86
970.2,88
970.3,87
970.4,87
970.5,88
970.6,85
970.7,85
970.8,84
970.9,88
971,80
971.1,85
971.2,87
971.3,85
971.4,88
971.5,88
971.6,90
971.7,86
971.8,89
971.9,88
972,88
972.1,86
972.2,86
972.3,82
972.4,84
972.5,83
972.6,85
972.7,83
972.8,81
972.9,87
973,87
973.1,88
973.2,90
973.3,89
973.4,88
973.5,88
973.6,85
973.7,87
973.8,89
973.9,85
974,85
974.1,86
974.2,82
974.3,85
974.4,83
974.5,86
974.6,87
974.7,89
974.8,86
974.9,88
975,89
975.1,88
975.2,89
975.3,87
975.4,85
975.5,85
975.6,85
975.7,84
975.8,85
975.9,84
976,83
976.1,86
976.2,85
976.3,86
976.4,84
976.5,86
976.6,87
976.7,87
976.8,88
976.9,89
977,86
977.1,85
977.2,85
977.3,83
977.4,86
977.5,86
977.6,82
977.7,86
977.8,87
977.9,84
978,86
978.1,87
978.2,85
978.3,87
978.4,88
978.5,89
978.6,87
978.7,86
978.8,84
978.9,83
979,86
979.1,85
979.2,84
979.3,82
979.4,87
979.5,86
979.6,87
979.7,88
979.8,86
979.9,90
980,87
980.1,89
980.2,90
980.3,88
980.4,84
980.5,81
980.6,85
980.7,84
980.8,83
980.9,84
981,85
981.1,87
981.2,86
981.3,87
981.4,87
981.5,88
981.6,88
981.7,87
981.8,87
981.9,87
982,86
982.1,85
982.2,88
982.3,86
982.4,82
982.5,85
982.6,85
982.7,84
982.8,84
982.9,85
983,87
983.1,86
983.2,90
983.3,90
983.4,88
983.5,90
983.6,86
983.7,86
983.8,87
983.9,87
984,87
984.1,84
984.2,85
984.3,85
984.4,87
984.5,86
984.6,87
984.7,85
984.8,87
984.9,89
985,88
985.1,89
985.2,87
985.3,86
985.4,86
985.5,85
985.6,85
985.7,83
985.8,84
985.9,84
986,81
986.1,86
986.2,86
986.3,87
986.4,87
986.5,89
986.6,87
986.7,87
986.8,89
986.9,88
987,85
987.1,88
987.2,84
987.3,84
987.4,86
987.5,81
987.6,81
987.7,85
987.8,81
987.9,83
988,89
988.1,87
988.2,91
988.3,86
988.4,88
988.5,88
988.6,88
988.7,86
988.8,84
988.9,84
989,87
989.1,85
989.2,83
989.3,82
989.4,84
989.5,84
989.6,87
989.7,89
989.8,87
989.9,91
990,90
990.1,89
990.2,88
990.3,86
990.4,85
990.5,87
990.6,84
990.7,86
990.8,85
990.9,85
991,82
991.1,85
991.2,87
991.3,85
991.4,87
991.5,89
991.6,87
991.7,86
991.8,85
991.9,87
992,88
992.1,84
992.2,85
992.3,84
992.4,83
992.5,86
992.6,86
992.7,86
992.8,84
992.9,89
993,88
993.1,86
993.2,87
993.3,89
993.4,88
993.5,86
993.6,87
993.7,86
993.8,84
993.9,86
994,85
994.1,85
994.2,85
994.3,82
994.4,84
994.5,87
994.6,87
994.7,85
994.8,88
994.9,90
995,88
995.1,87
995.2,90
995.3,85
995.4,86
995.5,87
995.6,85
995.7,85
995.8,82
995.9,84
996,84
996.1,83
996.2,87
996.3,85
996.4,86
996.5,87
996.6,86
996.7,87
996.8,87
996.9,89
997,85
997.1,84
997.2,85
997.3,82
997.4,82
997.5,84
997.6,85
997.7,86
997.8,85
997.9,85
998,87
998.1,88
998.2,88
998.3,89
998.4,87
998.5,86
998.6,88
998.7,84
998.8,84
998.9,83
999,82
999.1,83
999.2,85
999.3,84
999.4,86
999.5,87
999.6,86
999.7,92
999.8,87
999.9,88
1000,86
1000.1,87
1000.2,85
1000.3,84
1000.4,83
1000.5,83
1000.6,83
1000.7,82
1000.8,82
1000.9,85
1001,84
1001.1,86
1001.2,85
1001.3,86
1001.4,85
1001.5,89
1001.6,89
1001.7,88
1001.8,89
1001.9,86
1002,84
1002.1,84
1002.2,85
1002.3,81
1002.4,81
1002.5,84
1002.6,83
1002.7,81
1002.8,84
1002.9,86
1003,87
1003.1,88
1003.2,90
1003.3,87
1003.4,87
1003.5,84
1003.6,85
1003.7,85
1003.8,81
1003.9,81
1004,84
1004.1,82
1004.2,83
1004.3,85
1004.4,88
1004.5,86
1004.6,89
1004.7,84
1004.8,87
1004.9,86
1005,86
1005.1,87
1005.2,85
1005.3,81
1005.4,82
1005.5,85
1005.6,80
1005.7,85
1005.8,83
1005.9,83
1006,84
1006.1,86
1006.2,84
1006.3,87
1006.4,85
1006.5,87
1006.6,88
1006.7,87
1006.8,87
1006.9,84
1007,84
1007.1,83
1007.2,83
1007.3,81
1007.4,83
1007.5,81
1007.6,82
1007.7,84
1007.8,87
1007.9,87
1008,85
1008.1,87
1008.2,87
1008.3,86
1008.4,84
1008.5,90
1008.6,84
1008.7,82
1008.8,84
1008.9,83
1009,81
1009.1,83
1009.2,85
1009.3,84
1009.4,82
1009.5,86
1009.6,88
1009.7,86
1009.8,86
1009.9,90
1010,86
1010.1,84
1010.2,86
1010.3,86
1010.4,84
1010.5,79
1010.6,81
1010.7,85
1010.8,83
1010.9,82
1011,86
1011.1,87
1011.2,86
1011.3,88
1011.4,91
1011.5,85
1011.6,88
1011.7,89
1011.8,87
1011.9,84
1012,85
1012.1,85
1012.2,81
1012.3,82
1012.4,83
1012.5,82
1012.6,85
1012.7,84
1012.8,87
1012.9,88
1013,84
1013.1,88
1013.2,87
1013.3,87
1013.4,86
1013.5,85
1013.6,86
1013.7,86
1013.8,84
1013.9,84
1014,83
1014.1,84
1014.2,80
1014.3,84
1014.4,84
1014.5,86
1014.6,88
1014.7,87
1014.8,87
1014.9,85
1015,87
1015.1,87
1015.2,84
1015.3,81
1015.4,87
1015.5,84
1015.6,82
1015.7,85
1015.8,83
1015.9,86
1016,86
1016.1,84
1016.2,87
1016.3,89
1016.4,86
1016.5,85
1016.6,86
1016.7,87
1016.8,87
1016.9,82
1017,85
1017.1,83
1017.2,83
1017.3,81
1017.4,83
1017.5,85
1017.6,83
1017.7,82
1017.8,85
1017.9,88
1018,86
1018.1,85
1018.2,87
1018.3,89
1018.4,86
1018.5,84
1018.6,84
1018.7,84
1018.8,82
1018.9,84
1019,82
1019.1,83
1019.2,83
1019.3,85
1019.4,85
1019.5,86
1019.6,85
1019.7,87
1019.8,87
1019.9,85
1020,87
1020.1,87
1020.2,85
1020.3,86
1020.4,84
1020.5,81
1020.6,85
1020.7,84
1020.8,84
1020.9,84
1021,81
1021.1,87
1021.2,87
1021.3,87
1021.4,88
1021.5,90
1021.6,86
1021.7,85
1021.8,85
1021.9,83
1022,82
1022.1,80
1022.2,84
1022.3,86
1022.4,86
1022.5,82
1022.6,84
1022.7,86
1022.8,86
1022.9,86
1023,86
1023.1,89
1023.2,85
1023.3,88
1023.4,86
1023.5,86
1023.6,85
1023.7,83
1023.8,83
1023.9,83
1024,81
1024.1,84
1024.2,85
1024.3,83
1024.4,84
1024.5,85
1024.6,87
1024.7,87
1024.8,89
1024.9,89
1025,87
1025.1,86
1025.2,84
1025.3,87
1025.4,83
1025.5,84
1025.6,84
1025.7,83
1025.8,84
1025.9,84
1026,86
1026.1,86
1026.2,87
1026.3,86
1026.4,88
1026.5,84
1026.6,86
1026.7,87
1026.8,84
1026.9,84
1027,82
1027.1,82
1027.2,82
1027.3,82
1027.4,81
1027.5,83
1027.6,83
1027.7,84
1027.8,87
1027.9,88
1028,84
1028.1,89
1028.2,85
1028.3,86
1028.4,84
1028.5,86
1028.6,87
1028.7,81
1028.8,79
1028.9,83
1029,84
1029.1,83
1029.2,85
1029.3,82
1029.4,84
1029.5,86
1029.6,89
1029.7,88
1029.8,88
1029.9,85
1030,87
1030.1,84
1030.2,88
1030.3,83
1030.4,82
1030.5,81
1030.6,83
1030.7,83
1030.8,85
1030.9,85
1031,83
1031.1,87
1031.2,85
1031.3,86
1031.4,87
1031.5,84
1031.6,89
1031.7,90
1031.8,86
1031.9,84
1032,84
1032.1,83
1032.2,84
1032.3,81
1032.4,83
1032.5,86
1032.6,81
1032.7,83
1032.8,85
1032.9,87
1033,88
1033.1,88
1033.2,84
1033.3,86
1033.4,85
1033.5,85
1033.6,84
1033.7,82
1033.8,82
1033.9,83
1034,82
1034.1,82
1034.2,86
1034.3,87
1034.4,82
1034.5,86
1034.6,91
1034.7,88
1034.8,86
1034.9,89
1035,86
1035.1,86
1035.2,84
1035.3,84
1035.4,83
1035.5,84
1035.6,82
1035.7,82
1035.8,80
1035.9,83
1036,86
1036.1,86
1036.2,85
1036.3,83
1036.4,87
1036.5,88
1036.6,86
1036.7,84
1036.8,85
1036.9,85
1037,86
1037.1,83
1037.2,84
1037.3,84
1037.4,81
1037.5,86
1037.6,85
1037.7,83
1037.8,88
1037.9,85
1038,84
1038.1,86
1038.2,85
1038.3,86
1038.4,85
1038.5,85
1038.6,84
1038.7,83
1038.8,84
1038.9,80
1039,84
1039.1,80
1039.2,85
1039.3,87
1039.4,85
1039.5,86
1039.6,85
1039.7,86
1039.8,88
1039.9,88
1040,87
1040.1,83
1040.2,84
1040.3,87
1040.4,84
1040.5,84
1040.6,83
1040.7,82
1040.8,83
1040.9,81
1041,82
1041.1,84
1041.2,86
1041.3,85
1041.4,88
1041.5,85
1041.6,86
1041.7,88
1041.8,85
1041.9,82
1042,83
1042.1,80
1042.2,83
1042.3,85
1042.4,84
1042.5,87
1042.6,81
1042.7,85
1042.8,84
1042.9,86
1043,87
1043.1,90
1043.2,86
1043.3,86
1043.4,87
1043.5,85
1043.6,86
1043.7,84
1043.8,84
1043.9,80
1044,86
1044.1,82
1044.2,84
1044.3,83
1044.4,84
1044.5,84
1044.6,87
1044.7,85
1044.8,86
1044.9,88
1045,87
1045.1,87
1045.2,83
1045.3,81
1045.4,85
1045.5,81
1045.6,83
1045.7,82
1045.8,84
1045.9,86
1046,87
1046.1,82
1046.2,86
1046.3,84
1046.4,89
1046.5,86
1046.6,88
1046.7,85
1046.8,84
1046.9,83
1047,81
1047.1,81
1047.2,80
1047.3,81
1047.4,81
1047.5,84
1047.6,84
1047.7,85
1047.8,87
1047.9,87
1048,85
1048.1,90
1048.2,88
1048.3,86
1048.4,85
1048.5,85
1048.6,83
1048.7,83
1048.8,83
1048.9,82
1049,80
1049.1,80
1049.2,85
1049.3,82
1049.4,86
1049.5,84
1049.6,84
1049.7,86
1049.8,86
1049.9,85
1050,101
1050.1,101
1050.2,100
1050.3,104
1050.4,98
1050.5,100
1050.6,100
1050.7,95
1050.8,95
1050.9,94
1051,91
1051.1,91
1051.2,90
1051.3,87
1051.4,87
1051.5,86
1051.6,83
1051.7,84
1051.8,80
1051.9,80
1052,77
1052.1,76
1052.2,75
1052.3,74
1052.4,69
1052.5,72
1052.6,69
1052.7,69
1052.8,68
1052.9,66
1053,61
1053.1,61
1053.2,61
1053.3,60
1053.4,58
1053.5,59
1053.6,56
1053.7,56
1053.8,55
1053.9,53
1054,52
1054.1,49
1054.2,50
1054.3,47
1054.4,45
1054.5,42
1054.6,42
1054.7,40
1054.8,42
1054.9,41
1055,39
1055.1,40
1055.2,35
1055.3,35
1055.4,31
1055.5,32
1055.6,29
1055.7,31
1055.8,28
1055.9,24
1056,25
1056.1,27
1056.2,23
1056.3,23
1056.4,21
1056.5,20
1056.6,19
1056.7,18
1056.8,15
1056.9,16
1057,16
1057.1,13
1057.2,11
1057.3,10
1057.4,13
1057.5,8
1057.6,8
1057.7,6
1057.8,5
1057.9,3
1058,1
1058.1,3
1058.2,0
1058.3,127
1058.4,125
1058.5,125
1058.6,122
1058.7,124
1058.8,121
1058.9,124
1059,116
1059.1,121
1059.2,116
1059.3,116
1059.4,113
1059.5,110
1059.6,111
1059.7,110
1059.8,110
1059.9,112
1060,109
1060.1,108
1060.2,107
1060.3,103
1060.4,102
1060.5,101
1060.6,102
1060.7,99
1060.8,99
1060.9,97
1061,99
1061.1,98
1061.2,96
1061.3,92
1061.4,93
1061.5,94
1061.6,93
1061.7,94
1061.8,92
1061.9,89
1062,88
1062.1,86
1062.2,89
1062.3,86
1062.4,86
1062.5,83
1062.6,81
1062.7,81
1062.8,80
1062.9,80
1063,78
1063.1,78
1063.2,78
1063.3,73
1063.4,72
1063.5,76
1063.6,71
1063.7,72
1063.8,72
1063.9,70
1064,69
1064.1,69
1064.2,72
1064.3,69
1064.4,65
1064.5,66
1064.6,64
1064.7,63
1064.8,61
1064.9,62
1065,59
1065.1,59
1065.2,58
1065.3,59
1065.4,57
1065.5,55
1065.6,57
1065.7,54
1065.8,53
1065.9,54
1066,53
1066.1,47
1066.2,49
1066.3,47
1066.4,47
1066.5,47
1066.6,45
1066.7,44
1066.8,43
1066.9,45
1067,46
1067.1,39
1067.2,41
1067.3,42
1067.4,40
1067.5,37
1067.6,38
1067.7,38
1067.8,36
1067.9,36
1068,34
1068.1,33
1068.2,35
1068.3,31
1068.4,30
1068.5,34
1068.6,30
1068.7,25
1068.8,30
1068.9,30
1069,27
1069.1,27
1069.2,28
1069.3,23
1069.4,23
1069.5,26
1069.6,25
1069.7,20
1069.8,23
1069.9,21
1070,21
1070.1,19
1070.2,17
1070.3,20
1070.4,15
1070.5,18
1070.6,17
1070.7,15
1070.8,13
1070.9,12
1071,9
1071.1,10
1071.2,10
1071.3,7
1071.4,7
1071.5,10
1071.6,6
1071.7,7
1071.8,6
1071.9,4
1072,2
1072.1,3
1072.2,0
1072.3,3
1072.4,126
1072.5,128
1072.6,126
1072.7,124
1072.8,125
1072.9,124
1073,125
1073.1,122
1073.2,122
1073.3,119
1073.4,120
1073.5,121
1073.6,119
1073.7,117
1073.8,116
1073.9,116
1074,118
1074.1,117
1074.2,110
1074.3,114
1074.4,114
1074.5,111
1074.6,111
1074.7,113
1074.8,111
1074.9,109
1075,109
1075.1,108
1075.2,108
1075.3,105
1075.4,105
1075.5,107
1075.6,105
1075.7,104
1075.8,103
1075.9,104
1076,102
1076.1,103
1076.2,100
1076.3,99
1076.4,100
1076.5,99
1076.6,100
1076.7,99
1076.8,97
1076.9,97
1077,96
1077.1,97
1077.2,96
1077.3,94
1077.4,93
1077.5,93
1077.6,94
1077.7,93
1077.8,90
1077.9,89
1078,89
1078.1,88
1078.2,85
1078.3,89
1078.4,87
1078.5,88
1078.6,87
1078.7,86
1078.8,84
1078.9,85
1079,83
1079.1,84
1079.2,85
1079.3,83
1079.4,82
1079.5,83
1079.6,90
1079.7,91
1079.8,90
1079.9,89
1080,88
1080.1,89
1080.2,90
1080.3,88
1080.4,85
1080.5,85
1080.6,86
1080.7,83
1080.8,84
1080.9,83
1081,86
1081.1,93
1081.2,93
1081.3,90
1081.4,91
1081.5,90
1081.6,90
1081.7,89
1081.8,90
1081.9,87
1082,86
1082.1,85
1082.2,84
1082.3,83
1082.4,84
1082.5,82
1082.6,91
1082.7,90
1082.8,91
1082.9,90
1083,94
1083.1,90
1083.2,89
1083.3,88
1083.4,90
1083.5,84
1083.6,86
1083.7,83
1083.8,82
1083.9,83
1084,84
1084.1,88
1084.2,91
1084.3,91
1084.4,90
1084.5,91
1084.6,87
1084.7,88
1084.8,85
1084.9,90
1085,90
1085.1,88
1085.2,90
1085.3,87
1085.4,90
1085.5,83
1085.6,86
1085.7,85
1085.8,84
1085.9,90
1086,93
1086.1,95
1086.2,91
1086.3,90
1086.4,89
1086.5,88
1086.6,89
1086.7,89
1086.8,89
1086.9,88
1087,87
1087.1,83
1087.2,86
1087.3,84
1087.4,91
1087.5,88
1087.6,90
1087.7,91
1087.8,89
1087.9,86
1088,94
1088.1,90
1088.2,92
1088.3,93
1088.4,94
1088.5,89
1088.6,88
1088.7,87
1088.8,87
1088.9,87
1089,87
1089.1,85
1089.2,90
1089.3,94
1089.4,94
1089.5,94
1089.6,93
1089.7,94
1089.8,89
1089.9,88
1090,89
1090.1,89
1090.2,86
1090.3,87
1090.4,86
1090.5,86
1090.6,89
1090.7,87
1090.8,88
1090.9,85
1091,93
1091.1,96
1091.2,95
1091.3,94
1091.4,92
1091.5,91
1091.6,88
1091.7,88
1091.8,88
1091.9,85
1092,84
1092.1,87
1092.2,84
1092.3,85
1092.4,90
1092.5,90
1092.6,90
1092.7,92
1092.8,87
1092.9,87
1093,91
1093.1,91
1093.2,92
1093.3,87
1093.4,89
1093.5,90
1093.6,91
1093.7,86
1093.8,85
1093.9,84
1094,86
1094.1,86
1094.2,89
1094.3,93
1094.4,95
1094.5,92
1094.6,91
1094.7,89
1094.8,89
1094.9,85
1095,88
1095.1,88
1095.2,88
1095.3,89
1095.4,86
1095.5,86
1095.6,83
1095.7,85
1095.8,92
1095.9,91
1096,93
1096.1,90
1096.2,86
1096.3,89
1096.4,87
1096.5,92
1096.6,92
1096.7,91
1096.8,93
1096.9,90
1097,89
1097.1,89
1097.2,87
1097.3,90
1097.4,85
1097.5,86
1097.6,91
1097.7,94
1097.8,94
1097.9,92
1098,90
1098.1,89
1098.2,90
1098.3,87
1098.4,90
1098.5,85
1098.6,85
1098.7,83
1098.8,84
1098.9,88
1099,89
1099.1,86
1099.2,86
1099.3,90
1099.4,94
1099.5,89
1099.6,94
1099.7,91
1099.8,90
1099.9,90
1100,90
1100.1,86
1100.2,84
1100.3,85
1100.4,84
1100.5,84
1100.6,86
1100.7,92
1100.8,91
1100.9,91
1101,92
1101.1,87
1101.2,88
1101.3,84
1101.4,85
1101.5,85
1101.6,86
1101.7,85
1101.8,88
1101.9,88
1102,83
1102.1,81
1102.2,87
1102.3,91
1102.4,90
1102.5,89
1102.6,91
1102.7,87
1102.8,87
1102.9,90
1103,89
1103.1,88
1103.2,90
1103.3,91
1103.4,88
1103.5,87
1103.6,84
1103.7,85
1103.8,84
1103.9,81
1104,90
1104.1,88
1104.2,92
1104.3,89
1104.4,87
1104.5,88
1104.6,83
1104.7,85
1104.8,84
1104.9,85
1105,86
1105.1,86
1105.2,87
1105.3,82
1105.4,85
1105.5,84
1105.6,91
1105.7,92
1105.8,90
1105.9,87
1106,85
1106.1,83
1106.2,92
1106.3,91
1106.4,89
1106.5,88
1106.6,89
1106.7,87
1106.8,83
1106.9,86
1107,85
1107.1,86
1107.2,83
1107.3,85
1107.4,93
1107.5,93
1107.6,89
1107.7,88
1107.8,88
1107.9,85
1108,84
1108.1,87
1108.2,88
1108.3,86
1108.4,88
1108.5,86
1108.6,85
1108.7,82
1108.8,82
1108.9,88
1109,87
1109.1,90
1109.2,88
1109.3,88
1109.4,88
1109.5,84
1109.6,89
1109.7,91
1109.8,89
1109.9,89
1110,87
1110.1,87
1110.2,87
1110.3,84
1110.4,84
1110.5,79
1110.6,85
1110.7,87
1110.8,89
1110.9,93
1111,89
1111.1,87
1111.2,87
1111.3,87
1111.4,84
1111.5,91
1111.6,88
1111.7,87
1111.8,86
1111.9,85
1112,83
1112.1,85
1112.2,88
1112.3,92
1112.4,90
1112.5,88
1112.6,91
1112.7,86
1112.8,86
1112.9,87
1113,93
1113.1,93
1113.2,92
1113.3,92
1113.4,86
1113.5,87
1113.6,85
1113.7,81
1113.8,83
1113.9,83
1114,92
1114.1,90
1114.2,90
1114.3,92
1114.4,89
1114.5,89
1114.6,87
1114.7,85
1114.8,84
1114.9,87
1115,86
1115.1,84
1115.2,84
1115.3,86
1115.4,83
1115.5,90
1115.6,90
1115.7,87
1115.8,87
1115.9,87
1116,84
1116.1,87
1116.2,90
1116.3,90
1116.4,92
1116.5,89
1116.6,89
1116.7,87
1116.8,88
1116.9,86
1117,82
1117.1,85
1117.2,85
1117.3,90
1117.4,91
1117.5,91
1117.6,90
1117.7,86
1117.8,87
1117.9,86
1118,89
1118.1,89
1118.2,88
1118.3,89
1118.4,86
1118.5,86
1118.6,84
1118.7,81
1118.8,81
1118.9,88
1119,90
1119.1,90
1119.2,89
1119.3,88
1119.4,90
1119.5,85
1119.6,87
1119.7,87
1119.8,88
1119.9,88
1120,87
1120.1,85
1120.2,85
1120.3,84
1120.4,82
1120.5,87
1120.6,87
1120.7,89
1120.8,88
1120.9,87
1121,88
1121.1,87
1121.2,82
1121.3,88
1121.4,89
1121.5,89
1121.6,87
1121.7,87
1121.8,85
1121.9,85
1122,82
1122.1,83
1122.2,81
1122.3,88
1122.4,92
1122.5,91
1122.6,92
1122.7,89
1122.8,89
1122.9,89
1123,87
1123.1,85
1123.2,85
1123.3,84
1123.4,84
1123.5,87
1123.6,87
1123.7,86
1123.8,86
1123.9,85
1124,87
1124.1,93
1124.2,89
1124.3,92
1124.4,90
1124.5,89
1124.6,88
1124.7,87
1124.8,84
1124.9,87
1125,84
1125.1,86
1125.2,84
1125.3,86
1125.4,86
1125.5,85
1125.6,85
1125.7,87
1125.8,92
1125.9,92
1126,94
1126.1,88
1126.2,90
1126.3,90
1126.4,88
1126.5,85
1126.6,87
1126.7,85
1126.8,84
1126.9,82
1127,89
1127.1,88
1127.2,87
1127.3,85
1127.4,86
1127.5,90
1127.6,92
1127.7,91
1127.8,93
1127.9,89
1128,92
1128.1,87
1128.2,85
1128.3,84
1128.4,82
1128.5,83
1128.6,81
1128.7,83
1128.8,88
1128.9,89
1129,94
1129.1,88
1129.2,88
1129.3,85
1129.4,85
1129.5,91
1129.6,89
1129.7,89
1129.8,90
1129.9,87
1130,87
1130.1,88
1130.2,83
1130.3,82
1130.4,83
1130.5,83
1130.6,89
1130.7,91
1130.8,91
1130.9,92
1131,90
1131.1,88
1131.2,86
1131.3,85
1131.4,83
1131.5,86
1131.6,85
1131.7,85
1131.8,83
1131.9,84
1132,83
1132.1,85
1132.2,88
1132.3,90
1132.4,89
1132.5,87
1132.6,88
1132.7,84
1132.8,87
1132.9,89
1133,92
1133.1,88
1133.2,87
1133.3,86
1133.4,87
1133.5,85
1133.6,84
1133.7,82
1133.8,83
1133.9,89
1134,89
1134.1,90
1134.2,88
1134.3,86
1134.4,87
1134.5,83
1134.6,89
1134.7,89
1134.8,91
1134.9,88
1135,88
1135.1,84
1135.2,84
1135.3,82
1135.4,84
1135.5,81
1135.6,91
1135.7,87
1135.8,92
1135.9,90
1136,90
1136.1,86
1136.2,87
1136.3,85
1136.4,82
1136.5,85
1136.6,85
1136.7,87
1136.8,84
1136.9,81
1137,83
1137.1,80
1137.2,91
1137.3,92
1137.4,87
1137.5,90
1137.6,88
1137.7,85
1137.8,89
1137.9,92
1138,91
1138.1,86
1138.2,92
1138.3,88
1138.4,86
1138.5,84
1138.6,84
1138.7,85
1138.8,82
1138.9,89
1139,89
1139.1,90
1139.2,90
1139.3,90
1139.4,87
1139.5,88
1139.6,83
1139.7,86
1139.8,87
1139.9,85
1140,86
1140.1,84
1140.2,86
1140.3,83
1140.4,83
1140.5,84
1140.6,90
1140.7,89
1140.8,89
1140.9,93
1141,87
1141.1,86
1141.2,86
1141.3,88
1141.4,90
1141.5,90
1141.6,88
1141.7,91
1141.8,84
1141.9,87
1142,84
1142.1,84
1142.2,83
1142.3,92
1142.4,90
1142.5,92
1142.6,92
1142.7,88
1142.8,89
1142.9,86
1143,83
1143.1,82
1143.2,86
1143.3,89
1143.4,83
1143.5,85
1143.6,84
1143.7,80
1143.8,87
1143.9,90
1144,91
1144.1,91
1144.2,87
1144.3,85
1144.4,87
1144.5,88
1144.6,91
1144.7,93
1144.8,90
1144.9,88
1145,89
1145.1,86
1145.2,85
1145.3,83
1145.4,84
1145.5,85
1145.6,88
1145.7,91
1145.8,86
1145.9,90
1146,87
1146.1,89
1146.2,86
1146.3,87
1146.4,87
1146.5,89
1146.6,87
1146.7,88
1146.8,83
1146.9,84
1147,81
1147.1,82
1147.2,92
1147.3,92
1147.4,91
1147.5,86
1147.6,87
1147.7,88
1147.8,85
1147.9,87
1148,88
1148.1,91
1148.2,89
1148.3,87
1148.4,85
1148.5,84
1148.6,86
1148.7,83
1148.8,82
1148.9,88
1149,89
1149.1,91
1149.2,88
1149.3,88
1149.4,86
1149.5,85
1149.6,85
1149.7,84
1149.8,88
1149.9,87
1150,94
1150.1,90
1150.2,87
1150.3,89
1150.4,89
1150.5,87
1150.6,87
1150.7,85
1150.8,87
1150.9,83
1151,88
1151.1,83
1151.2,86
1151.3,86
1151.4,89
1151.5,89
1151.6,89
1151.7,92
1151.8,90
1151.9,90
1152,90
1152.1,92
1152.2,88
1152.3,86
1152.4,88
1152.5,86
1152.6,84
1152.7,85
1152.8,84
1152.9,84
1153,86
1153.1,89
1153.2,89
1153.3,87
1153.4,86
1153.5,91
1153.6,90
1153.7,91
1153.8,91
1153.9,88
1154,86
1154.1,86
1154.2,86
1154.3,86
1154.4,85
1154.5,83
1154.6,87
1154.7,90
1154.8,91
1154.9,90
1155,89
1155.1,91
1155.2,90
1155.3,89
1155.4,86
1155.5,91
1155.6,88
1155.7,88
1155.8,85
1155.9,85
1156,86
1156.1,87
1156.2,89
1156.3,85
1156.4,87
1156.5,91
1156.6,89
1156.7,91
1156.8,89
1156.9,88
1157,86
1157.1,89
1157.2,88
1157.3,88
1157.4,87
1157.5,80
1157.6,87
1157.7,84
1157.8,83
1157.9,84
1158,84
1158.1,90
1158.2,88
1158.3,87
1158.4,90
1158.5,88
1158.6,92
1158.7,91
1158.8,88
1158.9,89
1159,89
1159.1,86
1159.2,88
1159.3,85
1159.4,83
1159.5,84
1159.6,86
1159.7,89
1159.8,87
1159.9,88
1160,88
1160.1,88
1160.2,92
1160.3,90
1160.4,88
1160.5,89
1160.6,87
1160.7,86
1160.8,87
1160.9,85
1161,87
1161.1,87
1161.2,87
1161.3,86
1161.4,89
1161.5,91
1161.6,90
1161.7,93
1161.8,88
1161.9,91
1162,88
1162.1,89
1162.2,89
1162.3,88
1162.4,86
1162.5,85
1162.6,85
1162.7,85
1162.8,85
1162.9,87
1163,85
1163.1,87
1163.2,91
1163.3,92
1163.4,90
1163.5,90
1163.6,90
1163.7,90
1163.8,89
1163.9,85
1164,83
1164.1,85
1164.2,85
1164.3,88
1164.4,86
1164.5,87
1164.6,86
1164.7,88
1164.8,90
1164.9,88
1165,89
1165.1,89
1165.2,91
1165.3,88
1165.4,88
1165.5,89
1165.6,86
1165.7,86
1165.8,85
1165.9,85
1166,88
1166.1,87
1166.2,85
1166.3,90
1166.4,89
1166.5,89
1166.6,92
1166.7,89
1166.8,92
1166.9,90
1167,91
1167.1,93
1167.2,87
1167.3,86
1167.4,85
1167.5,85
1167.6,85
1167.7,85
1167.8,91
1167.9,87
1168,87
1168.1,88
1168.2,88
1168.3,92
1168.4,89
1168.5,92
1168.6,89
1168.7,89
1168.8,87
1168.9,87
1169,84
1169.1,83
1169.2,87
1169.3,83
1169.4,86
1169.5,86
1169.6,89
1169.7,86
1169.8,90
1169.9,90
1170,91
1170.1,90
1170.2,90
1170.3,85
1170.4,89
1170.5,88
1170.6,87
1170.7,85
1170.8,85
1170.9,88
1171,84
1171.1,83
1171.2,84
1171.3,88
1171.4,91
1171.5,92
1171.6,91
1171.7,89
1171.8,88
1171.9,91
1172,91
1172.1,87
1172.2,89
1172.3,86
1172.4,87
1172.5,87
1172.6,83
1172.7,86
1172.8,89
1172.9,86
1173,86
1173.1,90
1173.2,89
1173.3,90
1173.4,90
1173.5,89
1173.6,90
1173.7,91
1173.8,87
1173.9,85
1174,86
1174.1,90
1174.2,87
1174.3,85
1174.4,85
1174.5,88
1174.6,86
1174.7,89
1174.8,87
1174.9,90
1175,89
1175.1,89
1175.2,89
1175.3,90
1175.4,88
1175.5,90
1175.6,88
1175.7,84
1175.8,85
1175.9,87
1176,84
1176.1,87
1176.2,88
1176.3,87
1176.4,90
1176.5,85
1176.6,91
1176.7,90
1176.8,87
1176.9,90
1177,86
1177.1,87
1177.2,88
1177.3,86
1177.4,86
1177.5,85
1177.6,86
1177.7,87
1177.8,85
1177.9,87
1178,86
1178.1,90
1178.2,88
1178.3,90
1178.4,89
1178.5,89
1178.6,88
1178.7,89
1178.8,88
1178.9,85
1179,85
1179.1,86
1179.2,84
1179.3,85
1179.4,88
1179.5,85
1179.6,83
1179.7,87
1179.8,89
1179.9,88
1180,90
1180.1,88
1180.2,88
1180.3,88
1180.4,88
1180.5,90
1180.6,88
1180.7,83
1180.8,82
1180.9,86
1181,88
1181.1,87
1181.2,86
1181.3,86
1181.4,90
1181.5,89
1181.6,92
1181.7,87
1181.8,89
1181.9,88
1182,89
1182.1,88
1182.2,88
1182.3,88
1182.4,88
1182.5,88
1182.6,86
1182.7,84
1182.8,85
1182.9,87
1183,89
1183.1,86
1183.2,90
1183.3,89
1183.4,87
1183.5,88
1183.6,88
1183.7,87
1183.8,88
1183.9,88
1184,88
1184.1,84
1184.2,86
1184.3,84
1184.4,85
1184.5,84
1184.6,85
1184.7,89
1184.8,86
1184.9,90
1185,89
1185.1,86
1185.2,86
1185.3,91
1185.4,85
1185.5,87
1185.6,87
1185.7,84
1185.8,85
1185.9,86
1186,86
1186.1,85
1186.2,86
1186.3,87
1186.4,87
1186.5,90
1186.6,90
1186.7,86
1186.8,90
1186.9,88
1187,88
1187.1,88
1187.2,85
1187.3,88
1187.4,84
1187.5,85
1187.6,86
1187.7,85
1187.8,86
1187.9,86
1188,86
1188.1,87
1188.2,90
1188.3,89
1188.4,92
1188.5,90
1188.6,85
1188.7,89
1188.8,87
1188.9,84
1189,88
1189.1,84
1189.2,84
1189.3,86
1189.4,87
1189.5,87
1189.6,87
1189.7,87
1189.8,90
1189.9,89
1190,89
1190.1,88
1190.2,91
1190.3,88
1190.4,89
1190.5,86
1190.6,87
1190.7,86
1190.8,83
1190.9,85
1191,81
1191.1,85
1191.2,84
1191.3,91
1191.4,86
1191.5,92
1191.6,90
1191.7,88
1191.8,90
1191.9,88
1192,86
1192.1,87
1192.2,87
1192.3,87
1192.4,86
1192.5,84
1192.6,87
1192.7,86
1192.8,87
1192.9,88
1193,91
1193.1,88
1193.2,87
1193.3,89
1193.4,87
1193.5,90
1193.6,86
1193.7,90
1193.8,86
1193.9,88
1194,82
1194.1,85
1194.2,83
1194.3,87
1194.4,88
1194.5,83
1194.6,88
1194.7,89
1194.8,89
1194.9,89
1195,90
1195.1,90
1195.2,87
1195.3,90
1195.4,88
1195.5,87
1195.6,86
1195.7,83
1195.8,82
1195.9,85
1196,87
1196.1,84
1196.2,86
1196.3,86
1196.4,87
1196.5,89
1196.6,90
1196.7,87
1196.8,91
1196.9,89
1197,88
1197.1,88
1197.2,89
1197.3,86
1197.4,84
1197.5,85
1197.6,85
1197.7,86
1197.8,86
1197.9,89
1198,87
1198.1,86
1198.2,89
1198.3,89
1198.4,86
1198.5,88
1198.6,88
1198.7,90
1198.8,84
1198.9,87
1199,89
1199.1,85
1199.2,85
1199.3,86
1199.4,86
1199.5,88
1199.6,87
1199.7,89
1199.8,90
1199.9,88
1200,83
