0,134
0.1,184
0.2,212
0.3,227
0.4,234
0.5,237
0.6,238
0.7,237
0.8,235
0.9,234
1,232
1.1,230
1.2,229
1.3,228
1.4,228
1.5,230
1.6,232
1.7,234
1.8,236
1.9,239
2,241
2.1,241
2.2,242
2.3,242
2.4,240
2.5,239
2.6,237
2.7,236
2.8,234
2.9,233
3,232
3.1,233
3.2,234
3.3,236
3.4,238
3.5,240
3.6,242
3.7,243
3.8,244
3.9,244
4,243
4.1,241
4.2,240
4.3,238
4.4,236
4.5,234
4.6,233
4.7,232
4.8,233
4.9,234
5,236
5.1,238
5.2,241
5.3,242
5.4,244
5.5,245
5.6,245
5.7,243
5.8,241
5.9,240
6,237
6.1,235
6.2,234
6.3,233
6.4,233
6.5,234
6.6,236
6.7,238
6.8,240
6.9,243
7,245
7.1,246
7.2,246
7.3,246
7.4,244
7.5,243
7.6,241
7.7,239
7.8,237
7.9,236
8,235
8.1,235
8.2,237
8.3,239
8.4,241
8.5,243
8.6,246
8.7,247
8.8,248
8.9,249
9,248
9.1,246
9.2,245
9.3,243
9.4,240
9.5,239
9.6,238
9.7,238
9.8,239
9.9,240
10,242
10.1,245
10.2,247
10.3,249
10.4,250
10.5,251
10.6,251
10.7,249
10.8,248
10.9,246
11,244
11.1,242
11.2,241
11.3,240
11.4,240
11.5,242
11.6,244
11.7,245
11.8,248
11.9,250
12,252
12.1,253
12.2,253
12.3,252
12.4,251
12.5,249
12.6,247
12.7,245
12.8,243
12.9,243
13,242
13.1,241
13.2,243
13.3,245
13.4,247
13.5,249
13.6,251
13.7,253
13.8,254
13.9,254
14,252
14.1,250
14.2,249
14.3,246
14.4,244
14.5,243
14.6,242
14.7,241
14.8,242
14.9,244
15,246
15.1,247
15.2,250
15.3,252
15.4,254
15.5,254
15.6,253
15.7,251
15.8,249
15.9,248
16,246
16.1,243
16.2,242
16.3,241
16.4,241
16.5,242
16.6,244
16.7,246
16.8,248
16.9,250
17,251
17.1,252
17.2,253
17.3,252
17.4,250
17.5,248
17.6,246
17.7,244
17.8,243
17.9,241
18,240
18.1,241
18.2,242
18.3,244
18.4,246
18.5,248
18.6,250
18.7,251
18.8,252
18.9,252
19,250
19.1,248
19.2,246
19.3,244
19.4,242
19.5,241
19.6,239
19.7,239
19.8,240
19.9,242
20,244
20.1,246
20.2,248
20.3,249
20.4,250
20.5,251
20.6,250
20.7,248
20.8,246
20.9,244
21,242
21.1,240
21.2,239
21.3,237
21.4,237
21.5,239
21.6,241
21.7,243
21.8,244
21.9,246
22,247
22.1,247
22.2,247
22.3,245
22.4,243
22.5,241
22.6,239
22.7,237
22.8,235
22.9,234
23,233
23.1,233
23.2,234
23.3,235
23.4,237
23.5,239
23.6,240
23.7,241
23.8,241
23.9,240
24,238
24.1,236
24.2,234
24.3,231
24.4,229
24.5,227
24.6,226
24.7,225
24.8,226
24.9,228
25,230
25.1,231
25.2,233
25.3,234
25.4,235
25.5,235
25.6,233
25.7,231
25.8,230
25.9,228
26,226
26.1,224
26.2,223
26.3,222
26.4,221
26.5,223
26.6,225
26.7,226
26.8,229
26.9,231
27,232
27.1,233
27.2,233
27.3,231
27.4,230
27.5,228
27.6,227
27.7,224
27.8,223
27.9,222
28,222
28.1,223
28.2,225
28.3,226
28.4,228
28.5,231
28.6,233
28.7,234
28.8,234
28.9,234
29,232
29.1,231
29.2,229
29.3,227
29.4,225
29.5,223
29.6,223
29.7,223
29.8,224
29.9,225
30,227
30.1,229
30.2,231
30.3,233
30.4,234
30.5,234
30.6,233
30.7,231
30.8,229
30.9,228
31,225
31.1,222
31.2,222
31.3,221
31.4,221
31.5,223
31.6,225
31.7,226
31.8,229
31.9,230
32,231
32.1,232
32.2,232
32.3,231
32.4,229
32.5,227
32.6,225
32.7,223
32.8,221
32.9,220
33,219
33.1,221
33.2,222
33.3,224
33.4,226
33.5,228
33.6,230
33.7,231
33.8,232
33.9,231
34,230
34.1,228
34.2,227
34.3,225
34.4,223
34.5,222
34.6,221
34.7,222
34.8,223
34.9,225
35,227
35.1,229
35.2,232
35.3,233
35.4,234
35.5,235
35.6,234
35.7,232
35.8,230
35.9,229
36,227
36.1,225
36.2,224
36.3,224
36.4,225
36.5,228
36.6,230
36.7,231
36.8,233
36.9,235
37,237
37.1,237
37.2,237
37.3,236
37.4,235
37.5,233
37.6,231
37.7,229
37.8,227
37.9,226
38,226
38.1,227
38.2,229
38.3,231
38.4,233
38.5,235
38.6,237
38.7,238
38.8,238
38.9,237
39,235
39.1,234
39.2,232
39.3,229
39.4,227
39.5,226
39.6,225
39.7,225
39.8,227
39.9,229
40,230
40.1,232
40.2,235
40.3,236
40.4,237
40.5,237
40.6,236
40.7,234
40.8,233
40.9,231
41,228
41.1,226
41.2,225
41.3,225
41.4,225
41.5,227
41.6,229
41.7,231
41.8,233
41.9,235
42,236
42.1,237
42.2,237
42.3,235
42.4,233
42.5,231
42.6,229
42.7,227
42.8,226
42.9,225
43,225
43.1,226
43.2,227
43.3,229
43.4,231
43.5,234
43.6,235
43.7,236
43.8,237
43.9,237
44,235
44.1,233
44.2,231
44.3,229
44.4,227
44.5,226
44.6,225
44.7,226
44.8,227
44.9,229
45,231
45.1,234
45.2,236
45.3,237
45.4,238
45.5,238
45.6,236
45.7,234
45.8,233
45.9,231
46,228
46.1,227
46.2,226
46.3,226
46.4,226
46.5,228
46.6,230
46.7,232
46.8,234
46.9,236
47,237
47.1,238
47.2,237
47.3,235
47.4,233
47.5,231
47.6,229
47.7,227
47.8,226
47.9,225
48,225
48.1,226
48.2,228
48.3,230
48.4,232
48.5,234
48.6,235
48.7,237
48.8,237
48.9,236
49,234
49.1,232
49.2,230
49.3,228
49.4,226
49.5,225
49.6,224
49.7,225
49.8,227
49.9,228
50,230
50.1,232
50.2,234
50.3,236
50.4,237
50.5,237
50.6,235
50.7,233
50.8,231
50.9,229
51,228
51.1,226
51.2,225
51.3,224
51.4,225
51.5,227
51.6,229
51.7,231
51.8,233
51.9,235
52,236
52.1,237
52.2,236
52.3,234
52.4,233
52.5,231
52.6,229
52.7,227
52.8,226
52.9,225
53,224
53.1,226
53.2,228
53.3,229
53.4,232
53.5,234
53.6,235
53.7,236
53.8,237
53.9,235
54,233
54.1,231
54.2,229
54.3,227
54.4,225
54.5,224
54.6,223
54.7,223
54.8,225
54.9,227
55,228
55.1,231
55.2,233
55.3,234
55.4,234
55.5,234
55.6,232
55.7,230
55.8,228
55.9,226
56,223
56.1,222
56.2,220
56.3,220
56.4,221
56.5,223
56.6,224
56.7,226
56.8,228
56.9,230
57,231
57.1,232
57.2,231
57.3,229
57.4,227
57.5,225
57.6,223
57.7,221
57.8,219
57.9,218
58,218
58.1,220
58.2,222
58.3,223
58.4,226
58.5,228
58.6,230
58.7,230
58.8,231
58.9,229
59,227
59.1,226
59.2,224
59.3,222
59.4,221
59.5,220
59.6,219
59.7,220
59.8,222
59.9,223
60,225
60.1,228
60.2,230
60.3,232
60.4,232
60.5,232
60.6,230
60.7,229
60.8,226
60.9,224
61,222
61.1,221
61.2,220
61.3,220
61.4,221
61.5,222
61.6,224
61.7,226
61.8,228
61.9,230
62,231
62.1,231
62.2,231
62.3,229
62.4,227
62.5,225
62.6,223
62.7,221
62.8,220
62.9,219
63,219
63.1,221
63.2,222
63.3,223
63.4,226
63.5,228
63.6,229
63.7,230
63.8,230
63.9,228
64,227
64.1,225
64.2,222
64.3,220
64.4,219
64.5,218
64.6,217
64.7,218
64.8,219
64.9,221
65,223
65.1,225
65.2,227
65.3,228
65.4,229
65.5,228
65.6,226
65.7,224
65.8,223
65.9,221
66,219
66.1,217
66.2,216
66.3,216
66.4,218
66.5,220
66.6,221
66.7,223
66.8,226
66.9,227
67,229
67.1,229
67.2,228
67.3,226
67.4,225
67.5,223
67.6,221
67.7,219
67.8,218
67.9,217
68,217
68.1,219
68.2,221
68.3,223
68.4,225
68.5,228
68.6,229
68.7,230
68.8,230
68.9,228
69,226
69.1,225
69.2,223
69.3,220
69.4,219
69.5,218
69.6,217
69.7,218
69.8,220
69.9,222
70,223
70.1,226
70.2,228
70.3,229
70.4,229
70.5,228
70.6,227
70.7,225
70.8,223
70.9,221
71,219
71.1,217
71.2,216
71.3,216
71.4,217
71.5,219
71.6,220
71.7,222
71.8,225
71.9,226
72,227
72.1,227
72.2,225
72.3,223
72.4,222
72.5,220
72.6,217
72.7,215
72.8,215
72.9,214
73,215
73.1,216
73.2,218
73.3,219
73.4,222
73.5,223
73.6,225
73.7,226
73.8,225
73.9,224
74,222
74.1,220
74.2,218
74.3,216
74.4,214
74.5,214
74.6,213
74.7,214
74.8,216
74.9,217
75,219
75.1,222
75.2,224
75.3,225
75.4,225
75.5,224
75.6,223
75.7,221
75.8,219
75.9,217
76,215
76.1,214
76.2,213
76.3,213
76.4,214
76.5,216
76.6,218
76.7,220
76.8,222
76.9,224
77,225
77.1,225
77.2,223
77.3,221
77.4,220
77.5,218
77.6,215
77.7,213
77.8,212
77.9,211
78,212
78.1,214
78.2,215
78.3,217
78.4,219
78.5,220
78.6,221
78.7,222
78.8,222
78.9,220
79,218
79.1,216
79.2,213
79.3,211
79.4,210
79.5,208
79.6,208
79.7,209
79.8,211
79.9,212
80,214
80.1,217
80.2,218
80.3,219
80.4,220
80.5,218
80.6,216
80.7,214
80.8,212
80.9,210
81,208
81.1,207
81.2,205
81.3,203
81.4,205
81.5,206
81.6,207
81.7,209
81.8,211
81.9,211
82,212
82.1,212
82.2,210
82.3,208
82.4,206
82.5,204
82.6,202
82.7,201
82.8,199
82.9,199
83,199
83.1,201
83.2,203
83.3,205
83.4,207
83.5,209
83.6,209
83.7,210
83.8,210
83.9,208
84,206
84.1,205
84.2,202
84.3,200
84.4,199
84.5,197
84.6,197
84.7,198
84.8,200
84.9,201
85,203
85.1,206
85.2,208
85.3,208
85.4,209
85.5,208
85.6,206
85.7,205
85.8,203
85.9,200
86,198
86.1,197
86.2,196
86.3,196
86.4,198
86.5,200
86.6,201
86.7,203
86.8,206
86.9,207
87,208
87.1,208
87.2,206
87.3,205
87.4,203
87.5,200
87.6,198
87.7,197
87.8,196
87.9,195
88,196
88.1,198
88.2,200
88.3,201
88.4,204
88.5,206
88.6,207
88.7,207
88.8,207
88.9,205
89,203
89.1,201
89.2,199
89.3,197
89.4,196
89.5,195
89.6,194
89.7,196
89.8,197
89.9,199
90,201
90.1,204
90.2,205
90.3,206
90.4,206
90.5,205
90.6,203
90.7,202
90.8,200
90.9,198
91,196
91.1,195
91.2,194
91.3,195
91.4,196
91.5,198
91.6,200
91.7,202
91.8,204
91.9,205
92,206
92.1,206
92.2,205
92.3,202
92.4,201
92.5,199
92.6,197
92.7,195
92.8,194
92.9,194
93,195
93.1,196
93.2,198
93.3,200
93.4,202
93.5,204
93.6,205
93.7,206
93.8,205
93.9,203
94,201
94.1,199
94.2,197
94.3,195
94.4,194
94.5,194
94.6,194
94.7,195
94.8,197
94.9,199
95,201
95.1,203
95.2,205
95.3,206
95.4,206
95.5,204
95.6,202
95.7,199
95.8,200
95.9,213
96,241
96.1,22
96.2,62
96.3,104
96.4,146
96.5,187
96.6,227
96.7,10
96.8,47
96.9,84
97,120
97.1,154
97.2,174
97.3,184
97.4,189
97.5,191
97.6,193
97.7,193
97.8,193
97.9,193
98,193
98.1,193
98.2,193
98.3,193
98.4,192
98.5,192
98.6,192
98.7,191
98.8,192
98.9,192
99,192
99.1,193
99.2,193
99.3,194
99.4,194
99.5,193
99.6,193
99.7,193
99.8,193
99.9,193
100,192
100.1,192
100.2,192
100.3,192
100.4,192
100.5,192
100.6,192
100.7,192
100.8,193
100.9,193
101,194
101.1,194
101.2,194
101.3,193
101.4,193
101.5,193
101.6,193
101.7,193
101.8,193
101.9,192
102,192
102.1,192
102.2,192
102.3,193
102.4,193
102.5,194
102.6,194
102.7,194
102.8,194
102.9,194
103,193
103.1,193
103.2,193
103.3,193
103.4,192
103.5,192
103.6,192
103.7,192
103.8,192
103.9,192
104,193
104.1,193
104.2,193
104.3,194
104.4,194
104.5,194
104.6,194
104.7,193
104.8,193
104.9,193
105,193
105.1,192
105.2,192
105.3,192
105.4,192
105.5,192
105.6,192
105.7,193
105.8,193
105.9,193
106,194
106.1,194
106.2,194
106.3,194
106.4,193
106.5,193
106.6,193
106.7,193
106.8,192
106.9,192
107,191
107.1,192
107.2,192
107.3,192
107.4,193
107.5,193
107.6,193
107.7,194
107.8,194
107.9,194
108,194
108.1,193
108.2,193
108.3,193
108.4,192
108.5,192
108.6,191
108.7,192
108.8,192
108.9,192
109,192
109.1,193
109.2,193
109.3,194
109.4,194
109.5,194
109.6,194
109.7,193
109.8,193
109.9,193
110,192
110.1,192
110.2,192
110.3,192
110.4,192
110.5,192
110.6,192
110.7,193
110.8,193
110.9,194
111,194
111.1,194
111.2,194
111.3,193
111.4,193
111.5,193
111.6,193
111.7,193
111.8,192
111.9,192
112,192
112.1,192
112.2,192
112.3,192
112.4,193
112.5,193
112.6,194
112.7,194
112.8,194
112.9,194
113,193
113.1,193
113.2,193
113.3,193
113.4,192
113.5,192
113.6,192
113.7,191
113.8,192
113.9,192
114,192
114.1,193
114.2,193
114.3,194
114.4,194
114.5,194
114.6,194
114.7,193
114.8,193
114.9,193
115,192
115.1,192
115.2,192
115.3,192
115.4,192
115.5,192
115.6,192
115.7,193
115.8,193
115.9,194
116,194
116.1,194
116.2,194
116.3,194
116.4,193
116.5,193
116.6,193
116.7,193
116.8,193
116.9,192
117,192
117.1,192
117.2,192
117.3,193
117.4,193
117.5,194
117.6,194
117.7,194
117.8,194
117.9,194
118,193
118.1,193
118.2,193
118.3,193
118.4,193
118.5,192
118.6,192
118.7,192
118.8,192
118.9,192
119,193
119.1,193
119.2,193
119.3,194
119.4,194
119.5,194
119.6,194
119.7,194
119.8,193
119.9,193
120,193
120.1,192
120.2,192
120.3,192
120.4,192
120.5,192
120.6,192
120.7,193
120.8,193
120.9,194
121,194
121.1,194
121.2,194
121.3,194
121.4,193
121.5,193
121.6,193
121.7,193
121.8,192
121.9,192
122,192
122.1,192
122.2,192
122.3,192
122.4,193
122.5,193
122.6,194
122.7,194
122.8,194
122.9,194
123,193
123.1,193
123.2,193
123.3,193
123.4,192
123.5,192
123.6,192
123.7,192
123.8,192
123.9,193
124,193
124.1,193
124.2,194
124.3,194
124.4,194
124.5,194
124.6,194
124.7,193
124.8,193
124.9,193
125,193
125.1,192
125.2,192
125.3,192
125.4,192
125.5,192
125.6,192
125.7,193
125.8,193
125.9,194
126,194
126.1,194
126.2,194
126.3,194
126.4,193
126.5,193
126.6,193
126.7,193
126.8,192
126.9,192
127,192
127.1,192
127.2,192
127.3,193
127.4,193
127.5,193
127.6,194
127.7,194
127.8,194
127.9,194
128,194
128.1,193
128.2,193
128.3,192
128.4,192
128.5,192
128.6,192
128.7,192
128.8,192
128.9,192
129,193
129.1,193
129.2,194
129.3,194
129.4,194
129.5,193
129.6,194
129.7,193
129.8,193
129.9,193
130,193
130.1,192
130.2,192
130.3,192
130.4,192
130.5,192
130.6,193
130.7,193
130.8,193
130.9,194
131,194
131.1,194
131.2,194
131.3,193
131.4,193
131.5,193
131.6,193
131.7,193
131.8,192
131.9,192
132,192
132.1,192
132.2,192
132.3,193
132.4,193
132.5,194
132.6,194
132.7,194
132.8,194
132.9,194
133,194
133.1,193
133.2,193
133.3,192
133.4,192
133.5,192
133.6,192
133.7,192
133.8,192
133.9,193
134,193
134.1,193
134.2,194
134.3,194
134.4,194
134.5,194
134.6,194
134.7,193
134.8,193
134.9,193
135,192
135.1,192
135.2,192
135.3,192
135.4,192
135.5,192
135.6,192
135.7,193
135.8,193
135.9,194
136,194
136.1,194
136.2,194
136.3,193
136.4,193
136.5,193
136.6,193
136.7,192
136.8,192
136.9,192
137,192
137.1,192
137.2,193
137.3,193
137.4,193
137.5,194
137.6,194
137.7,194
137.8,194
137.9,194
138,193
138.1,193
138.2,193
138.3,193
138.4,193
138.5,192
138.6,192
138.7,192
138.8,192
138.9,192
139,193
139.1,193
139.2,194
139.3,194
139.4,194
139.5,194
139.6,194
139.7,193
139.8,193
139.9,193
140,192
140.1,192
140.2,192
140.3,192
140.4,192
140.5,192
140.6,193
140.7,193
140.8,194
140.9,194
141,194
141.1,194
141.2,194
141.3,194
141.4,193
141.5,193
141.6,193
141.7,192
141.8,192
141.9,192
142,192
142.1,192
142.2,192
142.3,193
142.4,193
142.5,194
142.6,194
142.7,194
142.8,194
142.9,194
143,194
143.1,193
143.2,193
143.3,193
143.4,192
143.5,192
143.6,192
143.7,192
143.8,192
143.9,192
144,193
144.1,193
144.2,193
144.3,194
144.4,194
144.5,194
144.6,194
144.7,193
144.8,193
144.9,193
145,192
145.1,192
145.2,192
145.3,192
145.4,192
145.5,192
145.6,193
145.7,193
145.8,193
145.9,194
146,194
146.1,194
146.2,194
146.3,193
146.4,193
146.5,193
146.6,193
146.7,192
146.8,191
146.9,188
147,186
147.1,183
147.2,180
147.3,178
147.4,175
147.5,173
147.6,170
147.7,167
147.8,164
147.9,161
148,158
148.1,155
148.2,151
148.3,148
148.4,145
148.5,142
148.6,139
148.7,136
148.8,134
148.9,131
149,129
149.1,127
149.2,124
149.3,122
149.4,119
149.5,117
149.6,114
149.7,110
149.8,108
149.9,105
150,102
150.1,99
150.2,96
150.3,94
150.4,91
150.5,89
150.6,87
150.7,84
150.8,82
150.9,80
151,78
151.1,75
151.2,73
151.3,70
151.4,67
151.5,65
151.6,62
151.7,59
151.8,56
151.9,54
152,52
152.1,49
152.2,47
152.3,45
152.4,43
152.5,41
152.6,39
152.7,37
152.8,35
152.9,32
153,30
153.1,27
153.2,24
153.3,22
153.4,19
153.5,17
153.6,15
153.7,13
153.8,11
153.9,9
154,7
154.1,6
154.2,4
154.3,1
154.4,255
154.5,253
154.6,251
154.7,248
154.8,246
154.9,243
155,241
155.1,238
155.2,236
155.3,234
155.4,232
155.5,230
155.6,229
155.7,227
155.8,225
155.9,223
156,222
156.1,220
156.2,218
156.3,215
156.4,213
156.5,211
156.6,208
156.7,206
156.8,204
156.9,201
157,200
157.1,198
157.2,196
157.3,195
157.4,193
157.5,191
157.6,190
157.7,188
157.8,186
157.9,184
158,182
158.1,179
158.2,177
158.3,175
158.4,173
158.5,171
158.6,169
158.7,167
158.8,165
158.9,164
159,162
159.1,161
159.2,159
159.3,158
159.4,156
159.5,154
159.6,152
159.7,150
159.8,148
159.9,145
160,143
160.1,141
160.2,139
160.3,137
160.4,136
160.5,134
160.6,133
160.7,132
160.8,130
160.9,129
161,127
161.1,125
161.2,123
161.3,121
161.4,119
161.5,117
161.6,115
161.7,113
161.8,111
161.9,109
162,108
162.1,106
162.2,105
162.3,103
162.4,102
162.5,101
162.6,100
162.7,98
162.8,96
162.9,94
163,92
163.1,90
163.2,88
163.3,86
163.4,84
163.5,83
163.6,81
163.7,79
163.8,78
163.9,77
164,76
164.1,75
164.2,73
164.3,72
164.4,70
164.5,68
164.6,66
164.7,65
164.8,63
164.9,61
165,59
165.1,57
165.2,55
165.3,54
165.4,53
165.5,51
165.6,50
165.7,49
165.8,48
165.9,47
166,45
166.1,44
166.2,42
166.3,40
166.4,38
166.5,36
166.6,35
166.7,33
166.8,31
166.9,30
167,28
167.1,27
167.2,26
167.3,25
167.4,24
167.5,22
167.6,21
167.7,20
167.8,18
167.9,16
168,15
168.1,13
168.2,11
168.3,10
168.4,8
168.5,6
168.6,5
168.7,3
168.8,2
168.9,1
169,0
169.1,255
169.2,254
169.3,253
169.4,251
169.5,249
169.6,248
169.7,246
169.8,244
169.9,242
170,241
170.1,239
170.2,238
170.3,237
170.4,235
170.5,240
170.6,243
170.7,244
170.8,244
170.9,243
171,242
171.1,240
171.2,238
171.3,237
171.4,243
171.5,247
171.6,248
171.7,249
171.8,251
171.9,251
172,251
172.1,249
172.2,247
172.3,246
172.4,243
172.5,241
172.6,240
172.7,240
172.8,240
172.9,242
173,244
173.1,246
173.2,248
173.3,250
173.4,251
173.5,252
173.6,252
173.7,251
173.8,249
173.9,248
174,246
174.1,244
174.2,242
174.3,241
174.4,241
174.5,242
174.6,244
174.7,246
174.8,248
174.9,250
175,252
175.1,253
175.2,254
175.3,255
175.4,0
175.5,0
175.6,253
175.7,251
175.8,249
175.9,247
176,247
176.1,247
176.2,247
176.3,249
176.4,251
176.5,253
176.6,0
176.7,1
176.8,2
176.9,2
177,1
177.1,255
177.2,254
177.3,252
177.4,249
177.5,247
177.6,246
177.7,245
177.8,245
177.9,247
178,249
178.1,250
178.2,252
178.3,254
178.4,0
178.5,0
178.6,0
178.7,254
178.8,252
178.9,250
179,248
179.1,246
179.2,244
179.3,244
179.4,243
179.5,244
179.6,245
179.7,247
179.8,249
179.9,251
180,252
180.1,253
180.2,254
180.3,253
180.4,251
180.5,249
180.6,247
180.7,245
180.8,243
180.9,241
181,240
181.1,240
181.2,241
181.3,243
181.4,244
181.5,246
181.6,249
181.7,250
181.8,251
181.9,251
182,249
182.1,247
182.2,245
182.3,243
182.4,241
182.5,239
182.6,238
182.7,238
182.8,238
182.9,240
183,242
183.1,243
183.2,245
183.3,247
183.4,248
183.5,249
183.6,249
183.7,247
183.8,245
183.9,244
184,241
184.1,239
184.2,238
184.3,237
184.4,236
184.5,237
184.6,239
184.7,241
184.8,242
184.9,244
185,246
185.1,247
185.2,248
185.3,247
185.4,245
185.5,243
185.6,241
185.7,239
185.8,237
185.9,236
186,235
186.1,235
186.2,236
186.3,238
186.4,239
186.5,241
186.6,244
186.7,245
186.8,246
186.9,246
187,245
187.1,243
187.2,241
187.3,239
187.4,236
187.5,234
187.6,233
187.7,232
187.8,233
187.9,235
188,236
188.1,238
188.2,240
188.3,243
188.4,244
188.5,244
188.6,244
188.7,242
188.8,240
188.9,239
189,236
189.1,234
189.2,233
189.3,232
189.4,231
189.5,232
189.6,234
189.7,236
189.8,238
189.9,240
190,242
190.1,244
190.2,244
190.3,243
190.4,241
190.5,239
190.6,238
190.7,235
190.8,233
190.9,232
191,231
191.1,231
191.2,233
191.3,235
191.4,236
191.5,239
191.6,241
191.7,243
191.8,244
191.9,244
192,243
192.1,240
192.2,239
192.3,237
192.4,235
192.5,233
192.6,232
192.7,231
192.8,232
192.9,234
193,236
193.1,237
193.2,240
193.3,242
193.4,243
193.5,244
193.6,243
193.7,241
193.8,240
193.9,238
194,236
194.1,234
194.2,232
194.3,231
194.4,231
194.5,232
194.6,234
194.7,236
194.8,238
194.9,240
195,242
195.1,243
195.2,243
195.3,242
195.4,240
195.5,238
195.6,236
195.7,234
195.8,232
195.9,231
196,230
196.1,230
196.2,232
196.3,234
196.4,235
196.5,237
196.6,239
196.7,241
196.8,242
196.9,242
197,240
197.1,238
197.2,237
197.3,234
197.4,232
197.5,230
197.6,229
197.7,228
197.8,229
197.9,231
198,233
198.1,235
198.2,237
198.3,239
198.4,240
198.5,241
198.6,240
198.7,239
198.8,237
198.9,235
199,232
199.1,230
199.2,229
199.3,228
199.4,228
199.5,229
199.6,231
199.7,232
199.8,234
199.9,237
200,239
200.1,240
200.2,240
200.3,239
200.4,237
200.5,235
200.6,233
200.7,231
200.8,229
200.9,228
201,227
201.1,227
201.2,229
201.3,230
201.4,232
201.5,234
201.6,237
201.7,238
201.8,239
201.9,239
202,237
202.1,235
202.2,233
202.3,231
202.4,229
202.5,227
202.6,227
202.7,226
202.8,227
202.9,229
203,231
203.1,232
203.2,235
203.3,237
203.4,238
203.5,238
203.6,238
203.7,236
203.8,234
203.9,232
204,230
204.1,228
204.2,226
204.3,225
204.4,225
204.5,227
204.6,229
204.7,230
204.8,232
204.9,235
205,236
205.1,237
205.2,237
205.3,236
205.4,234
205.5,233
205.6,231
205.7,228
205.8,227
205.9,226
206,225
206.1,225
206.2,227
206.3,229
206.4,231
206.5,233
206.6,235
206.7,237
206.8,238
206.9,237
207,235
207.1,234
207.2,232
207.3,230
207.4,227
207.5,226
207.6,225
207.7,225
207.8,226
207.9,228
208,230
208.1,231
208.2,234
208.3,236
208.4,237
208.5,237
208.6,236
208.7,234
208.8,233
208.9,231
209,229
209.1,227
209.2,225
209.3,224
209.4,224
209.5,226
209.6,228
209.7,230
209.8,232
209.9,234
210,235
210.1,236
210.2,236
210.3,235
210.4,233
210.5,231
210.6,229
210.7,227
210.8,225
210.9,224
211,223
211.1,224
211.2,226
211.3,228
211.4,229
211.5,232
211.6,234
211.7,235
211.8,236
211.9,235
212,233
212.1,232
212.2,230
212.3,227
212.4,225
212.5,224
212.6,223
212.7,223
212.8,224
212.9,226
213,227
213.1,229
213.2,232
213.3,234
213.4,234
213.5,235
213.6,234
213.7,232
213.8,230
213.9,228
214,226
214.1,224
214.2,223
214.3,222
214.4,222
214.5,224
214.6,226
214.7,228
214.8,230
214.9,232
215,233
215.1,234
215.2,234
215.3,232
215.4,231
215.5,229
215.6,227
215.7,225
215.8,223
215.9,222
216,222
216.1,223
216.2,224
216.3,226
216.4,228
216.5,230
216.6,232
216.7,233
216.8,234
216.9,233
217,231
217.1,230
217.2,228
217.3,226
217.4,223
217.5,222
217.6,221
217.7,221
217.8,222
217.9,224
218,226
218.1,228
218.2,230
218.3,232
218.4,233
218.5,233
218.6,232
218.7,230
218.8,228
218.9,226
219,223
219.1,222
219.2,221
219.3,220
219.4,220
219.5,222
219.6,224
219.7,226
219.8,228
219.9,230
220,231
220.1,232
220.2,232
220.3,230
220.4,228
220.5,227
220.6,224
220.7,222
220.8,221
220.9,220
221,219
221.1,220
221.2,222
221.3,224
221.4,226
221.5,228
221.6,230
221.7,231
221.8,232
221.9,231
222,229
222.1,228
222.2,226
222.3,223
222.4,221
222.5,220
222.6,219
222.7,219
222.8,220
222.9,222
223,224
223.1,226
223.2,229
223.3,230
223.4,231
223.5,231
223.6,230
223.7,228
223.8,227
223.9,225
224,223
224.1,221
224.2,220
224.3,219
224.4,220
224.5,222
224.6,223
224.7,225
224.8,227
224.9,229
225,231
225.1,231
225.2,231
225.3,229
225.4,228
225.5,226
225.6,224
225.7,222
225.8,220
225.9,219
226,219
226.1,220
226.2,222
226.3,224
226.4,226
226.5,228
226.6,230
226.7,231
226.8,231
226.9,230
227,229
227.1,227
227.2,225
227.3,223
227.4,221
227.5,219
227.6,218
227.7,219
227.8,220
227.9,222
228,223
228.1,226
228.2,228
228.3,230
228.4,231
228.5,231
228.6,229
228.7,227
228.8,226
228.9,224
229,221
229.1,220
229.2,219
229.3,218
229.4,219
229.5,221
229.6,223
229.7,224
229.8,227
229.9,229
230,230
230.1,231
230.2,231
230.3,229
230.4,227
230.5,225
230.6,223
230.7,221
230.8,220
230.9,219
231,219
231.1,220
231.2,222
231.3,224
231.4,226
231.5,228
231.6,230
231.7,231
231.8,232
231.9,230
232,228
232.1,227
232.2,225
232.3,223
232.4,221
232.5,220
232.6,219
232.7,219
232.8,221
232.9,222
233,224
233.1,226
233.2,229
233.3,230
233.4,231
233.5,231
233.6,229
233.7,227
233.8,226
233.9,223
234,221
234.1,219
234.2,219
234.3,218
234.4,219
234.5,220
234.6,222
234.7,224
234.8,227
234.9,229
235,230
235.1,230
235.2,230
235.3,228
235.4,226
235.5,224
235.6,222
235.7,220
235.8,219
235.9,218
236,217
236.1,219
236.2,220
236.3,222
236.4,224
236.5,227
236.6,228
236.7,229
236.8,230
236.9,229
237,227
237.1,225
237.2,223
237.3,221
237.4,219
237.5,218
237.6,217
237.7,218
237.8,219
237.9,221
238,223
238.1,225
238.2,228
238.3,229
238.4,230
238.5,229
238.6,228
238.7,226
238.8,225
238.9,222
239,220
239.1,219
239.2,218
239.3,217
239.4,218
239.5,220
239.6,222
239.7,224
239.8,226
239.9,228
240,229
240.1,230
240.2,229
240.3,227
240.4,225
240.5,223
240.6,221
240.7,219
240.8,218
240.9,217
241,217
241.1,219
241.2,220
241.3,222
241.4,224
241.5,226
241.6,228
241.7,229
241.8,229
241.9,228
242,226
242.1,224
242.2,222
242.3,219
242.4,218
242.5,217
242.6,216
242.7,216
242.8,218
242.9,220
243,221
243.1,224
243.2,226
243.3,227
243.4,228
243.5,228
243.6,226
243.7,224
243.8,222
243.9,220
244,218
244.1,217
244.2,216
244.3,215
244.4,216
244.5,218
244.6,219
244.7,222
244.8,224
244.9,226
245,227
245.1,228
245.2,227
245.3,225
245.4,223
245.5,222
245.6,219
245.7,217
245.8,216
245.9,215
246,216
246.1,217
246.2,219
246.3,220
246.4,223
246.5,225
246.6,226
246.7,227
246.8,227
246.9,226
247,224
247.1,223
247.2,221
247.3,218
247.4,217
247.5,216
247.6,215
247.7,215
247.8,217
247.9,219
248,221
248.1,223
248.2,225
248.3,226
248.4,227
248.5,227
248.6,225
248.7,223
248.8,222
248.9,219
249,217
249.1,215
249.2,215
249.3,214
249.4,215
249.5,217
249.6,219
249.7,221
249.8,223
249.9,225
250,226
250.1,226
250.2,225
250.3,224
250.4,222
250.5,220
250.6,218
250.7,216
250.8,215
250.9,214
251,214
251.1,216
251.2,218
251.3,219
251.4,221
251.5,224
251.6,225
251.7,226
251.8,226
251.9,224
252,223
252.1,221
252.2,219
252.3,216
252.4,215
252.5,215
252.6,214
252.7,215
252.8,216
252.9,218
253,220
253.1,222
253.2,224
253.3,225
253.4,226
253.5,225
253.6,223
253.7,222
253.8,220
253.9,218
254,216
254.1,215
254.2,214
254.3,213
254.4,215
254.5,217
254.6,218
254.7,220
254.8,223
254.9,224
255,225
255.1,226
255.2,225
255.3,223
255.4,221
255.5,219
255.6,217
255.7,215
255.8,214
255.9,213
256,214
256.1,215
256.2,217
256.3,219
256.4,221
256.5,223
256.6,224
256.7,225
256.8,225
256.9,224
257,222
257.1,220
257.2,218
257.3,216
257.4,214
257.5,213
257.6,213
257.7,214
257.8,216
257.9,217
258,219
258.1,222
258.2,223
258.3,224
258.4,225
258.5,224
258.6,223
258.7,221
258.8,219
258.9,217
259,215
259.1,214
259.2,213
259.3,213
259.4,214
259.5,215
259.6,214
259.7,215
259.8,217
259.9,218
260,219
260.1,218
260.2,217
260.3,215
260.4,213
260.5,211
260.6,209
260.7,207
260.8,206
260.9,206
261,206
261.1,207
261.2,209
261.3,211
261.4,213
261.5,215
261.6,216
261.7,217
261.8,217
261.9,215
262,213
262.1,212
262.2,209
262.3,207
262.4,206
262.5,204
262.6,204
262.7,205
262.8,207
262.9,209
263,210
263.1,213
263.2,214
263.3,215
263.4,216
263.5,215
263.6,213
263.7,212
263.8,210
263.9,208
264,206
264.1,204
264.2,203
264.3,204
264.4,205
264.5,207
264.6,209
264.7,211
264.8,213
264.9,215
265,216
265.1,216
265.2,215
265.3,213
265.4,211
265.5,209
265.6,207
265.7,206
265.8,205
265.9,204
266,204
266.1,206
266.2,208
266.3,210
266.4,212
266.5,214
266.6,215
266.7,216
266.8,216
266.9,214
267,213
267.1,211
267.2,209
267.3,207
267.4,205
267.5,205
267.6,204
267.7,206
267.8,207
267.9,209
268,211
268.1,214
268.2,215
268.3,216
268.4,217
268.5,216
268.6,214
268.7,213
268.8,211
268.9,208
269,207
269.1,206
269.2,205
269.3,205
269.4,206
269.5,208
269.6,210
269.7,212
269.8,214
269.9,216
270,217
270.1,217
270.2,215
270.3,214
270.4,212
270.5,210
270.6,208
270.7,206
270.8,205
270.9,204
271,205
271.1,207
271.2,209
271.3,210
271.4,213
271.5,215
271.6,216
271.7,217
271.8,216
271.9,215
272,213
272.1,211
272.2,209
272.3,207
272.4,206
272.5,205
272.6,204
272.7,206
272.8,208
272.9,209
273,211
273.1,213
273.2,215
273.3,216
273.4,217
273.5,215
273.6,213
273.7,212
273.8,210
273.9,208
274,206
274.1,205
274.2,204
274.3,204
274.4,206
274.5,208
274.6,209
274.7,212
274.8,214
274.9,215
275,216
275.1,216
275.2,214
275.3,213
275.4,211
275.5,209
275.6,206
275.7,205
275.8,204
275.9,203
276,204
276.1,205
276.2,206
276.3,208
276.4,211
276.5,213
276.6,214
276.7,215
276.8,215
276.9,213
277,211
277.1,209
277.2,207
277.3,205
277.4,203
277.5,202
277.6,202
277.7,204
277.8,205
277.9,205
278,205
278.1,206
278.2,209
278.3,220
278.4,237
278.5,2
278.6,24
278.7,46
278.8,68
278.9,89
279,111
279.1,131
279.2,151
279.3,170
279.4,188
279.5,207
279.6,224
279.7,241
279.8,2
279.9,19
280,35
280.1,51
280.2,67
280.3,82
280.4,97
280.5,112
280.6,126
280.7,140
280.8,153
280.9,166
281,178
281.1,186
281.2,189
281.3,191
281.4,191
281.5,191
281.6,191
281.7,191
281.8,191
281.9,192
282,192
282.1,193
282.2,193
282.3,193
282.4,194
282.5,194
282.6,193
282.7,193
282.8,193
282.9,193
283,192
283.1,192
283.2,192
283.3,192
283.4,192
283.5,192
283.6,192
283.7,192
283.8,193
283.9,193
284,194
284.1,194
284.2,194
284.3,194
284.4,193
284.5,193
284.6,193
284.7,193
284.8,192
284.9,192
285,192
285.1,192
285.2,192
285.3,192
285.4,193
285.5,193
285.6,194
285.7,194
285.8,194
285.9,194
286,193
286.1,193
286.2,193
286.3,193
286.4,192
286.5,192
286.6,192
286.7,192
286.8,192
286.9,192
287,192
287.1,193
287.2,193
287.3,194
287.4,194
287.5,194
287.6,193
287.7,193
287.8,193
287.9,193
288,193
288.1,192
288.2,192
288.3,192
288.4,192
288.5,192
288.6,192
288.7,193
288.8,193
288.9,193
289,194
289.1,194
289.2,194
289.3,194
289.4,193
289.5,193
289.6,193
289.7,193
289.8,192
289.9,192
290,192
290.1,192
290.2,192
290.3,192
290.4,193
290.5,193
290.6,194
290.7,194
290.8,194
290.9,194
291,194
291.1,193
291.2,193
291.3,193
291.4,192
291.5,192
291.6,192
291.7,192
291.8,192
291.9,192
292,193
292.1,193
292.2,193
292.3,194
292.4,194
292.5,194
292.6,194
292.7,194
292.8,193
292.9,193
293,193
293.1,192
293.2,192
293.3,192
293.4,192
293.5,192
293.6,192
293.7,193
293.8,193
293.9,193
294,194
294.1,194
294.2,194
294.3,194
294.4,193
294.5,193
294.6,193
294.7,193
294.8,192
294.9,192
295,192
295.1,192
295.2,192
295.3,193
295.4,193
295.5,193
295.6,194
295.7,194
295.8,194
295.9,194
296,193
296.1,193
296.2,193
296.3,193
296.4,193
296.5,192
296.6,192
296.7,192
296.8,192
296.9,192
297,193
297.1,193
297.2,193
297.3,194
297.4,194
297.5,194
297.6,194
297.7,193
297.8,193
297.9,193
298,193
298.1,192
298.2,192
298.3,192
298.4,192
298.5,192
298.6,193
298.7,193
298.8,193
298.9,194
299,194
299.1,194
299.2,194
299.3,194
299.4,194
299.5,193
299.6,193
299.7,193
299.8,192
299.9,192
300,192
300.1,192
300.2,192
300.3,193
300.4,193
300.5,193
300.6,194
300.7,194
300.8,194
300.9,194
301,194
301.1,194
301.2,193
301.3,193
301.4,192
301.5,192
301.6,192
301.7,192
301.8,192
301.9,192
302,192
302.1,193
302.2,193
302.3,194
302.4,194
302.5,194
302.6,194
302.7,193
302.8,193
302.9,193
303,193
303.1,192
303.2,192
303.3,192
303.4,192
303.5,192
303.6,192
303.7,193
303.8,193
303.9,193
304,194
304.1,194
304.2,194
304.3,194
304.4,193
304.5,193
304.6,193
304.7,192
304.8,192
304.9,192
305,192
305.1,192
305.2,192
305.3,192
305.4,193
305.5,193
305.6,194
305.7,194
305.8,194
305.9,194
306,193
306.1,193
306.2,193
306.3,193
306.4,192
306.5,192
306.6,192
306.7,192
306.8,192
306.9,192
307,193
307.1,193
307.2,193
307.3,194
307.4,194
307.5,194
307.6,194
307.7,194
307.8,194
307.9,193
308,193
308.1,192
308.2,192
308.3,192
308.4,192
308.5,192
308.6,192
308.7,193
308.8,193
308.9,194
309,194
309.1,194
309.2,194
309.3,193
309.4,192
309.5,190
309.6,187
309.7,184
309.8,181
309.9,178
310,175
310.1,172
310.2,170
310.3,167
310.4,165
310.5,162
310.6,160
310.7,157
310.8,155
310.9,152
311,149
311.1,146
311.2,143
311.3,140
311.4,137
311.5,134
311.6,131
311.7,129
311.8,126
311.9,124
312,122
312.1,119
312.2,117
312.3,115
312.4,112
312.5,110
312.6,107
312.7,104
312.8,101
312.9,99
313,96
313.1,93
313.2,90
313.3,87
313.4,85
313.5,83
313.6,81
313.7,79
313.8,77
313.9,75
314,73
314.1,70
314.2,68
314.3,65
314.4,62
314.5,60
314.6,57
314.7,54
314.8,52
314.9,50
315,47
315.1,45
315.2,43
315.3,41
315.4,39
315.5,37
315.6,35
315.7,33
315.8,31
315.9,29
316,26
316.1,24
316.2,21
316.3,19
316.4,16
316.5,14
316.6,12
316.7,10
316.8,8
316.9,6
317,4
317.1,2
317.2,0
317.3,254
317.4,252
317.5,250
317.6,248
317.7,246
317.8,243
317.9,241
318,238
318.1,236
318.2,234
318.3,232
318.4,230
318.5,228
318.6,226
318.7,225
318.8,223
318.9,221
319,220
319.1,218
319.2,215
319.3,213
319.4,211
319.5,208
319.6,206
319.7,204
319.8,202
319.9,199
320,197
320.1,195
320.2,194
320.3,192
320.4,191
320.5,189
320.6,187
320.7,186
320.8,184
320.9,182
321,180
321.1,177
321.2,175
321.3,173
321.4,171
321.5,168
321.6,166
321.7,165
321.8,163
321.9,161
322,160
322.1,158
322.2,157
322.3,155
322.4,153
322.5,151
322.6,149
322.7,147
322.8,145
322.9,143
323,141
323.1,139
323.2,137
323.3,135
323.4,134
323.5,131
323.6,129
323.7,127
323.8,125
323.9,123
324,121
324.1,120
324.2,117
324.3,115
324.4,113
324.5,111
324.6,109
324.7,107
324.8,104
324.9,102
325,100
325.1,99
325.2,97
325.3,96
325.4,94
325.5,93
325.6,91
325.7,89
325.8,87
325.9,85
326,83
326.1,81
326.2,79
326.3,77
326.4,75
326.5,73
326.6,71
326.7,70
326.8,68
326.9,67
327,65
327.1,64
327.2,63
327.3,61
327.4,60
327.5,58
327.6,56
327.7,54
327.8,52
327.9,50
328,48
328.1,46
328.2,44
328.3,42
328.4,41
328.5,40
328.6,38
328.7,37
328.8,36
328.9,35
329,33
329.1,32
329.2,30
329.3,28
329.4,26
329.5,24
329.6,22
329.7,20
329.8,18
329.9,17
330,15
330.1,14
330.2,13
330.3,12
330.4,10
330.5,9
330.6,8
330.7,7
330.8,5
330.9,3
331,2
331.1,0
331.2,254
331.3,252
331.4,250
331.5,249
331.6,247
331.7,246
331.8,244
331.9,243
332,242
332.1,241
332.2,240
332.3,239
332.4,237
332.5,236
332.6,234
332.7,233
332.8,231
332.9,229
333,228
333.1,226
333.2,224
333.3,223
333.4,221
333.5,220
333.6,219
333.7,219
333.8,217
333.9,216
334,215
334.1,214
334.2,212
334.3,211
334.4,209
334.5,208
334.6,206
334.7,204
334.8,203
334.9,201
335,200
335.1,198
335.2,197
335.3,197
335.4,196
335.5,194
335.6,197
335.7,200
335.8,199
335.9,199
336,202
336.1,205
336.2,206
336.3,208
336.4,210
336.5,211
336.6,212
336.7,212
336.8,210
336.9,208
337,207
337.1,205
337.2,203
337.3,202
337.4,201
337.5,201
337.6,202
337.7,204
337.8,205
337.9,207
338,208
338.1,209
338.2,210
338.3,210
338.4,209
338.5,207
338.6,205
338.7,203
338.8,201
338.9,199
339,198
339.1,197
339.2,198
339.3,199
339.4,201
339.5,203
339.6,205
339.7,207
339.8,208
339.9,208
340,209
340.1,207
340.2,205
340.3,204
340.4,202
340.5,199
340.6,197
340.7,196
340.8,196
340.9,197
341,199
341.1,201
341.2,203
341.3,205
341.4,207
341.5,207
341.6,208
341.7,208
341.8,206
341.9,204
342,203
342.1,201
342.2,198
342.3,197
342.4,196
342.5,196
342.6,198
342.7,200
342.8,201
342.9,203
343,205
343.1,207
343.2,207
343.3,208
343.4,207
343.5,205
343.6,203
343.7,202
343.8,200
343.9,197
344,196
344.1,196
344.2,197
344.3,198
344.4,200
344.5,202
344.6,204
344.7,206
344.8,207
344.9,208
345,208
345.1,206
345.2,204
345.3,203
345.4,201
345.5,198
345.6,197
345.7,196
345.8,196
345.9,197
346,199
346.1,201
346.2,203
346.3,205
346.4,206
346.5,207
346.6,208
346.7,207
346.8,205
346.9,203
347,202
347.1,200
347.2,197
347.3,196
347.4,196
347.5,196
347.6,198
347.7,200
347.8,201
347.9,204
348,205
348.1,207
348.2,207
348.3,208
348.4,206
348.5,204
348.6,203
348.7,201
348.8,199
348.9,197
349,196
349.1,196
349.2,197
349.3,198
349.4,200
349.5,202
349.6,204
349.7,206
349.8,207
349.9,207
350,207
350.1,205
350.2,203
350.3,202
350.4,200
350.5,197
350.6,196
350.7,195
350.8,195
350.9,196
351,198
351.1,199
351.2,201
351.3,203
351.4,204
351.5,205
351.6,206
351.7,205
351.8,203
351.9,201
352,200
352.1,197
352.2,195
352.3,194
352.4,193
352.5,194
352.6,195
352.7,197
352.8,199
352.9,201
353,203
353.1,204
353.2,205
353.3,205
353.4,203
353.5,201
353.6,200
353.7,198
353.8,195
353.9,194
354,193
354.1,193
354.2,194
354.3,195
354.4,197
354.5,199
354.6,201
354.7,203
354.8,203
354.9,204
355,204
355.1,202
355.2,200
355.3,199
355.4,197
355.5,194
355.6,193
355.7,192
355.8,192
355.9,194
356,195
356.1,197
356.2,199
356.3,201
356.4,202
356.5,203
356.6,204
356.7,203
356.8,201
356.9,199
357,197
357.1,195
357.2,193
357.3,192
357.4,191
357.5,192
357.6,193
357.7,195
357.8,197
357.9,199
358,201
358.1,202
358.2,203
358.3,203
358.4,201
358.5,199
358.6,198
358.7,196
358.8,194
358.9,192
359,191
359.1,191
359.2,192
359.3,194
359.4,195
359.5,197
359.6,199
359.7,201
359.8,202
359.9,203
360,202
360.1,200
360.2,198
360.3,197
360.4,195
360.5,193
360.6,191
360.7,191
360.8,191
360.9,192
361,194
361.1,196
361.2,198
361.3,200
361.4,202
361.5,202
361.6,203
361.7,202
361.8,200
361.9,198
362,197
362.1,194
362.2,192
362.3,191
362.4,191
362.5,191
362.6,193
362.7,195
362.8,197
362.9,199
363,201
363.1,202
363.2,202
363.3,202
363.4,201
363.5,199
363.6,198
363.7,196
363.8,193
363.9,191
364,191
364.1,191
364.2,192
364.3,194
364.4,195
364.5,197
364.6,199
364.7,201
364.8,201
364.9,202
365,201
365.1,199
365.2,198
365.3,196
365.4,194
365.5,191
365.6,190
365.7,190
365.8,190
365.9,191
366,193
366.1,195
366.2,197
366.3,199
366.4,200
366.5,201
366.6,201
366.7,200
366.8,198
366.9,197
367,195
367.1,193
367.2,191
367.3,190
367.4,189
367.5,190
367.6,191
367.7,193
367.8,195
367.9,197
368,199
368.1,200
368.2,201
368.3,201
368.4,199
368.5,197
368.6,196
368.7,194
368.8,191
368.9,190
369,189
369.1,189
369.2,190
369.3,192
369.4,193
369.5,196
369.6,198
369.7,199
369.8,200
369.9,201
370,200
370.1,198
370.2,196
370.3,194
370.4,192
370.5,190
370.6,189
370.7,188
370.8,189
370.9,190
371,192
371.1,194
371.2,196
371.3,198
371.4,199
371.5,200
371.6,200
371.7,199
371.8,197
371.9,195
372,193
372.1,191
372.2,189
372.3,189
372.4,188
372.5,189
372.6,191
372.7,192
372.8,194
372.9,196
373,198
373.1,199
373.2,200
373.3,199
373.4,198
373.5,196
373.6,194
373.7,192
373.8,190
373.9,189
374,188
374.1,188
374.2,189
374.3,191
374.4,192
374.5,194
374.6,197
374.7,198
374.8,199
374.9,199
375,198
375.1,196
375.2,195
375.3,193
375.4,191
375.5,189
375.6,188
375.7,187
375.8,188
375.9,190
376,191
376.1,193
376.2,195
376.3,197
376.4,198
376.5,199
376.6,199
376.7,197
376.8,195
376.9,194
377,192
377.1,190
377.2,188
377.3,187
377.4,187
377.5,188
377.6,190
377.7,191
377.8,193
377.9,195
378,197
378.1,198
378.2,199
378.3,198
378.4,196
378.5,195
378.6,193
378.7,191
378.8,189
378.9,188
379,187
379.1,187
379.2,188
379.3,190
379.4,191
379.5,194
379.6,196
379.7,197
379.8,198
379.9,198
380,197
380.1,195
380.2,194
380.3,192
380.4,190
380.5,188
380.6,187
380.7,186
380.8,187
380.9,189
381,190
381.1,192
381.2,194
381.3,196
381.4,197
381.5,198
381.6,198
381.7,196
381.8,194
381.9,193
382,191
382.1,188
382.2,187
382.3,186
382.4,186
382.5,187
382.6,189
382.7,191
382.8,193
382.9,195
383,196
383.1,197
383.2,198
383.3,197
383.4,195
383.5,194
383.6,192
383.7,190
383.8,188
383.9,187
384,186
384.1,186
384.2,187
384.3,189
384.4,191
384.5,193
384.6,195
384.7,196
384.8,197
384.9,198
385,196
385.1,195
385.2,193
385.3,191
385.4,189
385.5,187
385.6,186
385.7,186
385.8,187
385.9,188
386,190
386.1,191
386.2,194
386.3,196
386.4,196
386.5,197
386.6,197
386.7,195
386.8,193
386.9,192
387,190
387.1,187
387.2,186
387.3,185
387.4,185
387.5,186
387.6,188
387.7,190
387.8,192
387.9,194
388,196
388.1,197
388.2,197
388.3,196
388.4,194
388.5,193
388.6,191
388.7,189
388.8,187
388.9,186
389,185
389.1,185
389.2,187
389.3,189
389.4,190
389.5,192
389.6,195
389.7,196
389.8,197
389.9,197
390,195
390.1,193
390.2,192
390.3,190
390.4,187
390.5,186
390.6,185
390.7,184
390.8,185
390.9,187
391,189
391.1,190
391.2,193
391.3,195
391.4,196
391.5,196
391.6,196
391.7,194
391.8,192
391.9,191
392,189
392.1,186
392.2,185
392.3,184
392.4,184
392.5,186
392.6,187
392.7,189
392.8,191
392.9,193
393,195
393.1,196
393.2,196
393.3,195
393.4,193
393.5,191
393.6,190
393.7,188
393.8,186
393.9,185
394,184
394.1,185
394.2,186
394.3,188
394.4,190
394.5,192
394.6,194
394.7,195
394.8,196
394.9,196
395,194
395.1,193
395.2,191
395.3,189
395.4,187
395.5,185
395.6,184
395.7,184
395.8,185
395.9,187
396,188
396.1,190
396.2,193
396.3,194
396.4,195
396.5,196
396.6,195
396.7,193
396.8,191
396.9,190
397,188
397.1,186
397.2,185
397.3,184
397.4,184
397.5,185
397.6,187
397.7,189
397.8,191
397.9,193
398,194
398.1,195
398.2,195
398.3,194
398.4,192
398.5,191
398.6,189
398.7,187
398.8,185
398.9,184
399,183
399.1,184
399.2,186
399.3,187
399.4,189
399.5,191
399.6,193
399.7,194
399.8,195
399.9,195
400,194
400.1,192
400.2,190
400.3,188
400.4,186
400.5,184
400.6,183
400.7,183
400.8,184
400.9,186
401,188
401.1,190
401.2,192
401.3,194
401.4,194
401.5,195
401.6,194
401.7,192
401.8,191
401.9,189
402,187
402.1,185
402.2,184
402.3,183
402.4,183
402.5,185
402.6,187
402.7,188
402.8,190
402.9,192
403,194
403.1,195
403.2,195
403.3,194
403.4,192
403.5,190
403.6,188
403.7,186
403.8,184
403.9,183
404,183
404.1,184
404.2,185
404.3,187
404.4,189
404.5,191
404.6,193
404.7,194
404.8,195
404.9,194
405,193
405.1,191
405.2,190
405.3,187
405.4,185
405.5,184
405.6,183
405.7,183
405.8,184
405.9,186
406,187
406.1,189
406.2,192
406.3,193
406.4,194
406.5,195
406.6,194
406.7,192
406.8,190
406.9,189
407,186
407.1,184
407.2,183
407.3,183
407.4,183
407.5,184
407.6,186
407.7,188
407.8,190
407.9,192
408,193
408.1,194
408.2,194
408.3,193
408.4,191
408.5,190
408.6,188
408.7,185
408.8,184
408.9,183
409,182
409.1,183
409.2,185
409.3,187
409.4,188
409.5,191
409.6,192
409.7,193
409.8,194
409.9,194
410,192
410.1,190
410.2,189
410.3,187
410.4,184
410.5,183
410.6,182
410.7,182
410.8,184
410.9,185
411,187
411.1,189
411.2,191
411.3,193
411.4,194
411.5,194
411.6,193
411.7,191
411.8,190
411.9,188
412,186
412.1,184
412.2,183
412.3,182
412.4,182
412.5,184
412.6,186
412.7,188
412.8,190
412.9,192
413,193
413.1,194
413.2,194
413.3,192
413.4,190
413.5,189
413.6,187
413.7,185
413.8,183
413.9,182
414,182
414.1,183
414.2,185
414.3,186
414.4,188
414.5,190
414.6,192
414.7,193
414.8,194
414.9,193
415,191
415.1,190
415.2,188
415.3,186
415.4,184
415.5,183
415.6,182
415.7,182
415.8,183
415.9,185
416,187
416.1,189
416.2,191
416.3,192
416.4,193
416.5,194
416.6,192
416.7,191
416.8,189
416.9,187
417,185
417.1,183
417.2,182
417.3,181
417.4,182
417.5,184
417.6,186
417.7,187
417.8,190
417.9,191
418,192
418.1,193
418.2,193
418.3,191
418.4,190
418.5,188
418.6,186
418.7,184
418.8,183
418.9,182
419,181
419.1,183
419.2,184
419.3,186
419.4,188
419.5,190
419.6,192
419.7,193
419.8,193
419.9,193
420,191
420.1,189
420.2,188
420.3,185
420.4,183
420.5,182
420.6,181
420.7,182
420.8,183
420.9,185
421,187
421.1,189
421.2,191
421.3,192
421.4,193
421.5,193
421.6,192
421.7,190
421.8,189
421.9,187
422,184
422.1,183
422.2,182
422.3,181
422.4,182
422.5,184
422.6,185
422.7,187
422.8,189
422.9,191
423,192
423.1,193
423.2,193
423.3,191
423.4,190
423.5,188
423.6,186
423.7,184
423.8,182
423.9,181
424,181
424.1,182
424.2,184
424.3,186
424.4,188
424.5,191
424.6,192
424.7,193
424.8,193
424.9,192
425,191
425.1,189
425.2,187
425.3,185
425.4,183
425.5,182
425.6,181
425.7,181
425.8,183
425.9,185
426,186
426.1,189
426.2,191
426.3,192
426.4,193
426.5,193
426.6,191
426.7,190
426.8,189
426.9,187
427,184
427.1,183
427.2,182
427.3,181
427.4,183
427.5,184
427.6,186
427.7,187
427.8,190
427.9,191
428,192
428.1,193
428.2,193
428.3,191
428.4,189
428.5,188
428.6,185
428.7,183
428.8,182
428.9,181
429,181
429.1,182
429.2,184
429.3,186
429.4,188
429.5,190
429.6,192
429.7,193
429.8,193
429.9,192
430,190
430.1,188
430.2,187
430.3,184
430.4,183
430.5,182
430.6,181
430.7,181
430.8,183
430.9,185
431,186
431.1,189
431.2,191
431.3,192
431.4,193
431.5,193
431.6,191
431.7,189
431.8,188
431.9,186
432,183
432.1,182
432.2,181
432.3,180
432.4,182
432.5,184
432.6,185
432.7,187
432.8,189
432.9,191
433,192
433.1,193
433.2,192
433.3,190
433.4,189
433.5,187
433.6,185
433.7,183
433.8,182
433.9,181
434,181
434.1,182
434.2,184
434.3,186
434.4,188
434.5,190
434.6,191
434.7,192
434.8,192
434.9,191
435,190
435.1,188
435.2,186
435.3,184
435.4,182
435.5,181
435.6,180
435.7,181
435.8,183
435.9,185
436,186
436.1,189
436.2,191
436.3,191
436.4,192
436.5,192
436.6,191
436.7,189
436.8,187
436.9,185
437,183
437.1,181
437.2,181
437.3,181
437.4,182
437.5,183
437.6,185
437.7,187
437.8,189
437.9,191
438,192
438.1,192
438.2,191
438.3,190
438.4,188
438.5,187
438.6,184
438.7,182
438.8,181
438.9,180
439,181
439.1,182
439.2,184
439.3,185
439.4,188
439.5,190
439.6,191
439.7,192
439.8,192
439.9,191
440,189
440.1,188
440.2,186
440.3,183
440.4,182
440.5,181
440.6,180
440.7,181
440.8,183
440.9,184
441,186
441.1,189
441.2,191
441.3,191
441.4,192
441.5,192
441.6,190
441.7,188
441.8,187
441.9,185
442,183
442.1,181
442.2,180
442.3,180
442.4,181
442.5,183
442.6,185
442.7,187
442.8,189
442.9,191
443,192
443.1,192
443.2,191
443.3,189
443.4,188
443.5,186
443.6,184
443.7,182
443.8,181
443.9,180
444,180
444.1,182
444.2,184
444.3,185
444.4,187
444.5,190
444.6,191
444.7,192
444.8,192
444.9,190
445,188
445.1,187
445.2,185
445.3,183
445.4,181
445.5,180
445.6,180
445.7,181
445.8,182
445.9,184
446,186
446.1,188
446.2,190
446.3,191
446.4,191
446.5,191
446.6,189
446.7,188
446.8,186
446.9,184
447,182
447.1,181
447.2,180
447.3,180
447.4,181
447.5,183
447.6,184
447.7,186
447.8,189
447.9,190
448,191
448.1,191
448.2,190
448.3,189
448.4,187
448.5,185
448.6,183
448.7,181
448.8,180
448.9,179
449,180
449.1,181
449.2,183
449.3,185
449.4,187
449.5,189
449.6,190
449.7,191
449.8,191
449.9,190
450,188
450.1,186
450.2,184
450.3,182
450.4,181
450.5,180
450.6,179
450.7,180
450.8,182
450.9,184
451,186
451.1,188
451.2,190
451.3,191
451.4,191
451.5,191
451.6,189
451.7,187
451.8,186
451.9,183
452,181
452.1,180
452.2,179
452.3,180
452.4,181
452.5,183
452.6,184
452.7,186
452.8,189
452.9,190
453,191
453.1,191
453.2,190
453.3,188
453.4,187
453.5,185
453.6,183
453.7,181
453.8,180
453.9,179
454,180
454.1,181
454.2,183
454.3,185
454.4,187
454.5,189
454.6,190
454.7,191
454.8,191
454.9,189
455,187
455.1,186
455.2,184
455.3,182
455.4,180
455.5,180
455.6,179
455.7,180
455.8,182
455.9,184
456,186
456.1,188
456.2,190
456.3,190
456.4,191
456.5,190
456.6,188
456.7,187
456.8,185
456.9,183
457,181
457.1,180
457.2,179
457.3,179
457.4,181
457.5,183
457.6,184
457.7,186
457.8,189
457.9,190
458,191
458.1,191
458.2,190
458.3,188
458.4,186
458.5,185
458.6,183
458.7,181
458.8,179
458.9,179
459,180
459.1,181
459.2,183
459.3,185
459.4,187
459.5,189
459.6,190
459.7,191
459.8,191
459.9,189
460,187
460.1,186
460.2,184
460.3,182
460.4,181
460.5,180
460.6,179
460.7,180
460.8,182
460.9,184
461,186
461.1,188
461.2,190
461.3,191
461.4,191
461.5,190
461.6,189
461.7,187
461.8,186
461.9,183
462,181
462.1,180
462.2,179
462.3,180
462.4,181
462.5,183
462.6,184
462.7,187
462.8,189
462.9,190
463,191
463.1,191
463.2,190
463.3,188
463.4,187
463.5,185
463.6,182
463.7,181
463.8,180
463.9,179
464,180
464.1,182
464.2,184
464.3,186
464.4,188
464.5,190
464.6,191
464.7,191
464.8,191
464.9,189
465,187
465.1,186
465.2,184
465.3,182
465.4,180
465.5,180
465.6,180
465.7,181
465.8,183
465.9,184
466,186
466.1,189
466.2,190
466.3,191
466.4,191
466.5,190
466.6,188
466.7,187
466.8,185
466.9,183
467,181
467.1,180
467.2,179
467.3,180
467.4,181
467.5,183
467.6,185
467.7,187
467.8,189
467.9,190
468,191
468.1,191
468.2,190
468.3,188
468.4,186
468.5,184
468.6,182
468.7,180
468.8,179
468.9,179
469,180
469.1,182
469.2,184
469.3,185
469.4,188
469.5,190
469.6,190
469.7,191
469.8,191
469.9,189
470,187
470.1,186
470.2,183
470.3,181
470.4,180
470.5,179
470.6,179
470.7,181
470.8,183
470.9,184
471,186
471.1,188
471.2,190
471.3,191
471.4,191
471.5,190
471.6,188
471.7,186
471.8,185
471.9,182
472,181
472.1,179
472.2,179
472.3,179
472.4,181
472.5,183
472.6,184
472.7,187
472.8,189
472.9,190
473,191
473.1,191
473.2,189
473.3,187
473.4,186
473.5,183
473.6,181
473.7,180
473.8,179
473.9,179
474,180
474.1,182
474.2,183
474.3,185
474.4,187
474.5,189
474.6,190
474.7,191
474.8,190
474.9,188
475,186
475.1,185
475.2,183
475.3,181
475.4,179
475.5,178
475.6,179
475.7,180
475.8,182
475.9,184
476,186
476.1,188
476.2,189
476.3,190
476.4,190
476.5,189
476.6,187
476.7,186
476.8,184
476.9,182
477,180
477.1,179
477.2,178
477.3,179
477.4,181
477.5,182
477.6,184
477.7,186
477.8,188
477.9,189
478,190
478.1,190
478.2,188
478.3,186
478.4,185
478.5,183
478.6,181
478.7,179
478.8,178
478.9,178
479,179
479.1,181
479.2,183
479.3,184
479.4,187
479.5,188
479.6,189
479.7,190
479.8,189
479.9,187
480,185
480.1,184
480.2,181
480.3,180
480.4,179
480.5,178
480.6,178
480.7,180
480.8,182
480.9,183
481,186
481.1,188
481.2,189
481.3,190
481.4,190
481.5,188
481.6,187
481.7,185
481.8,183
481.9,181
482,179
482.1,178
482.2,178
482.3,179
482.4,180
482.5,182
482.6,184
482.7,186
482.8,188
482.9,189
483,190
483.1,190
483.2,188
483.3,186
483.4,185
483.5,182
483.6,180
483.7,179
483.8,178
483.9,178
484,179
484.1,181
484.2,183
484.3,185
484.4,187
484.5,188
484.6,189
484.7,190
484.8,189
484.9,187
485,185
485.1,183
485.2,181
485.3,179
485.4,178
485.5,178
485.6,178
485.7,180
485.8,181
485.9,183
486,185
486.1,187
486.2,188
486.3,189
486.4,189
486.5,188
486.6,186
486.7,185
486.8,183
486.9,180
487,179
487.1,178
487.2,177
487.3,178
487.4,180
487.5,182
487.6,184
487.7,186
487.8,188
487.9,189
488,189
488.1,189
488.2,187
488.3,185
488.4,184
488.5,182
488.6,180
488.7,178
488.8,177
488.9,177
489,179
489.1,181
489.2,182
489.3,185
489.4,187
489.5,188
489.6,189
489.7,189
489.8,188
489.9,186
490,185
490.1,183
490.2,181
490.3,179
490.4,178
490.5,177
490.6,178
490.7,179
490.8,181
490.9,183
491,185
491.1,187
491.2,188
491.3,189
491.4,189
491.5,187
491.6,185
491.7,184
491.8,182
491.9,180
492,178
492.1,178
492.2,177
492.3,178
492.4,180
492.5,182
492.6,184
492.7,186
492.8,188
492.9,189
493,189
493.1,188
493.2,187
493.3,185
493.4,183
493.5,181
493.6,179
493.7,178
493.8,177
493.9,177
494,179
494.1,181
494.2,182
494.3,185
494.4,187
494.5,188
494.6,189
494.7,189
494.8,188
494.9,186
495,185
495.1,182
495.2,180
495.3,179
495.4,178
495.5,177
495.6,178
495.7,180
495.8,181
495.9,183
496,185
496.1,187
496.2,188
496.3,189
496.4,189
496.5,187
496.6,185
496.7,184
496.8,182
496.9,180
497,178
497.1,177
497.2,177
497.3,179
497.4,180
497.5,182
497.6,184
497.7,186
497.8,188
497.9,189
498,189
498.1,188
498.2,187
498.3,185
498.4,183
498.5,181
498.6,179
498.7,178
498.8,177
498.9,177
499,179
499.1,181
499.2,182
499.3,184
499.4,186
499.5,188
499.6,189
499.7,189
499.8,187
499.9,186
500,184
500.1,182
500.2,180
500.3,178
500.4,177
500.5,177
500.6,178
500.7,179
500.8,181
500.9,183
501,185
501.1,187
501.2,188
501.3,189
501.4,188
501.5,186
501.6,185
501.7,183
501.8,181
501.9,179
502,178
502.1,177
502.2,177
502.3,178
502.4,180
502.5,182
502.6,183
502.7,186
502.8,187
502.9,188
503,189
503.1,187
503.2,186
503.3,184
503.4,182
503.5,180
503.6,178
503.7,177
503.8,176
503.9,177
504,178
504.1,180
504.2,182
504.3,184
504.4,186
504.5,187
504.6,188
504.7,188
504.8,187
504.9,185
505,184
505.1,182
505.2,179
505.3,178
505.4,177
505.5,177
505.6,178
505.7,179
505.8,181
505.9,183
506,185
506.1,187
506.2,188
506.3,189
506.4,188
506.5,186
506.6,185
506.7,183
506.8,181
506.9,179
507,178
507.1,177
507.2,177
507.3,178
507.4,180
507.5,182
507.6,184
507.7,186
507.8,187
507.9,188
508,189
508.1,187
508.2,186
508.3,184
508.4,183
508.5,180
508.6,178
508.7,177
508.8,177
508.9,177
509,179
509.1,181
509.2,182
509.3,184
509.4,186
509.5,188
509.6,188
509.7,188
509.8,187
509.9,185
510,183
510.1,181
510.2,179
510.3,178
510.4,177
510.5,176
510.6,178
510.7,179
510.8,181
510.9,183
511,186
511.1,187
511.2,188
511.3,188
511.4,188
511.5,186
511.6,185
511.7,183
511.8,180
511.9,178
512,177
512.1,176
512.2,176
512.3,178
512.4,180
512.5,182
512.6,185
512.7,189
512.8,202
512.9,213
513,220
513.1,234
513.2,3
513.3,32
513.4,65
513.5,99
513.6,132
513.7,165
513.8,196
513.9,227
514,1
514.1,30
514.2,58
514.3,85
514.4,112
514.5,138
514.6,163
514.7,178
514.8,186
514.9,189
515,191
515.1,192
515.2,193
515.3,193
515.4,193
515.5,193
515.6,193
515.7,193
515.8,193
515.9,192
516,192
516.1,192
516.2,192
516.3,192
516.4,192
516.5,192
516.6,192
516.7,193
516.8,193
516.9,193
517,194
517.1,194
517.2,193
517.3,193
517.4,193
517.5,193
517.6,193
517.7,192
517.8,192
517.9,191
518,192
518.1,192
518.2,192
518.3,193
518.4,193
518.5,193
518.6,194
518.7,194
518.8,194
518.9,194
519,193
519.1,193
519.2,193
519.3,192
519.4,192
519.5,192
519.6,192
519.7,192
519.8,192
519.9,192
520,193
520.1,193
520.2,193
520.3,194
520.4,194
520.5,194
520.6,194
520.7,193
520.8,193
520.9,193
521,192
521.1,192
521.2,192
521.3,192
521.4,192
521.5,192
521.6,193
521.7,193
521.8,193
521.9,193
522,194
522.1,193
522.2,193
522.3,193
522.4,193
522.5,193
522.6,193
522.7,192
522.8,192
522.9,192
523,192
523.1,192
523.2,192
523.3,193
523.4,193
523.5,194
523.6,194
523.7,194
523.8,194
523.9,194
524,193
524.1,193
524.2,193
524.3,192
524.4,192
524.5,192
524.6,192
524.7,192
524.8,192
524.9,192
525,193
525.1,193
525.2,193
525.3,194
525.4,194
525.5,194
525.6,194
525.7,193
525.8,193
525.9,193
526,193
526.1,192
526.2,192
526.3,192
526.4,192
526.5,192
526.6,192
526.7,193
526.8,193
526.9,193
527,194
527.1,194
527.2,194
527.3,193
527.4,193
527.5,193
527.6,193
527.7,192
527.8,192
527.9,192
528,192
528.1,192
528.2,193
528.3,193
528.4,193
528.5,194
528.6,194
528.7,194
528.8,194
528.9,194
529,193
529.1,193
529.2,193
529.3,193
529.4,192
529.5,192
529.6,191
529.7,192
529.8,192
529.9,192
530,193
530.1,193
530.2,194
530.3,194
530.4,194
530.5,194
530.6,193
530.7,193
530.8,193
530.9,192
531,192
531.1,192
531.2,192
531.3,192
531.4,192
531.5,192
531.6,193
531.7,193
531.8,193
531.9,194
532,194
532.1,194
532.2,194
532.3,193
532.4,193
532.5,193
532.6,193
532.7,192
532.8,192
532.9,192
533,192
533.1,192
533.2,192
533.3,193
533.4,193
533.5,194
533.6,194
533.7,194
533.8,194
533.9,193
534,193
534.1,193
534.2,193
534.3,192
534.4,192
534.5,192
534.6,192
534.7,192
534.8,192
534.9,193
535,193
535.1,194
535.2,194
535.3,194
535.4,194
535.5,194
535.6,193
535.7,193
535.8,193
535.9,193
536,192
536.1,192
536.2,192
536.3,192
536.4,192
536.5,192
536.6,193
536.7,193
536.8,193
536.9,194
537,194
537.1,194
537.2,194
537.3,193
537.4,193
537.5,193
537.6,192
537.7,192
537.8,192
537.9,192
538,192
538.1,192
538.2,192
538.3,193
538.4,193
538.5,194
538.6,194
538.7,194
538.8,194
538.9,194
539,193
539.1,193
539.2,193
539.3,192
539.4,192
539.5,192
539.6,192
539.7,192
539.8,192
539.9,193
540,193
540.1,193
540.2,194
540.3,194
540.4,194
540.5,194
540.6,193
540.7,194
540.8,193
540.9,193
541,193
541.1,192
541.2,192
541.3,192
541.4,192
541.5,192
541.6,193
541.7,193
541.8,194
541.9,194
542,194
542.1,194
542.2,194
542.3,193
542.4,193
542.5,193
542.6,193
542.7,192
542.8,192
542.9,192
543,192
543.1,192
543.2,193
543.3,193
543.4,193
543.5,194
543.6,194
543.7,194
543.8,194
543.9,193
544,193
544.1,193
544.2,193
544.3,193
544.4,192
544.5,192
544.6,191
544.7,192
544.8,192
544.9,192
545,193
545.1,193
545.2,194
545.3,194
545.4,194
545.5,194
545.6,193
545.7,193
545.8,193
545.9,192
546,192
546.1,192
546.2,192
546.3,192
546.4,192
546.5,192
546.6,193
546.7,193
546.8,194
546.9,194
547,194
547.1,193
547.2,193
547.3,193
547.4,193
547.5,193
547.6,192
547.7,192
547.8,192
547.9,192
548,192
548.1,192
548.2,192
548.3,193
548.4,193
548.5,194
548.6,194
548.7,194
548.8,194
548.9,193
549,193
549.1,193
549.2,193
549.3,192
549.4,192
549.5,192
549.6,192
549.7,192
549.8,192
549.9,193
550,193
550.1,193
550.2,194
550.3,194
550.4,194
550.5,194
550.6,193
550.7,193
550.8,193
550.9,192
551,192
551.1,192
551.2,192
551.3,192
551.4,192
551.5,193
551.6,193
551.7,193
551.8,193
551.9,194
552,194
552.1,194
552.2,193
552.3,193
552.4,193
552.5,193
552.6,192
552.7,192
552.8,192
552.9,192
553,192
553.1,192
553.2,192
553.3,193
553.4,193
553.5,194
553.6,194
553.7,194
553.8,194
553.9,193
554,193
554.1,193
554.2,193
554.3,192
554.4,192
554.5,192
554.6,192
554.7,192
554.8,192
554.9,193
555,193
555.1,193
555.2,194
555.3,194
555.4,194
555.5,194
555.6,194
555.7,193
555.8,193
555.9,192
556,192
556.1,192
556.2,192
556.3,192
556.4,192
556.5,191
556.6,190
556.7,188
556.8,186
556.9,183
557,180
557.1,177
557.2,174
557.3,171
557.4,167
557.5,164
557.6,161
557.7,157
557.8,154
557.9,151
558,149
558.1,146
558.2,143
558.3,141
558.4,139
558.5,136
558.6,134
558.7,131
558.8,128
558.9,125
559,122
559.1,119
559.2,116
559.3,113
559.4,110
559.5,107
559.6,104
559.7,102
559.8,100
559.9,98
560,95
560.1,93
560.2,91
560.3,88
560.4,85
560.5,83
560.6,80
560.7,77
560.8,74
560.9,71
561,68
561.1,66
561.2,63
561.3,61
561.4,59
561.5,57
561.6,54
561.7,52
561.8,50
561.9,48
562,46
562.1,43
562.2,41
562.3,38
562.4,36
562.5,33
562.6,30
562.7,28
562.8,25
562.9,23
563,21
563.1,19
563.2,17
563.3,15
563.4,13
563.5,11
563.6,9
563.7,7
563.8,4
563.9,2
564,255
564.1,253
564.2,250
564.3,248
564.4,245
564.5,243
564.6,241
564.7,239
564.8,237
564.9,236
565,234
565.1,232
565.2,230
565.3,228
565.4,226
565.5,224
565.6,221
565.7,219
565.8,216
565.9,214
566,212
566.1,209
566.2,207
566.3,205
566.4,204
566.5,202
566.6,200
566.7,199
566.8,197
566.9,195
567,193
567.1,191
567.2,189
567.3,187
567.4,184
567.5,182
567.6,180
567.7,178
567.8,175
567.9,173
568,172
568.1,170
568.2,169
568.3,167
568.4,166
568.5,164
568.6,162
568.7,160
568.8,158
568.9,156
569,154
569.1,152
569.2,149
569.3,147
569.4,145
569.5,143
569.6,141
569.7,140
569.8,139
569.9,137
570,135
570.1,134
570.2,132
570.3,131
570.4,129
570.5,127
570.6,125
570.7,123
570.8,121
570.9,119
571,117
571.1,115
571.2,113
571.3,111
571.4,109
571.5,108
571.6,107
571.7,105
571.8,104
571.9,103
572,101
572.1,99
572.2,97
572.3,95
572.4,93
572.5,91
572.6,89
572.7,87
572.8,85
572.9,84
573,82
573.1,81
573.2,79
573.3,78
573.4,77
573.5,75
573.6,74
573.7,72
573.8,70
573.9,68
574,67
574.1,65
574.2,63
574.3,61
574.4,58
574.5,56
574.6,55
574.7,53
574.8,52
574.9,50
575,49
575.1,47
575.2,46
575.3,44
575.4,42
575.5,40
575.6,38
575.7,36
575.8,34
575.9,32
576,30
576.1,28
576.2,27
576.3,25
576.4,24
576.5,22
576.6,21
576.7,20
576.8,19
576.9,17
577,15
577.1,14
577.2,12
577.3,10
577.4,8
577.5,6
577.6,5
577.7,4
577.8,15
577.9,21
578,23
578.1,23
578.2,23
578.3,22
578.4,20
578.5,19
578.6,17
578.7,15
578.8,13
578.9,11
579,9
579.1,9
579.2,18
579.3,22
579.4,21
579.5,21
579.6,22
579.7,20
579.8,18
579.9,17
580,15
580.1,13
580.2,12
580.3,11
580.4,11
580.5,12
580.6,14
580.7,16
580.8,18
580.9,20
581,21
581.1,22
581.2,22
581.3,21
581.4,19
581.5,18
581.6,16
581.7,13
581.8,12
581.9,11
582,10
582.1,10
582.2,12
582.3,13
582.4,15
582.5,18
582.6,20
582.7,21
582.8,21
582.9,20
583,18
583.1,16
583.2,15
583.3,13
583.4,11
583.5,9
583.6,8
583.7,8
583.8,9
583.9,10
584,12
584.1,13
584.2,16
584.3,17
584.4,17
584.5,18
584.6,17
584.7,15
584.8,13
584.9,11
585,9
585.1,7
585.2,6
585.3,5
585.4,5
585.5,6
585.6,8
585.7,10
585.8,12
585.9,14
586,15
586.1,16
586.2,16
586.3,14
586.4,12
586.5,10
586.6,8
586.7,6
586.8,4
586.9,3
587,3
587.1,3
587.2,4
587.3,6
587.4,8
587.5,10
587.6,12
587.7,13
587.8,13
587.9,13
588,11
588.1,9
588.2,7
588.3,5
588.4,3
588.5,1
588.6,0
588.7,0
588.8,1
588.9,3
589,5
589.1,6
589.2,8
589.3,10
589.4,10
589.5,11
589.6,10
589.7,8
589.8,6
589.9,4
590,2
590.1,0
590.2,254
590.3,253
590.4,254
590.5,0
590.6,1
590.7,2
590.8,5
590.9,7
591,8
591.1,9
591.2,9
591.3,6
591.4,5
591.5,4
591.6,2
591.7,255
591.8,253
591.9,252
592,251
592.1,252
592.2,254
592.3,0
592.4,2
592.5,4
592.6,6
592.7,7
592.8,7
592.9,6
593,4
593.1,2
593.2,1
593.3,254
593.4,252
593.5,251
593.6,250
593.7,250
593.8,252
593.9,254
594,0
594.1,2
594.2,4
594.3,5
594.4,6
594.5,6
594.6,5
594.7,4
594.8,2
594.9,0
595,253
595.1,252
595.2,251
595.3,251
595.4,251
595.5,253
595.6,255
595.7,1
595.8,3
595.9,5
596,7
596.1,7
596.2,7
596.3,5
596.4,4
596.5,2
596.6,0
596.7,254
596.8,253
596.9,252
597,251
597.1,253
597.2,254
597.3,0
597.4,2
597.5,5
597.6,6
597.7,7
597.8,8
597.9,7
598,5
598.1,3
598.2,1
598.3,255
598.4,253
598.5,252
598.6,251
598.7,251
598.8,253
598.9,255
599,1
599.1,3
599.2,5
599.3,6
599.4,7
599.5,7
599.6,5
599.7,4
599.8,2
599.9,0
600,253
600.1,252
600.2,252
600.3,251
600.4,251
600.5,253
600.6,254
600.7,0
600.8,2
600.9,5
601,6
601.1,6
601.2,6
601.3,4
601.4,2
601.5,0
601.6,254
601.7,251
601.8,250
601.9,249
602,249
602.1,250
602.2,251
602.3,253
602.4,255
602.5,2
602.6,3
602.7,4
602.8,5
602.9,4
603,2
603.1,0
603.2,254
603.3,251
603.4,249
603.5,248
603.6,247
603.7,247
603.8,249
603.9,251
604,253
604.1,255
604.2,1
604.3,2
604.4,3
604.5,3
604.6,1
604.7,0
604.8,254
604.9,251
605,249
605.1,248
605.2,248
605.3,247
605.4,248
605.5,249
605.6,250
605.7,252
605.8,254
605.9,1
606,2
606.1,3
606.2,2
606.3,0
606.4,254
606.5,252
606.6,250
606.7,248
606.8,247
606.9,246
607,246
607.1,247
607.2,249
607.3,250
607.4,252
607.5,254
607.6,0
607.7,1
607.8,1
607.9,0
608,254
608.1,252
608.2,250
608.3,247
608.4,245
608.5,245
608.6,244
608.7,244
608.8,246
608.9,247
609,249
609.1,251
609.2,253
609.3,254
609.4,255
609.5,255
609.6,253
609.7,251
609.8,249
609.9,247
610,245
610.1,244
610.2,243
610.3,242
610.4,243
610.5,245
610.6,247
610.7,248
610.8,250
610.9,252
611,253
611.1,253
611.2,253
611.3,251
611.4,249
611.5,247
611.6,245
611.7,243
611.8,242
611.9,241
612,241
612.1,242
612.2,244
612.3,246
612.4,247
612.5,250
612.6,251
612.7,251
612.8,252
612.9,251
613,249
613.1,247
613.2,245
613.3,242
613.4,240
613.5,239
613.6,238
613.7,239
613.8,240
613.9,242
614,243
614.1,245
614.2,246
614.3,247
614.4,247
614.5,247
614.6,246
614.7,244
614.8,242
614.9,239
615,237
615.1,236
615.2,235
615.3,234
615.4,235
615.5,237
615.6,238
615.7,239
615.8,241
615.9,242
616,243
616.1,243
616.2,242
616.3,240
616.4,239
616.5,237
616.6,235
616.7,233
616.8,232
616.9,231
617,232
617.1,233
617.2,235
617.3,236
617.4,238
617.5,240
617.6,242
617.7,243
617.8,243
617.9,242
618,240
618.1,239
618.2,238
618.3,236
618.4,234
618.5,234
618.6,233
618.7,234
618.8,236
618.9,238
619,239
619.1,242
619.2,244
619.3,245
619.4,245
619.5,245
619.6,243
619.7,242
619.8,241
619.9,239
620,237
620.1,235
620.2,235
620.3,235
620.4,236
620.5,237
620.6,239
620.7,241
620.8,243
620.9,245
621,245
621.1,246
621.2,245
621.3,243
621.4,241
621.5,239
621.6,237
621.7,235
621.8,234
621.9,233
622,233
622.1,234
622.2,236
622.3,237
622.4,239
622.5,241
622.6,242
622.7,243
622.8,243
622.9,241
623,239
623.1,238
623.2,236
623.3,233
623.4,232
623.5,231
623.6,230
623.7,230
623.8,232
623.9,233
624,234
624.1,237
624.2,238
624.3,239
624.4,240
624.5,239
624.6,238
624.7,236
624.8,235
624.9,233
625,230
625.1,229
625.2,228
625.3,228
625.4,229
625.5,231
625.6,233
625.7,235
625.8,237
625.9,239
626,240
626.1,240
626.2,239
626.3,238
626.4,237
626.5,235
626.6,233
626.7,231
626.8,230
626.9,230
627,230
627.1,231
627.2,233
627.3,235
627.4,237
627.5,239
627.6,240
627.7,241
627.8,242
627.9,240
628,239
628.1,237
628.2,235
628.3,233
628.4,232
628.5,231
628.6,230
628.7,231
628.8,233
628.9,235
629,236
629.1,239
629.2,240
629.3,242
629.4,243
629.5,242
629.6,240
629.7,239
629.8,237
629.9,235
630,233
630.1,231
630.2,231
630.3,230
630.4,232
630.5,233
630.6,235
630.7,237
630.8,239
630.9,241
631,241
631.1,242
631.2,240
631.3,239
631.4,238
631.5,236
631.6,233
631.7,232
631.8,231
631.9,229
632,230
632.1,231
632.2,233
632.3,235
632.4,237
632.5,239
632.6,240
632.7,241
632.8,241
632.9,240
633,238
633.1,236
633.2,234
633.3,232
633.4,230
633.5,229
633.6,229
633.7,230
633.8,231
633.9,233
634,235
634.1,237
634.2,239
634.3,240
634.4,241
634.5,240
634.6,238
634.7,237
634.8,235
634.9,233
635,231
635.1,230
635.2,229
635.3,229
635.4,230
635.5,232
635.6,233
635.7,235
635.8,238
635.9,239
636,240
636.1,240
636.2,239
636.3,237
636.4,235
636.5,233
636.6,231
636.7,229
636.8,228
636.9,227
637,228
637.1,229
637.2,231
637.3,232
637.4,234
637.5,236
637.6,237
637.7,237
637.8,237
637.9,235
638,233
638.1,231
638.2,229
638.3,226
638.4,225
638.5,224
638.6,223
638.7,223
638.8,225
638.9,226
639,228
639.1,230
639.2,231
639.3,232
639.4,233
639.5,232
639.6,230
639.7,228
639.8,226
639.9,223
640,222
640.1,221
640.2,220
640.3,220
640.4,221
640.5,223
640.6,225
640.7,227
640.8,229
640.9,230
641,231
641.1,231
641.2,230
641.3,228
641.4,227
641.5,225
641.6,223
641.7,221
641.8,221
641.9,220
642,221
642.1,223
642.2,225
642.3,227
642.4,229
642.5,232
642.6,233
642.7,234
642.8,234
642.9,233
643,231
643.1,230
643.2,228
643.3,226
643.4,225
643.5,224
643.6,224
643.7,225
643.8,227
643.9,229
644,231
644.1,233
644.2,235
644.3,236
644.4,236
644.5,236
644.6,234
644.7,232
644.8,231
644.9,229
645,227
645.1,226
645.2,225
645.3,225
645.4,227
645.5,228
645.6,230
645.7,232
645.8,235
645.9,236
646,237
646.1,237
646.2,235
646.3,233
646.4,231
646.5,229
646.6,228
646.7,226
646.8,225
646.9,225
647,225
647.1,227
647.2,229
647.3,231
647.4,233
647.5,235
647.6,237
647.7,238
647.8,237
647.9,235
648,233
648.1,232
648.2,229
648.3,227
648.4,226
648.5,225
648.6,225
648.7,227
648.8,228
648.9,230
649,232
649.1,235
649.2,237
649.3,238
649.4,239
649.5,237
649.6,236
649.7,234
649.8,232
649.9,230
650,229
650.1,228
650.2,227
650.3,228
650.4,229
650.5,231
650.6,233
650.7,236
650.8,238
650.9,239
651,240
651.1,240
651.2,238
651.3,237
651.4,235
651.5,233
651.6,231
651.7,229
651.8,228
651.9,228
652,229
652.1,230
652.2,232
652.3,234
652.4,237
652.5,239
652.6,240
652.7,240
652.8,239
652.9,238
653,236
653.1,234
653.2,231
653.3,230
653.4,229
653.5,228
653.6,228
653.7,229
653.8,232
653.9,233
654,235
654.1,237
654.2,238
654.3,240
654.4,240
654.5,239
654.6,237
654.7,235
654.8,233
654.9,230
655,229
655.1,228
655.2,227
655.3,227
655.4,229
655.5,231
655.6,232
655.7,235
655.8,237
655.9,239
656,239
656.1,239
656.2,237
656.3,235
656.4,234
656.5,231
656.6,230
656.7,228
656.8,227
656.9,227
657,228
657.1,230
657.2,232
657.3,234
657.4,236
657.5,238
657.6,239
657.7,240
657.8,239
657.9,237
658,236
658.1,234
658.2,232
658.3,230
658.4,229
658.5,228
658.6,229
658.7,230
658.8,232
658.9,234
659,236
659.1,239
659.2,240
659.3,241
659.4,241
659.5,240
659.6,238
659.7,237
659.8,235
659.9,232
660,231
660.1,230
660.2,229
660.3,230
660.4,232
660.5,233
660.6,235
660.7,238
660.8,240
660.9,241
661,242
661.1,241
661.2,239
661.3,237
661.4,236
661.5,233
661.6,232
661.7,231
661.8,230
661.9,229
662,230
662.1,232
662.2,234
662.3,235
662.4,238
662.5,239
662.6,241
662.7,241
662.8,240
662.9,238
663,237
663.1,235
663.2,232
663.3,231
663.4,230
663.5,229
663.6,229
663.7,231
663.8,233
663.9,234
664,236
664.1,238
664.2,240
664.3,241
664.4,241
664.5,239
664.6,238
664.7,236
664.8,234
664.9,232
665,231
665.1,230
665.2,229
665.3,230
665.4,232
665.5,233
665.6,235
665.7,238
665.8,239
665.9,241
666,241
666.1,241
666.2,239
666.3,238
666.4,236
666.5,234
666.6,231
666.7,230
666.8,229
666.9,229
667,231
667.1,232
667.2,234
667.3,236
667.4,239
667.5,240
667.6,241
667.7,241
667.8,240
667.9,238
668,237
668.1,235
668.2,232
668.3,231
668.4,230
668.5,229
668.6,230
668.7,231
668.8,233
668.9,234
669,236
669.1,239
669.2,240
669.3,241
669.4,240
669.5,239
669.6,237
669.7,236
669.8,233
669.9,231
670,230
670.1,229
670.2,228
670.3,229
670.4,230
670.5,232
670.6,234
670.7,236
670.8,238
670.9,239
671,240
671.1,239
671.2,237
671.3,236
671.4,234
671.5,231
671.6,230
671.7,229
671.8,228
671.9,227
672,229
672.1,231
672.2,232
672.3,234
672.4,237
672.5,238
672.6,239
672.7,239
672.8,238
672.9,236
673,235
673.1,233
673.2,230
673.3,229
673.4,228
673.5,227
673.6,227
673.7,229
673.8,231
673.9,233
674,235
674.1,237
674.2,238
674.3,239
674.4,239
674.5,237
674.6,236
674.7,234
674.8,232
674.9,230
675,229
675.1,228
675.2,227
675.3,228
675.4,230
675.5,232
675.6,234
675.7,236
675.8,238
675.9,239
676,239
676.1,239
676.2,237
676.3,235
676.4,233
676.5,230
676.6,229
676.7,228
676.8,227
676.9,227
677,229
677.1,231
677.2,232
677.3,234
677.4,236
677.5,238
677.6,239
677.7,239
677.8,238
677.9,236
678,234
678.1,232
678.2,230
678.3,228
678.4,227
678.5,226
678.6,227
678.7,229
678.8,231
678.9,232
679,235
679.1,237
679.2,238
679.3,238
679.4,238
679.5,236
679.6,235
679.7,233
679.8,231
679.9,229
680,228
680.1,227
680.2,226
680.3,227
680.4,229
680.5,231
680.6,233
680.7,235
680.8,237
680.9,238
681,238
681.1,237
681.2,236
681.3,234
681.4,233
681.5,230
681.6,228
681.7,227
681.8,226
681.9,227
682,228
682.1,230
682.2,232
682.3,234
682.4,236
682.5,238
682.6,239
682.7,239
682.8,237
682.9,235
683,234
683.1,232
683.2,229
683.3,228
683.4,227
683.5,226
683.6,227
683.7,229
683.8,231
683.9,232
684,235
684.1,237
684.2,238
684.3,239
684.4,238
684.5,236
684.6,235
684.7,233
684.8,230
684.9,228
685,227
685.1,226
685.2,226
685.3,228
685.4,229
685.5,231
685.6,233
685.7,235
685.8,237
685.9,238
686,238
686.1,237
686.2,235
686.3,234
686.4,232
686.5,229
686.6,228
686.7,227
686.8,226
686.9,226
687,228
687.1,229
687.2,231
687.3,233
687.4,235
687.5,237
687.6,238
687.7,238
687.8,236
687.9,234
688,233
688.1,230
688.2,228
688.3,227
688.4,226
688.5,225
688.6,227
688.7,228
688.8,230
688.9,232
689,234
689.1,236
689.2,238
689.3,238
689.4,238
689.5,236
689.6,234
689.7,232
689.8,230
689.9,228
690,227
690.1,226
690.2,226
690.3,228
690.4,230
690.5,231
690.6,233
690.7,236
690.8,237
690.9,238
691,238
691.1,237
691.2,235
691.3,233
691.4,231
691.5,229
691.6,228
691.7,227
691.8,226
691.9,227
692,228
692.1,230
692.2,232
692.3,234
692.4,236
692.5,238
692.6,238
692.7,238
692.8,236
692.9,235
693,233
693.1,231
693.2,229
693.3,227
693.4,226
693.5,225
693.6,226
693.7,228
693.8,230
693.9,232
694,234
694.1,236
694.2,238
694.3,238
694.4,237
694.5,235
694.6,233
694.7,232
694.8,229
694.9,227
695,226
695.1,225
695.2,225
695.3,227
695.4,229
695.5,230
695.6,232
695.7,235
695.8,236
695.9,237
696,237
696.1,236
696.2,234
696.3,233
696.4,231
696.5,228
696.6,227
696.7,226
696.8,225
696.9,226
697,228
697.1,229
697.2,231
697.3,233
697.4,235
697.5,237
697.6,237
697.7,237
697.8,235
697.9,234
698,232
698.1,230
698.2,228
698.3,227
698.4,226
698.5,225
698.6,227
698.7,228
698.8,230
698.9,232
699,234
699.1,236
699.2,237
699.3,237
699.4,236
699.5,235
699.6,233
699.7,231
699.8,229
699.9,227
700,226
700.1,225
700.2,225
700.3,227
700.4,229
700.5,230
700.6,232
700.7,235
700.8,236
700.9,237
701,237
701.1,236
701.2,234
701.3,233
701.4,230
701.5,228
701.6,227
701.7,225
701.8,225
701.9,225
702,227
702.1,229
702.2,231
702.3,233
702.4,235
702.5,236
702.6,237
702.7,237
702.8,235
702.9,233
703,231
703.1,229
703.2,227
703.3,226
703.4,225
703.5,224
703.6,226
703.7,227
703.8,229
703.9,231
704,233
704.1,235
704.2,236
704.3,236
704.4,235
704.5,233
704.6,232
704.7,230
704.8,227
704.9,226
705,225
705.1,224
705.2,224
705.3,226
705.4,228
705.5,230
705.6,232
705.7,234
705.8,235
705.9,236
706,236
706.1,234
706.2,233
706.3,231
706.4,229
706.5,226
706.6,225
706.7,224
706.8,223
706.9,224
707,226
707.1,228
707.2,229
707.3,232
707.4,234
707.5,235
707.6,235
707.7,235
707.8,233
707.9,231
708,229
708.1,227
708.2,225
708.3,223
708.4,222
708.5,222
708.6,223
708.7,225
708.8,227
708.9,229
709,231
709.1,232
709.2,233
709.3,233
709.4,232
709.5,230
709.6,228
709.7,226
709.8,223
709.9,222
710,221
710.1,220
710.2,221
710.3,222
710.4,224
710.5,226
710.6,228
710.7,230
710.8,231
710.9,232
711,231
711.1,230
711.2,228
711.3,227
711.4,225
711.5,223
711.6,221
711.7,220
711.8,220
711.9,221
712,223
712.1,225
712.2,227
712.3,229
712.4,231
712.5,232
712.6,233
712.7,232
712.8,230
712.9,229
713,227
713.1,225
713.2,223
713.3,222
713.4,221
713.5,221
713.6,223
713.7,224
713.8,226
713.9,228
714,230
714.1,232
714.2,233
714.3,233
714.4,232
714.5,230
714.6,228
714.7,226
714.8,224
714.9,223
715,222
715.1,221
715.2,221
715.3,223
715.4,225
715.5,226
715.6,229
715.7,231
715.8,232
715.9,233
716,233
716.1,231
716.2,230
716.3,228
716.4,225
716.5,223
716.6,222
716.7,221
716.8,221
716.9,222
717,223
717.1,225
717.2,227
717.3,229
717.4,231
717.5,232
717.6,232
717.7,232
717.8,230
717.9,228
718,226
718.1,224
718.2,223
718.3,222
718.4,220
718.5,220
718.6,222
718.7,224
718.8,225
718.9,227
719,230
719.1,231
719.2,232
719.3,232
719.4,231
719.5,229
719.6,228
719.7,225
719.8,223
719.9,222
720,221
720.1,220
720.2,221
720.3,223
720.4,225
720.5,227
720.6,229
720.7,231
720.8,232
720.9,233
721,232
721.1,231
721.2,229
721.3,227
721.4,225
721.5,223
721.6,222
721.7,221
721.8,221
721.9,222
722,224
722.1,225
722.2,228
722.3,230
722.4,232
722.5,233
722.6,233
722.7,232
722.8,230
722.9,229
723,227
723.1,224
723.2,223
723.3,222
723.4,221
723.5,221
723.6,223
723.7,225
723.8,226
723.9,229
724,231
724.1,232
724.2,233
724.3,233
724.4,231
724.5,230
724.6,228
724.7,226
724.8,224
724.9,223
725,222
725.1,221
725.2,221
725.3,223
725.4,225
725.5,227
725.6,229
725.7,231
725.8,232
725.9,233
726,232
726.1,231
726.2,229
726.3,228
726.4,225
726.5,223
726.6,222
726.7,221
726.8,221
726.9,223
727,224
727.1,226
727.2,228
727.3,231
727.4,233
727.5,234
727.6,234
727.7,233
727.8,231
727.9,230
728,228
728.1,226
728.2,224
728.3,223
728.4,222
728.5,223
728.6,225
728.7,226
728.8,228
728.9,230
729,233
729.1,234
729.2,235
729.3,234
729.4,233
729.5,231
729.6,230
729.7,227
729.8,225
729.9,224
730,223
730.1,222
730.2,224
730.3,225
730.4,227
730.5,229
730.6,231
730.7,233
730.8,234
730.9,235
731,234
731.1,233
731.2,231
731.3,229
731.4,226
731.5,225
731.6,224
731.7,223
731.8,223
731.9,225
732,226
732.1,228
732.2,230
732.3,232
732.4,234
732.5,235
732.6,235
732.7,233
732.8,232
732.9,230
733,228
733.1,226
733.2,225
733.3,223
733.4,223
733.5,223
733.6,225
733.7,227
733.8,229
733.9,231
734,233
734.1,234
734.2,235
734.3,235
734.4,233
734.5,231
734.6,230
734.7,228
734.8,226
734.9,225
735,223
735.1,223
735.2,224
735.3,226
735.4,228
735.5,230
735.6,232
735.7,234
735.8,235
735.9,236
736,235
736.1,233
736.2,232
736.3,230
736.4,227
736.5,226
736.6,225
736.7,224
736.8,224
736.9,226
737,227
737.1,229
737.2,231
737.3,234
737.4,235
737.5,236
737.6,236
737.7,235
737.8,233
737.9,231
738,229
738.1,227
738.2,226
738.3,225
738.4,224
738.5,225
738.6,226
738.7,228
738.8,230
738.9,232
739,234
739.1,236
739.2,236
739.3,236
739.4,234
739.5,232
739.6,231
739.7,229
739.8,227
739.9,226
740,224
740.1,224
740.2,226
740.3,227
740.4,229
740.5,231
740.6,234
740.7,236
740.8,237
740.9,237
741,236
741.1,234
741.2,232
741.3,230
741.4,228
741.5,226
741.6,225
741.7,225
741.8,225
741.9,227
742,228
742.1,230
742.2,232
742.3,235
742.4,236
742.5,237
742.6,237
742.7,235
742.8,234
742.9,232
743,230
743.1,228
743.2,227
743.3,226
743.4,225
743.5,226
743.6,228
743.7,230
743.8,232
743.9,234
744,236
744.1,237
744.2,238
744.3,237
744.4,236
744.5,234
744.6,232
744.7,230
744.8,228
744.9,227
745,226
745.1,226
745.2,228
745.3,230
745.4,231
745.5,234
745.6,236
745.7,238
745.8,239
745.9,239
746,238
746.1,237
746.2,235
746.3,233
746.4,231
746.5,229
746.6,228
746.7,228
746.8,228
746.9,230
747,232
747.1,233
747.2,236
747.3,238
747.4,239
747.5,241
747.6,240
747.7,238
747.8,237
747.9,235
748,233
748.1,231
748.2,230
748.3,229
748.4,229
748.5,230
748.6,232
748.7,234
748.8,236
748.9,238
749,240
749.1,241
749.2,242
749.3,241
749.4,239
749.5,237
749.6,235
749.7,233
749.8,231
749.9,231
750,230
750.1,229
750.2,231
750.3,233
750.4,234
750.5,237
750.6,239
750.7,241
750.8,242
750.9,242
751,241
751.1,239
751.2,237
751.3,235
751.4,233
751.5,232
751.6,231
751.7,230
751.8,230
751.9,232
752,234
752.1,236
752.2,238
752.3,241
752.4,242
752.5,243
752.6,242
752.7,240
752.8,239
752.9,237
753,235
753.1,233
753.2,232
753.3,231
753.4,230
753.5,232
753.6,233
753.7,235
753.8,237
753.9,239
754,242
754.1,243
754.2,243
754.3,242
754.4,240
754.5,239
754.6,237
754.7,234
754.8,233
754.9,232
755,231
755.1,231
755.2,232
755.3,234
755.4,236
755.5,238
755.6,241
755.7,242
755.8,243
755.9,243
756,241
756.1,240
756.2,238
756.3,236
756.4,234
756.5,233
756.6,232
756.7,231
756.8,232
756.9,233
757,235
757.1,237
757.2,240
757.3,242
757.4,243
757.5,243
757.6,243
757.7,241
757.8,239
757.9,238
758,235
758.1,234
758.2,233
758.3,232
758.4,231
758.5,232
758.6,234
758.7,236
758.8,238
758.9,241
759,242
759.1,243
759.2,244
759.3,243
759.4,241
759.5,239
759.6,237
759.7,235
759.8,233
759.9,232
760,231
760.1,232
760.2,233
760.3,235
760.4,237
760.5,239
760.6,242
760.7,243
760.8,244
760.9,244
761,242
761.1,240
761.2,239
761.3,236
761.4,234
761.5,233
761.6,232
761.7,231
761.8,232
761.9,234
762,236
762.1,238
762.2,240
762.3,242
762.4,244
762.5,244
762.6,244
762.7,242
762.8,240
762.9,238
763,236
763.1,234
763.2,233
763.3,232
763.4,232
763.5,233
763.6,235
763.7,237
763.8,239
763.9,241
764,243
764.1,244
764.2,244
764.3,243
764.4,241
764.5,239
764.6,237
764.7,235
764.8,234
764.9,233
765,232
765.1,232
765.2,234
765.3,236
765.4,238
765.5,240
765.6,242
765.7,243
765.8,244
765.9,244
766,243
766.1,241
766.2,239
766.3,237
766.4,235
766.5,234
766.6,233
766.7,232
766.8,233
766.9,235
767,237
767.1,238
767.2,241
767.3,243
767.4,244
767.5,245
767.6,244
767.7,242
767.8,240
767.9,238
768,236
768.1,234
768.2,233
768.3,232
768.4,232
768.5,234
768.6,236
768.7,237
768.8,239
768.9,242
769,244
769.1,245
769.2,245
769.3,243
769.4,241
769.5,240
769.6,238
769.7,236
769.8,234
769.9,233
770,232
770.1,233
770.2,234
770.3,236
770.4,238
770.5,240
770.6,243
770.7,244
770.8,245
770.9,244
771,243
771.1,242
771.2,240
771.3,237
771.4,235
771.5,234
771.6,232
771.7,232
771.8,233
771.9,235
772,236
772.1,238
772.2,241
772.3,243
772.4,244
772.5,245
772.6,243
772.7,242
772.8,240
772.9,238
773,236
773.1,234
773.2,233
773.3,232
773.4,232
773.5,234
773.6,235
773.7,237
773.8,239
773.9,242
774,243
774.1,244
774.2,244
774.3,243
774.4,241
774.5,239
774.6,237
774.7,235
774.8,234
774.9,233
775,232
775.1,233
775.2,234
775.3,236
775.4,238
775.5,241
775.6,243
775.7,244
775.8,245
775.9,244
776,242
776.1,241
776.2,239
776.3,236
776.4,235
776.5,234
776.6,233
776.7,232
776.8,233
776.9,235
777,237
777.1,239
777.2,241
777.3,243
777.4,244
777.5,245
777.6,243
777.7,242
777.8,240
777.9,238
778,236
778.1,234
778.2,233
778.3,232
778.4,233
778.5,234
778.6,236
778.7,238
778.8,240
778.9,242
779,244
779.1,245
779.2,245
779.3,243
779.4,241
779.5,240
779.6,237
779.7,235
779.8,234
779.9,233
780,232
780.1,233
780.2,235
780.3,237
780.4,239
780.5,241
780.6,243
780.7,244
780.8,245
780.9,244
781,242
781.1,241
781.2,239
781.3,236
781.4,235
781.5,234
781.6,233
781.7,232
781.8,234
781.9,235
782,237
782.1,239
782.2,242
782.3,244
782.4,245
782.5,245
782.6,243
782.7,242
782.8,240
782.9,238
783,235
783.1,234
783.2,233
783.3,232
783.4,233
783.5,234
783.6,236
783.7,238
783.8,240
783.9,242
784,244
784.1,245
784.2,244
784.3,243
784.4,241
784.5,240
784.6,237
784.7,235
784.8,234
784.9,233
785,232
785.1,233
785.2,235
785.3,237
785.4,238
785.5,241
785.6,243
785.7,244
785.8,244
785.9,243
786,242
786.1,240
786.2,238
786.3,235
786.4,234
786.5,233
786.6,232
786.7,232
786.8,233
786.9,235
787,237
787.1,239
787.2,241
787.3,243
787.4,244
787.5,244
787.6,242
787.7,241
787.8,239
787.9,237
788,234
788.1,233
788.2,232
788.3,231
788.4,232
788.5,233
788.6,235
788.7,237
788.8,239
788.9,242
789,243
789.1,244
789.2,243
789.3,241
789.4,240
789.5,238
789.6,236
789.7,234
789.8,233
789.9,231
790,231
790.1,232
790.2,234
790.3,236
790.4,238
790.5,240
790.6,242
790.7,243
790.8,244
790.9,242
791,241
791.1,239
791.2,237
791.3,235
791.4,233
791.5,232
791.6,231
791.7,231
791.8,233
791.9,235
792,236
792.1,239
792.2,241
792.3,242
792.4,243
792.5,243
792.6,242
792.7,240
792.8,238
792.9,236
793,234
793.1,233
793.2,232
793.3,231
793.4,232
793.5,233
793.6,235
793.7,237
793.8,239
793.9,241
794,243
794.1,243
794.2,242
794.3,240
794.4,239
794.5,237
794.6,235
794.7,233
794.8,232
794.9,231
795,230
795.1,231
795.2,233
795.3,235
795.4,237
795.5,239
795.6,241
795.7,242
795.8,242
795.9,240
796,238
796.1,236
796.2,234
796.3,231
796.4,230
796.5,229
796.6,228
796.7,228
796.8,229
796.9,230
797,232
797.1,234
797.2,236
797.3,238
797.4,238
797.5,238
797.6,236
797.7,234
797.8,232
797.9,229
798,227
798.1,226
798.2,224
798.3,223
798.4,224
798.5,226
798.6,227
798.7,229
798.8,231
798.9,233
799,234
799.1,235
799.2,233
799.3,231
799.4,229
799.5,227
799.6,224
799.7,222
799.8,221
799.9,220
800,219
800.1,221
800.2,222
800.3,224
800.4,226
800.5,228
800.6,230
800.7,231
800.8,231
800.9,229
801,227
801.1,225
801.2,223
801.3,221
801.4,219
801.5,218
801.6,217
801.7,217
801.8,219
801.9,221
802,222
802.1,225
802.2,227
802.3,228
802.4,229
802.5,229
802.6,227
802.7,225
802.8,223
802.9,221
803,219
803.1,217
803.2,216
803.3,215
803.4,217
803.5,218
803.6,220
803.7,222
803.8,224
803.9,226
804,227
804.1,228
804.2,227
804.3,225
804.4,223
804.5,221
804.6,219
804.7,217
804.8,216
804.9,215
805,215
805.1,217
805.2,218
805.3,220
805.4,222
805.5,225
805.6,226
805.7,227
805.8,227
805.9,226
806,224
806.1,222
806.2,220
806.3,218
806.4,217
806.5,215
806.6,214
806.7,215
806.8,217
806.9,218
807,220
807.1,223
807.2,224
807.3,224
807.4,224
807.5,224
807.6,222
807.7,220
807.8,218
807.9,215
808,213
808.1,212
808.2,210
808.3,210
808.4,211
808.5,212
808.6,213
808.7,213
808.8,211
808.9,208
809,208
809.1,208
809.2,206
809.3,203
809.4,201
809.5,199
809.6,196
809.7,195
809.8,193
809.9,192
810,192
810.1,194
810.2,195
810.3,197
810.4,199
810.5,201
810.6,203
810.7,203
810.8,203
810.9,202
811,200
811.1,198
811.2,196
811.3,193
811.4,192
811.5,191
811.6,190
811.7,190
811.8,191
811.9,193
812,195
812.1,197
812.2,199
812.3,200
812.4,201
812.5,200
812.6,198
812.7,196
812.8,194
812.9,192
813,190
813.1,188
813.2,187
813.3,187
813.4,187
813.5,189
813.6,190
813.7,192
813.8,195
813.9,196
814,198
814.1,198
814.2,196
814.3,195
814.4,193
814.5,191
814.6,188
814.7,187
814.8,186
814.9,185
815,185
815.1,186
815.2,188
815.3,190
815.4,192
815.5,195
815.6,196
815.7,197
815.8,197
815.9,195
816,193
816.1,191
816.2,189
816.3,187
816.4,185
816.5,184
816.6,184
816.7,185
816.8,186
816.9,188
817,190
817.1,193
817.2,195
817.3,196
817.4,196
817.5,196
817.6,194
817.7,192
817.8,190
817.9,188
818,186
818.1,185
818.2,184
818.3,184
818.4,185
818.5,187
818.6,188
818.7,190
818.8,193
818.9,195
819,196
819.1,196
819.2,194
819.3,193
819.4,191
819.5,189
819.6,186
819.7,185
819.8,184
819.9,183
820,183
820.1,185
820.2,187
820.3,188
820.4,191
820.5,193
820.6,194
820.7,195
820.8,195
820.9,193
821,191
821.1,189
821.2,187
821.3,185
821.4,183
821.5,182
821.6,182
821.7,183
821.8,184
821.9,186
822,188
822.1,190
822.2,192
822.3,194
822.4,194
822.5,193
822.6,191
822.7,189
822.8,187
822.9,185
823,183
823.1,182
823.2,181
823.3,181
823.4,182
823.5,184
823.6,185
823.7,187
823.8,190
823.9,191
824,192
824.1,192
824.2,191
824.3,189
824.4,187
824.5,185
824.6,182
824.7,181
824.8,179
824.9,178
825,178
825.1,179
825.2,180
825.3,181
825.4,184
825.5,186
825.6,187
825.7,187
825.8,187
825.9,185
826,183
826.1,181
826.2,178
826.3,176
826.4,174
826.5,173
826.6,172
826.7,173
826.8,175
826.9,177
827,178
827.1,181
827.2,183
827.3,184
827.4,184
827.5,183
827.6,181
827.7,179
827.8,177
827.9,174
828,172
828.1,171
828.2,170
828.3,170
828.4,172
828.5,173
828.6,175
828.7,177
828.8,180
828.9,181
829,182
829.1,182
829.2,180
829.3,178
829.4,176
829.5,174
829.6,171
829.7,170
829.8,168
829.9,168
830,168
830.1,170
830.2,171
830.3,172
830.4,175
830.5,177
830.6,178
830.7,178
830.8,177
830.9,175
831,173
831.1,171
831.2,169
831.3,167
831.4,166
831.5,164
831.6,163
831.7,164
831.8,165
831.9,166
832,168
832.1,170
832.2,172
832.3,173
832.4,173
832.5,171
832.6,169
832.7,167
832.8,165
832.9,162
833,160
833.1,159
833.2,158
833.3,158
833.4,160
833.5,162
833.6,164
833.7,166
833.8,168
833.9,170
834,171
834.1,170
834.2,168
834.3,167
834.4,165
834.5,162
834.6,160
834.7,159
834.8,158
834.9,157
835,158
835.1,160
835.2,162
835.3,163
835.4,166
835.5,168
835.6,170
835.7,170
835.8,170
835.9,167
836,165
836.1,164
836.2,161
836.3,160
836.4,158
836.5,157
836.6,157
836.7,158
836.8,160
836.9,162
837,165
837.1,167
837.2,169
837.3,170
837.4,170
837.5,169
837.6,167
837.7,166
837.8,164
837.9,161
838,160
838.1,159
838.2,158
838.3,158
838.4,160
838.5,162
838.6,164
838.7,166
838.8,169
838.9,170
839,171
839.1,170
839.2,169
839.3,167
839.4,165
839.5,163
839.6,160
839.7,159
839.8,158
839.9,157
840,158
840.1,160
840.2,162
840.3,164
840.4,167
840.5,169
840.6,170
840.7,171
840.8,170
840.9,168
841,166
841.1,165
841.2,162
841.3,160
841.4,159
841.5,158
841.6,158
841.7,160
841.8,162
841.9,164
842,166
842.1,169
842.2,171
842.3,172
842.4,172
842.5,170
842.6,168
842.7,167
842.8,164
842.9,162
843,161
843.1,160
843.2,159
843.3,160
843.4,162
843.5,163
843.6,165
843.7,168
843.8,170
843.9,172
844,173
844.1,172
844.2,170
844.3,168
844.4,167
844.5,164
844.6,162
844.7,161
844.8,160
844.9,159
845,161
845.1,163
845.2,165
845.3,167
845.4,170
845.5,173
845.6,174
845.7,175
845.8,175
845.9,173
846,171
846.1,169
846.2,167
846.3,165
846.4,164
846.5,163
846.6,163
846.7,164
846.8,166
846.9,168
847,170
847.1,173
847.2,175
847.3,175
847.4,175
847.5,174
847.6,172
847.7,170
847.8,167
847.9,165
848,164
848.1,163
848.2,163
848.3,164
848.4,166
848.5,168
848.6,170
848.7,173
848.8,175
848.9,176
849,177
849.1,177
849.2,175
849.3,174
849.4,173
849.5,170
849.6,168
849.7,167
849.8,166
849.9,166
850,167
850.1,169
850.2,171
850.3,173
850.4,176
850.5,178
850.6,179
850.7,179
850.8,178
850.9,176
851,174
851.1,172
851.2,170
851.3,168
851.4,167
851.5,166
851.6,166
851.7,168
851.8,170
851.9,172
852,174
852.1,177
852.2,178
852.3,179
852.4,179
852.5,177
852.6,175
852.7,174
852.8,172
852.9,169
853,168
853.1,167
853.2,166
853.3,167
853.4,169
853.5,171
853.6,173
853.7,175
853.8,178
853.9,179
854,180
854.1,179
854.2,177
854.3,175
854.4,173
854.5,171
854.6,169
854.7,168
854.8,167
854.9,167
855,168
855.1,170
855.2,172
855.3,174
855.4,176
855.5,178
855.6,179
855.7,180
855.8,178
855.9,176
856,174
856.1,172
856.2,170
856.3,169
856.4,167
856.5,167
856.6,167
856.7,169
856.8,171
856.9,173
857,175
857.1,178
857.2,179
857.3,180
857.4,179
857.5,178
857.6,176
857.7,174
857.8,172
857.9,170
858,168
858.1,167
858.2,167
858.3,168
858.4,170
858.5,171
858.6,174
858.7,176
858.8,178
858.9,180
859,180
859.1,179
859.2,177
859.3,176
859.4,174
859.5,171
859.6,170
859.7,170
859.8,169
859.9,169
860,170
860.1,172
860.2,174
860.3,176
860.4,179
860.5,181
860.6,182
860.7,182
860.8,180
860.9,179
861,177
861.1,174
861.2,172
861.3,171
861.4,170
861.5,168
861.6,169
861.7,171
861.8,173
861.9,175
862,177
862.1,180
862.2,181
862.3,182
862.4,181
862.5,179
862.6,178
862.7,176
862.8,173
862.9,171
863,170
863.1,169
863.2,168
863.3,170
863.4,171
863.5,173
863.6,175
863.7,178
863.8,180
863.9,181
864,181
864.1,180
864.2,178
864.3,177
864.4,175
864.5,172
864.6,171
864.7,169
864.8,168
864.9,168
865,170
865.1,172
865.2,174
865.3,176
865.4,179
865.5,180
865.6,181
865.7,181
865.8,180
865.9,178
866,176
866.1,174
866.2,171
866.3,170
866.4,169
866.5,168
866.6,169
866.7,171
866.8,173
866.9,174
867,177
867.1,179
867.2,181
867.3,181
867.4,181
867.5,179
867.6,177
867.7,175
867.8,172
867.9,171
868,170
868.1,168
868.2,168
868.3,169
868.4,171
868.5,173
868.6,175
868.7,178
868.8,180
868.9,181
869,181
869.1,180
869.2,178
869.3,176
869.4,174
869.5,172
869.6,170
869.7,169
869.8,168
869.9,168
870,170
870.1,172
870.2,174
870.3,176
870.4,179
870.5,180
870.6,181
870.7,181
870.8,179
870.9,177
871,176
871.1,173
871.2,171
871.3,170
871.4,168
871.5,168
871.6,169
871.7,171
871.8,172
871.9,174
872,177
872.1,179
872.2,181
872.3,181
872.4,180
872.5,178
872.6,176
872.7,174
872.8,172
872.9,170
873,169
873.1,168
873.2,168
873.3,169
873.4,171
873.5,173
873.6,175
873.7,178
873.8,179
873.9,180
874,181
874.1,179
874.2,177
874.3,176
874.4,173
874.5,171
874.6,169
874.7,168
874.8,168
874.9,168
875,170
875.1,172
875.2,173
875.3,176
875.4,178
875.5,180
875.6,181
875.7,180
875.8,178
875.9,177
876,175
876.1,172
876.2,170
876.3,169
876.4,168
876.5,167
876.6,168
876.7,170
876.8,172
876.9,174
877,177
877.1,179
877.2,180
877.3,180
877.4,179
877.5,177
877.6,175
877.7,174
877.8,171
877.9,169
878,168
878.1,167
878.2,167
878.3,169
878.4,171
878.5,172
878.6,175
878.7,177
878.8,179
878.9,180
879,180
879.1,179
879.2,177
879.3,175
879.4,173
879.5,170
879.6,169
879.7,168
879.8,167
879.9,167
880,169
880.1,171
880.2,173
880.3,176
880.4,178
880.5,179
880.6,180
880.7,179
880.8,178
880.9,176
881,174
881.1,172
881.2,170
881.3,168
881.4,167
881.5,167
881.6,168
881.7,170
881.8,172
881.9,174
882,176
882.1,178
882.2,180
882.3,180
882.4,179
882.5,177
882.6,175
882.7,173
882.8,171
882.9,169
883,168
883.1,167
883.2,167
883.3,168
883.4,170
883.5,172
883.6,175
883.7,177
883.8,179
883.9,180
884,180
884.1,178
884.2,176
884.3,174
884.4,172
884.5,170
884.6,168
884.7,167
884.8,167
884.9,168
885,169
885.1,171
885.2,173
885.3,176
885.4,178
885.5,179
885.6,180
885.7,179
885.8,177
885.9,175
886,174
886.1,171
886.2,169
886.3,168
886.4,167
886.5,167
886.6,168
886.7,170
886.8,172
886.9,174
887,177
887.1,178
887.2,180
887.3,180
887.4,178
887.5,177
887.6,175
887.7,173
887.8,170
887.9,169
888,168
888.1,167
888.2,167
888.3,169
888.4,170
888.5,172
888.6,175
888.7,177
888.8,179
888.9,180
889,179
889.1,178
889.2,176
889.3,175
889.4,172
889.5,170
889.6,169
889.7,168
889.8,167
889.9,168
890,170
890.1,172
890.2,174
890.3,176
890.4,178
890.5,180
890.6,180
890.7,180
890.8,178
890.9,176
891,174
891.1,171
891.2,170
891.3,169
891.4,167
891.5,167
891.6,169
891.7,170
891.8,172
891.9,174
892,177
892.1,179
892.2,180
892.3,180
892.4,179
892.5,177
892.6,175
892.7,173
892.8,171
892.9,169
893,168
893.1,167
893.2,167
893.3,169
893.4,171
893.5,173
893.6,176
893.7,178
893.8,179
893.9,180
894,180
894.1,178
894.2,176
894.3,174
894.4,172
894.5,170
894.6,169
894.7,168
894.8,167
894.9,169
895,170
895.1,172
895.2,174
895.3,177
895.4,179
895.5,180
895.6,181
895.7,179
895.8,177
895.9,176
896,174
896.1,171
896.2,170
896.3,169
896.4,167
896.5,167
896.6,169
896.7,171
896.8,173
896.9,175
897,178
897.1,179
897.2,180
897.3,180
897.4,179
897.5,177
897.6,175
897.7,173
897.8,171
897.9,169
898,168
898.1,167
898.2,168
898.3,170
898.4,172
898.5,173
898.6,176
898.7,179
898.8,180
898.9,181
899,180
899.1,178
899.2,176
899.3,175
899.4,172
899.5,170
899.6,169
899.7,168
899.8,167
899.9,169
900,170
900.1,172
900.2,174
900.3,177
900.4,179
900.5,180
900.6,181
900.7,179
900.8,178
900.9,176
901,174
901.1,171
901.2,170
901.3,169
901.4,168
901.5,168
901.6,169
901.7,171
901.8,173
901.9,176
902,178
902.1,180
902.2,181
902.3,181
902.4,179
902.5,177
902.6,176
902.7,174
902.8,171
902.9,170
903,169
903.1,168
903.2,168
903.3,170
903.4,172
903.5,174
903.6,177
903.7,179
903.8,180
903.9,181
904,180
904.1,179
904.2,177
904.3,175
904.4,172
904.5,171
904.6,169
904.7,168
904.8,168
904.9,169
905,171
905.1,173
905.2,175
905.3,178
905.4,180
905.5,181
905.6,181
905.7,180
905.8,178
905.9,176
906,174
906.1,171
906.2,170
906.3,169
906.4,168
906.5,168
906.6,170
906.7,172
906.8,174
906.9,176
907,179
907.1,180
907.2,181
907.3,181
907.4,179
907.5,177
907.6,175
907.7,173
907.8,171
907.9,170
908,169
908.1,168
908.2,169
908.3,171
908.4,172
908.5,174
908.6,177
908.7,179
908.8,181
908.9,181
909,180
909.1,179
909.2,177
909.3,175
909.4,172
909.5,170
909.6,169
909.7,168
909.8,168
909.9,170
910,172
910.1,173
910.2,176
910.3,178
910.4,180
910.5,181
910.6,181
910.7,180
910.8,178
910.9,176
911,174
911.1,172
911.2,170
911.3,169
911.4,168
911.5,169
911.6,170
911.7,172
911.8,174
911.9,177
912,179
912.1,181
912.2,182
912.3,181
912.4,179
912.5,178
912.6,176
912.7,173
912.8,171
912.9,170
913,169
913.1,168
913.2,169
913.3,171
913.4,173
913.5,175
913.6,178
913.7,180
913.8,181
913.9,181
914,180
914.1,178
914.2,177
914.3,175
914.4,172
914.5,171
914.6,169
914.7,168
914.8,168
914.9,170
915,172
915.1,174
915.2,176
915.3,178
915.4,180
915.5,181
915.6,181
915.7,180
915.8,178
915.9,176
916,174
916.1,171
916.2,170
916.3,169
916.4,168
916.5,169
916.6,171
916.7,173
916.8,175
916.9,177
917,179
917.1,181
917.2,181
917.3,181
917.4,179
917.5,177
917.6,175
917.7,173
917.8,171
917.9,170
918,169
918.1,168
918.2,169
918.3,171
918.4,173
918.5,175
918.6,178
918.7,180
918.8,181
918.9,181
919,181
919.1,179
919.2,177
919.3,175
919.4,173
919.5,171
919.6,170
919.7,169
919.8,170
919.9,172
920,173
920.1,175
920.2,178
920.3,180
920.4,182
920.5,183
920.6,183
920.7,182
920.8,180
920.9,178
921,176
921.1,174
921.2,174
921.3,173
921.4,172
921.5,173
921.6,175
921.7,177
921.8,179
921.9,182
922,184
922.1,186
922.2,187
922.3,186
922.4,184
922.5,182
922.6,180
922.7,178
922.8,176
922.9,175
923,174
923.1,173
923.2,175
923.3,177
923.4,179
923.5,181
923.6,184
923.7,186
923.8,187
923.9,187
924,186
924.1,184
924.2,182
924.3,180
924.4,178
924.5,176
924.6,175
924.7,174
924.8,174
924.9,176
925,178
925.1,180
925.2,182
925.3,185
925.4,186
925.5,187
925.6,187
925.7,185
925.8,183
925.9,182
926,179
926.1,177
926.2,176
926.3,175
926.4,174
926.5,175
926.6,177
926.7,178
926.8,180
926.9,183
927,186
927.1,187
927.2,187
927.3,186
927.4,184
927.5,183
927.6,181
927.7,178
927.8,176
927.9,176
928,175
928.1,174
928.2,176
928.3,178
928.4,179
928.5,182
928.6,184
928.7,186
928.8,187
928.9,187
929,186
929.1,184
929.2,182
929.3,180
929.4,178
929.5,176
929.6,175
929.7,175
929.8,175
929.9,177
930,179
930.1,180
930.2,183
930.3,185
930.4,187
930.5,188
930.6,187
930.7,186
930.8,184
930.9,182
931,180
931.1,178
931.2,176
931.3,175
931.4,175
931.5,176
931.6,177
931.7,179
931.8,182
931.9,184
932,186
932.1,188
932.2,188
932.3,187
932.4,185
932.5,183
932.6,181
932.7,179
932.8,177
932.9,176
933,175
933.1,175
933.2,177
933.3,178
933.4,180
933.5,182
933.6,185
933.7,187
933.8,188
933.9,188
934,186
934.1,185
934.2,183
934.3,180
934.4,178
934.5,177
934.6,176
934.7,175
934.8,175
934.9,177
935,179
935.1,181
935.2,184
935.3,186
935.4,187
935.5,188
935.6,187
935.7,186
935.8,184
935.9,182
936,180
936.1,178
936.2,177
936.3,175
936.4,175
936.5,176
936.6,178
936.7,180
936.8,182
936.9,185
937,187
937.1,188
937.2,188
937.3,187
937.4,185
937.5,183
937.6,181
937.7,179
937.8,177
937.9,176
938,175
938.1,175
938.2,177
938.3,179
938.4,181
938.5,183
938.6,185
938.7,187
938.8,188
938.9,188
939,186
939.1,185
939.2,183
939.3,180
939.4,178
939.5,177
939.6,176
939.7,175
939.8,176
939.9,178
940,180
940.1,181
940.2,184
940.3,186
940.4,188
940.5,189
940.6,188
940.7,186
940.8,184
940.9,182
941,180
941.1,178
941.2,177
941.3,176
941.4,176
941.5,177
941.6,179
941.7,180
941.8,183
941.9,185
942,187
942.1,189
942.2,189
942.3,188
942.4,186
942.5,185
942.6,183
942.7,180
942.8,179
942.9,178
943,177
943.1,177
943.2,179
943.3,181
943.4,183
943.5,185
943.6,188
943.7,190
943.8,190
943.9,190
944,188
944.1,187
944.2,185
944.3,183
944.4,180
944.5,179
944.6,178
944.7,177
944.8,178
944.9,180
945,182
945.1,184
945.2,187
945.3,189
945.4,191
945.5,191
945.6,190
945.7,188
945.8,187
945.9,184
946,182
946.1,180
946.2,179
946.3,178
946.4,178
946.5,179
946.6,181
946.7,183
946.8,185
946.9,188
947,190
947.1,191
947.2,191
947.3,189
947.4,188
947.5,186
947.6,183
947.7,181
947.8,180
947.9,179
948,178
948.1,178
948.2,180
948.3,182
948.4,184
948.5,186
948.6,189
948.7,190
948.8,191
948.9,190
949,188
949.1,187
949.2,185
949.3,182
949.4,180
949.5,179
949.6,178
949.7,178
949.8,179
949.9,180
950,182
950.1,184
950.2,187
950.3,189
950.4,190
950.5,191
950.6,190
950.7,188
950.8,186
950.9,184
951,182
951.1,180
951.2,179
951.3,178
951.4,178
951.5,179
951.6,181
951.7,183
951.8,185
951.9,188
952,190
952.1,191
952.2,191
952.3,189
952.4,187
952.5,185
952.6,183
952.7,181
952.8,179
952.9,178
953,177
953.1,178
953.2,180
953.3,182
953.4,184
953.5,186
953.6,188
953.7,190
953.8,191
953.9,190
954,188
954.1,186
954.2,185
954.3,182
954.4,180
954.5,179
954.6,178
954.7,177
954.8,179
954.9,180
955,182
955.1,184
955.2,187
955.3,189
955.4,190
955.5,191
955.6,189
955.7,187
955.8,186
955.9,184
956,181
956.1,179
956.2,178
956.3,177
956.4,177
956.5,179
956.6,181
956.7,183
956.8,185
956.9,188
957,189
957.1,190
957.2,190
957.3,188
957.4,187
957.5,185
957.6,182
957.7,180
957.8,179
957.9,178
958,177
958.1,178
958.2,179
958.3,181
958.4,183
958.5,186
958.6,188
958.7,190
958.8,190
958.9,189
959,188
959.1,185
959.2,183
959.3,181
959.4,179
959.5,178
959.6,177
959.7,176
959.8,178
959.9,179
960,181
960.1,183
960.2,186
960.3,188
960.4,189
960.5,190
960.6,188
960.7,187
960.8,184
960.9,182
961,180
961.1,178
961.2,177
961.3,176
961.4,176
961.5,178
961.6,180
961.7,182
961.8,184
961.9,187
962,188
962.1,189
962.2,189
962.3,187
962.4,185
962.5,183
962.6,181
962.7,179
962.8,178
962.9,176
963,176
963.1,177
963.2,178
963.3,180
963.4,182
963.5,185
963.6,187
963.7,189
963.8,189
963.9,188
964,186
964.1,184
964.2,183
964.3,180
964.4,178
964.5,177
964.6,176
964.7,176
964.8,177
964.9,179
965,181
965.1,183
965.2,186
965.3,188
965.4,189
965.5,189
965.6,187
965.7,186
965.8,184
965.9,182
966,179
966.1,178
966.2,177
966.3,175
966.4,176
966.5,177
966.6,179
966.7,181
966.8,183
966.9,186
967,188
967.1,189
967.2,188
967.3,186
967.4,184
967.5,183
967.6,180
967.7,178
967.8,177
967.9,176
968,175
968.1,176
968.2,178
968.3,180
968.4,182
968.5,185
968.6,187
968.7,188
968.8,188
968.9,187
969,185
969.1,184
969.2,181
969.3,179
969.4,177
969.5,176
969.6,175
969.7,175
969.8,178
969.9,179
970,180
970.1,182
970.2,185
970.3,187
970.4,188
970.5,188
970.6,186
970.7,184
970.8,182
970.9,180
971,178
971.1,176
971.2,175
971.3,175
971.4,175
971.5,177
971.6,178
971.7,180
971.8,183
971.9,186
972,187
972.1,188
972.2,187
972.3,185
972.4,184
972.5,182
972.6,179
972.7,177
972.8,176
972.9,175
973,174
973.1,176
973.2,177
973.3,179
973.4,181
973.5,184
973.6,186
973.7,187
973.8,188
973.9,186
974,185
974.1,183
974.2,181
974.3,178
974.4,177
974.5,176
974.6,175
974.7,175
974.8,176
974.9,178
975,180
975.1,182
975.2,185
975.3,187
975.4,188
975.5,188
975.6,186
975.7,184
975.8,183
975.9,180
976,178
976.1,177
976.2,175
976.3,175
976.4,175
976.5,177
976.6,179
976.7,181
976.8,183
976.9,186
977,187
977.1,188
977.2,187
977.3,185
977.4,183
977.5,181
977.6,179
977.7,177
977.8,176
977.9,175
978,175
978.1,176
978.2,178
978.3,180
978.4,182
978.5,185
978.6,187
978.7,188
978.8,188
978.9,187
979,185
979.1,183
979.2,181
979.3,178
979.4,177
979.5,176
979.6,175
979.7,175
979.8,177
979.9,179
980,181
980.1,183
980.2,185
980.3,187
980.4,188
980.5,188
980.6,186
980.7,184
980.8,182
980.9,180
981,178
981.1,177
981.2,176
981.3,175
981.4,176
981.5,177
981.6,180
981.7,182
981.8,184
981.9,186
982,188
982.1,188
982.2,187
982.3,186
982.4,184
982.5,182
982.6,179
982.7,177
982.8,176
982.9,175
983,175
983.1,177
983.2,179
983.3,180
983.4,182
983.5,185
983.6,187
983.7,188
983.8,189
983.9,187
984,185
984.1,183
984.2,181
984.3,179
984.4,177
984.5,176
984.6,175
984.7,176
984.8,178
984.9,179
985,181
985.1,184
985.2,186
985.3,188
985.4,189
985.5,188
985.6,186
985.7,185
985.8,183
985.9,180
986,178
986.1,177
986.2,176
986.3,175
986.4,177
986.5,178
986.6,180
986.7,182
986.8,185
986.9,187
987,188
987.1,189
987.2,188
987.3,186
987.4,184
987.5,182
987.6,180
987.7,178
987.8,177
987.9,176
988,176
988.1,177
988.2,179
988.3,181
988.4,183
988.5,186
988.6,188
988.7,189
988.8,189
988.9,187
989,186
989.1,184
989.2,181
989.3,179
989.4,178
989.5,177
989.6,176
989.7,177
989.8,178
989.9,180
990,182
990.1,185
990.2,187
990.3,189
990.4,189
990.5,189
990.6,187
990.7,185
990.8,183
990.9,181
991,179
991.1,178
991.2,177
991.3,177
991.4,178
991.5,180
991.6,181
991.7,184
991.8,186
991.9,188
992,190
992.1,190
992.2,189
992.3,187
992.4,185
992.5,183
992.6,181
992.7,180
992.8,179
992.9,178
993,178
993.1,179
993.2,181
993.3,183
993.4,186
993.5,188
993.6,190
993.7,191
993.8,191
993.9,189
994,188
994.1,186
994.2,183
994.3,181
994.4,180
994.5,179
994.6,178
994.7,179
994.8,181
994.9,183
995,185
995.1,188
995.2,190
995.3,191
995.4,192
995.5,191
995.6,189
995.7,187
995.8,185
995.9,183
996,181
996.1,180
996.2,179
996.3,178
996.4,180
996.5,181
996.6,183
996.7,185
996.8,188
996.9,190
997,191
997.1,191
997.2,190
997.3,188
997.4,186
997.5,184
997.6,182
997.7,180
997.8,180
997.9,179
998,179
998.1,180
998.2,182
998.3,184
998.4,186
998.5,189
998.6,190
998.7,191
998.8,191
998.9,189
999,188
999.1,186
999.2,183
999.3,181
999.4,180
999.5,179
999.6,178
999.7,179
999.8,181
999.9,183
1000,185
1000.1,187
1000.2,190
1000.3,191
1000.4,191
1000.5,191
1000.6,189
1000.7,187
1000.8,185
1000.9,182
1001,181
1001.1,180
1001.2,179
1001.3,179
1001.4,180
1001.5,182
1001.6,184
1001.7,186
1001.8,189
1001.9,191
1002,192
1002.1,192
1002.2,191
1002.3,189
1002.4,187
1002.5,185
1002.6,183
1002.7,181
1002.8,180
1002.9,180
1003,180
1003.1,182
1003.2,184
1003.3,185
1003.4,188
1003.5,190
1003.6,192
1003.7,193
1003.8,192
1003.9,191
1004,189
1004.1,187
1004.2,185
1004.3,183
1004.4,182
1004.5,181
1004.6,180
1004.7,181
1004.8,183
1004.9,185
1005,187
1005.1,189
1005.2,191
1005.3,193
1005.4,193
1005.5,192
1005.6,190
1005.7,189
1005.8,187
1005.9,185
1006,183
1006.1,182
1006.2,181
1006.3,181
1006.4,182
1006.5,184
1006.6,186
1006.7,188
1006.8,190
1006.9,192
1007,193
1007.1,193
1007.2,192
1007.3,190
1007.4,188
1007.5,186
1007.6,184
1007.7,182
1007.8,181
1007.9,180
1008,181
1008.1,183
1008.2,185
1008.3,187
1008.4,189
1008.5,191
1008.6,193
1008.7,194
1008.8,193
1008.9,191
1009,190
1009.1,188
1009.2,186
1009.3,184
1009.4,183
1009.5,182
1009.6,181
1009.7,183
1009.8,184
1009.9,186
1010,188
1010.1,191
1010.2,193
1010.3,194
1010.4,195
1010.5,193
1010.6,192
1010.7,190
1010.8,188
1010.9,186
1011,184
1011.1,183
1011.2,182
1011.3,182
1011.4,184
1011.5,186
1011.6,188
1011.7,190
1011.8,192
1011.9,194
1012,195
1012.1,195
1012.2,193
1012.3,192
1012.4,190
1012.5,188
1012.6,186
1012.7,185
1012.8,184
1012.9,183
1013,184
1013.1,185
1013.2,187
1013.3,189
1013.4,191
1013.5,194
1013.6,195
1013.7,195
1013.8,195
1013.9,193
1014,191
1014.1,189
1014.2,187
1014.3,185
1014.4,184
1014.5,183
1014.6,183
1014.7,184
1014.8,186
1014.9,187
1015,190
1015.1,193
1015.2,195
1015.3,196
1015.4,196
1015.5,194
1015.6,193
1015.7,191
1015.8,189
1015.9,186
1016,185
1016.1,184
1016.2,183
1016.3,183
1016.4,185
1016.5,186
1016.6,188
1016.7,191
1016.8,193
1016.9,195
1017,196
1017.1,196
1017.2,201
1017.3,206
1017.4,206
1017.5,205
1017.6,205
1017.7,209
1017.8,214
1017.9,215
1018,217
1018.1,220
1018.2,223
1018.3,225
1018.4,227
1018.5,230
1018.6,231
1018.7,232
1018.8,231
1018.9,230
1019,228
1019.1,226
1019.2,224
1019.3,223
1019.4,222
1019.5,221
1019.6,221
1019.7,223
1019.8,225
1019.9,227
1020,230
1020.1,234
1020.2,236
1020.3,237
1020.4,238
1020.5,237
1020.6,235
1020.7,234
1020.8,232
1020.9,230
1021,229
1021.1,229
1021.2,228
1021.3,228
1021.4,230
1021.5,232
1021.6,234
1021.7,236
1021.8,238
1021.9,240
1022,241
1022.1,240
1022.2,239
1022.3,239
1022.4,237
1022.5,235
1022.6,233
1022.7,233
1022.8,232
1022.9,231
1023,233
1023.1,234
1023.2,236
1023.3,238
1023.4,240
1023.5,243
1023.6,244
1023.7,245
1023.8,243
1023.9,241
1024,240
1024.1,238
1024.2,236
1024.3,234
1024.4,234
1024.5,233
1024.6,233
1024.7,234
1024.8,236
1024.9,237
1025,239
1025.1,241
1025.2,243
1025.3,245
1025.4,245
1025.5,243
1025.6,241
1025.7,239
1025.8,237
1025.9,235
1026,234
1026.1,233
1026.2,232
1026.3,232
1026.4,234
1026.5,235
1026.6,237
1026.7,239
1026.8,241
1026.9,242
1027,243
1027.1,241
1027.2,239
1027.3,237
1027.4,235
1027.5,233
1027.6,230
1027.7,228
1027.8,226
1027.9,225
1028,226
1028.1,226
1028.2,227
1028.3,228
1028.4,230
1028.5,231
1028.6,231
1028.7,231
1028.8,229
1028.9,226
1029,224
1029.1,221
1029.2,218
1029.3,215
1029.4,214
1029.5,212
1029.6,211
1029.7,212
1029.8,214
1029.9,215
1030,217
1030.1,219
1030.2,220
1030.3,220
1030.4,220
1030.5,218
1030.6,216
1030.7,214
1030.8,211
1030.9,208
1031,207
1031.1,206
1031.2,205
1031.3,205
1031.4,207
1031.5,208
1031.6,209
1031.7,211
1031.8,212
1031.9,213
1032,213
1032.1,212
1032.2,210
1032.3,208
1032.4,206
1032.5,203
1032.6,201
1032.7,200
1032.8,198
1032.9,198
1033,199
1033.1,201
1033.2,202
1033.3,204
1033.4,206
1033.5,207
1033.6,208
1033.7,208
1033.8,207
1033.9,206
1034,203
1034.1,208
1034.2,239
1034.3,43
1034.4,117
1034.5,197
1034.6,22
1034.7,101
1034.8,148
1034.9,172
1035,183
1035.1,188
1035.2,190
1035.3,191
1035.4,191
1035.5,191
1035.6,192
1035.7,192
1035.8,193
1035.9,193
1036,193
1036.1,194
1036.2,194
1036.3,193
1036.4,193
1036.5,193
1036.6,192
1036.7,192
1036.8,192
1036.9,192
1037,191
1037.1,192
1037.2,192
1037.3,192
1037.4,192
1037.5,193
1037.6,193
1037.7,194
1037.8,194
1037.9,194
1038,193
1038.1,193
1038.2,193
1038.3,193
1038.4,192
1038.5,192
1038.6,192
1038.7,192
1038.8,192
1038.9,192
1039,192
1039.1,193
1039.2,193
1039.3,193
1039.4,194
1039.5,194
1039.6,193
1039.7,193
1039.8,193
1039.9,193
1040,192
1040.1,192
1040.2,192
1040.3,192
1040.4,192
1040.5,192
1040.6,192
1040.7,193
1040.8,193
1040.9,193
1041,194
1041.1,194
1041.2,194
1041.3,193
1041.4,193
1041.5,193
1041.6,193
1041.7,192
1041.8,192
1041.9,192
1042,192
1042.1,192
1042.2,192
1042.3,192
1042.4,193
1042.5,193
1042.6,194
1042.7,194
1042.8,194
1042.9,194
1043,193
1043.1,193
1043.2,193
1043.3,193
1043.4,192
1043.5,192
1043.6,192
1043.7,192
1043.8,192
1043.9,192
1044,193
1044.1,193
1044.2,193
1044.3,194
1044.4,194
1044.5,194
1044.6,194
1044.7,194
1044.8,193
1044.9,193
1045,192
1045.1,192
1045.2,192
1045.3,191
1045.4,192
1045.5,192
1045.6,192
1045.7,193
1045.8,193
1045.9,193
1046,194
1046.1,194
1046.2,194
1046.3,194
1046.4,193
1046.5,193
1046.6,193
1046.7,193
1046.8,192
1046.9,191
1047,191
1047.1,191
1047.2,192
1047.3,192
1047.4,193
1047.5,193
1047.6,194
1047.7,194
1047.8,194
1047.9,194
1048,193
1048.1,193
1048.2,193
1048.3,193
1048.4,193
1048.5,192
1048.6,192
1048.7,192
1048.8,192
1048.9,192
1049,193
1049.1,193
1049.2,194
1049.3,194
1049.4,194
1049.5,194
1049.6,194
1049.7,194
1049.8,193
1049.9,193
1050,193
1050.1,192
1050.2,192
1050.3,192
1050.4,192
1050.5,193
1050.6,192
1050.7,193
1050.8,193
1050.9,194
1051,194
1051.1,194
1051.2,194
1051.3,194
1051.4,194
1051.5,193
1051.6,193
1051.7,192
1051.8,192
1051.9,192
1052,191
1052.1,192
1052.2,192
1052.3,192
1052.4,193
1052.5,193
1052.6,194
1052.7,194
1052.8,194
1052.9,194
1053,194
1053.1,193
1053.2,193
1053.3,193
1053.4,193
1053.5,192
1053.6,192
1053.7,192
1053.8,192
1053.9,192
1054,193
1054.1,193
1054.2,193
1054.3,194
1054.4,194
1054.5,194
1054.6,194
1054.7,194
1054.8,193
1054.9,193
1055,192
1055.1,192
1055.2,192
1055.3,192
1055.4,192
1055.5,192
1055.6,193
1055.7,193
1055.8,193
1055.9,194
1056,194
1056.1,194
1056.2,194
1056.3,193
1056.4,193
1056.5,193
1056.6,193
1056.7,192
1056.8,192
1056.9,192
1057,192
1057.1,192
1057.2,192
1057.3,192
1057.4,193
1057.5,194
1057.6,194
1057.7,194
1057.8,194
1057.9,194
1058,193
1058.1,193
1058.2,193
1058.3,193
1058.4,193
1058.5,192
1058.6,192
1058.7,192
1058.8,192
1058.9,192
1059,193
1059.1,193
1059.2,193
1059.3,194
1059.4,194
1059.5,194
1059.6,194
1059.7,193
1059.8,193
1059.9,193
1060,193
1060.1,192
1060.2,192
1060.3,192
1060.4,192
1060.5,192
1060.6,192
1060.7,193
1060.8,193
1060.9,194
1061,194
1061.1,194
1061.2,194
1061.3,194
1061.4,193
1061.5,193
1061.6,193
1061.7,193
1061.8,192
1061.9,192
1062,192
1062.1,192
1062.2,193
1062.3,193
1062.4,193
1062.5,194
1062.6,194
1062.7,194
1062.8,194
1062.9,194
1063,194
1063.1,193
1063.2,193
1063.3,193
1063.4,193
1063.5,192
1063.6,192
1063.7,192
1063.8,192
1063.9,192
1064,193
1064.1,193
1064.2,194
1064.3,194
1064.4,194
1064.5,194
1064.6,194
1064.7,193
1064.8,193
1064.9,193
1065,192
1065.1,192
1065.2,192
1065.3,192
1065.4,192
1065.5,192
1065.6,192
1065.7,193
1065.8,193
1065.9,194
1066,194
1066.1,194
1066.2,194
1066.3,194
1066.4,193
1066.5,193
1066.6,193
1066.7,193
1066.8,192
1066.9,192
1067,192
1067.1,192
1067.2,192
1067.3,193
1067.4,193
1067.5,193
1067.6,194
1067.7,194
1067.8,194
1067.9,194
1068,194
1068.1,193
1068.2,193
1068.3,193
1068.4,192
1068.5,192
1068.6,192
1068.7,192
1068.8,192
1068.9,193
1069,193
1069.1,193
1069.2,194
1069.3,194
1069.4,194
1069.5,194
1069.6,194
1069.7,193
1069.8,193
1069.9,193
1070,192
1070.1,192
1070.2,192
1070.3,192
1070.4,192
1070.5,193
1070.6,193
1070.7,193
1070.8,193
1070.9,194
1071,194
1071.1,194
1071.2,194
1071.3,194
1071.4,193
1071.5,193
1071.6,193
1071.7,192
1071.8,192
1071.9,192
1072,192
1072.1,192
1072.2,192
1072.3,193
1072.4,193
1072.5,194
1072.6,194
1072.7,194
1072.8,194
1072.9,194
1073,194
1073.1,193
1073.2,193
1073.3,193
1073.4,192
1073.5,192
1073.6,192
1073.7,192
1073.8,192
1073.9,193
1074,193
1074.1,193
1074.2,194
1074.3,194
1074.4,194
1074.5,194
1074.6,194
1074.7,193
1074.8,193
1074.9,193
1075,193
1075.1,192
1075.2,192
1075.3,192
1075.4,192
1075.5,192
1075.6,193
1075.7,193
1075.8,193
1075.9,194
1076,194
1076.1,194
1076.2,194
1076.3,193
1076.4,193
1076.5,193
1076.6,193
1076.7,192
1076.8,192
1076.9,192
1077,192
1077.1,192
1077.2,192
1077.3,193
1077.4,193
1077.5,194
1077.6,194
1077.7,194
1077.8,194
1077.9,194
1078,193
1078.1,193
1078.2,193
1078.3,193
1078.4,192
1078.5,192
1078.6,192
1078.7,192
1078.8,192
1078.9,192
1079,193
1079.1,193
1079.2,194
1079.3,194
1079.4,194
1079.5,194
1079.6,194
1079.7,193
1079.8,193
1079.9,193
1080,193
1080.1,192
1080.2,192
1080.3,192
1080.4,192
1080.5,192
1080.6,193
1080.7,193
1080.8,194
1080.9,194
1081,194
1081.1,194
1081.2,194
1081.3,193
1081.4,193
1081.5,193
1081.6,193
1081.7,192
1081.8,192
1081.9,192
1082,192
1082.1,192
1082.2,192
1082.3,193
1082.4,193
1082.5,194
1082.6,194
1082.7,194
1082.8,194
1082.9,194
1083,194
1083.1,193
1083.2,193
1083.3,193
1083.4,193
1083.5,192
1083.6,192
1083.7,192
1083.8,192
1083.9,192
1084,193
1084.1,193
1084.2,194
1084.3,194
1084.4,194
1084.5,194
1084.6,194
1084.7,193
1084.8,193
1084.9,193
1085,192
1085.1,192
1085.2,192
1085.3,192
1085.4,192
1085.5,192
1085.6,193
1085.7,193
1085.8,194
1085.9,194
1086,194
1086.1,194
1086.2,194
1086.3,193
1086.4,193
1086.5,193
1086.6,193
1086.7,192
1086.8,192
1086.9,192
1087,192
1087.1,192
1087.2,192
1087.3,193
1087.4,193
1087.5,194
1087.6,194
1087.7,194
1087.8,194
1087.9,194
1088,194
1088.1,193
1088.2,193
1088.3,193
1088.4,192
1088.5,192
1088.6,192
1088.7,192
1088.8,192
1088.9,193
1089,193
1089.1,193
1089.2,194
1089.3,194
1089.4,194
1089.5,194
1089.6,194
1089.7,193
1089.8,193
1089.9,193
1090,193
1090.1,192
1090.2,192
1090.3,192
1090.4,192
1090.5,192
1090.6,193
1090.7,193
1090.8,193
1090.9,194
1091,194
1091.1,194
1091.2,194
1091.3,194
1091.4,193
1091.5,193
1091.6,193
1091.7,192
1091.8,192
1091.9,192
1092,192
1092.1,192
1092.2,192
1092.3,193
1092.4,193
1092.5,194
1092.6,194
1092.7,194
1092.8,194
1092.9,194
1093,193
1093.1,193
1093.2,193
1093.3,193
1093.4,192
1093.5,192
1093.6,192
1093.7,192
1093.8,192
1093.9,193
1094,193
1094.1,193
1094.2,194
1094.3,194
1094.4,194
1094.5,194
1094.6,194
1094.7,193
1094.8,193
1094.9,193
1095,192
1095.1,192
1095.2,192
1095.3,192
1095.4,192
1095.5,192
1095.6,193
1095.7,193
1095.8,194
1095.9,194
1096,194
1096.1,194
1096.2,194
1096.3,194
1096.4,193
1096.5,193
1096.6,193
1096.7,192
1096.8,192
1096.9,192
1097,192
1097.1,192
1097.2,192
1097.3,193
1097.4,193
1097.5,194
1097.6,194
1097.7,194
1097.8,193
1097.9,193
1098,193
1098.1,193
1098.2,193
1098.3,193
1098.4,193
1098.5,192
1098.6,192
1098.7,192
1098.8,192
1098.9,193
1099,193
1099.1,193
1099.2,194
1099.3,194
1099.4,194
1099.5,194
1099.6,193
1099.7,193
1099.8,193
1099.9,193
1100,192
1100.1,192
1100.2,192
1100.3,192
1100.4,192
1100.5,193
1100.6,193
1100.7,193
1100.8,194
1100.9,194
1101,194
1101.1,194
1101.2,194
1101.3,193
1101.4,193
1101.5,193
1101.6,193
1101.7,192
1101.8,192
1101.9,192
1102,192
1102.1,192
1102.2,193
1102.3,193
1102.4,194
1102.5,194
1102.6,194
1102.7,194
1102.8,194
1102.9,193
1103,193
1103.1,193
1103.2,193
1103.3,192
1103.4,192
1103.5,192
1103.6,192
1103.7,192
1103.8,193
1103.9,193
1104,193
1104.1,193
1104.2,194
1104.3,194
1104.4,194
1104.5,194
1104.6,194
1104.7,193
1104.8,193
1104.9,193
1105,193
1105.1,192
1105.2,192
1105.3,192
1105.4,192
1105.5,192
1105.6,193
1105.7,193
1105.8,194
1105.9,194
1106,194
1106.1,194
1106.2,194
1106.3,193
1106.4,193
1106.5,193
1106.6,193
1106.7,192
1106.8,192
1106.9,192
1107,192
1107.1,192
1107.2,192
1107.3,193
1107.4,193
1107.5,194
1107.6,194
1107.7,194
1107.8,194
1107.9,193
1108,193
1108.1,193
1108.2,193
1108.3,193
1108.4,192
1108.5,192
1108.6,192
1108.7,192
1108.8,192
1108.9,192
1109,193
1109.1,193
1109.2,194
1109.3,194
1109.4,194
1109.5,194
1109.6,193
1109.7,192
1109.8,190
1109.9,187
1110,184
1110.1,181
1110.2,178
1110.3,175
1110.4,172
1110.5,170
1110.6,167
1110.7,165
1110.8,162
1110.9,160
1111,157
1111.1,154
1111.2,151
1111.3,148
1111.4,145
1111.5,142
1111.6,139
1111.7,136
1111.8,133
1111.9,130
1112,127
1112.1,125
1112.2,123
1112.3,121
1112.4,118
1112.5,116
1112.6,114
1112.7,111
1112.8,108
1112.9,106
1113,103
1113.1,100
1113.2,98
1113.3,95
1113.4,92
1113.5,89
1113.6,87
1113.7,84
1113.8,82
1113.9,80
1114,78
1114.1,76
1114.2,74
1114.3,72
1114.4,69
1114.5,67
1114.6,64
1114.7,62
1114.8,59
1114.9,56
1115,54
1115.1,51
1115.2,49
1115.3,47
1115.4,45
1115.5,43
1115.6,41
1115.7,39
1115.8,37
1115.9,35
1116,33
1116.1,31
1116.2,28
1116.3,26
1116.4,23
1116.5,21
1116.6,18
1116.7,16
1116.8,14
1116.9,12
1117,10
1117.1,8
1117.2,6
1117.3,4
1117.4,3
1117.5,1
1117.6,255
1117.7,253
1117.8,250
1117.9,248
1118,246
1118.1,244
1118.2,241
1118.3,239
1118.4,237
1118.5,234
1118.6,232
1118.7,230
1118.8,229
1118.9,227
1119,225
1119.1,223
1119.2,222
1119.3,220
1119.4,218
1119.5,216
1119.6,214
1119.7,212
1119.8,209
1119.9,207
1120,205
1120.1,203
1120.2,201
1120.3,199
1120.4,197
1120.5,196
1120.6,194
1120.7,193
1120.8,191
1120.9,189
1121,188
1121.1,186
1121.2,184
1121.3,181
1121.4,179
1121.5,177
1121.6,175
1121.7,173
1121.8,171
1121.9,169
1122,168
1122.1,166
1122.2,165
1122.3,163
1122.4,162
1122.5,160
1122.6,159
1122.7,157
1122.8,155
1122.9,153
1123,151
1123.1,149
1123.2,147
1123.3,145
1123.4,143
1123.5,141
1123.6,139
1123.7,138
1123.8,136
1123.9,135
1124,134
1124.1,132
1124.2,131
1124.3,129
1124.4,128
1124.5,126
1124.6,124
1124.7,122
1124.8,119
1124.9,118
1125,116
1125.1,114
1125.2,112
1125.3,111
1125.4,109
1125.5,108
1125.6,106
1125.7,105
1125.8,104
1125.9,102
1126,101
1126.1,99
1126.2,97
1126.3,96
1126.4,94
1126.5,92
1126.6,90
1126.7,88
1126.8,86
1126.9,85
1127,83
1127.1,82
1127.2,80
1127.3,79
1127.4,78
1127.5,77
1127.6,75
1127.7,74
1127.8,72
1127.9,70
1128,69
1128.1,67
1128.2,65
1128.3,63
1128.4,61
1128.5,60
1128.6,58
1128.7,57
1128.8,55
1128.9,54
1129,53
1129.1,52
1129.2,51
1129.3,49
1129.4,48
1129.5,46
1129.6,44
1129.7,43
1129.8,41
1129.9,39
1130,38
1130.1,38
1130.2,44
1130.3,47
1130.4,47
1130.5,46
1130.6,45
1130.7,44
1130.8,42
1130.9,41
1131,39
1131.1,38
1131.2,36
1131.3,39
1131.4,42
1131.5,44
1131.6,46
1131.7,48
1131.8,48
1131.9,48
1132,46
1132.1,45
1132.2,44
1132.3,41
1132.4,39
1132.5,39
1132.6,38
1132.7,37
1132.8,38
1132.9,40
1133,41
1133.1,43
1133.2,46
1133.3,48
1133.4,49
1133.5,50
1133.6,49
1133.7,47
1133.8,45
1133.9,44
1134,42
1134.1,40
1134.2,39
1134.3,38
1134.4,38
1134.5,40
1134.6,41
1134.7,43
1134.8,45
1134.9,48
1135,49
1135.1,50
1135.2,50
1135.3,48
1135.4,47
1135.5,45
1135.6,43
1135.7,40
1135.8,39
1135.9,38
1136,37
1136.1,37
1136.2,39
1136.3,41
1136.4,42
1136.5,44
1136.6,47
1136.7,48
1136.8,48
1136.9,48
1137,46
1137.1,44
1137.2,42
1137.3,40
1137.4,38
1137.5,37
1137.6,35
1137.7,34
1137.8,35
1137.9,37
1138,38
1138.1,40
1138.2,42
1138.3,44
1138.4,45
1138.5,45
1138.6,44
1138.7,42
1138.8,40
1138.9,38
1139,35
1139.1,34
1139.2,33
1139.3,32
1139.4,32
1139.5,33
1139.6,34
1139.7,36
1139.8,38
1139.9,40
1140,41
1140.1,42
1140.2,42
1140.3,40
1140.4,38
1140.5,36
1140.6,34
1140.7,32
1140.8,31
1140.9,30
1141,30
1141.1,31
1141.2,32
1141.3,34
1141.4,36
1141.5,38
1141.6,40
1141.7,41
1141.8,42
1141.9,41
1142,39
1142.1,38
1142.2,36
1142.3,34
1142.4,32
1142.5,32
1142.6,31
1142.7,30
1142.8,31
1142.9,33
1143,34
1143.1,36
1143.2,39
1143.3,41
1143.4,42
1143.5,42
1143.6,40
1143.7,39
1143.8,37
1143.9,35
1144,32
1144.1,31
1144.2,30
1144.3,29
1144.4,29
1144.5,30
1144.6,32
1144.7,33
1144.8,35
1144.9,38
1145,39
1145.1,40
1145.2,40
1145.3,38
1145.4,36
1145.5,34
1145.6,32
1145.7,30
1145.8,29
1145.9,27
1146,26
1146.1,27
1146.2,28
1146.3,30
1146.4,32
1146.5,34
1146.6,36
1146.7,38
1146.8,38
1146.9,37
1147,35
1147.1,33
1147.2,31
1147.3,29
1147.4,27
1147.5,26
1147.6,25
1147.7,25
1147.8,26
1147.9,27
1148,29
1148.1,31
1148.2,33
1148.3,35
1148.4,36
1148.5,36
1148.6,35
1148.7,33
1148.8,32
1148.9,29
1149,27
1149.1,25
1149.2,25
1149.3,24
1149.4,24
1149.5,26
1149.6,28
1149.7,29
1149.8,32
1149.9,34
1150,35
1150.1,36
1150.2,35
1150.3,33
1150.4,32
1150.5,30
1150.6,28
1150.7,26
1150.8,25
1150.9,24
1151,23
1151.1,24
1151.2,26
1151.3,28
1151.4,29
1151.5,32
1151.6,34
1151.7,35
1151.8,35
1151.9,34
1152,32
1152.1,30
1152.2,29
1152.3,26
1152.4,25
1152.5,24
1152.6,23
1152.7,22
1152.8,24
1152.9,25
1153,27
1153.1,29
1153.2,31
1153.3,32
1153.4,33
1153.5,33
1153.6,32
1153.7,30
1153.8,28
1153.9,26
1154,24
1154.1,22
1154.2,21
1154.3,20
1154.4,21
1154.5,22
1154.6,24
1154.7,25
1154.8,27
1154.9,29
1155,31
1155.1,32
1155.2,32
1155.3,30
1155.4,28
1155.5,26
1155.6,24
1155.7,22
1155.8,21
1155.9,20
1156,19
1156.1,20
1156.2,22
1156.3,24
1156.4,25
1156.5,28
1156.6,29
1156.7,31
1156.8,31
1156.9,30
1157,28
1157.1,26
1157.2,24
1157.3,22
1157.4,21
1157.5,20
1157.6,18
1157.7,18
1157.8,20
1157.9,22
1158,23
1158.1,25
1158.2,28
1158.3,29
1158.4,30
1158.5,30
1158.6,28
1158.7,26
1158.8,25
1158.9,22
1159,20
1159.1,19
1159.2,18
1159.3,17
1159.4,18
1159.5,19
1159.6,21
1159.7,23
1159.8,25
1159.9,28
1160,29
1160.1,30
1160.2,28
1160.3,26
1160.4,25
1160.5,23
1160.6,20
1160.7,18
1160.8,18
1160.9,17
1161,16
1161.1,17
1161.2,19
1161.3,20
1161.4,22
1161.5,25
1161.6,27
1161.7,28
1161.8,28
1161.9,26
1162,25
1162.1,23
1162.2,21
1162.3,18
1162.4,17
1162.5,16
1162.6,15
1162.7,15
1162.8,16
1162.9,18
1163,20
1163.1,22
1163.2,24
1163.3,26
1163.4,27
1163.5,27
1163.6,25
1163.7,23
1163.8,21
1163.9,19
1164,17
1164.1,16
1164.2,15
1164.3,14
1164.4,14
1164.5,16
1164.6,18
1164.7,20
1164.8,22
1164.9,24
1165,26
1165.1,26
1165.2,25
1165.3,24
1165.4,22
1165.5,20
1165.6,17
1165.7,16
1165.8,15
1165.9,14
1166,13
1166.1,15
1166.2,16
1166.3,18
1166.4,20
1166.5,23
1166.6,24
1166.7,26
1166.8,26
1166.9,24
1167,22
1167.1,20
1167.2,18
1167.3,16
1167.4,15
1167.5,14
1167.6,13
1167.7,13
1167.8,14
1167.9,16
1168,18
1168.1,20
1168.2,22
1168.3,24
1168.4,25
1168.5,24
1168.6,22
1168.7,21
1168.8,19
1168.9,17
1169,15
1169.1,14
1169.2,13
1169.3,12
1169.4,13
1169.5,14
1169.6,16
1169.7,17
1169.8,19
1169.9,22
1170,23
1170.1,23
1170.2,22
1170.3,21
1170.4,19
1170.5,17
1170.6,15
1170.7,13
1170.8,12
1170.9,10
1171,10
1171.1,12
1171.2,13
1171.3,15
1171.4,17
1171.5,19
1171.6,21
1171.7,23
1171.8,22
1171.9,20
1172,19
1172.1,17
1172.2,15
1172.3,13
1172.4,12
1172.5,11
1172.6,10
1172.7,10
1172.8,12
1172.9,13
1173,15
1173.1,17
1173.2,20
1173.3,21
1173.4,22
1173.5,21
1173.6,19
1173.7,18
1173.8,16
1173.9,14
1174,12
1174.1,11
1174.2,10
1174.3,9
1174.4,10
1174.5,11
1174.6,13
1174.7,15
1174.8,17
1174.9,19
1175,20
1175.1,21
1175.2,20
1175.3,18
1175.4,16
1175.5,14
1175.6,12
1175.7,10
1175.8,9
1175.9,8
1176,8
1176.1,9
1176.2,11
1176.3,12
1176.4,14
1176.5,16
1176.6,18
1176.7,19
1176.8,19
1176.9,17
1177,15
1177.1,13
1177.2,11
1177.3,9
1177.4,8
1177.5,7
1177.6,6
1177.7,6
1177.8,8
1177.9,10
1178,12
1178.1,14
1178.2,16
1178.3,17
1178.4,18
1178.5,17
1178.6,16
1178.7,14
1178.8,12
1178.9,9
1179,7
1179.1,7
1179.2,6
1179.3,5
1179.4,6
1179.5,8
1179.6,10
1179.7,12
1179.8,14
1179.9,16
1180,17
1180.1,17
1180.2,16
1180.3,14
1180.4,13
1180.5,11
1180.6,8
1180.7,7
1180.8,6
1180.9,5
1181,5
1181.1,7
1181.2,8
1181.3,10
1181.4,12
1181.5,15
1181.6,16
1181.7,17
1181.8,17
1181.9,15
1182,14
1182.1,12
1182.2,10
1182.3,8
1182.4,7
1182.5,6
1182.6,5
1182.7,5
1182.8,7
1182.9,9
1183,11
1183.1,13
1183.2,15
1183.3,16
1183.4,17
1183.5,16
1183.6,14
1183.7,13
1183.8,11
1183.9,8
1184,7
1184.1,6
1184.2,5
1184.3,5
1184.4,6
1184.5,7
1184.6,9
1184.7,11
1184.8,13
1184.9,15
1185,16
1185.1,16
1185.2,15
1185.3,13
1185.4,11
1185.5,9
1185.6,7
1185.7,6
1185.8,5
1185.9,4
1186,4
1186.1,6
1186.2,7
1186.3,9
1186.4,11
1186.5,13
1186.6,15
1186.7,16
1186.8,16
1186.9,14
1187,13
1187.1,11
1187.2,8
1187.3,6
1187.4,5
1187.5,4
1187.6,4
1187.7,5
1187.8,6
1187.9,8
1188,10
1188.1,12
1188.2,14
1188.3,16
1188.4,16
1188.5,15
1188.6,13
1188.7,11
1188.8,9
1188.9,7
1189,6
1189.1,5
1189.2,4
1189.3,4
1189.4,5
1189.5,7
1189.6,8
1189.7,10
1189.8,12
1189.9,14
1190,15
1190.1,15
1190.2,14
1190.3,12
1190.4,10
1190.5,8
1190.6,6
1190.7,5
1190.8,4
1190.9,3
1191,3
1191.1,5
1191.2,6
1191.3,8
1191.4,10
1191.5,12
1191.6,14
1191.7,15
1191.8,14
1191.9,13
1192,11
1192.1,9
1192.2,7
1192.3,5
1192.4,4
1192.5,3
1192.6,2
1192.7,3
1192.8,5
1192.9,7
1193,8
1193.1,11
1193.2,13
1193.3,14
1193.4,14
1193.5,13
1193.6,12
1193.7,10
1193.8,8
1193.9,5
1194,4
1194.1,3
1194.2,3
1194.3,2
1194.4,4
1194.5,6
1194.6,7
1194.7,9
1194.8,12
1194.9,13
1195,14
1195.1,14
1195.2,13
1195.3,11
1195.4,9
1195.5,7
1195.6,4
1195.7,4
1195.8,3
1195.9,2
1196,2
1196.1,4
1196.2,6
1196.3,8
1196.4,10
1196.5,12
1196.6,13
1196.7,14
1196.8,13
1196.9,11
1197,9
1197.1,7
1197.2,5
1197.3,3
1197.4,2
1197.5,2
1197.6,1
1197.7,2
1197.8,4
1197.9,5
1198,7
1198.1,10
1198.2,11
1198.3,13
1198.4,13
1198.5,12
1198.6,10
1198.7,8
1198.8,6
1198.9,4
1199,2
1199.1,2
1199.2,0
1199.3,1
1199.4,2
1199.5,4
1199.6,6
1199.7,8
1199.8,10
1199.9,12
1200,12
1200.1,12
1200.2,10
1200.3,9
1200.4,7
1200.5,5
1200.6,3
1200.7,1
1200.8,1
1200.9,0
1201,1
1201.1,2
1201.2,4
1201.3,6
1201.4,8
1201.5,10
1201.6,12
1201.7,12
1201.8,12
1201.9,10
1202,8
1202.1,6
1202.2,4
1202.3,2
1202.4,1
1202.5,0
1202.6,0
1202.7,1
1202.8,3
1202.9,5
1203,7
1203.1,9
1203.2,11
1203.3,12
1203.4,12
1203.5,11
1203.6,9
1203.7,7
1203.8,5
1203.9,3
1204,2
1204.1,1
1204.2,0
1204.3,0
1204.4,1
1204.5,3
1204.6,5
1204.7,7
1204.8,9
1204.9,11
1205,11
1205.1,11
1205.2,9
1205.3,8
1205.4,6
1205.5,4
1205.6,2
1205.7,1
1205.8,0
1205.9,255
1206,0
1206.1,2
1206.2,3
1206.3,5
1206.4,7
1206.5,9
1206.6,11
1206.7,11
1206.8,10
1206.9,8
1207,7
1207.1,5
1207.2,2
1207.3,1
1207.4,0
1207.5,255
1207.6,254
1207.7,0
1207.8,2
1207.9,4
1208,6
1208.1,8
1208.2,10
1208.3,11
1208.4,11
1208.5,9
1208.6,7
1208.7,5
1208.8,3
1208.9,1
1209,0
1209.1,255
1209.2,254
1209.3,255
1209.4,1
1209.5,2
1209.6,4
1209.7,6
1209.8,8
1209.9,10
1210,11
1210.1,10
1210.2,9
1210.3,7
1210.4,5
1210.5,3
1210.6,1
1210.7,1
1210.8,255
1210.9,255
1211,0
1211.1,2
1211.2,4
1211.3,5
1211.4,8
1211.5,10
1211.6,11
1211.7,12
1211.8,11
1211.9,9
1212,7
1212.1,6
1212.2,3
1212.3,2
1212.4,1
1212.5,0
1212.6,0
1212.7,2
1212.8,3
1212.9,5
1213,7
1213.1,9
1213.2,11
1213.3,12
1213.4,12
1213.5,10
1213.6,8
1213.7,6
1213.8,4
1213.9,2
1214,1
1214.1,0
1214.2,0
1214.3,0
1214.4,2
1214.5,4
1214.6,5
1214.7,8
1214.8,10
1214.9,11
1215,12
1215.1,11
1215.2,9
1215.3,8
1215.4,6
1215.5,4
1215.6,2
1215.7,1
1215.8,0
1215.9,0
1216,1
1216.1,2
1216.2,4
1216.3,5
1216.4,8
1216.5,10
1216.6,11
1216.7,11
1216.8,10
1216.9,8
1217,7
1217.1,5
1217.2,2
1217.3,1
1217.4,0
1217.5,255
1217.6,255
1217.7,1
1217.8,3
1217.9,4
1218,6
1218.1,8
1218.2,10
1218.3,11
1218.4,11
1218.5,9
1218.6,8
1218.7,6
1218.8,4
1218.9,1
1219,0
1219.1,255
1219.2,254
1219.3,255
1219.4,1
1219.5,3
1219.6,4
1219.7,7
1219.8,9
1219.9,10
1220,10
1220.1,10
1220.2,8
1220.3,7
1220.4,5
1220.5,2
1220.6,1
1220.7,0
1220.8,254
1220.9,254
1221,255
1221.1,1
1221.2,3
1221.3,4
1221.4,7
1221.5,9
1221.6,10
1221.7,10
1221.8,9
1221.9,7
1222,5
1222.1,3
1222.2,1
1222.3,0
1222.4,254
1222.5,254
1222.6,254
1222.7,255
1222.8,1
1222.9,3
1223,5
1223.1,7
1223.2,9
1223.3,9
1223.4,9
1223.5,7
1223.6,6
1223.7,4
1223.8,2
1223.9,0
1224,254
1224.1,253
1224.2,253
1224.3,253
1224.4,255
1224.5,1
1224.6,3
1224.7,5
1224.8,7
1224.9,8
1225,9
1225.1,8
1225.2,6
1225.3,4
1225.4,3
1225.5,1
1225.6,255
1225.7,254
1225.8,253
1225.9,252
1226,254
1226.1,0
1226.2,2
1226.3,4
1226.4,6
1226.5,8
1226.6,9
1226.7,9
1226.8,7
1226.9,6
1227,4
1227.1,2
1227.2,255
1227.3,254
1227.4,253
1227.5,252
1227.6,252
1227.7,254
1227.8,0
1227.9,2
1228,4
1228.1,6
1228.2,8
1228.3,8
1228.4,8
1228.5,6
1228.6,5
1228.7,3
1228.8,1
1228.9,254
1229,253
1229.1,252
1229.2,252
1229.3,252
1229.4,254
1229.5,0
1229.6,2
1229.7,4
1229.8,6
1229.9,7
1230,8
1230.1,7
1230.2,5
1230.3,3
1230.4,2
1230.5,255
1230.6,253
1230.7,252
1230.8,252
1230.9,251
1231,253
1231.1,254
1231.2,0
1231.3,2
1231.4,4
1231.5,6
1231.6,7
1231.7,7
1231.8,5
1231.9,4
1232,2
1232.1,0
1232.2,253
1232.3,252
1232.4,252
1232.5,251
1232.6,251
1232.7,253
1232.8,255
1232.9,0
1233,3
1233.1,5
1233.2,6
1233.3,7
1233.4,6
1233.5,4
1233.6,3
1233.7,1
1233.8,255
1233.9,253
1234,252
1234.1,251
1234.2,251
1234.3,251
1234.4,253
1234.5,255
1234.6,1
1234.7,3
1234.8,5
1234.9,6
1235,6
1235.1,5
1235.2,3
1235.3,2
1235.4,0
1235.5,253
1235.6,252
1235.7,251
1235.8,250
1235.9,250
1236,251
1236.1,253
1236.2,255
1236.3,1
1236.4,3
1236.5,5
1236.6,6
1236.7,5
1236.8,4
1236.9,2
1237,0
1237.1,254
1237.2,252
1237.3,251
1237.4,250
1237.5,249
1237.6,250
1237.7,251
1237.8,253
1237.9,255
1238,1
1238.1,4
1238.2,5
1238.3,5
1238.4,5
1238.5,3
1238.6,2
1238.7,0
1238.8,253
1238.9,251
1239,251
1239.1,250
1239.2,249
1239.3,250
1239.4,252
1239.5,254
1239.6,0
1239.7,2
1239.8,4
1239.9,5
1240,5
1240.1,4
1240.2,2
1240.3,1
1240.4,254
1240.5,252
1240.6,251
1240.7,250
1240.8,249
1240.9,249
1241,251
1241.1,252
1241.2,254
1241.3,1
1241.4,3
1241.5,5
1241.6,6
1241.7,6
1241.8,4
1241.9,2
1242,0
1242.1,254
1242.2,252
1242.3,251
1242.4,250
1242.5,249
1242.6,250
1242.7,251
1242.8,253
1242.9,254
1243,1
1243.1,3
1243.2,5
1243.3,5
1243.4,4
1243.5,2
1243.6,1
1243.7,255
1243.8,252
1243.9,250
1244,250
1244.1,249
1244.2,248
1244.3,249
1244.4,251
1244.5,253
1244.6,255
1244.7,1
1244.8,3
1244.9,4
1245,4
1245.1,3
1245.2,1
1245.3,0
1245.4,254
1245.5,251
1245.6,250
1245.7,249
1245.8,249
1245.9,249
1246,250
1246.1,252
1246.2,253
1246.3,0
1246.4,2
1246.5,4
1246.6,4
1246.7,4
1246.8,2
1246.9,1
1247,255
1247.1,253
1247.2,251
1247.3,250
1247.4,249
1247.5,248
1247.6,249
1247.7,251
1247.8,252
1247.9,254
1248,1
1248.1,3
1248.2,4
1248.3,4
1248.4,3
1248.5,2
1248.6,0
1248.7,254
1248.8,251
1248.9,250
1249,249
1249.1,248
1249.2,248
1249.3,249
1249.4,251
1249.5,253
1249.6,255
1249.7,2
1249.8,3
1249.9,4
1250,4
1250.1,3
1250.2,1
1250.3,255
1250.4,253
1250.5,251
1250.6,250
1250.7,249
1250.8,248
1250.9,248
1251,250
1251.1,252
1251.2,253
1251.3,0
1251.4,2
1251.5,4
1251.6,4
1251.7,4
1251.8,2
1251.9,0
1252,254
1252.1,252
1252.2,250
1252.3,249
1252.4,248
1252.5,247
1252.6,249
1252.7,250
1252.8,252
1252.9,253
1253,0
1253.1,2
1253.2,3
1253.3,3
1253.4,2
1253.5,0
1253.6,254
1253.7,252
1253.8,249
1253.9,248
1254,247
1254.1,246
1254.2,246
1254.3,247
1254.4,249
1254.5,251
1254.6,253
1254.7,255
1254.8,1
1254.9,2
1255,2
1255.1,0
1255.2,254
1255.3,252
1255.4,250
1255.5,247
1255.6,246
1255.7,245
1255.8,245
1255.9,245
1256,247
1256.1,248
1256.2,250
1256.3,252
1256.4,254
1256.5,0
1256.6,0
1256.7,0
1256.8,254
1256.9,252
1257,250
1257.1,248
1257.2,246
1257.3,245
1257.4,244
1257.5,244
1257.6,245
1257.7,246
1257.8,248
1257.9,250
1258,252
1258.1,254
1258.2,255
1258.3,0
1258.4,254
1258.5,252
1258.6,251
1258.7,249
1258.8,247
1258.9,245
1259,245
1259.1,244
1259.2,244
1259.3,245
1259.4,247
1259.5,249
1259.6,251
1259.7,253
1259.8,254
1259.9,255
1260,255
1260.1,253
1260.2,251
1260.3,250
1260.4,247
1260.5,245
1260.6,244
1260.7,243
1260.8,243
1260.9,243
1261,245
1261.1,246
1261.2,248
1261.3,250
1261.4,252
1261.5,253
1261.6,253
1261.7,252
1261.8,250
1261.9,249
1262,247
1262.1,244
1262.2,242
1262.3,241
1262.4,240
1262.5,239
1262.6,240
1262.7,242
1262.8,243
1262.9,245
1263,247
1263.1,248
1263.2,249
1263.3,249
1263.4,247
1263.5,245
1263.6,243
1263.7,240
1263.8,238
1263.9,236
1264,235
1264.1,234
1264.2,234
1264.3,236
1264.4,237
1264.5,238
1264.6,240
1264.7,242
1264.8,243
1264.9,243
1265,243
1265.1,241
1265.2,239
1265.3,237
1265.4,235
1265.5,233
1265.6,231
1265.7,230
1265.8,230
1265.9,230
1266,232
1266.1,234
1266.2,235
1266.3,237
1266.4,239
1266.5,240
1266.6,240
1266.7,239
1266.8,237
1266.9,236
1267,234
1267.1,231
1267.2,230
1267.3,229
1267.4,228
1267.5,228
1267.6,230
1267.7,231
1267.8,233
1267.9,235
1268,237
1268.1,239
1268.2,240
1268.3,240
1268.4,238
1268.5,237
1268.6,235
1268.7,233
1268.8,231
1268.9,230
1269,229
1269.1,228
1269.2,229
1269.3,231
1269.4,232
1269.5,234
1269.6,236
1269.7,238
1269.8,239
1269.9,240
1270,239
1270.1,238
1270.2,236
1270.3,234
1270.4,232
1270.5,230
1270.6,229
1270.7,228
1270.8,228
1270.9,229
1271,231
1271.1,232
1271.2,234
1271.3,236
1271.4,238
1271.5,239
1271.6,239
1271.7,238
1271.8,237
1271.9,233
1272,229
1272.1,226
1272.2,225
1272.3,224
1272.4,223
1272.5,223
1272.6,224
1272.7,226
1272.8,227
1272.9,229
1273,231
1273.1,233
1273.2,234
1273.3,233
1273.4,232
1273.5,230
1273.6,228
1273.7,226
1273.8,224
1273.9,223
1274,222
1274.1,221
1274.2,222
1274.3,223
1274.4,225
1274.5,227
1274.6,229
1274.7,228
1274.8,228
1274.9,230
1275,242
1275.1,8
1275.2,37
1275.3,68
1275.4,100
1275.5,132
1275.6,164
1275.7,194
1275.8,224
1275.9,252
1276,24
1276.1,51
1276.2,77
1276.3,103
1276.4,128
1276.5,153
1276.6,172
1276.7,182
1276.8,188
1276.9,191
1277,192
1277.1,193
1277.2,193
1277.3,193
1277.4,194
1277.5,194
1277.6,194
1277.7,193
1277.8,193
1277.9,193
1278,192
1278.1,192
1278.2,192
1278.3,191
1278.4,191
1278.5,192
1278.6,192
1278.7,193
1278.8,193
1278.9,194
1279,194
1279.1,194
1279.2,194
1279.3,193
1279.4,193
1279.5,193
1279.6,193
1279.7,192
1279.8,192
1279.9,192
1280,192
1280.1,192
1280.2,192
1280.3,193
1280.4,193
1280.5,194
1280.6,194
1280.7,194
1280.8,194
1280.9,193
1281,193
1281.1,193
1281.2,193
1281.3,193
1281.4,192
1281.5,191
1281.6,191
1281.7,192
1281.8,192
1281.9,192
1282,193
1282.1,193
1282.2,194
1282.3,194
1282.4,194
1282.5,193
1282.6,193
1282.7,193
1282.8,193
1282.9,192
1283,192
1283.1,192
1283.2,192
1283.3,192
1283.4,192
1283.5,192
1283.6,192
1283.7,193
1283.8,193
1283.9,194
1284,194
1284.1,194
1284.2,194
1284.3,193
1284.4,193
1284.5,193
1284.6,192
1284.7,192
1284.8,192
1284.9,192
1285,192
1285.1,192
1285.2,192
1285.3,193
1285.4,193
1285.5,193
1285.6,194
1285.7,194
1285.8,194
1285.9,194
1286,193
1286.1,193
1286.2,193
1286.3,193
1286.4,192
1286.5,192
1286.6,192
1286.7,192
1286.8,192
1286.9,193
1287,193
1287.1,193
1287.2,194
1287.3,194
1287.4,194
1287.5,194
1287.6,194
1287.7,193
1287.8,193
1287.9,192
1288,192
1288.1,192
1288.2,192
1288.3,192
1288.4,192
1288.5,192
1288.6,193
1288.7,193
1288.8,193
1288.9,194
1289,194
1289.1,194
1289.2,194
1289.3,193
1289.4,193
1289.5,193
1289.6,193
1289.7,193
1289.8,192
1289.9,192
1290,192
1290.1,192
1290.2,192
1290.3,193
1290.4,193
1290.5,194
1290.6,194
1290.7,194
1290.8,194
1290.9,194
1291,193
1291.1,193
1291.2,193
1291.3,192
1291.4,192
1291.5,192
1291.6,192
1291.7,192
1291.8,192
1291.9,193
1292,193
1292.1,193
1292.2,193
1292.3,194
1292.4,194
1292.5,194
1292.6,194
1292.7,193
1292.8,193
1292.9,193
1293,192
1293.1,192
1293.2,192
1293.3,192
1293.4,192
1293.5,192
1293.6,193
1293.7,193
1293.8,194
1293.9,194
1294,194
1294.1,194
1294.2,193
1294.3,193
1294.4,193
1294.5,193
1294.6,193
1294.7,192
1294.8,192
1294.9,192
1295,192
1295.1,192
1295.2,192
1295.3,193
1295.4,193
1295.5,194
1295.6,194
1295.7,194
1295.8,194
1295.9,193
1296,193
1296.1,193
1296.2,193
1296.3,192
1296.4,192
1296.5,192
1296.6,192
1296.7,192
1296.8,192
1296.9,193
1297,193
1297.1,193
1297.2,194
1297.3,194
1297.4,194
1297.5,194
1297.6,193
1297.7,193
1297.8,193
1297.9,192
1298,192
1298.1,192
1298.2,192
1298.3,192
1298.4,192
1298.5,192
1298.6,193
1298.7,193
1298.8,194
1298.9,194
1299,194
1299.1,194
1299.2,193
1299.3,193
1299.4,193
1299.5,193
1299.6,193
1299.7,192
1299.8,192
1299.9,192
1300,192
1300.1,192
1300.2,192
1300.3,193
1300.4,193
1300.5,194
1300.6,194
1300.7,194
1300.8,194
1300.9,194
1301,193
1301.1,193
1301.2,193
1301.3,192
1301.4,192
1301.5,192
1301.6,192
1301.7,192
1301.8,192
1301.9,192
1302,193
1302.1,193
1302.2,194
1302.3,194
1302.4,194
1302.5,194
1302.6,193
1302.7,193
1302.8,193
1302.9,193
1303,192
1303.1,192
1303.2,191
1303.3,192
1303.4,192
1303.5,193
1303.6,193
1303.7,193
1303.8,194
1303.9,194
1304,194
1304.1,194
1304.2,193
1304.3,193
1304.4,193
1304.5,193
1304.6,192
1304.7,192
1304.8,192
1304.9,192
1305,192
1305.1,192
1305.2,192
1305.3,193
1305.4,193
1305.5,194
1305.6,194
1305.7,194
1305.8,194
1305.9,193
1306,193
1306.1,193
1306.2,193
1306.3,192
1306.4,192
1306.5,192
1306.6,192
1306.7,192
1306.8,193
1306.9,193
1307,193
1307.1,193
1307.2,194
1307.3,194
1307.4,194
1307.5,194
1307.6,193
1307.7,193
1307.8,193
1307.9,192
1308,192
1308.1,192
1308.2,192
1308.3,192
1308.4,192
1308.5,192
1308.6,193
1308.7,193
1308.8,194
1308.9,194
1309,194
1309.1,194
1309.2,194
1309.3,193
1309.4,193
1309.5,193
1309.6,192
1309.7,192
1309.8,192
1309.9,192
1310,192
1310.1,192
1310.2,192
1310.3,193
1310.4,193
1310.5,194
1310.6,194
1310.7,194
1310.8,194
1310.9,193
1311,193
1311.1,193
1311.2,193
1311.3,192
1311.4,192
1311.5,192
1311.6,192
1311.7,192
1311.8,192
1311.9,193
1312,193
1312.1,193
1312.2,194
1312.3,194
1312.4,194
1312.5,194
1312.6,193
1312.7,193
1312.8,193
1312.9,192
1313,192
1313.1,192
1313.2,191
1313.3,192
1313.4,192
1313.5,192
1313.6,193
1313.7,193
1313.8,194
1313.9,194
1314,194
1314.1,194
1314.2,194
1314.3,193
1314.4,193
1314.5,193
1314.6,192
1314.7,192
1314.8,192
1314.9,192
1315,192
1315.1,192
1315.2,193
1315.3,193
1315.4,193
1315.5,194
1315.6,194
1315.7,194
1315.8,194
1315.9,193
1316,193
1316.1,193
1316.2,193
1316.3,192
1316.4,192
1316.5,192
1316.6,191
1316.7,190
1316.8,188
1316.9,185
1317,183
1317.1,181
1317.2,178
1317.3,176
1317.4,173
1317.5,170
1317.6,167
1317.7,164
1317.8,161
1317.9,158
1318,155
1318.1,152
1318.2,149
1318.3,146
1318.4,144
1318.5,142
1318.6,139
1318.7,137
1318.8,135
1318.9,132
1319,130
1319.1,127
1319.2,124
1319.3,122
1319.4,119
1319.5,116
1319.6,113
1319.7,110
1319.8,108
1319.9,105
1320,103
1320.1,100
1320.2,98
1320.3,96
1320.4,94
1320.5,92
1320.6,90
1320.7,87
1320.8,84
1320.9,82
1321,79
1321.1,77
1321.2,74
1321.3,71
1321.4,69
1321.5,66
1321.6,64
1321.7,62
1321.8,60
1321.9,58
1322,56
1322.1,54
1322.2,52
1322.3,49
1322.4,47
1322.5,45
1322.6,42
1322.7,40
1322.8,37
1322.9,35
1323,32
1323.1,30
1323.2,28
1323.3,25
1323.4,23
1323.5,21
1323.6,19
1323.7,18
1323.8,16
1323.9,14
1324,12
1324.1,9
1324.2,7
1324.3,5
1324.4,2
1324.5,0
1324.6,253
1324.7,251
1324.8,249
1324.9,247
1325,245
1325.1,243
1325.2,241
1325.3,239
1325.4,238
1325.5,236
1325.6,234
1325.7,232
1325.8,230
1325.9,228
1326,225
1326.1,223
1326.2,221
1326.3,218
1326.4,216
1326.5,214
1326.6,212
1326.7,210
1326.8,208
1326.9,207
1327,205
1327.1,204
1327.2,202
1327.3,200
1327.4,198
1327.5,196
1327.6,194
1327.7,191
1327.8,189
1327.9,187
1328,185
1328.1,183
1328.2,181
1328.3,179
1328.4,177
1328.5,175
1328.6,174
1328.7,173
1328.8,171
1328.9,169
1329,167
1329.1,166
1329.2,164
1329.3,162
1329.4,159
1329.5,157
1329.6,155
1329.7,153
1329.8,151
1329.9,149
1330,147
1330.1,146
1330.2,144
1330.3,143
1330.4,142
1330.5,140
1330.6,138
1330.7,137
1330.8,135
1330.9,133
1331,131
1331.1,128
1331.2,126
1331.3,124
1331.4,122
1331.5,121
1331.6,119
1331.7,117
1331.8,116
1331.9,114
1332,113
1332.1,112
1332.2,110
1332.3,109
1332.4,107
1332.5,105
1332.6,103
1332.7,101
1332.8,99
1332.9,97
1333,95
1333.1,93
1333.2,91
1333.3,90
1333.4,88
1333.5,87
1333.6,86
1333.7,84
1333.8,83
1333.9,81
1334,80
1334.1,78
1334.2,76
1334.3,74
1334.4,72
1334.5,70
1334.6,69
1334.7,67
1334.8,65
1334.9,64
1335,62
1335.1,60
1335.2,59
1335.3,58
1335.4,57
1335.5,56
1335.6,54
1335.7,52
1335.8,51
1335.9,49
1336,47
1336.1,45
1336.2,44
1336.3,42
1336.4,40
1336.5,38
1336.6,37
1336.7,36
1336.8,34
1336.9,33
1337,32
1337.1,31
1337.2,30
1337.3,28
1337.4,27
1337.5,25
1337.6,23
1337.7,21
1337.8,19
1337.9,18
1338,16
1338.1,14
1338.2,13
1338.3,12
1338.4,10
1338.5,9
1338.6,8
1338.7,7
1338.8,6
1338.9,5
1339,3
1339.1,2
1339.2,0
1339.3,254
1339.4,252
1339.5,251
1339.6,249
1339.7,247
1339.8,246
1339.9,244
1340,243
1340.1,242
1340.2,241
1340.3,240
1340.4,239
1340.5,238
1340.6,236
1340.7,235
1340.8,234
1340.9,232
1341,230
1341.1,229
1341.2,227
1341.3,225
1341.4,224
1341.5,222
1341.6,221
1341.7,220
1341.8,219
1341.9,218
1342,217
1342.1,216
1342.2,215
1342.3,213
1342.4,212
1342.5,211
1342.6,209
1342.7,207
1342.8,206
1342.9,204
1343,203
1343.1,202
1343.2,200
1343.3,199
1343.4,198
1343.5,197
1343.6,196
1343.7,195
1343.8,194
1343.9,193
1344,192
1344.1,191
1344.2,189
1344.3,188
1344.4,186
1344.5,185
1344.6,183
1344.7,182
1344.8,185
1344.9,187
1345,186
1345.1,183
1345.2,180
1345.3,178
1345.4,179
1345.5,181
1345.6,182
1345.7,183
1345.8,182
1345.9,182
1346,183
1346.1,183
1346.2,183
1346.3,182
1346.4,180
1346.5,177
1346.6,175
1346.7,172
1346.8,171
1346.9,171
1347,171
1347.1,171
1347.2,172
1347.3,173
1347.4,173
1347.5,173
1347.6,173
1347.7,172
1347.8,172
1347.9,171
1348,170
1348.1,168
1348.2,166
1348.3,163
1348.4,160
1348.5,158
1348.6,158
1348.7,160
1348.8,162
1348.9,163
1349,163
1349.1,163
1349.2,162
1349.3,162
1349.4,161
1349.5,160
1349.6,158
1349.7,155
1349.8,153
1349.9,150
1350,147
1350.1,144
1350.2,144
1350.3,146
1350.4,149
1350.5,152
1350.6,153
1350.7,152
1350.8,151
1350.9,151
1351,151
1351.1,151
1351.2,151
1351.3,150
1351.4,147
1351.5,145
1351.6,143
1351.7,142
1351.8,142
1351.9,143
1352,144
1352.1,146
1352.2,146
1352.3,147
1352.4,147
1352.5,148
1352.6,148
1352.7,148
1352.8,147
1352.9,146
1353,146
1353.1,145
1353.2,144
1353.3,142
1353.4,140
1353.5,140
1353.6,140
1353.7,142
1353.8,144
1353.9,145
1354,145
1354.1,145
1354.2,146
1354.3,146
1354.4,146
1354.5,146
1354.6,145
1354.7,145
1354.8,143
1354.9,142
1355,140
1355.1,138
1355.2,138
1355.3,139
1355.4,141
1355.5,142
1355.6,143
1355.7,144
1355.8,145
1355.9,145
1356,145
1356.1,145
1356.2,145
1356.3,145
1356.4,144
1356.5,142
1356.6,141
1356.7,139
1356.8,138
1356.9,139
1357,140
1357.1,141
1357.2,142
1357.3,143
1357.4,143
1357.5,144
1357.6,145
1357.7,145
1357.8,145
1357.9,145
1358,144
1358.1,144
1358.2,142
1358.3,140
1358.4,138
1358.5,138
1358.6,139
1358.7,140
1358.8,141
1358.9,141
1359,142
1359.1,143
1359.2,144
1359.3,144
1359.4,144
1359.5,145
1359.6,145
1359.7,144
1359.8,143
1359.9,142
1360,140
1360.1,139
1360.2,139
1360.3,140
1360.4,141
1360.5,142
1360.6,143
1360.7,144
1360.8,145
1360.9,146
1361,147
1361.1,148
1361.2,148
1361.3,149
1361.4,149
1361.5,149
1361.6,148
1361.7,146
1361.8,146
1361.9,145
1362,146
1362.1,146
1362.2,147
1362.3,148
1362.4,149
1362.5,151
1362.6,152
1362.7,154
1362.8,155
1362.9,156
1363,157
1363.1,157
1363.2,156
1363.3,155
1363.4,153
1363.5,153
1363.6,153
1363.7,153
1363.8,153
1363.9,154
1364,155
1364.1,157
1364.2,158
1364.3,160
1364.4,161
1364.5,162
1364.6,164
1364.7,165
1364.8,164
1364.9,163
1365,162
1365.1,160
1365.2,160
1365.3,160
1365.4,160
1365.5,160
1365.6,160
1365.7,161
1365.8,163
1365.9,164
1366,166
1366.1,167
1366.2,168
1366.3,170
1366.4,170
1366.5,170
1366.6,168
1366.7,166
1366.8,165
1366.9,164
1367,164
1367.1,164
1367.2,164
1367.3,165
1367.4,166
1367.5,167
1367.6,169
1367.7,170
1367.8,172
1367.9,173
1368,174
1368.1,174
1368.2,173
1368.3,171
1368.4,169
1368.5,168
1368.6,168
1368.7,167
1368.8,167
1368.9,168
1369,168
1369.1,169
1369.2,171
1369.3,172
1369.4,173
1369.5,175
1369.6,176
1369.7,177
1369.8,176
1369.9,175
1370,173
1370.1,172
1370.2,171
1370.3,171
1370.4,170
1370.5,171
1370.6,171
1370.7,172
1370.8,174
1370.9,176
1371,178
1371.1,180
1371.2,182
1371.3,183
1371.4,184
1371.5,184
1371.6,182
1371.7,181
1371.8,180
1371.9,179
1372,178
1372.1,177
1372.2,177
1372.3,178
1372.4,179
1372.5,181
1372.6,183
1372.7,185
1372.8,188
1372.9,190
1373,191
1373.1,192
1373.2,191
1373.3,190
1373.4,189
1373.5,188
1373.6,186
1373.7,184
1373.8,182
1373.9,181
1374,181
1374.1,183
1374.2,185
1374.3,187
1374.4,189
1374.5,192
1374.6,194
1374.7,195
1374.8,195
1374.9,194
1375,192
1375.1,191
1375.2,189
1375.3,187
1375.4,186
1375.5,186
1375.6,186
1375.7,187
1375.8,189
1375.9,191
1376,193
1376.1,196
1376.2,198
1376.3,199
1376.4,200
1376.5,200
1376.6,198
1376.7,197
1376.8,195
1376.9,193
1377,191
1377.1,191
1377.2,190
1377.3,190
1377.4,191
1377.5,194
1377.6,196
1377.7,198
1377.8,201
1377.9,203
1378,204
1378.1,204
1378.2,204
1378.3,202
1378.4,200
1378.5,198
1378.6,196
1378.7,195
1378.8,195
1378.9,194
1379,194
1379.1,196
1379.2,198
1379.3,200
1379.4,202
1379.5,205
1379.6,207
1379.7,208
1379.8,208
1379.9,207
1380,205
1380.1,203
1380.2,201
1380.3,199
1380.4,198
1380.5,198
1380.6,197
1380.7,198
1380.8,200
1380.9,202
1381,204
1381.1,207
1381.2,209
1381.3,211
1381.4,211
1381.5,211
1381.6,209
1381.7,207
1381.8,206
1381.9,204
1382,202
1382.1,201
1382.2,201
1382.3,200
1382.4,202
1382.5,204
1382.6,206
1382.7,208
1382.8,211
1382.9,213
1383,214
1383.1,214
1383.2,213
1383.3,212
1383.4,210
1383.5,208
1383.6,206
1383.7,204
1383.8,204
1383.9,203
1384,203
1384.1,205
1384.2,208
1384.3,209
1384.4,212
1384.5,214
1384.6,216
1384.7,217
1384.8,217
1384.9,215
1385,213
1385.1,212
1385.2,210
1385.3,208
1385.4,207
1385.5,206
1385.6,205
1385.7,207
1385.8,208
1385.9,211
1386,213
1386.1,215
1386.2,217
1386.3,219
1386.4,220
1386.5,219
1386.6,217
1386.7,215
1386.8,214
1386.9,211
1387,210
1387.1,209
1387.2,208
1387.3,208
1387.4,210
1387.5,212
1387.6,214
1387.7,216
1387.8,218
1387.9,220
1388,221
1388.1,221
1388.2,220
1388.3,219
1388.4,217
1388.5,215
1388.6,213
1388.7,211
1388.8,211
1388.9,210
1389,210
1389.1,212
1389.2,214
1389.3,216
1389.4,219
1389.5,221
1389.6,223
1389.7,223
1389.8,223
1389.9,221
1390,219
1390.1,218
1390.2,216
1390.3,214
1390.4,213
1390.5,212
1390.6,212
1390.7,213
1390.8,215
1390.9,217
1391,219
1391.1,222
1391.2,224
1391.3,225
1391.4,225
1391.5,224
1391.6,223
1391.7,221
1391.8,219
1391.9,217
1392,216
1392.1,215
1392.2,214
1392.3,214
1392.4,216
1392.5,218
1392.6,220
1392.7,222
1392.8,225
1392.9,226
1393,228
1393.1,228
1393.2,226
1393.3,224
1393.4,223
1393.5,221
1393.6,218
1393.7,217
1393.8,217
1393.9,216
1394,217
1394.1,219
1394.2,221
1394.3,223
1394.4,225
1394.5,227
1394.6,229
1394.7,229
1394.8,229
1394.9,227
1395,225
1395.1,223
1395.2,221
1395.3,219
1395.4,219
1395.5,218
1395.6,217
1395.7,218
1395.8,220
1395.9,222
1396,223
1396.1,226
1396.2,228
1396.3,229
1396.4,230
1396.5,228
1396.6,227
1396.7,225
1396.8,222
1396.9,220
1397,219
1397.1,218
1397.2,217
1397.3,217
1397.4,218
1397.5,220
1397.6,221
1397.7,223
1397.8,226
1397.9,227
1398,228
1398.1,228
1398.2,226
1398.3,224
1398.4,222
1398.5,220
1398.6,218
1398.7,216
1398.8,215
1398.9,214
1399,215
1399.1,217
1399.2,219
1399.3,220
1399.4,223
1399.5,225
1399.6,226
1399.7,227
1399.8,226
1399.9,224
1400,222
1400.1,221
1400.2,218
1400.3,216
1400.4,216
1400.5,215
1400.6,214
1400.7,216
1400.8,218
1400.9,220
1401,222
1401.1,225
1401.2,227
1401.3,229
1401.4,229
1401.5,228
1401.6,227
1401.7,225
1401.8,223
1401.9,221
1402,220
1402.1,219
1402.2,218
1402.3,219
1402.4,220
1402.5,222
1402.6,224
1402.7,227
1402.8,230
1402.9,231
1403,233
1403.1,232
1403.2,231
1403.3,229
1403.4,227
1403.5,225
1403.6,224
1403.7,223
1403.8,222
1403.9,222
1404,223
1404.1,225
1404.2,227
1404.3,229
1404.4,231
1404.5,234
1404.6,235
1404.7,236
1404.8,235
1404.9,233
1405,231
1405.1,230
1405.2,227
1405.3,226
1405.4,225
1405.5,224
1405.6,224
1405.7,225
1405.8,227
1405.9,229
1406,231
1406.1,234
1406.2,236
1406.3,237
1406.4,237
1406.5,236
1406.6,234
1406.7,232
1406.8,230
1406.9,228
1407,226
1407.1,226
1407.2,225
1407.3,225
1407.4,227
1407.5,229
1407.6,231
1407.7,233
1407.8,236
1407.9,237
1408,238
1408.1,238
1408.2,236
1408.3,234
1408.4,232
1408.5,230
1408.6,228
1408.7,227
1408.8,226
1408.9,226
1409,227
1409.1,228
1409.2,230
1409.3,233
1409.4,235
1409.5,237
1409.6,239
1409.7,239
1409.8,238
1409.9,236
1410,235
1410.1,233
1410.2,230
1410.3,229
1410.4,228
1410.5,227
1410.6,227
1410.7,228
1410.8,230
1410.9,232
1411,234
1411.1,237
1411.2,239
1411.3,240
1411.4,240
1411.5,238
1411.6,236
1411.7,235
1411.8,233
1411.9,230
1412,229
1412.1,228
1412.2,227
1412.3,228
1412.4,230
1412.5,231
1412.6,233
1412.7,236
1412.8,238
1412.9,240
1413,241
1413.1,240
1413.2,238
1413.3,236
1413.4,235
1413.5,232
1413.6,230
1413.7,229
1413.8,228
1413.9,228
1414,229
1414.1,231
1414.2,233
1414.3,235
1414.4,237
1414.5,240
1414.6,241
1414.7,242
1414.8,240
1414.9,239
1415,237
1415.1,235
1415.2,232
1415.3,230
1415.4,230
1415.5,229
1415.6,229
1415.7,231
1415.8,232
1415.9,234
1416,237
1416.1,239
1416.2,241
1416.3,242
1416.4,242
1416.5,240
1416.6,239
1416.7,237
1416.8,234
1416.9,232
1417,231
1417.1,230
1417.2,229
1417.3,230
1417.4,231
1417.5,233
1417.6,235
1417.7,238
1417.8,240
1417.9,241
1418,242
1418.1,241
1418.2,239
1418.3,238
1418.4,236
1418.5,233
1418.6,231
1418.7,230
1418.8,229
1418.9,229
1419,230
1419.1,232
1419.2,233
1419.3,235
1419.4,238
1419.5,240
1419.6,241
1419.7,242
1419.8,240
1419.9,238
1420,236
1420.1,234
1420.2,232
1420.3,230
1420.4,229
1420.5,228
1420.6,228
1420.7,230
1420.8,232
1420.9,233
1421,236
1421.1,238
1421.2,239
1421.3,240
1421.4,240
1421.5,239
1421.6,237
1421.7,235
1421.8,232
1421.9,230
1422,229
1422.1,227
1422.2,227
1422.3,227
1422.4,229
1422.5,231
1422.6,233
1422.7,235
1422.8,237
1422.9,238
1423,239
1423.1,239
1423.2,237
1423.3,235
1423.4,233
1423.5,230
1423.6,228
1423.7,227
1423.8,226
1423.9,226
1424,227
1424.1,229
1424.2,230
1424.3,233
1424.4,235
1424.5,237
1424.6,238
1424.7,238
1424.8,237
1424.9,235
1425,233
1425.1,231
1425.2,229
1425.3,227
1425.4,226
1425.5,225
1425.6,225
1425.7,227
1425.8,229
1425.9,231
1426,233
1426.1,235
1426.2,237
1426.3,238
1426.4,238
1426.5,236
1426.6,234
1426.7,232
1426.8,230
1426.9,228
1427,226
1427.1,225
1427.2,224
1427.3,226
1427.4,227
1427.5,229
1427.6,231
1427.7,234
1427.8,236
1427.9,237
1428,238
1428.1,237
1428.2,236
1428.3,234
1428.4,232
1428.5,229
1428.6,228
1428.7,227
1428.8,226
1428.9,226
1429,227
1429.1,229
1429.2,231
1429.3,233
1429.4,236
1429.5,238
1429.6,240
1429.7,240
1429.8,239
1429.9,237
1430,235
1430.1,233
1430.2,231
1430.3,229
1430.4,228
1430.5,228
1430.6,228
1430.7,230
1430.8,232
1430.9,234
1431,236
1431.1,239
1431.2,241
1431.3,242
1431.4,242
1431.5,240
1431.6,238
1431.7,237
1431.8,234
1431.9,232
1432,231
1432.1,230
1432.2,229
1432.3,230
1432.4,232
1432.5,234
1432.6,236
1432.7,239
1432.8,241
1432.9,243
1433,244
1433.1,243
1433.2,242
1433.3,240
1433.4,238
1433.5,235
1433.6,234
1433.7,233
1433.8,232
1433.9,232
1434,234
1434.1,236
1434.2,238
1434.3,241
1434.4,243
1434.5,245
1434.6,247
1434.7,247
1434.8,245
1434.9,244
1435,242
1435.1,240
1435.2,238
1435.3,236
1435.4,235
1435.5,234
1435.6,235
1435.7,237
1435.8,239
1435.9,241
1436,243
1436.1,246
1436.2,247
1436.3,248
1436.4,248
1436.5,246
1436.6,245
1436.7,243
1436.8,240
1436.9,238
1437,237
1437.1,236
1437.2,235
1437.3,237
1437.4,238
1437.5,241
1437.6,243
1437.7,245
1437.8,247
1437.9,249
1438,250
1438.1,249
1438.2,247
1438.3,245
1438.4,243
1438.5,240
1438.6,239
1438.7,238
1438.8,237
1438.9,237
1439,239
1439.1,241
1439.2,242
1439.3,245
1439.4,247
1439.5,249
1439.6,250
1439.7,250
1439.8,249
1439.9,247
1440,245
1440.1,243
1440.2,241
1440.3,239
1440.4,238
1440.5,237
1440.6,238
1440.7,240
1440.8,242
1440.9,244
1441,246
1441.1,249
1441.2,250
1441.3,251
1441.4,251
1441.5,249
1441.6,247
1441.7,245
1441.8,242
1441.9,240
1442,239
1442.1,238
1442.2,238
1442.3,239
1442.4,241
1442.5,243
1442.6,245
1442.7,248
1442.8,250
1442.9,251
1443,251
1443.1,250
1443.2,249
1443.3,247
1443.4,245
1443.5,242
1443.6,241
1443.7,240
1443.8,239
1443.9,239
1444,240
1444.1,242
1444.2,244
1444.3,247
1444.4,249
1444.5,251
1444.6,252
1444.7,252
1444.8,250
1444.9,248
1445,247
1445.1,244
1445.2,242
1445.3,240
1445.4,239
1445.5,239
1445.6,240
1445.7,241
1445.8,243
1445.9,245
1446,248
1446.1,250
1446.2,252
1446.3,253
1446.4,252
1446.5,250
1446.6,248
1446.7,246
1446.8,244
1446.9,242
1447,241
1447.1,240
1447.2,239
1447.3,241
1447.4,243
1447.5,244
1447.6,247
1447.7,250
1447.8,251
1447.9,252
1448,253
1448.1,251
1448.2,250
1448.3,248
1448.4,246
1448.5,243
1448.6,242
1448.7,241
1448.8,240
1448.9,240
1449,242
1449.1,244
1449.2,246
1449.3,248
1449.4,251
1449.5,253
1449.6,254
1449.7,254
1449.8,252
1449.9,250
1450,248
1450.1,246
1450.2,243
1450.3,242
1450.4,241
1450.5,241
1450.6,242
1450.7,243
1450.8,245
1450.9,247
1451,250
1451.1,252
1451.2,254
1451.3,255
1451.4,254
1451.5,252
1451.6,250
1451.7,248
1451.8,245
1451.9,243
1452,242
1452.1,241
1452.2,241
1452.3,243
1452.4,245
1452.5,247
1452.6,249
1452.7,251
1452.8,253
1452.9,254
1453,255
1453.1,253
1453.2,251
1453.3,250
1453.4,247
1453.5,245
1453.6,243
1453.7,242
1453.8,241
1453.9,242
1454,244
1454.1,246
1454.2,248
1454.3,250
1454.4,253
1454.5,254
1454.6,255
1454.7,255
1454.8,253
1454.9,251
1455,249
1455.1,247
1455.2,245
1455.3,243
1455.4,242
1455.5,241
1455.6,243
1455.7,245
1455.8,246
1455.9,249
1456,251
1456.1,253
1456.2,255
1456.3,255
1456.4,254
1456.5,252
1456.6,250
1456.7,248
1456.8,246
1456.9,244
1457,243
1457.1,242
1457.2,242
1457.3,244
1457.4,246
1457.5,247
1457.6,250
1457.7,252
1457.8,254
1457.9,0
1458,0
1458.1,254
1458.2,252
1458.3,250
1458.4,248
1458.5,245
1458.6,244
1458.7,243
1458.8,242
1458.9,243
1459,244
1459.1,246
1459.2,248
1459.3,251
1459.4,253
1459.5,255
1459.6,0
1459.7,255
1459.8,253
1459.9,251
1460,250
1460.1,247
1460.2,245
1460.3,244
1460.4,243
1460.5,242
1460.6,243
1460.7,245
1460.8,247
1460.9,249
1461,252
1461.1,254
1461.2,0
1461.3,1
1461.4,255
1461.5,253
1461.6,251
1461.7,249
1461.8,247
1461.9,245
1462,244
1462.1,243
1462.2,243
1462.3,245
1462.4,247
1462.5,248
1462.6,251
1462.7,254
1462.8,255
1462.9,1
1463,1
1463.1,255
1463.2,253
1463.3,251
1463.4,248
1463.5,246
1463.6,245
1463.7,244
1463.8,243
1463.9,244
1464,246
1464.1,247
1464.2,249
1464.3,252
1464.4,254
1464.5,0
1464.6,1
1464.7,0
1464.8,254
1464.9,252
1465,250
1465.1,247
1465.2,245
1465.3,245
1465.4,243
1465.5,243
1465.6,245
1465.7,246
1465.8,248
1465.9,251
1466,253
1466.1,255
1466.2,0
1466.3,1
1466.4,255
1466.5,253
1466.6,251
1466.7,249
1466.8,247
1466.9,245
1467,244
1467.1,243
1467.2,243
1467.3,245
1467.4,247
1467.5,249
1467.6,252
1467.7,254
1467.8,0
1467.9,1
1468,1
1468.1,254
1468.2,253
1468.3,251
1468.4,248
1468.5,246
1468.6,245
1468.7,244
1468.8,243
1468.9,244
1469,246
1469.1,248
1469.2,250
1469.3,252
1469.4,255
1469.5,0
1469.6,1
1469.7,0
1469.8,254
1469.9,252
1470,250
1470.1,248
1470.2,246
1470.3,245
1470.4,244
1470.5,244
1470.6,245
1470.7,247
1470.8,249
1470.9,251
1471,254
1471.1,0
1471.2,1
1471.3,1
1471.4,0
1471.5,254
1471.6,252
1471.7,250
1471.8,247
1471.9,246
1472,245
1472.1,244
1472.2,244
1472.3,246
1472.4,248
1472.5,250
1472.6,252
1472.7,255
1472.8,0
1472.9,2
1473,1
1473.1,255
1473.2,253
1473.3,251
1473.4,249
1473.5,246
1473.6,245
1473.7,244
1473.8,244
1473.9,245
1474,246
1474.1,248
1474.2,250
1474.3,253
1474.4,255
1474.5,0
1474.6,1
1474.7,0
1474.8,254
1474.9,252
1475,250
1475.1,247
1475.2,246
1475.3,244
1475.4,243
1475.5,243
1475.6,245
1475.7,247
1475.8,248
1475.9,251
1476,253
1476.1,255
1476.2,0
1476.3,0
1476.4,254
1476.5,253
1476.6,251
1476.7,248
1476.8,246
1476.9,244
1477,243
1477.1,242
1477.2,243
1477.3,245
1477.4,246
1477.5,248
1477.6,251
1477.7,253
1477.8,254
1477.9,255
1478,254
1478.1,253
1478.2,250
1478.3,248
1478.4,245
1478.5,243
1478.6,242
1478.7,241
1478.8,240
1478.9,241
1479,243
1479.1,244
1479.2,246
1479.3,249
1479.4,250
1479.5,251
1479.6,251
1479.7,250
1479.8,247
1479.9,245
1480,242
1480.1,239
1480.2,236
1480.3,234
1480.4,233
1480.5,232
1480.6,233
1480.7,235
1480.8,236
1480.9,238
1481,239
1481.1,240
1481.2,241
1481.3,240
1481.4,238
1481.5,236
1481.6,234
1481.7,231
1481.8,228
1481.9,227
1482,225
1482.1,224
1482.2,225
1482.3,226
1482.4,228
1482.5,230
1482.6,232
1482.7,234
1482.8,236
1482.9,237
1483,236
1483.1,234
1483.2,232
1483.3,229
1483.4,227
1483.5,225
1483.6,223
1483.7,221
1483.8,220
1483.9,221
1484,223
1484.1,224
1484.2,226
1484.3,229
1484.4,231
1484.5,232
1484.6,235
1484.7,249
1484.8,16
1484.9,44
1485,72
1485.1,99
1485.2,127
1485.3,154
1485.4,180
1485.5,206
1485.6,231
1485.7,255
1485.8,23
1485.9,46
1486,68
1486.1,90
1486.2,111
1486.3,132
1486.4,152
1486.5,171
1486.6,182
1486.7,188
1486.8,191
1486.9,193
1487,193
1487.1,193
1487.2,193
1487.3,193
1487.4,193
1487.5,192
1487.6,192
1487.7,192
1487.8,191
1487.9,191
1488,191
1488.1,192
1488.2,192
1488.3,192
1488.4,193
1488.5,193
1488.6,193
1488.7,194
1488.8,194
1488.9,193
1489,193
1489.1,193
1489.2,193
1489.3,192
1489.4,192
1489.5,192
1489.6,191
1489.7,192
1489.8,192
1489.9,192
1490,193
1490.1,193
1490.2,193
1490.3,194
1490.4,194
1490.5,194
1490.6,194
1490.7,193
1490.8,193
1490.9,193
1491,192
1491.1,192
1491.2,192
1491.3,192
1491.4,192
1491.5,192
1491.6,192
1491.7,193
1491.8,193
1491.9,193
1492,194
1492.1,194
1492.2,193
1492.3,193
1492.4,193
1492.5,193
1492.6,192
1492.7,192
1492.8,192
1492.9,192
1493,192
1493.1,192
1493.2,192
1493.3,193
1493.4,193
1493.5,193
1493.6,194
1493.7,194
1493.8,194
1493.9,193
1494,193
1494.1,193
1494.2,193
1494.3,192
1494.4,192
1494.5,192
1494.6,192
1494.7,192
1494.8,192
1494.9,193
1495,193
1495.1,193
1495.2,194
1495.3,194
1495.4,194
1495.5,194
1495.6,193
1495.7,193
1495.8,193
1495.9,192
1496,192
1496.1,192
1496.2,192
1496.3,192
1496.4,192
1496.5,192
1496.6,193
1496.7,193
1496.8,193
1496.9,194
1497,194
1497.1,194
1497.2,194
1497.3,193
1497.4,193
1497.5,193
1497.6,192
1497.7,192
1497.8,192
1497.9,192
1498,192
1498.1,192
1498.2,192
1498.3,193
1498.4,193
1498.5,194
1498.6,194
1498.7,194
1498.8,194
1498.9,193
1499,193
1499.1,193
1499.2,192
1499.3,192
1499.4,192
1499.5,192
1499.6,192
1499.7,192
1499.8,192
1499.9,193
1500,193
1500.1,193
1500.2,194
1500.3,194
1500.4,194
1500.5,194
1500.6,193
1500.7,193
1500.8,193
1500.9,192
1501,192
1501.1,192
1501.2,192
1501.3,192
1501.4,192
1501.5,192
1501.6,193
1501.7,193
1501.8,194
1501.9,194
1502,194
1502.1,194
1502.2,194
1502.3,193
1502.4,193
1502.5,193
1502.6,192
1502.7,192
1502.8,192
1502.9,192
1503,192
1503.1,192
1503.2,193
1503.3,193
1503.4,193
1503.5,193
1503.6,194
1503.7,194
1503.8,194
1503.9,193
1504,193
1504.1,193
1504.2,193
1504.3,193
1504.4,192
1504.5,192
1504.6,192
1504.7,192
1504.8,192
1504.9,193
1505,193
1505.1,194
1505.2,194
1505.3,194
1505.4,194
1505.5,194
1505.6,193
1505.7,193
1505.8,193
1505.9,193
1506,192
1506.1,192
1506.2,192
1506.3,192
1506.4,192
1506.5,193
1506.6,193
1506.7,193
1506.8,194
1506.9,194
1507,194
1507.1,194
1507.2,194
1507.3,193
1507.4,193
1507.5,193
1507.6,193
1507.7,192
1507.8,192
1507.9,192
1508,192
1508.1,192
1508.2,192
1508.3,193
1508.4,193
1508.5,194
1508.6,194
1508.7,194
1508.8,194
1508.9,193
1509,193
1509.1,193
1509.2,193
1509.3,192
1509.4,192
1509.5,192
1509.6,192
1509.7,192
1509.8,192
1509.9,193
1510,193
1510.1,194
1510.2,194
1510.3,194
1510.4,194
1510.5,194
1510.6,193
1510.7,193
1510.8,193
1510.9,193
1511,193
1511.1,192
1511.2,192
1511.3,192
1511.4,192
1511.5,192
1511.6,193
1511.7,193
1511.8,194
1511.9,194
1512,194
1512.1,194
1512.2,194
1512.3,193
1512.4,193
1512.5,193
1512.6,193
1512.7,192
1512.8,192
1512.9,192
1513,192
1513.1,192
1513.2,192
1513.3,193
1513.4,193
1513.5,194
1513.6,194
1513.7,194
1513.8,194
1513.9,193
1514,193
1514.1,193
1514.2,193
1514.3,192
1514.4,192
1514.5,192
1514.6,192
1514.7,192
1514.8,192
1514.9,193
1515,193
1515.1,194
1515.2,194
1515.3,194
1515.4,194
1515.5,193
1515.6,193
1515.7,193
1515.8,193
1515.9,192
1516,192
1516.1,192
1516.2,192
1516.3,192
1516.4,192
1516.5,192
1516.6,193
1516.7,193
1516.8,194
1516.9,194
1517,194
1517.1,194
1517.2,194
1517.3,193
1517.4,193
1517.5,193
1517.6,192
1517.7,192
1517.8,192
1517.9,192
1518,192
1518.1,192
1518.2,193
1518.3,193
1518.4,193
1518.5,194
1518.6,194
1518.7,194
1518.8,194
1518.9,194
1519,193
1519.1,193
1519.2,193
1519.3,192
1519.4,192
1519.5,192
1519.6,192
1519.7,192
1519.8,192
1519.9,193
1520,193
1520.1,193
1520.2,194
1520.3,194
1520.4,194
1520.5,194
1520.6,193
1520.7,193
1520.8,193
1520.9,192
1521,192
1521.1,192
1521.2,192
1521.3,192
1521.4,192
1521.5,192
1521.6,193
1521.7,193
1521.8,194
1521.9,194
1522,194
1522.1,194
1522.2,193
1522.3,193
1522.4,193
1522.5,193
1522.6,192
1522.7,192
1522.8,190
1522.9,189
1523,186
1523.1,183
1523.2,181
1523.3,178
1523.4,175
1523.5,173
1523.6,170
1523.7,167
1523.8,164
1523.9,161
1524,158
1524.1,155
1524.2,152
1524.3,149
1524.4,146
1524.5,143
1524.6,140
1524.7,137
1524.8,135
1524.9,132
1525,130
1525.1,127
1525.2,125
1525.3,122
1525.4,119
1525.5,116
1525.6,113
1525.7,110
1525.8,108
1525.9,105
1526,102
1526.1,99
1526.2,96
1526.3,93
1526.4,91
1526.5,89
1526.6,87
1526.7,85
1526.8,82
1526.9,80
1527,77
1527.1,75
1527.2,72
1527.3,69
1527.4,67
1527.5,64
1527.6,61
1527.7,59
1527.8,56
1527.9,54
1528,51
1528.1,49
1528.2,47
1528.3,45
1528.4,43
1528.5,41
1528.6,39
1528.7,36
1528.8,34
1528.9,31
1529,29
1529.1,26
1529.2,23
1529.3,21
1529.4,18
1529.5,16
1529.6,14
1529.7,12
1529.8,10
1529.9,8
1530,6
1530.1,4
1530.2,2
1530.3,0
1530.4,254
1530.5,251
1530.6,249
1530.7,246
1530.8,244
1530.9,242
1531,239
1531.1,237
1531.2,235
1531.3,232
1531.4,230
1531.5,229
1531.6,227
1531.7,225
1531.8,223
1531.9,222
1532,219
1532.1,217
1532.2,215
1532.3,213
1532.4,210
1532.5,208
1532.6,206
1532.7,203
1532.8,201
1532.9,199
1533,197
1533.1,195
1533.2,194
1533.3,192
1533.4,190
1533.5,189
1533.6,187
1533.7,185
1533.8,183
1533.9,181
1534,179
1534.1,176
1534.2,174
1534.3,172
1534.4,170
1534.5,168
1534.6,166
1534.7,164
1534.8,162
1534.9,161
1535,159
1535.1,158
1535.2,156
1535.3,154
1535.4,152
1535.5,150
1535.6,148
1535.7,146
1535.8,144
1535.9,142
1536,140
1536.1,137
1536.2,136
1536.3,134
1536.4,132
1536.5,131
1536.6,129
1536.7,128
1536.8,126
1536.9,125
1537,123
1537.1,121
1537.2,119
1537.3,117
1537.4,115
1537.5,113
1537.6,111
1537.7,109
1537.8,107
1537.9,105
1538,103
1538.1,102
1538.2,100
1538.3,99
1538.4,98
1538.5,96
1538.6,95
1538.7,93
1538.8,91
1538.9,89
1539,87
1539.1,85
1539.2,83
1539.3,81
1539.4,79
1539.5,78
1539.6,76
1539.7,75
1539.8,73
1539.9,72
1540,71
1540.1,69
1540.2,68
1540.3,66
1540.4,65
1540.5,63
1540.6,61
1540.7,59
1540.8,57
1540.9,55
1541,53
1541.1,51
1541.2,49
1541.3,48
1541.4,47
1541.5,45
1541.6,44
1541.7,43
1541.8,42
1541.9,40
1542,39
1542.1,37
1542.2,35
1542.3,33
1542.4,32
1542.5,30
1542.6,28
1542.7,26
1542.8,25
1542.9,23
1543,22
1543.1,20
1543.2,19
1543.3,18
1543.4,17
1543.5,16
1543.6,14
1543.7,13
1543.8,11
1543.9,9
1544,8
1544.1,6
1544.2,4
1544.3,2
1544.4,1
1544.5,255
1544.6,253
1544.7,252
1544.8,251
1544.9,250
1545,249
1545.1,247
1545.2,246
1545.3,245
1545.4,243
1545.5,241
1545.6,240
1545.7,238
1545.8,236
1545.9,235
1546,233
1546.1,231
1546.2,230
1546.3,229
1546.4,228
1546.5,227
1546.6,226
1546.7,224
1546.8,223
1546.9,222
1547,221
1547.1,219
1547.2,218
1547.3,216
1547.4,214
1547.5,216
1547.6,226
1547.7,233
1547.8,235
1547.9,235
1548,233
1548.1,232
1548.2,231
1548.3,230
1548.4,228
1548.5,227
1548.6,225
1548.7,224
1548.8,222
1548.9,220
1549,219
1549.1,217
1549.2,218
1549.3,227
1549.4,234
1549.5,236
1549.6,235
1549.7,232
1549.8,229
1549.9,229
1550,229
1550.1,228
1550.2,226
1550.3,225
1550.4,226
1550.5,228
1550.6,231
1550.7,233
1550.8,235
1550.9,237
1551,239
1551.1,240
1551.2,241
1551.3,239
1551.4,236
1551.5,233
1551.6,230
1551.7,227
1551.8,224
1551.9,223
1552,223
1552.1,224
1552.2,226
1552.3,229
1552.4,231
1552.5,233
1552.6,235
1552.7,236
1552.8,237
1552.9,236
1553,234
1553.1,231
1553.2,229
1553.3,227
1553.4,225
1553.5,223
1553.6,222
1553.7,222
1553.8,223
1553.9,225
1554,227
1554.1,229
1554.2,232
1554.3,234
1554.4,235
1554.5,235
1554.6,234
1554.7,231
1554.8,228
1554.9,226
1555,224
1555.1,222
1555.2,221
1555.3,220
1555.4,221
1555.5,223
1555.6,224
1555.7,226
1555.8,228
1555.9,230
1556,231
1556.1,232
1556.2,231
1556.3,229
1556.4,226
1556.5,224
1556.6,222
1556.7,220
1556.8,219
1556.9,218
1557,217
1557.1,218
1557.2,220
1557.3,222
1557.4,223
1557.5,225
1557.6,227
1557.7,228
1557.8,228
1557.9,227
1558,224
1558.1,222
1558.2,220
1558.3,218
1558.4,217
1558.5,216
1558.6,215
1558.7,215
1558.8,216
1558.9,218
1559,220
1559.1,221
1559.2,223
1559.3,224
1559.4,224
1559.5,224
1559.6,222
1559.7,220
1559.8,217
1559.9,215
1560,214
1560.1,213
1560.2,213
1560.3,212
1560.4,213
1560.5,214
1560.6,216
1560.7,218
1560.8,219
1560.9,221
1561,221
1561.1,221
1561.2,221
1561.3,219
1561.4,216
1561.5,214
1561.6,213
1561.7,212
1561.8,212
1561.9,212
1562,212
1562.1,213
1562.2,214
1562.3,216
1562.4,218
1562.5,220
1562.6,221
1562.7,221
1562.8,221
1562.9,220
1563,217
1563.1,215
1563.2,213
1563.3,211
1563.4,211
1563.5,210
1563.6,210
1563.7,211
1563.8,212
1563.9,213
1564,215
1564.1,217
1564.2,218
1564.3,219
1564.4,219
1564.5,218
1564.6,216
1564.7,214
1564.8,211
1564.9,210
1565,209
1565.1,208
1565.2,208
1565.3,208
1565.4,208
1565.5,209
1565.6,211
1565.7,213
1565.8,214
1565.9,215
1566,215
1566.1,215
1566.2,214
1566.3,213
1566.4,210
1566.5,208
1566.6,206
1566.7,205
1566.8,204
1566.9,204
1567,204
1567.1,205
1567.2,206
1567.3,208
1567.4,210
1567.5,212
1567.6,213
1567.7,213
1567.8,213
1567.9,213
1568,210
1568.1,208
1568.2,206
1568.3,204
1568.4,203
1568.5,202
1568.6,201
1568.7,202
1568.8,203
1568.9,206
1569,208
1569.1,210
1569.2,212
1569.3,214
1569.4,215
1569.5,215
1569.6,213
1569.7,211
1569.8,209
1569.9,207
1570,205
1570.1,203
1570.2,202
1570.3,201
1570.4,202
1570.5,204
1570.6,206
1570.7,208
1570.8,211
1570.9,213
1571,214
1571.1,215
1571.2,215
1571.3,213
1571.4,210
1571.5,208
1571.6,206
1571.7,204
1571.8,202
1571.9,200
1572,200
1572.1,202
1572.2,204
1572.3,206
1572.4,209
1572.5,212
1572.6,214
1572.7,216
1572.8,217
1572.9,216
1573,214
1573.1,212
1573.2,209
1573.3,206
1573.4,204
1573.5,202
1573.6,201
1573.7,201
1573.8,203
1573.9,206
1574,208
1574.1,211
1574.2,214
1574.3,216
1574.4,218
1574.5,218
1574.6,217
1574.7,215
1574.8,213
1574.9,210
1575,206
1575.1,204
1575.2,203
1575.3,202
1575.4,203
1575.5,205
1575.6,207
1575.7,210
1575.8,214
1575.9,217
1576,218
1576.1,219
1576.2,219
1576.3,216
1576.4,214
1576.5,212
1576.6,208
1576.7,206
1576.8,204
1576.9,202
1577,202
1577.1,204
1577.2,206
1577.3,208
1577.4,212
1577.5,215
1577.6,217
1577.7,219
1577.8,219
1577.9,218
1578,215
1578.1,213
1578.2,211
1578.3,207
1578.4,205
1578.5,203
1578.6,201
1578.7,202
1578.8,204
1578.9,206
1579,209
1579.1,212
1579.2,215
1579.3,217
1579.4,219
1579.5,219
1579.6,217
1579.7,215
1579.8,213
1579.9,210
1580,206
1580.1,204
1580.2,203
1580.3,202
1580.4,203
1580.5,206
1580.6,208
1580.7,211
1580.8,215
1580.9,217
1581,219
1581.1,221
1581.2,220
1581.3,217
1581.4,215
1581.5,213
1581.6,209
1581.7,206
1581.8,204
1581.9,203
1582,203
1582.1,205
1582.2,208
1582.3,210
1582.4,214
1582.5,217
1582.6,219
1582.7,221
1582.8,221
1582.9,220
1583,217
1583.1,214
1583.2,212
1583.3,208
1583.4,205
1583.5,203
1583.6,202
1583.7,203
1583.8,205
1583.9,207
1584,210
1584.1,214
1584.2,216
1584.3,218
1584.4,219
1584.5,219
1584.6,217
1584.7,214
1584.8,212
1584.9,209
1585,205
1585.1,203
1585.2,202
1585.3,201
1585.4,203
1585.5,206
1585.6,208
1585.7,211
1585.8,215
1585.9,217
1586,219
1586.1,221
1586.2,220
1586.3,217
1586.4,215
1586.5,212
1586.6,209
1586.7,205
1586.8,203
1586.9,202
1587,203
1587.1,205
1587.2,207
1587.3,210
1587.4,213
1587.5,217
1587.6,219
1587.7,220
1587.8,221
1587.9,220
1588,217
1588.1,215
1588.2,212
1588.3,208
1588.4,205
1588.5,203
1588.6,202
1588.7,203
1588.8,206
1588.9,208
1589,211
1589.1,215
1589.2,218
1589.3,220
1589.4,221
1589.5,222
1589.6,219
1589.7,217
1589.8,214
1589.9,211
1590,207
1590.1,205
1590.2,203
1590.3,203
1590.4,205
1590.5,207
1590.6,210
1590.7,213
1590.8,217
1590.9,219
1591,221
1591.1,222
1591.2,221
1591.3,218
1591.4,215
1591.5,213
1591.6,209
1591.7,206
1591.8,203
1591.9,202
1592,202
1592.1,204
1592.2,207
1592.3,209
1592.4,213
1592.5,216
1592.6,218
1592.7,219
1592.8,220
1592.9,218
1593,215
1593.1,213
1593.2,209
1593.3,205
1593.4,202
1593.5,200
1593.6,199
1593.7,200
1593.8,203
1593.9,205
1594,208
1594.1,212
1594.2,214
1594.3,215
1594.4,217
1594.5,217
1594.6,214
1594.7,211
1594.8,209
1594.9,205
1595,201
1595.1,199
1595.2,198
1595.3,197
1595.4,199
1595.5,202
1595.6,204
1595.7,207
1595.8,211
1595.9,213
1596,215
1596.1,216
1596.2,215
1596.3,212
1596.4,210
1596.5,207
1596.6,203
1596.7,200
1596.8,198
1596.9,197
1597,198
1597.1,200
1597.2,203
1597.3,205
1597.4,209
1597.5,212
1597.6,214
1597.7,215
1597.8,216
1597.9,214
1598,211
1598.1,209
1598.2,206
1598.3,202
1598.4,200
1598.5,198
1598.6,197
1598.7,199
1598.8,201
1598.9,204
1599,206
1599.1,210
1599.2,213
1599.3,214
1599.4,216
1599.5,215
1599.6,213
1599.7,210
1599.8,208
1599.9,204
1600,201
1600.1,199
1600.2,198
1600.3,198
1600.4,200
1600.5,202
1600.6,205
1600.7,208
1600.8,211
1600.9,213
1601,215
1601.1,216
1601.2,214
1601.3,211
1601.4,209
1601.5,207
1601.6,203
1601.7,200
1601.8,198
1601.9,197
1602,198
1602.1,200
1602.2,203
1602.3,205
1602.4,209
1602.5,212
1602.6,213
1602.7,215
1602.8,215
1602.9,213
1603,210
1603.1,209
1603.2,206
1603.3,202
1603.4,200
1603.5,198
1603.6,198
1603.7,199
1603.8,201
1603.9,204
1604,207
1604.1,211
1604.2,213
1604.3,214
1604.4,216
1604.5,215
1604.6,212
1604.7,210
1604.8,208
1604.9,204
1605,201
1605.1,199
1605.2,198
1605.3,198
1605.4,200
1605.5,202
1605.6,204
1605.7,208
1605.8,211
1605.9,213
1606,215
1606.1,215
1606.2,213
1606.3,211
1606.4,209
1606.5,207
1606.6,203
1606.7,201
1606.8,199
1606.9,198
1607,199
1607.1,201
1607.2,204
1607.3,207
1607.4,211
1607.5,214
1607.6,216
1607.7,218
1607.8,218
1607.9,216
1608,213
1608.1,211
1608.2,208
1608.3,204
1608.4,203
1608.5,202
1608.6,202
1608.7,204
1608.8,206
1608.9,209
1609,212
1609.1,215
1609.2,218
1609.3,219
1609.4,221
1609.5,220
1609.6,217
1609.7,215
1609.8,212
1609.9,208
1610,205
1610.1,204
1610.2,203
1610.3,203
1610.4,206
1610.5,208
1610.6,211
1610.7,214
1610.8,217
1610.9,219
1611,220
1611.1,221
1611.2,219
1611.3,217
1611.4,215
1611.5,212
1611.6,208
1611.7,205
1611.8,204
1611.9,203
1612,204
1612.1,206
1612.2,208
1612.3,211
1612.4,215
1612.5,217
1612.6,219
1612.7,220
1612.8,220
1612.9,217
1613,215
1613.1,212
1613.2,209
1613.3,205
1613.4,203
1613.5,201
1613.6,201
1613.7,203
1613.8,205
1613.9,207
1614,210
1614.1,214
1614.2,216
1614.3,217
1614.4,218
1614.5,217
1614.6,214
1614.7,212
1614.8,209
1614.9,205
1615,202
1615.1,201
1615.2,200
1615.3,199
1615.4,201
1615.5,203
1615.6,205
1615.7,207
1615.8,207
1615.9,207
1616,209
1616.1,209
1616.2,207
1616.3,204
1616.4,202
1616.5,198
1616.6,194
1616.7,192
1616.8,190
1616.9,189
1617,190
1617.1,193
1617.2,195
1617.3,197
1617.4,201
1617.5,203
1617.6,205
1617.7,206
1617.8,206
1617.9,203
1618,201
1618.1,199
1618.2,195
1618.3,191
1618.4,190
1618.5,188
1618.6,188
1618.7,190
1618.8,192
1618.9,194
1619,198
1619.1,201
1619.2,203
1619.3,204
1619.4,205
1619.5,204
1619.6,201
1619.7,199
1619.8,197
1619.9,193
1620,190
1620.1,189
1620.2,187
1620.3,188
1620.4,190
1620.5,192
1620.6,195
1620.7,198
1620.8,201
1620.9,203
1621,205
1621.1,205
1621.2,202
1621.3,200
1621.4,198
1621.5,195
1621.6,191
1621.7,189
1621.8,187
1621.9,187
1622,188
1622.1,191
1622.2,193
1622.3,195
1622.4,199
1622.5,201
1622.6,203
1622.7,204
1622.8,203
1622.9,200
1623,198
1623.1,196
1623.2,192
1623.3,189
1623.4,188
1623.5,186
1623.6,187
1623.7,189
1623.8,191
1623.9,193
1624,196
1624.1,199
1624.2,201
1624.3,202
1624.4,203
1624.5,201
1624.6,199
1624.7,197
1624.8,194
1624.9,190
1625,188
1625.1,186
1625.2,185
1625.3,186
1625.4,188
1625.5,190
1625.6,193
1625.7,196
1625.8,199
1625.9,200
1626,202
1626.1,202
1626.2,200
1626.3,197
1626.4,195
1626.5,192
1626.6,189
1626.7,187
1626.8,185
1626.9,184
1627,186
1627.1,188
1627.2,190
1627.3,193
1627.4,197
1627.5,199
1627.6,201
1627.7,202
1627.8,201
1627.9,198
1628,196
1628.1,194
1628.2,190
1628.3,187
1628.4,186
1628.5,184
1628.6,184
1628.7,187
1628.8,189
1628.9,191
1629,194
1629.1,198
1629.2,199
1629.3,201
1629.4,202
1629.5,200
1629.6,197
1629.7,195
1629.8,192
1629.9,189
1630,187
1630.1,185
1630.2,184
1630.3,185
1630.4,187
1630.5,187
1630.6,189
1630.7,193
1630.8,195
1630.9,196
1631,198
1631.1,198
1631.2,195
1631.3,193
1631.4,191
1631.5,188
1631.6,184
1631.7,183
1631.8,181
1631.9,181
1632,183
1632.1,185
1632.2,186
1632.3,189
1632.4,193
1632.5,195
1632.6,196
1632.7,198
1632.8,196
1632.9,194
1633,192
1633.1,189
1633.2,186
1633.3,183
1633.4,182
1633.5,180
1633.6,181
1633.7,183
1633.8,185
1633.9,187
1634,191
1634.1,193
1634.2,195
1634.3,197
1634.4,197
1634.5,195
1634.6,193
1634.7,191
1634.8,188
1634.9,184
1635,182
1635.1,181
1635.2,180
1635.3,181
1635.4,183
1635.5,185
1635.6,188
1635.7,191
1635.8,193
1635.9,195
1636,197
1636.1,196
1636.2,194
1636.3,192
1636.4,189
1636.5,186
1636.6,183
1636.7,182
1636.8,180
1636.9,180
1637,182
1637.1,184
1637.2,186
1637.3,189
1637.4,192
1637.5,194
1637.6,196
1637.7,197
1637.8,195
1637.9,193
1638,191
1638.1,188
1638.2,185
1638.3,183
1638.4,181
1638.5,180
1638.6,180
1638.7,183
1638.8,185
1638.9,187
1639,191
1639.1,194
1639.2,195
1639.3,197
1639.4,198
1639.5,196
1639.6,194
1639.7,192
1639.8,188
1639.9,185
1640,183
1640.1,182
1640.2,181
1640.3,183
1640.4,185
1640.5,187
1640.6,190
1640.7,194
1640.8,196
1640.9,198
1641,199
1641.1,198
1641.2,196
1641.3,194
1641.4,192
1641.5,188
1641.6,186
1641.7,184
1641.8,183
1641.9,183
1642,185
1642.1,187
1642.2,189
1642.3,192
1642.4,195
1642.5,200
1642.6,206
1642.7,207
1642.8,205
1642.9,203
1643,202
1643.1,199
1643.2,195
1643.3,193
1643.4,191
1643.5,190
1643.6,191
1643.7,193
1643.8,195
1643.9,197
1644,201
1644.1,203
1644.2,205
1644.3,206
1644.4,206
1644.5,210
1644.6,221
1644.7,237
1644.8,255
1644.9,18
1645,36
1645.1,55
1645.2,72
1645.3,89
1645.4,105
1645.5,121
1645.6,138
1645.7,154
1645.8,171
1645.9,187
1646,204
1646.1,220
1646.2,236
1646.3,252
1646.4,12
1646.5,28
1646.6,42
1646.7,56
1646.8,70
1646.9,83
1647,96
1647.1,109
1647.2,121
1647.3,133
1647.4,144
1647.5,156
1647.6,167
1647.7,178
1647.8,186
1647.9,191
1648,194
1648.1,196
1648.2,197
1648.3,197
1648.4,198
1648.5,198
1648.6,198
1648.7,198
1648.8,197
1648.9,197
1649,197
1649.1,197
1649.2,197
1649.3,196
1649.4,197
1649.5,197
1649.6,197
1649.7,197
1649.8,197
1649.9,198
1650,198
1650.1,198
1650.2,198
1650.3,198
1650.4,197
1650.5,197
1650.6,197
1650.7,197
1650.8,196
1650.9,196
1651,196
1651.1,196
1651.2,197
1651.3,197
1651.4,197
1651.5,197
1651.6,198
1651.7,198
1651.8,198
1651.9,198
1652,198
1652.1,198
1652.2,197
1652.3,197
1652.4,197
1652.5,197
1652.6,197
1652.7,197
1652.8,197
1652.9,197
1653,197
1653.1,197
1653.2,198
1653.3,198
1653.4,198
1653.5,198
1653.6,198
1653.7,198
1653.8,198
1653.9,198
1654,197
1654.1,197
1654.2,197
1654.3,197
1654.4,197
1654.5,197
1654.6,197
1654.7,198
1654.8,198
1654.9,199
1655,199
1655.1,199
1655.2,198
1655.3,199
1655.4,198
1655.5,198
1655.6,198
1655.7,197
1655.8,197
1655.9,197
1656,197
1656.1,197
1656.2,197
1656.3,197
1656.4,198
1656.5,198
1656.6,198
1656.7,199
1656.8,199
1656.9,199
1657,198
1657.1,198
1657.2,198
1657.3,198
1657.4,197
1657.5,197
1657.6,197
1657.7,197
1657.8,197
1657.9,197
1658,198
1658.1,198
1658.2,198
1658.3,199
1658.4,199
1658.5,199
1658.6,199
1658.7,198
1658.8,198
1658.9,198
1659,197
1659.1,197
1659.2,197
1659.3,197
1659.4,197
1659.5,197
1659.6,197
1659.7,198
1659.8,198
1659.9,198
1660,198
1660.1,198
1660.2,198
1660.3,198
1660.4,198
1660.5,197
1660.6,197
1660.7,197
1660.8,197
1660.9,197
1661,197
1661.1,197
1661.2,197
1661.3,197
1661.4,198
1661.5,198
1661.6,198
1661.7,198
1661.8,198
1661.9,198
1662,198
1662.1,198
1662.2,198
1662.3,197
1662.4,197
1662.5,197
1662.6,197
1662.7,197
1662.8,197
1662.9,197
1663,198
1663.1,198
1663.2,198
1663.3,199
1663.4,199
1663.5,199
1663.6,199
1663.7,198
1663.8,198
1663.9,197
1664,198
1664.1,198
1664.2,197
1664.3,197
1664.4,197
1664.5,197
1664.6,197
1664.7,198
1664.8,198
1664.9,198
1665,199
1665.1,199
1665.2,198
1665.3,198
1665.4,198
1665.5,198
1665.6,198
1665.7,197
1665.8,197
1665.9,197
1666,197
1666.1,197
1666.2,197
1666.3,198
1666.4,198
1666.5,198
1666.6,199
1666.7,199
1666.8,198
1666.9,198
1667,198
1667.1,198
1667.2,198
1667.3,197
1667.4,197
1667.5,197
1667.6,197
1667.7,197
1667.8,197
1667.9,197
1668,198
1668.1,198
1668.2,198
1668.3,199
1668.4,199
1668.5,199
1668.6,198
1668.7,198
1668.8,198
1668.9,198
1669,197
1669.1,197
1669.2,197
1669.3,197
1669.4,197
1669.5,197
1669.6,198
1669.7,198
1669.8,198
1669.9,199
1670,199
1670.1,199
1670.2,199
1670.3,199
1670.4,198
1670.5,198
1670.6,198
1670.7,198
1670.8,197
1670.9,197
1671,197
1671.1,197
1671.2,197
1671.3,198
1671.4,198
1671.5,199
1671.6,199
1671.7,199
1671.8,199
1671.9,199
1672,199
1672.1,198
1672.2,198
1672.3,197
1672.4,197
1672.5,197
1672.6,197
1672.7,197
1672.8,196
1672.9,195
1673,193
1673.1,191
1673.2,188
1673.3,186
1673.4,183
1673.5,180
1673.6,178
1673.7,175
1673.8,172
1673.9,169
1674,166
1674.1,163
1674.2,160
1674.3,157
1674.4,154
1674.5,152
1674.6,149
1674.7,147
1674.8,145
1674.9,143
1675,140
1675.1,137
1675.2,134
1675.3,131
1675.4,129
1675.5,126
1675.6,123
1675.7,120
1675.8,117
1675.9,115
1676,112
1676.1,109
1676.2,107
1676.3,105
1676.4,103
1676.5,100
1676.6,98
1676.7,96
1676.8,93
1676.9,90
1677,87
1677.1,85
1677.2,82
1677.3,79
1677.4,77
1677.5,74
1677.6,72
1677.7,69
1677.8,67
1677.9,65
1678,63
1678.1,60
1678.2,58
1678.3,56
1678.4,54
1678.5,51
1678.6,49
1678.7,46
1678.8,44
1678.9,41
1679,38
1679.1,36
1679.2,33
1679.3,31
1679.4,29
1679.5,27
1679.6,24
1679.7,22
1679.8,20
1679.9,18
1680,16
1680.1,14
1680.2,11
1680.3,9
1680.4,6
1680.5,4
1680.6,1
1680.7,255
1680.8,252
1680.9,250
1681,248
1681.1,245
1681.2,243
1681.3,241
1681.4,239
1681.5,238
1681.6,236
1681.7,234
1681.8,231
1681.9,229
1682,227
1682.1,224
1682.2,222
1682.3,219
1682.4,217
1682.5,214
1682.6,212
1682.7,210
1682.8,208
1682.9,206
1683,204
1683.1,203
1683.2,201
1683.3,199
1683.4,197
1683.5,195
1683.6,192
1683.7,190
1683.8,187
1683.9,185
1684,182
1684.1,180
1684.2,178
1684.3,175
1684.4,173
1684.5,171
1684.6,169
1684.7,168
1684.8,166
1684.9,164
1685,161
1685.1,159
1685.2,157
1685.3,154
1685.4,152
1685.5,150
1685.6,147
1685.7,145
1685.8,142
1685.9,140
1686,138
1686.1,136
1686.2,135
1686.3,133
1686.4,131
1686.5,130
1686.6,128
1686.7,126
1686.8,124
1686.9,122
1687,119
1687.1,117
1687.2,115
1687.3,113
1687.4,111
1687.5,109
1687.6,107
1687.7,105
1687.8,103
1687.9,102
1688,100
1688.1,99
1688.2,97
1688.3,95
1688.4,93
1688.5,92
1688.6,89
1688.7,88
1688.8,85
1688.9,83
1689,81
1689.1,79
1689.2,77
1689.3,75
1689.4,74
1689.5,72
1689.6,71
1689.7,70
1689.8,68
1689.9,67
1690,65
1690.1,64
1690.2,62
1690.3,60
1690.4,58
1690.5,56
1690.6,54
1690.7,52
1690.8,50
1690.9,48
1691,47
1691.1,45
1691.2,44
1691.3,43
1691.4,41
1691.5,40
1691.6,38
1691.7,37
1691.8,35
1691.9,33
1692,31
1692.1,30
1692.2,28
1692.3,26
1692.4,24
1692.5,22
1692.6,21
1692.7,19
1692.8,18
1692.9,17
1693,16
1693.1,14
1693.2,13
1693.3,12
1693.4,10
1693.5,8
1693.6,7
1693.7,5
1693.8,3
1693.9,1
1694,255
1694.1,253
1694.2,252
1694.3,250
1694.4,249
1694.5,247
1694.6,246
1694.7,245
1694.8,243
1694.9,242
1695,241
1695.1,239
1695.2,238
1695.3,236
1695.4,235
1695.5,232
1695.6,230
1695.7,229
1695.8,226
1695.9,225
1696,223
1696.1,221
1696.2,219
1696.3,218
1696.4,216
1696.5,215
1696.6,214
1696.7,212
1696.8,211
1696.9,209
1697,207
1697.1,206
1697.2,204
1697.3,202
1697.4,202
1697.5,215
1697.6,223
1697.7,227
1697.8,227
1697.9,227
1698,226
1698.1,224
1698.2,223
1698.3,221
1698.4,220
1698.5,218
1698.6,216
1698.7,214
1698.8,213
1698.9,211
1699,209
1699.1,207
1699.2,211
1699.3,220
1699.4,224
1699.5,226
1699.6,226
1699.7,225
1699.8,224
1699.9,222
1700,220
1700.1,218
1700.2,215
1700.3,213
1700.4,211
1700.5,208
1700.6,205
1700.7,201
1700.8,213
1700.9,168
1701,120
1701.1,84
1701.2,59
1701.3,43
1701.4,31
1701.5,22
1701.6,14
1701.7,7
1701.8,0
1701.9,250
1702,244
1702.1,239
1702.2,234
1702.3,229
1702.4,224
1702.5,219
1702.6,215
1702.7,210
1702.8,207
1702.9,203
1703,200
1703.1,196
1703.2,193
1703.3,189
1703.4,186
1703.5,182
1703.6,177
1703.7,173
1703.8,169
1703.9,166
1704,162
1704.1,157
1704.2,150
1704.3,146
1704.4,137
1704.5,127
1704.6,115
1704.7,101
1704.8,88
1704.9,73
1705,61
1705.1,49
1705.2,39
1705.3,30
1705.4,24
1705.5,20
1705.6,17
1705.7,14
1705.8,11
1705.9,9
1706,9
1706.1,9
1706.2,8
1706.3,10
1706.4,10
1706.5,10
1706.6,9
1706.7,9
1706.8,8
1706.9,8
1707,8
1707.1,12
1707.2,9
1707.3,7
1707.4,5
1707.5,4
1707.6,4
1707.7,4
1707.8,5
1707.9,6
1708,7
1708.1,7
1708.2,7
1708.3,6
1708.4,6
1708.5,6
1708.6,5
1708.7,5
1708.8,5
1708.9,5
1709,4
1709.1,3
1709.2,3
1709.3,3
1709.4,2
1709.5,2
1709.6,2
1709.7,5
1709.8,6
1709.9,7
1710,7
1710.1,7
1710.2,8
1710.3,8
1710.4,7
1710.5,6
1710.6,4
1710.7,2
1710.8,2
1710.9,1
1711,1
1711.1,3
1711.2,4
1711.3,6
1711.4,5
1711.5,4
1711.6,4
1711.7,4
1711.8,4
1711.9,4
1712,3
1712.1,2
1712.2,2
1712.3,2
1712.4,1
1712.5,1
1712.6,1
1712.7,1
1712.8,1
1712.9,2
1713,4
1713.1,4
1713.2,4
1713.3,4
1713.4,4
1713.5,4
1713.6,4
1713.7,5
1713.8,2
1713.9,3
1714,3
1714.1,2
1714.2,1
1714.3,1
1714.4,1
1714.5,1
1714.6,1
1714.7,2
1714.8,4
1714.9,5
1715,5
1715.1,6
1715.2,6
1715.3,5
1715.4,4
1715.5,3
1715.6,2
1715.7,2
1715.8,2
1715.9,1
1716,1
1716.1,2
1716.2,2
1716.3,2
1716.4,3
1716.5,4
1716.6,4
1716.7,4
1716.8,5
1716.9,6
1717,4
1717.1,0
1717.2,1
1717.3,2
1717.4,2
1717.5,2
1717.6,5
1717.7,5
1717.8,4
1717.9,4
1718,0
1718.1,1
1718.2,2
1718.3,3
1718.4,3
1718.5,3
1718.6,2
1718.7,1
1718.8,2
1718.9,2
1719,1
1719.1,1
1719.2,1
1719.3,1
1719.4,2
1719.5,3
1719.6,3
1719.7,0
1719.8,1
1719.9,3
1720,4
1720.1,2
1720.2,2
1720.3,3
1720.4,2
1720.5,2
1720.6,1
1720.7,0
1720.8,0
1720.9,0
1721,0
1721.1,0
1721.2,1
1721.3,1
1721.4,4
1721.5,5
1721.6,6
1721.7,5
1721.8,5
1721.9,4
1722,2
1722.1,1
1722.2,2
1722.3,2
1722.4,2
1722.5,1
1722.6,1
1722.7,2
1722.8,2
1722.9,2
1723,3
1723.1,3
1723.2,4
1723.3,5
1723.4,6
1723.5,5
1723.6,4
1723.7,3
1723.8,2
1723.9,1
1724,0
1724.1,0
1724.2,0
1724.3,0
1724.4,2
1724.5,0
1724.6,3
1724.7,3
1724.8,4
1724.9,4
1725,5
1725.1,4
1725.2,4
1725.3,4
1725.4,2
1725.5,2
1725.6,1
1725.7,0
1725.8,1
1725.9,1
1726,1
1726.1,1
1726.2,1
1726.3,2
1726.4,3
1726.5,3
1726.6,4
1726.7,4
1726.8,4
1726.9,3
1727,4
1727.1,3
1727.2,3
1727.3,1
1727.4,1
1727.5,1
1727.6,0
1727.7,0
1727.8,0
1727.9,1
1728,3
1728.1,5
1728.2,5
1728.3,5
1728.4,4
1728.5,3
1728.6,3
1728.7,2
1728.8,2
1728.9,2
1729,1
1729.1,1
1729.2,0
1729.3,1
1729.4,1
1729.5,2
1729.6,4
1729.7,3
1729.8,3
1729.9,3
1730,3
1730.1,2
1730.2,2
1730.3,1
1730.4,1
1730.5,1
1730.6,1
1730.7,0
1730.8,0
1730.9,0
1731,0
1731.1,0
1731.2,1
1731.3,3
1731.4,3
1731.5,3
1731.6,2
1731.7,2
1731.8,2
1731.9,2
1732,3
1732.1,2
1732.2,2
1732.3,1
1732.4,1
1732.5,1
1732.6,2
1732.7,2
1732.8,3
1732.9,2
1733,2
1733.1,3
1733.2,2
1733.3,2
1733.4,3
1733.5,4
1733.6,5
1733.7,4
1733.8,0
1733.9,1
1734,0
1734.1,1
1734.2,0
1734.3,0
1734.4,1
1734.5,1
1734.6,1
1734.7,2
1734.8,3
1734.9,3
1735,3
1735.1,3
1735.2,4
1735.3,2
1735.4,2
1735.5,2
1735.6,2
1735.7,2
1735.8,1
1735.9,2
1736,2
1736.1,4
1736.2,4
1736.3,4
1736.4,3
1736.5,3
1736.6,4
1736.7,4
1736.8,3
1736.9,2
1737,1
1737.1,1
1737.2,1
1737.3,1
1737.4,2
1737.5,2
1737.6,1
1737.7,2
1737.8,4
1737.9,5
1738,4
1738.1,3
1738.2,3
1738.3,3
1738.4,3
1738.5,2
1738.6,2
1738.7,1
1738.8,1
1738.9,0
1739,0
1739.1,0
1739.2,1
1739.3,1
1739.4,2
1739.5,3
1739.6,0
1739.7,1
1739.8,2
1739.9,2
1740,2
1740.1,3
1740.2,3
1740.3,3
1740.4,5
1740.5,3
1740.6,3
1740.7,2
1740.8,2
1740.9,2
1741,1
1741.1,0
1741.2,1
1741.3,1
1741.4,1
1741.5,2
1741.6,3
1741.7,3
1741.8,3
1741.9,3
1742,2
1742.1,2
1742.2,1
1742.3,1
1742.4,1
1742.5,1
1742.6,1
1742.7,1
1742.8,1
1742.9,2
1743,2
1743.1,3
1743.2,3
1743.3,3
1743.4,3
1743.5,3
1743.6,3
1743.7,4
1743.8,3
1743.9,2
1744,1
1744.1,1
1744.2,0
1744.3,0
1744.4,0
1744.5,0
1744.6,1
1744.7,1
1744.8,1
1744.9,1
1745,3
1745.1,2
1745.2,2
1745.3,3
1745.4,2
1745.5,0
1745.6,0
1745.7,0
1745.8,0
1745.9,0
1746,1
1746.1,2
1746.2,3
1746.3,4
1746.4,3
1746.5,3
1746.6,3
1746.7,3
1746.8,4
1746.9,5
1747,4
1747.1,3
1747.2,3
1747.3,2
1747.4,1
1747.5,1
1747.6,0
1747.7,0
1747.8,0
1747.9,1
1748,2
1748.1,3
1748.2,3
1748.3,2
1748.4,3
1748.5,2
1748.6,2
1748.7,1
1748.8,2
1748.9,1
1749,1
1749.1,1
1749.2,1
1749.3,1
1749.4,1
1749.5,1
1749.6,2
1749.7,3
1749.8,4
1749.9,4
1750,5
1750.1,5
1750.2,4
1750.3,4
1750.4,3
1750.5,1
1750.6,1
1750.7,0
1750.8,0
1750.9,0
1751,1
1751.1,0
1751.2,1
1751.3,1
1751.4,1
1751.5,1
1751.6,1
1751.7,1
1751.8,2
1751.9,3
1752,2
1752.1,1
1752.2,0
1752.3,0
1752.4,0
1752.5,0
1752.6,0
1752.7,1
1752.8,1
1752.9,2
1753,3
1753.1,3
1753.2,3
1753.3,3
1753.4,3
1753.5,2
1753.6,2
1753.7,1
1753.8,1
1753.9,0
1754,0
1754.1,0
1754.2,2
1754.3,1
1754.4,0
1754.5,0
1754.6,2
1754.7,2
1754.8,2
1754.9,2
1755,2
1755.1,3
1755.2,2
1755.3,1
1755.4,1
1755.5,0
1755.6,0
1755.7,0
1755.8,0
1755.9,0
1756,0
1756.1,0
1756.2,0
1756.3,0
1756.4,1
1756.5,2
1756.6,2
1756.7,3
1756.8,3
1756.9,2
1757,2
1757.1,1
1757.2,0
1757.3,0
1757.4,1
1757.5,2
1757.6,2
1757.7,1
1757.8,1
1757.9,2
1758,1
1758.1,2
1758.2,2
1758.3,2
1758.4,2
1758.5,2
1758.6,2
1758.7,2
1758.8,2
1758.9,1
1759,0
1759.1,0
1759.2,1
1759.3,1
1759.4,1
1759.5,2
1759.6,2
1759.7,3
1759.8,3
1759.9,2
1760,3
1760.1,3
1760.2,2
1760.3,2
1760.4,2
1760.5,4
1760.6,2
1760.7,2
1760.8,1
1760.9,0
1761,0
1761.1,0
1761.2,2
1761.3,2
1761.4,3
1761.5,3
1761.6,2
1761.7,2
1761.8,2
1761.9,2
1762,0
1762.1,0
1762.2,0
1762.3,0
1762.4,0
1762.5,0
1762.6,0
1762.7,0
1762.8,0
1762.9,0
1763,1
1763.1,1
1763.2,2
1763.3,3
1763.4,3
1763.5,3
1763.6,2
1763.7,1
1763.8,0
1763.9,0
1764,0
1764.1,0
1764.2,0
1764.3,0
1764.4,1
1764.5,2
1764.6,2
1764.7,3
1764.8,4
1764.9,4
1765,4
1765.1,4
1765.2,4
1765.3,3
1765.4,2
1765.5,2
1765.6,1
1765.7,1
1765.8,0
1765.9,0
1766,0
1766.1,2
1766.2,2
1766.3,2
1766.4,3
1766.5,3
1766.6,2
1766.7,2
1766.8,2
1766.9,3
1767,3
1767.1,2
1767.2,1
1767.3,1
1767.4,0
1767.5,0
1767.6,1
1767.7,2
1767.8,3
1767.9,2
1768,3
1768.1,3
1768.2,3
1768.3,4
1768.4,4
1768.5,4
1768.6,4
1768.7,3
1768.8,3
1768.9,2
1769,2
1769.1,2
1769.2,2
1769.3,3
1769.4,3
1769.5,3
1769.6,3
1769.7,3
1769.8,3
1769.9,4
1770,4
1770.1,4
1770.2,3
1770.3,2
1770.4,2
1770.5,1
1770.6,1
1770.7,1
1770.8,1
1770.9,1
1771,1
1771.1,2
1771.2,3
1771.3,5
1771.4,4
1771.5,4
1771.6,4
1771.7,3
1771.8,3
1771.9,3
1772,3
1772.1,2
1772.2,2
1772.3,1
1772.4,1
1772.5,0
1772.6,1
1772.7,2
1772.8,2
1772.9,4
1773,3
1773.1,3
1773.2,3
1773.3,4
1773.4,3
1773.5,3
1773.6,2
1773.7,2
1773.8,2
1773.9,2
1774,1
1774.1,1
1774.2,2
1774.3,2
1774.4,2
1774.5,2
1774.6,3
1774.7,4
1774.8,4
1774.9,4
1775,3
1775.1,3
1775.2,3
1775.3,3
1775.4,2
1775.5,2
1775.6,2
1775.7,1
1775.8,1
1775.9,1
1776,1
1776.1,1
1776.2,2
1776.3,2
1776.4,2
1776.5,3
1776.6,3
1776.7,2
1776.8,2
1776.9,2
1777,2
1777.1,2
1777.2,1
1777.3,1
1777.4,1
1777.5,1
1777.6,1
1777.7,2
1777.8,2
1777.9,2
1778,3
1778.1,3
1778.2,3
1778.3,3
1778.4,3
1778.5,3
1778.6,3
1778.7,2
1778.8,2
1778.9,1
1779,1
1779.1,1
1779.2,1
1779.3,1
1779.4,2
1779.5,2
1779.6,3
1779.7,3
1779.8,4
1779.9,4
1780,4
1780.1,3
1780.2,3
1780.3,3
1780.4,2
1780.5,1
1780.6,1
1780.7,1
1780.8,0
1780.9,1
1781,1
1781.1,2
1781.2,2
1781.3,3
1781.4,3
1781.5,4
1781.6,3
1781.7,3
1781.8,3
1781.9,2
1782,2
1782.1,2
1782.2,1
1782.3,1
1782.4,1
1782.5,1
1782.6,1
1782.7,1
1782.8,2
1782.9,3
1783,3
1783.1,4
1783.2,4
1783.3,4
1783.4,3
1783.5,3
1783.6,3
1783.7,2
1783.8,1
1783.9,1
1784,1
1784.1,1
1784.2,1
1784.3,1
1784.4,2
1784.5,2
1784.6,3
1784.7,3
1784.8,3
1784.9,3
1785,3
1785.1,3
1785.2,3
1785.3,2
1785.4,2
1785.5,2
1785.6,1
1785.7,1
1785.8,1
1785.9,1
1786,1
1786.1,1
1786.2,1
1786.3,2
1786.4,3
1786.5,3
1786.6,3
1786.7,3
1786.8,3
1786.9,2
1787,2
1787.1,2
1787.2,1
1787.3,1
1787.4,0
1787.5,0
1787.6,1
1787.7,2
1787.8,2
1787.9,3
1788,2
1788.1,3
1788.2,3
1788.3,3
1788.4,3
1788.5,3
1788.6,3
1788.7,2
1788.8,2
1788.9,1
1789,1
1789.1,1
1789.2,1
1789.3,1
1789.4,1
1789.5,2
1789.6,2
1789.7,3
1789.8,3
1789.9,3
1790,3
1790.1,3
1790.2,3
1790.3,3
1790.4,2
1790.5,2
1790.6,1
1790.7,1
1790.8,1
1790.9,1
1791,2
1791.1,2
1791.2,3
1791.3,3
1791.4,3
1791.5,3
1791.6,3
1791.7,3
1791.8,3
1791.9,3
1792,2
1792.1,2
1792.2,2
1792.3,1
1792.4,1
1792.5,1
1792.6,1
1792.7,1
1792.8,2
1792.9,2
1793,3
1793.1,3
1793.2,3
1793.3,3
1793.4,3
1793.5,3
1793.6,2
1793.7,2
1793.8,2
1793.9,1
1794,1
1794.1,1
1794.2,1
1794.3,1
1794.4,2
1794.5,2
1794.6,3
1794.7,3
1794.8,4
1794.9,4
1795,3
1795.1,3
1795.2,3
1795.3,2
1795.4,2
1795.5,1
1795.6,1
1795.7,1
1795.8,1
1795.9,1
1796,1
1796.1,2
1796.2,2
1796.3,3
1796.4,3
1796.5,4
1796.6,3
1796.7,3
1796.8,3
1796.9,3
1797,2
1797.1,2
1797.2,1
1797.3,1
1797.4,1
1797.5,1
1797.6,1
1797.7,1
1797.8,2
1797.9,3
1798,3
1798.1,3
1798.2,3
1798.3,3
1798.4,3
1798.5,3
1798.6,3
1798.7,2
1798.8,2
1798.9,1
1799,1
1799.1,1
1799.2,1
1799.3,1
1799.4,2
1799.5,2
1799.6,3
1799.7,3
1799.8,3
1799.9,4
1800,3
1800.1,3
1800.2,2
1800.3,2
1800.4,2
1800.5,1
1800.6,1
1800.7,1
1800.8,1
1800.9,1
1801,1
1801.1,2
1801.2,3
1801.3,3
1801.4,3
1801.5,3
1801.6,3
1801.7,3
1801.8,3
1801.9,3
1802,2
1802.1,2
1802.2,1
1802.3,1
1802.4,0
1802.5,1
1802.6,1
1802.7,2
1802.8,3
1802.9,3
1803,4
1803.1,4
1803.2,3
1803.3,3
1803.4,3
1803.5,3
1803.6,2
1803.7,2
1803.8,2
1803.9,2
1804,1
1804.1,1
1804.2,1
1804.3,1
1804.4,2
1804.5,2
1804.6,3
1804.7,3
1804.8,3
1804.9,3
1805,3
1805.1,3
1805.2,3
1805.3,2
1805.4,2
1805.5,1
1805.6,1
1805.7,1
1805.8,1
1805.9,1
1806,1
1806.1,2
1806.2,3
1806.3,3
1806.4,3
1806.5,3
1806.6,4
1806.7,3
1806.8,3
1806.9,2
1807,2
1807.1,2
1807.2,1
1807.3,1
1807.4,1
1807.5,1
1807.6,1
1807.7,2
1807.8,2
1807.9,3
1808,3
1808.1,4
1808.2,3
1808.3,3
1808.4,3
1808.5,3
1808.6,2
1808.7,2
1808.8,2
1808.9,1
1809,1
1809.1,1
1809.2,1
1809.3,2
1809.4,2
1809.5,2
1809.6,3
1809.7,3
1809.8,4
1809.9,4
1810,4
1810.1,3
1810.2,3
1810.3,2
1810.4,2
1810.5,1
1810.6,1
1810.7,1
1810.8,1
1810.9,1
1811,2
1811.1,2
1811.2,3
1811.3,3
1811.4,3
1811.5,4
1811.6,3
1811.7,3
1811.8,3
1811.9,3
1812,2
1812.1,2
1812.2,1
1812.3,1
1812.4,1
1812.5,1
1812.6,1
1812.7,2
1812.8,2
1812.9,3
1813,3
1813.1,4
1813.2,4
1813.3,3
1813.4,3
1813.5,3
1813.6,2
1813.7,2
1813.8,1
1813.9,1
1814,1
1814.1,1
1814.2,1
1814.3,1
1814.4,2
1814.5,2
1814.6,3
1814.7,3
1814.8,4
1814.9,4
1815,3
1815.1,3
1815.2,2
1815.3,2
1815.4,2
1815.5,1
1815.6,1
1815.7,1
1815.8,1
1815.9,1
1816,1
1816.1,2
1816.2,3
1816.3,3
1816.4,4
1816.5,4
1816.6,3
1816.7,3
1816.8,3
1816.9,3
1817,2
1817.1,1
1817.2,1
1817.3,0
1817.4,0
1817.5,0
1817.6,1
1817.7,1
1817.8,2
1817.9,3
1818,3
1818.1,3
1818.2,4
1818.3,3
1818.4,3
1818.5,3
1818.6,2
1818.7,2
1818.8,1
1818.9,1
1819,1
1819.1,1
1819.2,1
1819.3,1
1819.4,2
1819.5,2
1819.6,3
1819.7,3
1819.8,4
1819.9,3
1820,3
1820.1,3
1820.2,2
1820.3,2
1820.4,1
1820.5,1
1820.6,1
1820.7,1
1820.8,1
1820.9,1
1821,1
1821.1,1
1821.2,2
1821.3,3
1821.4,3
1821.5,4
1821.6,3
1821.7,3
1821.8,2
1821.9,2
1822,2
1822.1,1
1822.2,1
1822.3,1
1822.4,1
1822.5,1
1822.6,1
1822.7,2
1822.8,2
1822.9,3
1823,3
1823.1,3
1823.2,4
1823.3,3
1823.4,3
1823.5,2
1823.6,2
1823.7,2
1823.8,1
1823.9,1
1824,0
1824.1,1
1824.2,1
1824.3,1
1824.4,2
1824.5,2
1824.6,3
1824.7,3
1824.8,3
1824.9,3
1825,3
1825.1,3
1825.2,2
1825.3,2
1825.4,1
1825.5,1
1825.6,1
1825.7,1
1825.8,1
1825.9,1
1826,1
1826.1,2
1826.2,3
1826.3,3
1826.4,3
1826.5,4
1826.6,3
1826.7,3
1826.8,3
1826.9,2
1827,2
1827.1,1
1827.2,1
1827.3,1
1827.4,1
1827.5,1
1827.6,1
1827.7,2
1827.8,2
1827.9,3
1828,3
1828.1,4
1828.2,4
1828.3,4
1828.4,3
1828.5,2
1828.6,2
1828.7,2
1828.8,1
1828.9,1
1829,1
1829.1,1
1829.2,1
1829.3,2
1829.4,2
1829.5,3
1829.6,3
1829.7,4
1829.8,4
1829.9,3
1830,3
1830.1,3
1830.2,3
1830.3,2
1830.4,1
1830.5,1
1830.6,1
1830.7,1
1830.8,1
1830.9,1
1831,1
1831.1,2
1831.2,3
1831.3,3
1831.4,3
1831.5,3
1831.6,3
1831.7,3
1831.8,2
1831.9,2
1832,2
1832.1,2
1832.2,1
1832.3,1
1832.4,1
1832.5,1
1832.6,1
1832.7,2
1832.8,2
1832.9,3
1833,3
1833.1,4
1833.2,3
1833.3,3
1833.4,3
1833.5,3
1833.6,2
1833.7,2
1833.8,2
1833.9,1
1834,1
1834.1,1
1834.2,1
1834.3,1
1834.4,2
1834.5,2
1834.6,3
1834.7,3
1834.8,4
1834.9,4
1835,3
1835.1,3
1835.2,3
1835.3,2
1835.4,2
1835.5,1
1835.6,1
1835.7,1
1835.8,1
1835.9,2
1836,2
1836.1,3
1836.2,3
1836.3,3
1836.4,3
1836.5,3
1836.6,3
1836.7,3
1836.8,3
1836.9,2
1837,2
1837.1,1
1837.2,1
1837.3,1
1837.4,1
1837.5,1
1837.6,1
1837.7,2
1837.8,2
1837.9,3
1838,3
1838.1,3
1838.2,3
1838.3,3
1838.4,3
1838.5,3
1838.6,2
1838.7,2
1838.8,1
1838.9,1
1839,1
1839.1,1
1839.2,1
1839.3,1
1839.4,2
1839.5,2
1839.6,3
1839.7,3
1839.8,4
1839.9,3
1840,3
1840.1,3
1840.2,2
1840.3,2
1840.4,1
1840.5,1
1840.6,1
1840.7,1
1840.8,1
1840.9,1
1841,1
1841.1,2
1841.2,3
1841.3,3
1841.4,4
1841.5,4
1841.6,3
1841.7,3
1841.8,3
1841.9,3
1842,2
1842.1,2
1842.2,1
1842.3,1
1842.4,1
1842.5,1
1842.6,2
1842.7,2
1842.8,2
1842.9,3
1843,3
1843.1,3
1843.2,3
1843.3,3
1843.4,3
1843.5,3
1843.6,2
1843.7,2
1843.8,1
1843.9,1
1844,1
1844.1,1
1844.2,1
1844.3,1
1844.4,2
1844.5,3
1844.6,3
1844.7,3
1844.8,3
1844.9,3
1845,3
1845.1,3
1845.2,2
1845.3,2
1845.4,2
1845.5,1
1845.6,1
1845.7,1
1845.8,1
1845.9,1
1846,1
1846.1,2
1846.2,3
1846.3,3
1846.4,3
1846.5,3
1846.6,3
1846.7,3
1846.8,2
1846.9,2
1847,2
1847.1,1
1847.2,1
1847.3,0
1847.4,1
1847.5,1
1847.6,1
1847.7,2
1847.8,3
1847.9,3
1848,4
1848.1,4
1848.2,4
1848.3,3
1848.4,3
1848.5,3
1848.6,2
1848.7,2
1848.8,1
1848.9,1
1849,1
1849.1,1
1849.2,1
1849.3,2
1849.4,2
1849.5,3
1849.6,3
1849.7,3
1849.8,3
1849.9,3
1850,3
1850.1,3
1850.2,2
1850.3,2
1850.4,2
1850.5,1
1850.6,1
1850.7,1
1850.8,1
1850.9,1
1851,2
1851.1,2
1851.2,3
1851.3,3
1851.4,3
1851.5,3
1851.6,3
1851.7,2
1851.8,2
1851.9,2
1852,2
1852.1,2
1852.2,1
1852.3,1
1852.4,1
1852.5,1
1852.6,1
1852.7,2
1852.8,2
1852.9,3
1853,3
1853.1,3
1853.2,3
1853.3,3
1853.4,3
1853.5,2
1853.6,2
1853.7,1
1853.8,1
1853.9,1
1854,1
1854.1,1
1854.2,1
1854.3,1
1854.4,2
1854.5,3
1854.6,3
1854.7,3
1854.8,3
1854.9,3
1855,3
1855.1,3
1855.2,2
1855.3,2
1855.4,1
1855.5,1
1855.6,0
1855.7,1
1855.8,1
1855.9,1
1856,2
1856.1,2
1856.2,3
1856.3,3
1856.4,3
1856.5,3
1856.6,3
1856.7,3
1856.8,3
1856.9,2
1857,2
1857.1,1
1857.2,1
1857.3,0
1857.4,1
1857.5,1
1857.6,1
1857.7,2
1857.8,2
1857.9,3
1858,3
1858.1,3
1858.2,3
1858.3,3
1858.4,3
1858.5,3
1858.6,2
1858.7,1
1858.8,1
1858.9,1
1859,1
1859.1,1
1859.2,1
1859.3,2
1859.4,3
1859.5,3
1859.6,3
1859.7,4
1859.8,4
1859.9,3
1860,3
1860.1,2
1860.2,2
1860.3,2
1860.4,1
1860.5,1
1860.6,1
1860.7,1
1860.8,1
1860.9,1
1861,1
1861.1,2
1861.2,3
1861.3,3
1861.4,4
1861.5,3
1861.6,3
1861.7,3
1861.8,2
1861.9,2
1862,1
1862.1,1
1862.2,1
1862.3,1
1862.4,1
1862.5,1
1862.6,1
1862.7,2
1862.8,3
1862.9,3
1863,3
1863.1,3
1863.2,3
1863.3,3
1863.4,3
1863.5,2
1863.6,2
1863.7,2
1863.8,1
1863.9,1
1864,1
1864.1,1
1864.2,1
1864.3,2
1864.4,2
1864.5,3
1864.6,3
1864.7,4
1864.8,4
1864.9,3
1865,3
1865.1,2
1865.2,2
1865.3,2
1865.4,2
1865.5,1
1865.6,1
1865.7,1
1865.8,1
1865.9,1
1866,2
1866.1,2
1866.2,3
1866.3,3
1866.4,3
1866.5,3
1866.6,3
1866.7,3
1866.8,2
1866.9,2
1867,2
1867.1,1
1867.2,1
1867.3,0
1867.4,1
1867.5,1
1867.6,2
1867.7,2
1867.8,2
1867.9,3
1868,3
1868.1,3
1868.2,3
1868.3,3
1868.4,2
1868.5,2
1868.6,2
1868.7,1
1868.8,1
1868.9,1
1869,1
1869.1,1
1869.2,1
1869.3,1
1869.4,2
1869.5,2
1869.6,3
1869.7,3
1869.8,3
1869.9,3
1870,3
1870.1,2
1870.2,2
1870.3,2
1870.4,1
1870.5,1
1870.6,0
1870.7,1
1870.8,1
1870.9,1
1871,2
1871.1,2
1871.2,3
1871.3,3
1871.4,3
1871.5,3
1871.6,3
1871.7,3
1871.8,2
1871.9,2
1872,1
1872.1,1
1872.2,0
1872.3,0
1872.4,1
1872.5,1
1872.6,1
1872.7,2
1872.8,2
1872.9,3
1873,3
1873.1,3
1873.2,3
1873.3,3
1873.4,3
1873.5,2
1873.6,2
1873.7,1
1873.8,1
1873.9,1
1874,1
1874.1,1
1874.2,1
1874.3,1
1874.4,2
1874.5,2
1874.6,3
1874.7,3
1874.8,3
1874.9,3
1875,3
1875.1,2
1875.2,2
1875.3,2
1875.4,1
1875.5,1
1875.6,0
1875.7,1
1875.8,1
1875.9,1
1876,2
1876.1,2
1876.2,3
1876.3,3
1876.4,3
1876.5,3
1876.6,3
1876.7,3
1876.8,2
1876.9,2
1877,1
1877.1,1
1877.2,0
1877.3,0
1877.4,0
1877.5,1
1877.6,2
1877.7,2
1877.8,3
1877.9,3
1878,3
1878.1,4
1878.2,3
1878.3,3
1878.4,3
1878.5,2
1878.6,2
1878.7,2
1878.8,1
1878.9,0
1879,1
1879.1,1
1879.2,1
1879.3,2
1879.4,2
1879.5,2
1879.6,3
1879.7,3
1879.8,3
1879.9,3
1880,3
1880.1,2
1880.2,2
1880.3,1
1880.4,1
1880.5,1
1880.6,0
1880.7,1
1880.8,1
1880.9,1
1881,2
1881.1,2
1881.2,2
1881.3,3
1881.4,3
1881.5,3
1881.6,2
1881.7,2
1881.8,2
1881.9,2
1882,2
1882.1,1
1882.2,1
1882.3,0
1882.4,0
1882.5,1
1882.6,1
1882.7,2
1882.8,2
1882.9,3
1883,3
1883.1,3
1883.2,3
1883.3,2
1883.4,2
1883.5,2
1883.6,2
1883.7,1
1883.8,1
1883.9,1
1884,1
1884.1,1
1884.2,1
1884.3,1
1884.4,2
1884.5,2
1884.6,3
1884.7,3
1884.8,3
1884.9,3
1885,2
1885.1,2
1885.2,2
1885.3,1
1885.4,1
1885.5,1
1885.6,1
1885.7,1
1885.8,1
1885.9,1
1886,2
1886.1,3
1886.2,3
1886.3,4
1886.4,3
1886.5,4
1886.6,3
1886.7,3
1886.8,2
1886.9,2
1887,1
1887.1,1
1887.2,1
1887.3,1
1887.4,1
1887.5,1
1887.6,1
1887.7,2
1887.8,2
1887.9,3
1888,3
1888.1,3
1888.2,3
1888.3,3
1888.4,2
1888.5,2
1888.6,1
1888.7,1
1888.8,1
1888.9,1
1889,1
1889.1,1
1889.2,1
1889.3,2
1889.4,3
1889.5,3
1889.6,4
1889.7,4
1889.8,3
1889.9,3
1890,3
1890.1,2
1890.2,2
1890.3,2
1890.4,1
1890.5,1
1890.6,1
1890.7,1
1890.8,1
1890.9,1
1891,2
1891.1,3
1891.2,3
1891.3,3
1891.4,3
1891.5,3
1891.6,3
1891.7,2
1891.8,2
1891.9,2
1892,1
1892.1,1
1892.2,1
1892.3,0
1892.4,0
1892.5,1
1892.6,2
1892.7,2
1892.8,3
1892.9,3
1893,4
1893.1,4
1893.2,3
1893.3,3
1893.4,3
1893.5,2
1893.6,2
1893.7,1
1893.8,1
1893.9,0
1894,0
1894.1,1
1894.2,2
1894.3,2
1894.4,2
1894.5,3
1894.6,3
1894.7,3
1894.8,3
1894.9,3
1895,3
1895.1,2
1895.2,2
1895.3,1
1895.4,1
1895.5,1
1895.6,0
1895.7,1
1895.8,1
1895.9,1
1896,2
1896.1,3
1896.2,3
1896.3,3
1896.4,3
1896.5,3
1896.6,3
1896.7,3
1896.8,2
1896.9,2
1897,1
1897.1,1
1897.2,1
1897.3,0
1897.4,1
1897.5,1
1897.6,2
1897.7,2
1897.8,3
1897.9,3
1898,3
1898.1,3
1898.2,3
1898.3,3
1898.4,2
1898.5,2
1898.6,1
1898.7,1
1898.8,1
1898.9,0
1899,1
1899.1,1
1899.2,1
1899.3,2
1899.4,3
1899.5,3
1899.6,3
1899.7,3
1899.8,3
1899.9,3
1900,3
1900.1,2
1900.2,2
1900.3,1
1900.4,1
1900.5,1
1900.6,1
1900.7,1
1900.8,1
1900.9,1
1901,2
1901.1,3
1901.2,3
1901.3,4
1901.4,3
1901.5,3
1901.6,3
1901.7,3
1901.8,2
1901.9,2
1902,1
1902.1,1
1902.2,1
1902.3,1
1902.4,1
1902.5,1
1902.6,2
1902.7,2
1902.8,3
1902.9,3
1903,3
1903.1,3
1903.2,3
1903.3,3
1903.4,3
1903.5,2
1903.6,2
1903.7,1
1903.8,1
1903.9,1
1904,1
1904.1,1
1904.2,1
1904.3,2
1904.4,2
1904.5,3
1904.6,3
1904.7,3
1904.8,3
1904.9,3
1905,2
1905.1,2
1905.2,1
1905.3,1
1905.4,1
1905.5,1
1905.6,1
1905.7,1
1905.8,1
1905.9,1
1906,2
1906.1,3
1906.2,3
1906.3,3
1906.4,3
1906.5,3
1906.6,3
1906.7,3
1906.8,2
1906.9,2
1907,1
1907.1,1
1907.2,0
1907.3,1
1907.4,1
1907.5,1
1907.6,2
1907.7,2
1907.8,3
1907.9,3
1908,3
1908.1,3
1908.2,3
1908.3,3
1908.4,2
1908.5,2
1908.6,2
1908.7,1
1908.8,1
1908.9,1
1909,1
1909.1,1
1909.2,1
1909.3,2
1909.4,2
1909.5,3
1909.6,3
1909.7,3
1909.8,3
1909.9,3
1910,2
1910.1,2
1910.2,2
1910.3,1
1910.4,1
1910.5,1
1910.6,1
1910.7,1
1910.8,1
1910.9,1
1911,2
1911.1,3
1911.2,3
1911.3,3
1911.4,3
1911.5,3
1911.6,2
1911.7,2
1911.8,2
1911.9,1
1912,1
1912.1,1
1912.2,1
1912.3,1
1912.4,1
1912.5,1
1912.6,2
1912.7,2
1912.8,3
1912.9,3
1913,3
1913.1,3
1913.2,3
1913.3,3
1913.4,2
1913.5,2
1913.6,2
1913.7,1
1913.8,1
1913.9,1
1914,1
1914.1,1
1914.2,2
1914.3,2
1914.4,2
1914.5,3
1914.6,3
1914.7,3
1914.8,3
1914.9,3
1915,3
1915.1,2
1915.2,2
1915.3,1
1915.4,1
1915.5,0
1915.6,1
1915.7,1
1915.8,1
1915.9,2
1916,2
1916.1,3
1916.2,3
1916.3,3
1916.4,3
1916.5,3
1916.6,3
1916.7,3
1916.8,2
1916.9,2
1917,1
1917.1,1
1917.2,1
1917.3,1
1917.4,1
1917.5,1
1917.6,2
1917.7,3
1917.8,3
1917.9,3
1918,3
1918.1,3
1918.2,3
1918.3,3
1918.4,2
1918.5,2
1918.6,2
1918.7,1
1918.8,1
1918.9,1
1919,1
1919.1,1
1919.2,1
1919.3,2
1919.4,2
1919.5,3
1919.6,3
1919.7,3
1919.8,3
1919.9,3
1920,2
1920.1,2
1920.2,2
1920.3,1
1920.4,1
1920.5,0
1920.6,1
1920.7,0
1920.8,1
1920.9,1
1921,2
1921.1,3
1921.2,3
1921.3,3
1921.4,3
1921.5,3
1921.6,3
1921.7,2
1921.8,2
1921.9,2
1922,1
1922.1,1
1922.2,0
1922.3,0
1922.4,1
1922.5,1
1922.6,2
1922.7,2
1922.8,3
1922.9,3
1923,3
1923.1,3
1923.2,3
1923.3,2
1923.4,2
1923.5,2
1923.6,2
1923.7,1
1923.8,1
1923.9,1
1924,1
1924.1,1
1924.2,1
1924.3,2
1924.4,3
1924.5,3
1924.6,3
1924.7,3
1924.8,3
1924.9,3
1925,2
1925.1,2
1925.2,2
1925.3,1
1925.4,1
1925.5,1
1925.6,1
1925.7,1
1925.8,1
1925.9,1
1926,2
1926.1,3
1926.2,3
1926.3,3
1926.4,3
1926.5,3
1926.6,3
1926.7,2
1926.8,2
1926.9,2
1927,1
1927.1,1
1927.2,0
1927.3,0
1927.4,1
1927.5,2
1927.6,2
1927.7,2
1927.8,3
1927.9,3
1928,3
1928.1,3
1928.2,3
1928.3,2
1928.4,2
1928.5,2
1928.6,1
1928.7,1
1928.8,1
1928.9,1
1929,1
1929.1,1
1929.2,1
1929.3,2
1929.4,2
1929.5,3
1929.6,3
1929.7,3
1929.8,3
1929.9,3
1930,2
1930.1,2
1930.2,1
1930.3,1
1930.4,1
1930.5,1
1930.6,1
1930.7,1
1930.8,1
1930.9,2
1931,2
1931.1,3
1931.2,3
1931.3,3
1931.4,3
1931.5,3
1931.6,2
1931.7,2
1931.8,1
1931.9,1
1932,1
1932.1,1
1932.2,0
1932.3,1
1932.4,1
1932.5,1
1932.6,2
1932.7,2
1932.8,3
1932.9,3
1933,3
1933.1,3
1933.2,3
1933.3,3
1933.4,2
1933.5,2
1933.6,1
1933.7,1
1933.8,0
1933.9,0
1934,0
1934.1,1
1934.2,1
1934.3,2
1934.4,2
1934.5,3
1934.6,3
1934.7,3
1934.8,3
1934.9,3
1935,2
1935.1,2
1935.2,1
1935.3,1
1935.4,1
1935.5,1
1935.6,1
1935.7,1
1935.8,1
1935.9,2
1936,2
1936.1,3
1936.2,3
1936.3,3
1936.4,3
1936.5,3
1936.6,3
1936.7,2
1936.8,2
1936.9,2
1937,1
1937.1,0
1937.2,0
1937.3,1
1937.4,1
1937.5,1
1937.6,2
1937.7,3
1937.8,3
1937.9,3
1938,3
1938.1,3
1938.2,3
1938.3,3
1938.4,2
1938.5,2
1938.6,2
1938.7,1
1938.8,1
1938.9,1
1939,1
1939.1,1
1939.2,1
1939.3,2
1939.4,3
1939.5,3
1939.6,3
1939.7,3
1939.8,3
1939.9,3
1940,2
1940.1,1
1940.2,1
1940.3,1
1940.4,1
1940.5,0
1940.6,1
1940.7,1
1940.8,1
1940.9,2
1941,2
1941.1,2
1941.2,3
1941.3,3
1941.4,3
1941.5,2
1941.6,2
1941.7,2
1941.8,2
1941.9,1
1942,1
1942.1,1
1942.2,0
1942.3,1
1942.4,1
1942.5,1
1942.6,2
1942.7,3
1942.8,3
1942.9,3
1943,3
1943.1,3
1943.2,3
1943.3,2
1943.4,2
1943.5,2
1943.6,1
1943.7,1
1943.8,1
1943.9,1
1944,1
1944.1,1
1944.2,1
1944.3,2
1944.4,3
1944.5,3
1944.6,3
1944.7,3
1944.8,3
1944.9,3
1945,2
1945.1,2
1945.2,1
1945.3,1
1945.4,1
1945.5,0
1945.6,1
1945.7,0
1945.8,1
1945.9,2
1946,3
1946.1,3
1946.2,3
1946.3,3
1946.4,3
1946.5,3
1946.6,3
1946.7,2
1946.8,2
1946.9,1
1947,1
1947.1,1
1947.2,1
1947.3,1
1947.4,1
1947.5,1
1947.6,2
1947.7,3
1947.8,3
1947.9,3
1948,3
1948.1,3
1948.2,3
1948.3,3
1948.4,2
1948.5,2
1948.6,1
1948.7,1
1948.8,1
1948.9,1
1949,1
1949.1,1
1949.2,2
1949.3,2
1949.4,3
1949.5,4
1949.6,4
1949.7,3
1949.8,3
1949.9,3
1950,2
1950.1,2
1950.2,1
1950.3,1
1950.4,1
1950.5,1
1950.6,1
1950.7,1
1950.8,1
1950.9,2
1951,3
1951.1,3
1951.2,4
1951.3,3
1951.4,3
1951.5,3
1951.6,3
1951.7,2
1951.8,2
1951.9,2
1952,1
1952.1,0
1952.2,1
1952.3,1
1952.4,1
1952.5,2
1952.6,2
1952.7,3
1952.8,3
1952.9,4
1953,4
1953.1,3
1953.2,3
1953.3,3
1953.4,2
1953.5,2
1953.6,2
1953.7,1
1953.8,1
1953.9,1
1954,1
1954.1,1
1954.2,2
1954.3,2
1954.4,3
1954.5,3
1954.6,4
1954.7,3
1954.8,3
1954.9,3
1955,2
1955.1,2
1955.2,2
1955.3,1
1955.4,1
1955.5,1
1955.6,1
1955.7,1
1955.8,2
1955.9,2
1956,3
1956.1,3
1956.2,4
1956.3,4
1956.4,4
1956.5,3
1956.6,3
1956.7,2
1956.8,2
1956.9,1
1957,1
1957.1,1
1957.2,1
1957.3,1
1957.4,2
1957.5,2
1957.6,3
1957.7,3
1957.8,3
1957.9,3
1958,4
1958.1,4
1958.2,3
1958.3,3
1958.4,2
1958.5,2
1958.6,2
1958.7,1
1958.8,1
1958.9,1
1959,1
1959.1,2
1959.2,2
1959.3,3
1959.4,3
1959.5,4
1959.6,4
1959.7,3
1959.8,3
1959.9,3
1960,3
1960.1,2
1960.2,2
1960.3,1
1960.4,1
1960.5,1
1960.6,1
1960.7,1
1960.8,1
1960.9,2
1961,3
1961.1,3
1961.2,4
1961.3,4
1961.4,3
1961.5,3
1961.6,3
1961.7,2
1961.8,2
1961.9,2
1962,1
1962.1,1
1962.2,1
1962.3,1
1962.4,2
1962.5,2
1962.6,2
1962.7,3
1962.8,3
1962.9,4
1963,4
1963.1,4
1963.2,3
1963.3,3
1963.4,3
1963.5,2
1963.6,1
1963.7,1
1963.8,1
1963.9,1
1964,1
1964.1,2
1964.2,2
1964.3,3
1964.4,3
1964.5,4
1964.6,4
1964.7,4
1964.8,3
1964.9,3
1965,2
1965.1,2
1965.2,2
1965.3,1
1965.4,1
1965.5,1
1965.6,1
1965.7,1
1965.8,1
1965.9,2
1966,3
1966.1,3
1966.2,4
1966.3,3
1966.4,3
1966.5,3
1966.6,3
1966.7,2
1966.8,2
1966.9,2
1967,1
1967.1,1
1967.2,1
1967.3,1
1967.4,1
1967.5,2
1967.6,3
1967.7,3
1967.8,3
1967.9,4
1968,4
1968.1,3
1968.2,3
1968.3,2
1968.4,2
1968.5,2
1968.6,1
1968.7,1
1968.8,1
1968.9,1
1969,1
1969.1,2
1969.2,2
1969.3,3
1969.4,3
1969.5,4
1969.6,4
1969.7,4
1969.8,3
1969.9,3
1970,2
1970.1,2
1970.2,2
1970.3,2
1970.4,1
1970.5,1
1970.6,1
1970.7,1
1970.8,2
1970.9,3
1971,3
1971.1,3
1971.2,4
1971.3,4
1971.4,3
1971.5,3
1971.6,3
1971.7,2
1971.8,2
1971.9,2
1972,1
1972.1,1
1972.2,1
1972.3,1
1972.4,2
1972.5,2
1972.6,2
1972.7,3
1972.8,3
1972.9,4
1973,4
1973.1,3
1973.2,3
1973.3,3
1973.4,2
1973.5,2
1973.6,1
1973.7,1
1973.8,1
1973.9,1
1974,1
1974.1,1
1974.2,2
1974.3,3
1974.4,3
1974.5,4
1974.6,4
1974.7,3
1974.8,3
1974.9,3
1975,2
1975.1,2
1975.2,2
1975.3,1
1975.4,1
1975.5,1
1975.6,1
1975.7,1
1975.8,2
1975.9,2
1976,3
1976.1,3
1976.2,3
1976.3,4
1976.4,3
1976.5,3
1976.6,3
1976.7,2
1976.8,2
1976.9,1
1977,1
1977.1,1
1977.2,1
1977.3,1
1977.4,1
1977.5,2
1977.6,2
1977.7,3
1977.8,3
1977.9,4
1978,4
1978.1,3
1978.2,3
1978.3,3
1978.4,2
1978.5,2
1978.6,1
1978.7,1
1978.8,1
1978.9,1
1979,1
1979.1,1
1979.2,2
1979.3,2
1979.4,3
1979.5,4
1979.6,4
1979.7,3
1979.8,3
1979.9,2
1980,2
1980.1,2
1980.2,1
1980.3,1
1980.4,1
1980.5,1
1980.6,1
1980.7,1
1980.8,2
1980.9,2
1981,3
1981.1,3
1981.2,3
1981.3,3
1981.4,3
1981.5,3
1981.6,2
1981.7,2
1981.8,2
1981.9,1
1982,1
1982.1,0
1982.2,1
1982.3,1
1982.4,1
1982.5,2
1982.6,3
1982.7,3
1982.8,3
1982.9,4
1983,4
1983.1,3
1983.2,3
1983.3,2
1983.4,2
1983.5,2
1983.6,2
1983.7,1
1983.8,1
1983.9,1
1984,1
1984.1,2
1984.2,2
1984.3,3
1984.4,3
1984.5,3
1984.6,4
1984.7,3
1984.8,3
1984.9,3
1985,2
1985.1,2
1985.2,2
1985.3,1
1985.4,1
1985.5,0
1985.6,1
1985.7,1
1985.8,2
1985.9,2
1986,3
1986.1,3
1986.2,4
1986.3,4
1986.4,4
1986.5,3
1986.6,3
1986.7,2
1986.8,2
1986.9,2
1987,1
1987.1,1
1987.2,1
1987.3,1
1987.4,2
1987.5,2
1987.6,3
1987.7,3
1987.8,3
1987.9,4
1988,4
1988.1,3
1988.2,3
1988.3,3
1988.4,2
1988.5,2
1988.6,1
1988.7,1
1988.8,1
1988.9,1
1989,1
1989.1,1
1989.2,2
1989.3,3
1989.4,3
1989.5,4
1989.6,4
1989.7,3
1989.8,3
1989.9,3
1990,2
1990.1,2
1990.2,1
1990.3,1
1990.4,1
1990.5,1
1990.6,1
1990.7,1
1990.8,2
1990.9,3
1991,3
1991.1,4
1991.2,4
1991.3,4
1991.4,3
1991.5,3
1991.6,3
1991.7,2
1991.8,1
1991.9,1
1992,1
1992.1,1
1992.2,1
1992.3,1
1992.4,1
1992.5,2
1992.6,3
1992.7,3
1992.8,4
1992.9,4
1993,3
1993.1,3
1993.2,3
1993.3,3
1993.4,3
1993.5,2
1993.6,1
1993.7,1
1993.8,1
1993.9,1
1994,1
1994.1,2
1994.2,3
1994.3,3
1994.4,3
1994.5,4
1994.6,4
1994.7,4
1994.8,3
1994.9,3
1995,2
1995.1,2
1995.2,1
1995.3,1
1995.4,1
1995.5,1
1995.6,1
1995.7,1
1995.8,2
1995.9,3
1996,3
1996.1,3
1996.2,3
1996.3,3
1996.4,3
1996.5,3
1996.6,3
1996.7,2
1996.8,2
1996.9,1
1997,1
1997.1,1
1997.2,1
1997.3,1
1997.4,2
1997.5,2
1997.6,3
1997.7,3
1997.8,4
1997.9,4
1998,4
1998.1,3
1998.2,3
1998.3,3
1998.4,2
1998.5,2
1998.6,1
1998.7,1
1998.8,1
1998.9,1
1999,1
1999.1,2
1999.2,2
1999.3,3
1999.4,3
1999.5,4
1999.6,4
1999.7,3
1999.8,3
1999.9,3
2000,2
2000.1,2
2000.2,2
2000.3,1
2000.4,1
2000.5,1
2000.6,1
2000.7,2
2000.8,2
2000.9,3
2001,3
2001.1,3
2001.2,4
2001.3,4
2001.4,4
2001.5,3
2001.6,3
2001.7,2
2001.8,2
2001.9,1
2002,1
2002.1,1
2002.2,1
2002.3,1
2002.4,2
2002.5,2
2002.6,3
2002.7,3
2002.8,4
2002.9,4
2003,3
2003.1,3
2003.2,3
2003.3,2
2003.4,2
2003.5,1
2003.6,1
2003.7,1
2003.8,1
2003.9,1
2004,1
2004.1,2
2004.2,2
2004.3,3
2004.4,3
2004.5,4
2004.6,4
2004.7,3
2004.8,3
2004.9,3
2005,2
2005.1,2
2005.2,2
2005.3,1
2005.4,1
2005.5,1
2005.6,1
2005.7,1
2005.8,2
2005.9,3
2006,3
2006.1,4
2006.2,4
2006.3,4
2006.4,4
2006.5,3
2006.6,3
2006.7,2
2006.8,2
2006.9,1
2007,1
2007.1,1
2007.2,1
2007.3,1
2007.4,1
2007.5,2
2007.6,3
2007.7,3
2007.8,4
2007.9,4
2008,4
2008.1,3
2008.2,3
2008.3,3
2008.4,2
2008.5,1
2008.6,1
2008.7,1
2008.8,1
2008.9,1
2009,1
2009.1,2
2009.2,3
2009.3,3
2009.4,3
2009.5,4
2009.6,4
2009.7,3
2009.8,3
2009.9,2
2010,2
2010.1,2
2010.2,1
2010.3,1
2010.4,0
2010.5,1
2010.6,1
2010.7,1
2010.8,2
2010.9,3
2011,4
2011.1,4
2011.2,3
2011.3,3
2011.4,3
2011.5,3
2011.6,2
2011.7,2
2011.8,2
2011.9,2
2012,1
2012.1,1
2012.2,1
2012.3,1
2012.4,2
2012.5,2
2012.6,3
2012.7,3
2012.8,3
2012.9,4
2013,4
2013.1,3
2013.2,3
2013.3,2
2013.4,2
2013.5,1
2013.6,1
2013.7,1
2013.8,1
2013.9,1
2014,1
2014.1,2
2014.2,2
2014.3,3
2014.4,4
2014.5,4
2014.6,4
2014.7,3
2014.8,3
2014.9,3
2015,2
2015.1,2
2015.2,2
2015.3,1
2015.4,1
2015.5,1
2015.6,1
2015.7,2
2015.8,2
2015.9,3
2016,3
2016.1,3
2016.2,4
2016.3,3
2016.4,3
2016.5,3
2016.6,3
2016.7,2
2016.8,2
2016.9,1
2017,1
2017.1,1
2017.2,1
2017.3,1
2017.4,2
2017.5,2
2017.6,3
2017.7,3
2017.8,3
2017.9,3
2018,3
2018.1,3
2018.2,2
2018.3,2
2018.4,2
2018.5,1
2018.6,1
2018.7,1
2018.8,1
2018.9,1
2019,1
2019.1,2
2019.2,2
2019.3,3
2019.4,3
2019.5,4
2019.6,3
2019.7,3
2019.8,3
2019.9,3
2020,2
2020.1,2
2020.2,2
2020.3,1
2020.4,1
2020.5,1
2020.6,1
2020.7,2
2020.8,2
2020.9,3
2021,4
2021.1,4
2021.2,4
2021.3,4
2021.4,3
2021.5,3
2021.6,3
2021.7,2
2021.8,2
2021.9,1
2022,1
2022.1,1
2022.2,1
2022.3,1
2022.4,2
2022.5,2
2022.6,3
2022.7,3
2022.8,4
2022.9,3
2023,3
2023.1,3
2023.2,3
2023.3,2
2023.4,2
2023.5,2
2023.6,1
2023.7,1
2023.8,1
2023.9,1
2024,1
2024.1,2
2024.2,2
2024.3,3
2024.4,3
2024.5,4
2024.6,4
2024.7,3
2024.8,2
2024.9,2
2025,2
2025.1,1
2025.2,1
2025.3,1
2025.4,1
2025.5,1
2025.6,1
2025.7,1
2025.8,2
2025.9,2
2026,3
2026.1,3
2026.2,3
2026.3,3
2026.4,3
2026.5,2
2026.6,2
2026.7,2
2026.8,1
2026.9,1
2027,0
2027.1,1
2027.2,1
2027.3,2
2027.4,2
2027.5,3
2027.6,3
2027.7,3
2027.8,4
2027.9,4
2028,4
2028.1,3
2028.2,3
2028.3,2
2028.4,2
2028.5,2
2028.6,1
2028.7,1
2028.8,1
2028.9,1
2029,1
2029.1,2
2029.2,2
2029.3,3
2029.4,3
2029.5,3
2029.6,3
2029.7,3
2029.8,3
2029.9,2
2030,2
2030.1,2
2030.2,2
2030.3,1
2030.4,1
2030.5,1
2030.6,1
2030.7,2
2030.8,2
2030.9,3
2031,3
2031.1,4
2031.2,4
2031.3,3
2031.4,3
2031.5,3
2031.6,2
2031.7,2
2031.8,2
2031.9,1
2032,1
2032.1,1
2032.2,1
2032.3,2
2032.4,2
2032.5,2
2032.6,3
2032.7,3
2032.8,3
2032.9,3
2033,3
2033.1,3
2033.2,2
2033.3,2
2033.4,2
2033.5,1
2033.6,1
2033.7,0
2033.8,1
2033.9,1
2034,1
2034.1,2
2034.2,3
2034.3,3
2034.4,4
2034.5,4
2034.6,3
2034.7,3
2034.8,3
2034.9,2
2035,2
2035.1,2
2035.2,1
2035.3,1
2035.4,0
2035.5,1
2035.6,1
2035.7,2
2035.8,2
2035.9,3
2036,3
2036.1,3
2036.2,4
2036.3,3
2036.4,3
2036.5,3
2036.6,2
2036.7,1
2036.8,1
2036.9,1
2037,1
2037.1,1
2037.2,1
2037.3,1
2037.4,2
2037.5,2
2037.6,3
2037.7,3
2037.8,4
2037.9,3
2038,3
2038.1,3
2038.2,3
2038.3,2
2038.4,1
2038.5,1
2038.6,1
2038.7,1
2038.8,1
2038.9,1
2039,2
2039.1,2
2039.2,2
2039.3,3
2039.4,3
2039.5,3
2039.6,3
2039.7,3
2039.8,3
2039.9,2
2040,2
2040.1,2
2040.2,2
2040.3,1
2040.4,1
2040.5,1
2040.6,1
2040.7,2
2040.8,3
2040.9,3
2041,3
2041.1,3
2041.2,3
2041.3,3
2041.4,3
2041.5,3
2041.6,2
2041.7,2
2041.8,1
2041.9,1
2042,1
2042.1,1
2042.2,1
2042.3,2
2042.4,2
2042.5,3
2042.6,3
2042.7,4
2042.8,4
2042.9,4
2043,3
2043.1,3
2043.2,3
2043.3,2
2043.4,2
2043.5,1
2043.6,1
2043.7,1
2043.8,1
2043.9,1
2044,2
2044.1,2
2044.2,2
2044.3,3
2044.4,4
2044.5,4
2044.6,3
2044.7,3
2044.8,3
2044.9,2
2045,2
2045.1,2
2045.2,1
2045.3,1
2045.4,1
2045.5,1
2045.6,1
2045.7,2
2045.8,2
2045.9,3
2046,3
2046.1,4
2046.2,4
2046.3,4
2046.4,3
2046.5,3
2046.6,2
2046.7,2
2046.8,1
2046.9,1
2047,1
2047.1,1
2047.2,1
2047.3,1
2047.4,2
2047.5,3
2047.6,3
2047.7,3
2047.8,3
2047.9,3
2048,3
2048.1,3
2048.2,3
2048.3,2
2048.4,1
2048.5,1
2048.6,1
2048.7,1
2048.8,1
2048.9,1
2049,1
2049.1,2
2049.2,3
2049.3,3
2049.4,4
2049.5,4
2049.6,3
2049.7,3
2049.8,3
2049.9,2
2050,2
2050.1,1
2050.2,1
2050.3,1
2050.4,1
2050.5,1
2050.6,1
2050.7,2
2050.8,2
2050.9,3
2051,3
2051.1,3
2051.2,3
2051.3,3
2051.4,3
2051.5,3
2051.6,2
2051.7,2
2051.8,1
2051.9,1
2052,1
2052.1,1
2052.2,1
2052.3,2
2052.4,2
2052.5,3
2052.6,3
2052.7,3
2052.8,3
2052.9,3
2053,3
2053.1,3
2053.2,3
2053.3,2
2053.4,1
2053.5,1
2053.6,1
2053.7,1
2053.8,1
2053.9,1
2054,1
2054.1,2
2054.2,3
2054.3,3
2054.4,4
2054.5,4
2054.6,3
2054.7,3
2054.8,3
2054.9,2
2055,2
2055.1,1
2055.2,1
2055.3,1
2055.4,1
2055.5,1
2055.6,1
2055.7,2
2055.8,2
2055.9,3
2056,3
2056.1,3
2056.2,3
2056.3,3
2056.4,3
2056.5,3
2056.6,2
2056.7,2
2056.8,1
2056.9,1
2057,0
2057.1,1
2057.2,1
2057.3,2
2057.4,2
2057.5,3
2057.6,3
2057.7,3
2057.8,3
2057.9,3
2058,3
2058.1,3
2058.2,2
2058.3,3
2058.4,2
2058.5,2
2058.6,1
2058.7,1
2058.8,1
2058.9,1
2059,2
2059.1,2
2059.2,2
2059.3,3
2059.4,3
2059.5,4
2059.6,4
2059.7,3
2059.8,3
2059.9,2
2060,2
2060.1,2
2060.2,1
2060.3,1
2060.4,1
2060.5,1
2060.6,2
2060.7,2
2060.8,2
2060.9,3
2061,4
2061.1,4
2061.2,3
2061.3,3
2061.4,3
2061.5,3
2061.6,2
2061.7,2
2061.8,1
2061.9,1
2062,1
2062.1,1
2062.2,1
2062.3,2
2062.4,2
2062.5,2
2062.6,3
2062.7,3
2062.8,4
2062.9,4
2063,3
2063.1,3
2063.2,2
2063.3,2
2063.4,2
2063.5,1
2063.6,1
2063.7,1
2063.8,1
2063.9,1
2064,1
2064.1,2
2064.2,3
2064.3,3
2064.4,3
2064.5,4
2064.6,3
2064.7,3
2064.8,3
2064.9,2
2065,2
2065.1,2
2065.2,1
2065.3,1
2065.4,1
2065.5,1
2065.6,2
2065.7,2
2065.8,3
2065.9,3
2066,3
2066.1,3
2066.2,3
2066.3,3
2066.4,3
2066.5,3
2066.6,2
2066.7,2
2066.8,1
2066.9,1
2067,1
2067.1,1
2067.2,1
2067.3,2
2067.4,2
2067.5,3
2067.6,3
2067.7,3
2067.8,4
2067.9,4
2068,4
2068.1,3
2068.2,2
2068.3,2
2068.4,1
2068.5,1
2068.6,1
2068.7,1
2068.8,1
2068.9,1
2069,2
2069.1,3
2069.2,3
2069.3,4
2069.4,4
2069.5,3
2069.6,3
2069.7,3
2069.8,3
2069.9,2
2070,2
2070.1,1
2070.2,1
2070.3,1
2070.4,1
2070.5,1
2070.6,1
2070.7,2
2070.8,2
2070.9,3
2071,3
2071.1,3
2071.2,3
2071.3,3
2071.4,3
2071.5,3
2071.6,2
2071.7,2
2071.8,2
2071.9,1
2072,1
2072.1,1
2072.2,1
2072.3,2
2072.4,2
2072.5,3
2072.6,3
2072.7,4
2072.8,4
2072.9,4
2073,3
2073.1,3
2073.2,2
2073.3,2
2073.4,1
2073.5,1
2073.6,1
2073.7,0
2073.8,1
2073.9,1
2074,1
2074.1,2
2074.2,3
2074.3,4
2074.4,4
2074.5,4
2074.6,3
2074.7,3
2074.8,3
2074.9,3
2075,2
2075.1,2
2075.2,1
2075.3,1
2075.4,1
2075.5,1
2075.6,1
2075.7,2
2075.8,3
2075.9,3
2076,3
2076.1,3
2076.2,3
2076.3,3
2076.4,3
2076.5,3
2076.6,2
2076.7,2
2076.8,1
2076.9,1
2077,1
2077.1,1
2077.2,1
2077.3,2
2077.4,2
2077.5,3
2077.6,3
2077.7,4
2077.8,4
2077.9,3
2078,3
2078.1,3
2078.2,2
2078.3,2
2078.4,1
2078.5,1
2078.6,1
2078.7,1
2078.8,1
2078.9,1
2079,2
2079.1,2
2079.2,3
2079.3,4
2079.4,4
2079.5,3
2079.6,3
2079.7,3
2079.8,3
2079.9,2
2080,1
2080.1,1
2080.2,1
2080.3,1
2080.4,1
2080.5,1
2080.6,2
2080.7,2
2080.8,3
2080.9,3
2081,3
2081.1,3
2081.2,3
2081.3,3
2081.4,3
2081.5,2
2081.6,2
2081.7,1
2081.8,1
2081.9,1
2082,1
2082.1,1
2082.2,1
2082.3,2
2082.4,2
2082.5,3
2082.6,3
2082.7,4
2082.8,4
2082.9,4
2083,3
2083.1,3
2083.2,2
2083.3,1
2083.4,2
2083.5,1
2083.6,1
2083.7,1
2083.8,1
2083.9,1
2084,2
2084.1,2
2084.2,3
2084.3,3
2084.4,4
2084.5,3
2084.6,3
2084.7,3
2084.8,3
2084.9,2
2085,2
2085.1,2
2085.2,1
2085.3,1
2085.4,1
2085.5,1
2085.6,1
2085.7,2
2085.8,3
2085.9,3
2086,4
2086.1,4
2086.2,4
2086.3,3
2086.4,3
2086.5,2
2086.6,2
2086.7,2
2086.8,1
2086.9,1
2087,1
2087.1,1
2087.2,1
2087.3,2
2087.4,3
2087.5,3
2087.6,3
2087.7,3
2087.8,4
2087.9,4
2088,3
2088.1,3
2088.2,2
2088.3,1
2088.4,1
2088.5,1
2088.6,1
2088.7,1
2088.8,1
2088.9,2
2089,2
2089.1,2
2089.2,3
2089.3,3
2089.4,4
2089.5,4
2089.6,3
2089.7,3
2089.8,3
2089.9,2
2090,2
2090.1,1
2090.2,1
2090.3,1
2090.4,1
2090.5,1
2090.6,1
2090.7,2
2090.8,2
2090.9,3
2091,3
2091.1,3
2091.2,3
2091.3,3
2091.4,3
2091.5,3
2091.6,2
2091.7,1
2091.8,1
2091.9,1
2092,1
2092.1,1
2092.2,1
2092.3,2
2092.4,2
2092.5,3
2092.6,3
2092.7,4
2092.8,4
2092.9,3
2093,3
2093.1,2
2093.2,2
2093.3,2
2093.4,2
2093.5,1
2093.6,1
2093.7,1
2093.8,1
2093.9,1
2094,2
2094.1,2
2094.2,3
2094.3,4
2094.4,4
2094.5,3
2094.6,3
2094.7,3
2094.8,3
2094.9,2
2095,2
2095.1,1
2095.2,1
2095.3,0
2095.4,0
2095.5,1
2095.6,2
2095.7,3
2095.8,3
2095.9,3
2096,3
2096.1,4
2096.2,3
2096.3,3
2096.4,3
2096.5,2
2096.6,2
2096.7,2
2096.8,2
2096.9,1
2097,1
2097.1,1
2097.2,1
2097.3,2
2097.4,3
2097.5,3
2097.6,4
2097.7,4
2097.8,4
2097.9,4
2098,3
2098.1,3
2098.2,2
2098.3,1
2098.4,1
2098.5,1
2098.6,1
2098.7,1
2098.8,1
2098.9,1
2099,2
2099.1,3
2099.2,3
2099.3,4
2099.4,3
2099.5,3
2099.6,3
2099.7,3
2099.8,2
2099.9,2
2100,2
2100.1,1
2100.2,1
2100.3,1
2100.4,1
2100.5,1
2100.6,2
2100.7,3
2100.8,3
2100.9,3
2101,4
2101.1,3
2101.2,3
2101.3,3
2101.4,3
2101.5,2
2101.6,2
2101.7,1
2101.8,1
2101.9,1
2102,1
2102.1,1
2102.2,1
2102.3,2
2102.4,3
2102.5,3
2102.6,3
2102.7,3
2102.8,3
2102.9,3
2103,3
2103.1,3
2103.2,2
2103.3,2
2103.4,1
2103.5,1
2103.6,1
2103.7,1
2103.8,1
2103.9,1
2104,2
2104.1,3
2104.2,3
2104.3,4
2104.4,4
2104.5,4
2104.6,3
2104.7,3
2104.8,2
2104.9,2
2105,2
2105.1,1
2105.2,1
2105.3,1
2105.4,1
2105.5,1
2105.6,1
2105.7,2
2105.8,3
2105.9,3
2106,4
2106.1,4
2106.2,3
2106.3,3
2106.4,3
2106.5,3
2106.6,2
2106.7,1
2106.8,1
2106.9,1
2107,1
2107.1,1
2107.2,1
2107.3,2
2107.4,2
2107.5,3
2107.6,3
2107.7,3
2107.8,3
2107.9,3
2108,3
2108.1,2
2108.2,2
2108.3,2
2108.4,2
2108.5,1
2108.6,1
2108.7,1
2108.8,1
2108.9,1
2109,2
2109.1,3
2109.2,3
2109.3,3
2109.4,4
2109.5,3
2109.6,3
2109.7,3
2109.8,2
2109.9,2
2110,1
2110.1,1
2110.2,1
2110.3,0
2110.4,1
2110.5,1
2110.6,2
2110.7,2
2110.8,3
2110.9,3
2111,4
2111.1,4
2111.2,3
2111.3,3
2111.4,2
2111.5,2
2111.6,2
2111.7,1
2111.8,1
2111.9,1
2112,1
2112.1,1
2112.2,1
2112.3,2
2112.4,2
2112.5,3
2112.6,4
2112.7,4
2112.8,3
2112.9,4
2113,3
2113.1,3
2113.2,2
2113.3,2
2113.4,2
2113.5,1
2113.6,1
2113.7,1
2113.8,1
2113.9,2
2114,2
2114.1,2
2114.2,3
2114.3,3
2114.4,3
2114.5,3
2114.6,3
2114.7,3
2114.8,2
2114.9,1
2115,1
2115.1,1
2115.2,1
2115.3,1
2115.4,1
2115.5,1
2115.6,2
2115.7,2
2115.8,3
2115.9,3
2116,3
2116.1,4
2116.2,3
2116.3,3
2116.4,2
2116.5,2
2116.6,2
2116.7,2
2116.8,1
2116.9,1
2117,1
2117.1,1
2117.2,2
2117.3,2
2117.4,3
2117.5,3
2117.6,4
2117.7,4
2117.8,4
2117.9,3
2118,3
2118.1,2
2118.2,2
2118.3,2
2118.4,1
2118.5,1
2118.6,1
2118.7,1
2118.8,1
2118.9,1
2119,2
2119.1,3
2119.2,3
2119.3,4
2119.4,4
2119.5,4
2119.6,3
2119.7,3
2119.8,2
2119.9,2
2120,1
2120.1,1
2120.2,1
2120.3,1
2120.4,1
2120.5,1
2120.6,2
2120.7,2
2120.8,3
2120.9,4
2121,4
2121.1,4
2121.2,4
2121.3,3
2121.4,3
2121.5,2
2121.6,2
2121.7,1
2121.8,1
2121.9,1
2122,1
2122.1,1
2122.2,2
2122.3,2
2122.4,3
2122.5,3
2122.6,3
2122.7,4
2122.8,3
2122.9,3
2123,3
2123.1,2
2123.2,2
2123.3,2
2123.4,2
2123.5,1
2123.6,1
2123.7,1
2123.8,1
2123.9,1
2124,2
2124.1,2
2124.2,3
2124.3,3
2124.4,3
2124.5,3
2124.6,3
2124.7,3
2124.8,3
2124.9,2
2125,1
2125.1,1
2125.2,0
2125.3,0
2125.4,1
2125.5,1
2125.6,2
2125.7,3
2125.8,3
2125.9,4
2126,3
2126.1,4
2126.2,3
2126.3,3
2126.4,3
2126.5,2
2126.6,2
2126.7,1
2126.8,1
2126.9,1
2127,1
2127.1,1
2127.2,1
2127.3,2
2127.4,2
2127.5,3
2127.6,3
2127.7,3
2127.8,3
2127.9,3
2128,3
2128.1,2
2128.2,1
2128.3,1
2128.4,1
2128.5,1
2128.6,1
2128.7,1
2128.8,1
2128.9,2
2129,3
2129.1,3
2129.2,4
2129.3,4
2129.4,4
2129.5,3
2129.6,3
2129.7,2
2129.8,2
2129.9,2
2130,2
2130.1,1
2130.2,1
2130.3,1
2130.4,1
2130.5,1
2130.6,2
2130.7,2
2130.8,3
2130.9,3
2131,3
2131.1,3
2131.2,3
2131.3,3
2131.4,2
2131.5,2
2131.6,1
2131.7,1
2131.8,1
2131.9,1
2132,1
2132.1,1
2132.2,2
2132.3,2
2132.4,3
2132.5,3
2132.6,4
2132.7,4
2132.8,3
2132.9,3
2133,3
2133.1,3
2133.2,2
2133.3,2
2133.4,1
2133.5,1
2133.6,1
2133.7,1
2133.8,1
2133.9,2
2134,2
2134.1,3
2134.2,3
2134.3,4
2134.4,4
2134.5,3
2134.6,3
2134.7,3
2134.8,2
2134.9,2
2135,1
2135.1,1
2135.2,1
2135.3,1
2135.4,1
2135.5,1
2135.6,2
2135.7,3
2135.8,3
2135.9,3
2136,4
2136.1,4
2136.2,3
2136.3,3
2136.4,3
2136.5,2
2136.6,1
2136.7,1
2136.8,1
2136.9,1
2137,1
2137.1,1
2137.2,1
2137.3,2
2137.4,2
2137.5,3
2137.6,3
2137.7,3
2137.8,3
2137.9,3
2138,3
2138.1,2
2138.2,2
2138.3,1
2138.4,1
2138.5,1
2138.6,1
2138.7,1
2138.8,1
2138.9,1
2139,2
2139.1,3
2139.2,3
2139.3,3
2139.4,3
2139.5,3
2139.6,3
2139.7,3
2139.8,2
2139.9,2
2140,1
2140.1,1
2140.2,1
2140.3,1
2140.4,1
2140.5,1
2140.6,2
2140.7,3
2140.8,3
2140.9,4
2141,4
2141.1,4
2141.2,3
2141.3,3
2141.4,3
2141.5,2
2141.6,2
2141.7,1
2141.8,1
2141.9,1
2142,1
2142.1,1
2142.2,2
2142.3,2
2142.4,3
2142.5,3
2142.6,4
2142.7,4
2142.8,4
2142.9,3
2143,3
2143.1,2
2143.2,2
2143.3,1
2143.4,1
2143.5,1
2143.6,1
2143.7,1
2143.8,1
2143.9,2
2144,2
2144.1,3
2144.2,3
2144.3,4
2144.4,4
2144.5,3
2144.6,3
2144.7,3
2144.8,2
2144.9,2
2145,2
2145.1,1
2145.2,1
2145.3,1
2145.4,1
2145.5,2
2145.6,2
2145.7,3
2145.8,3
2145.9,3
2146,3
2146.1,3
2146.2,3
2146.3,3
2146.4,2
2146.5,2
2146.6,1
2146.7,1
2146.8,1
2146.9,1
2147,1
2147.1,1
2147.2,2
2147.3,2
2147.4,2
2147.5,3
2147.6,4
2147.7,4
2147.8,4
2147.9,3
2148,3
2148.1,2
2148.2,2
2148.3,2
2148.4,1
2148.5,1
2148.6,1
2148.7,1
2148.8,1
2148.9,2
2149,2
2149.1,3
2149.2,3
2149.3,4
2149.4,4
2149.5,3
2149.6,3
2149.7,3
2149.8,2
2149.9,2
2150,1
2150.1,1
2150.2,1
2150.3,1
2150.4,1
2150.5,1
2150.6,2
2150.7,3
2150.8,3
2150.9,3
2151,3
2151.1,3
2151.2,3
2151.3,3
2151.4,3
2151.5,2
2151.6,1
2151.7,1
2151.8,1
2151.9,1
2152,1
2152.1,1
2152.2,2
2152.3,2
2152.4,3
2152.5,3
2152.6,4
2152.7,4
2152.8,3
2152.9,3
2153,3
2153.1,2
2153.2,2
2153.3,1
2153.4,1
2153.5,1
2153.6,1
2153.7,1
2153.8,1
2153.9,2
2154,2
2154.1,3
2154.2,3
2154.3,4
2154.4,3
2154.5,3
2154.6,3
2154.7,2
2154.8,2
2154.9,2
2155,1
2155.1,1
2155.2,1
2155.3,1
2155.4,1
2155.5,1
2155.6,2
2155.7,3
2155.8,3
2155.9,3
2156,3
2156.1,3
2156.2,3
2156.3,3
2156.4,3
2156.5,2
2156.6,2
2156.7,1
2156.8,1
2156.9,1
2157,1
2157.1,1
2157.2,2
2157.3,2
2157.4,2
2157.5,3
2157.6,3
2157.7,3
2157.8,3
2157.9,3
2158,2
2158.1,1
2158.2,1
2158.3,1
2158.4,1
2158.5,0
2158.6,0
2158.7,0
2158.8,1
2158.9,2
2159,2
2159.1,3
2159.2,3
2159.3,3
2159.4,3
2159.5,3
2159.6,2
2159.7,2
2159.8,1
2159.9,1
2160,1
2160.1,1
2160.2,1
2160.3,0
2160.4,1
2160.5,1
2160.6,2
2160.7,2
2160.8,3
2160.9,3
2161,3
2161.1,3
2161.2,3
2161.3,3
2161.4,2
2161.5,2
2161.6,1
2161.7,1
2161.8,0
2161.9,0
2162,1
2162.1,1
2162.2,1
2162.3,2
2162.4,2
2162.5,3
2162.6,3
2162.7,3
2162.8,3
2162.9,3
2163,2
2163.1,2
2163.2,2
2163.3,1
2163.4,1
2163.5,0
2163.6,1
2163.7,1
2163.8,1
2163.9,2
2164,2
2164.1,3
2164.2,3
2164.3,3
2164.4,3
2164.5,3
2164.6,2
2164.7,2
2164.8,1
2164.9,1
2165,1
2165.1,0
2165.2,0
2165.3,0
2165.4,1
2165.5,1
2165.6,2
2165.7,2
2165.8,3
2165.9,3
2166,3
2166.1,3
2166.2,3
2166.3,3
2166.4,3
2166.5,2
2166.6,1
2166.7,1
2166.8,0
2166.9,0
2167,1
2167.1,1
2167.2,2
2167.3,2
2167.4,3
2167.5,3
2167.6,3
2167.7,3
2167.8,3
2167.9,3
2168,2
2168.1,2
2168.2,1
2168.3,1
2168.4,1
2168.5,1
2168.6,1
2168.7,1
2168.8,1
2168.9,2
2169,2
2169.1,3
2169.2,3
2169.3,3
2169.4,3
2169.5,3
2169.6,3
2169.7,2
2169.8,2
2169.9,1
2170,1
2170.1,1
2170.2,1
2170.3,1
2170.4,1
2170.5,2
2170.6,2
2170.7,2
2170.8,3
2170.9,3
2171,3
2171.1,3
2171.2,3
2171.3,3
2171.4,2
2171.5,2
2171.6,2
2171.7,1
2171.8,0
2171.9,1
2172,1
2172.1,1
2172.2,2
2172.3,3
2172.4,3
2172.5,3
2172.6,4
2172.7,4
2172.8,3
2172.9,3
2173,3
2173.1,2
2173.2,2
2173.3,2
2173.4,1
2173.5,1
2173.6,1
2173.7,1
2173.8,2
2173.9,2
2174,2
2174.1,3
2174.2,3
2174.3,4
2174.4,3
2174.5,3
2174.6,3
2174.7,2
2174.8,2
2174.9,2
2175,1
2175.1,1
2175.2,1
2175.3,1
2175.4,1
2175.5,1
2175.6,2
2175.7,3
2175.8,3
2175.9,3
2176,4
2176.1,3
2176.2,3
2176.3,2
2176.4,2
2176.5,2
2176.6,1
2176.7,1
2176.8,0
2176.9,0
2177,1
2177.1,1
2177.2,2
2177.3,2
2177.4,3
2177.5,3
2177.6,4
2177.7,3
2177.8,3
2177.9,3
2178,3
2178.1,2
2178.2,2
2178.3,1
2178.4,1
2178.5,0
2178.6,1
2178.7,1
2178.8,1
2178.9,2
2179,2
2179.1,3
2179.2,3
2179.3,3
2179.4,3
2179.5,3
2179.6,3
2179.7,2
2179.8,2
2179.9,2
2180,1
2180.1,1
2180.2,1
2180.3,1
2180.4,1
2180.5,2
2180.6,2
2180.7,3
2180.8,3
2180.9,4
2181,4
2181.1,4
2181.2,3
2181.3,3
2181.4,2
2181.5,2
2181.6,1
2181.7,1
2181.8,1
2181.9,1
2182,1
2182.1,2
2182.2,2
2182.3,3
2182.4,3
2182.5,4
2182.6,4
2182.7,4
2182.8,4
2182.9,3
2183,2
2183.1,2
2183.2,1
2183.3,1
2183.4,1
2183.5,1
2183.6,1
2183.7,1
2183.8,2
2183.9,2
2184,3
2184.1,3
2184.2,3
2184.3,3
2184.4,3
2184.5,3
2184.6,3
2184.7,2
2184.8,2
2184.9,2
2185,1
2185.1,1
2185.2,1
2185.3,1
2185.4,1
2185.5,1
2185.6,2
2185.7,3
2185.8,3
2185.9,4
2186,4
2186.1,4
2186.2,3
2186.3,3
2186.4,2
2186.5,2
2186.6,2
2186.7,1
2186.8,1
2186.9,1
2187,1
2187.1,2
2187.2,2
2187.3,2
2187.4,3
2187.5,4
2187.6,4
2187.7,4
2187.8,3
2187.9,3
2188,2
2188.1,2
2188.2,2
2188.3,1
2188.4,1
2188.5,1
2188.6,1
2188.7,1
2188.8,1
2188.9,2
2189,3
2189.1,3
2189.2,3
2189.3,4
2189.4,3
2189.5,3
2189.6,3
2189.7,2
2189.8,2
2189.9,2
2190,1
2190.1,1
2190.2,1
2190.3,1
2190.4,1
2190.5,2
2190.6,2
2190.7,3
2190.8,3
2190.9,3
2191,4
2191.1,3
2191.2,3
2191.3,3
2191.4,2
2191.5,2
2191.6,2
2191.7,1
2191.8,1
2191.9,1
2192,1
2192.1,1
2192.2,2
2192.3,2
2192.4,3
2192.5,4
2192.6,4
2192.7,4
2192.8,3
2192.9,3
2193,2
2193.1,2
2193.2,2
2193.3,1
2193.4,1
2193.5,1
2193.6,1
2193.7,1
2193.8,2
2193.9,2
2194,3
2194.1,3
2194.2,4
2194.3,4
2194.4,4
2194.5,3
2194.6,3
2194.7,2
2194.8,2
2194.9,1
2195,1
2195.1,0
2195.2,1
2195.3,1
2195.4,1
2195.5,2
2195.6,3
2195.7,3
2195.8,3
2195.9,4
2196,3
2196.1,3
2196.2,3
2196.3,3
2196.4,2
2196.5,2
2196.6,1
2196.7,1
2196.8,1
2196.9,1
2197,1
2197.1,2
2197.2,2
2197.3,2
2197.4,3
2197.5,3
2197.6,4
2197.7,3
2197.8,3
2197.9,3
2198,2
2198.1,2
2198.2,2
2198.3,1
2198.4,1
2198.5,1
2198.6,1
2198.7,1
2198.8,1
2198.9,2
2199,3
2199.1,3
2199.2,3
2199.3,3
2199.4,3
2199.5,3
2199.6,3
2199.7,2
2199.8,1
2199.9,1
2200,1
2200.1,1
2200.2,0
2200.3,1
2200.4,1
2200.5,2
2200.6,2
2200.7,3
2200.8,3
2200.9,3
2201,3
2201.1,3
2201.2,3
2201.3,3
2201.4,2
2201.5,2
2201.6,1
2201.7,1
2201.8,1
2201.9,1
2202,1
2202.1,1
2202.2,2
2202.3,3
2202.4,3
2202.5,4
2202.6,4
2202.7,4
2202.8,3
2202.9,3
2203,2
2203.1,2
2203.2,2
2203.3,1
2203.4,1
2203.5,1
2203.6,1
2203.7,1
2203.8,2
2203.9,2
2204,3
2204.1,3
2204.2,3
2204.3,3
2204.4,3
2204.5,3
2204.6,3
2204.7,2
2204.8,2
2204.9,2
2205,1
2205.1,1
2205.2,1
2205.3,1
2205.4,1
2205.5,2
2205.6,3
2205.7,3
2205.8,3
2205.9,3
2206,3
2206.1,3
2206.2,3
2206.3,2
2206.4,2
2206.5,2
2206.6,1
2206.7,1
2206.8,1
2206.9,1
2207,1
2207.1,1
2207.2,2
2207.3,3
2207.4,3
2207.5,4
2207.6,4
2207.7,3
2207.8,3
2207.9,3
2208,2
2208.1,2
2208.2,2
2208.3,1
2208.4,1
2208.5,1
2208.6,1
2208.7,1
2208.8,2
2208.9,2
2209,3
2209.1,3
2209.2,4
2209.3,4
2209.4,3
2209.5,3
2209.6,3
2209.7,2
2209.8,2
2209.9,1
2210,1
2210.1,1
2210.2,1
2210.3,1
2210.4,1
2210.5,2
2210.6,3
2210.7,3
2210.8,4
2210.9,4
2211,4
2211.1,3
2211.2,3
2211.3,2
2211.4,2
2211.5,1
2211.6,1
2211.7,1
2211.8,1
2211.9,1
2212,1
2212.1,2
2212.2,2
2212.3,2
2212.4,3
2212.5,3
2212.6,4
2212.7,4
2212.8,4
2212.9,3
2213,2
2213.1,2
2213.2,2
2213.3,1
2213.4,1
2213.5,1
2213.6,1
2213.7,1
2213.8,2
2213.9,2
2214,3
2214.1,3
2214.2,3
2214.3,3
2214.4,3
2214.5,3
2214.6,3
2214.7,2
2214.8,2
2214.9,1
2215,1
2215.1,0
2215.2,1
2215.3,1
2215.4,1
2215.5,2
2215.6,3
2215.7,3
2215.8,3
2215.9,4
2216,3
2216.1,3
2216.2,3
2216.3,2
2216.4,2
2216.5,2
2216.6,1
2216.7,1
2216.8,1
2216.9,1
2217,1
2217.1,2
2217.2,2
2217.3,2
2217.4,3
2217.5,3
2217.6,3
2217.7,3
2217.8,3
2217.9,3
2218,2
2218.1,2
2218.2,2
2218.3,1
2218.4,1
2218.5,1
2218.6,1
2218.7,1
2218.8,2
2218.9,2
2219,3
2219.1,3
2219.2,4
2219.3,4
2219.4,3
2219.5,3
2219.6,3
2219.7,2
2219.8,2
2219.9,1
2220,1
2220.1,1
2220.2,1
2220.3,1
2220.4,1
2220.5,2
2220.6,3
2220.7,3
2220.8,3
2220.9,4
2221,4
2221.1,3
2221.2,3
2221.3,2
2221.4,2
2221.5,1
2221.6,1
2221.7,1
2221.8,1
2221.9,1
2222,1
2222.1,1
2222.2,2
2222.3,3
2222.4,3
2222.5,3
2222.6,3
2222.7,3
2222.8,3
2222.9,3
2223,2
2223.1,2
2223.2,2
2223.3,1
2223.4,1
2223.5,1
2223.6,1
2223.7,1
2223.8,2
2223.9,2
2224,3
2224.1,3
2224.2,4
2224.3,4
2224.4,3
2224.5,3
2224.6,2
2224.7,2
2224.8,1
2224.9,1
2225,1
2225.1,0
2225.2,1
2225.3,1
2225.4,2
2225.5,2
2225.6,3
2225.7,3
2225.8,3
2225.9,4
2226,4
2226.1,3
2226.2,3
2226.3,3
2226.4,2
2226.5,1
2226.6,1
2226.7,1
2226.8,1
2226.9,1
2227,1
2227.1,1
2227.2,2
2227.3,3
2227.4,3
2227.5,3
2227.6,3
2227.7,3
2227.8,3
2227.9,3
2228,2
2228.1,2
2228.2,1
2228.3,1
2228.4,1
2228.5,1
2228.6,1
2228.7,1
2228.8,2
2228.9,2
2229,3
2229.1,3
2229.2,3
2229.3,3
2229.4,3
2229.5,3
2229.6,2
2229.7,2
2229.8,2
2229.9,1
2230,1
2230.1,0
2230.2,0
2230.3,1
2230.4,1
2230.5,2
2230.6,3
2230.7,3
2230.8,3
2230.9,3
2231,3
2231.1,3
2231.2,3
2231.3,2
2231.4,1
2231.5,1
2231.6,1
2231.7,0
2231.8,0
2231.9,1
2232,1
2232.1,2
2232.2,2
2232.3,3
2232.4,3
2232.5,3
2232.6,3
2232.7,3
2232.8,3
2232.9,3
2233,2
2233.1,2
2233.2,2
2233.3,1
2233.4,1
2233.5,1
2233.6,1
2233.7,1
2233.8,2
2233.9,2
2234,3
2234.1,3
2234.2,3
2234.3,3
2234.4,3
2234.5,2
2234.6,2
2234.7,2
2234.8,2
2234.9,1
2235,1
2235.1,0
2235.2,1
2235.3,1
2235.4,2
2235.5,2
2235.6,3
2235.7,3
2235.8,3
2235.9,3
2236,3
2236.1,3
2236.2,3
2236.3,2
2236.4,2
2236.5,1
2236.6,1
2236.7,1
2236.8,1
2236.9,1
2237,1
2237.1,2
2237.2,2
2237.3,3
2237.4,3
2237.5,3
2237.6,3
2237.7,3
2237.8,3
2237.9,2
2238,2
2238.1,1
2238.2,1
2238.3,1
2238.4,0
2238.5,0
2238.6,1
2238.7,1
2238.8,2
2238.9,2
2239,3
2239.1,3
2239.2,4
2239.3,3
2239.4,3
2239.5,3
2239.6,2
2239.7,2
2239.8,1
2239.9,1
2240,1
2240.1,0
2240.2,1
2240.3,1
2240.4,2
2240.5,3
2240.6,3
2240.7,3
2240.8,3
2240.9,3
2241,3
2241.1,3
2241.2,3
2241.3,2
2241.4,2
2241.5,1
2241.6,1
2241.7,1
2241.8,1
2241.9,1
2242,1
2242.1,2
2242.2,2
2242.3,3
2242.4,4
2242.5,3
2242.6,3
2242.7,3
2242.8,3
2242.9,2
2243,2
2243.1,1
2243.2,1
2243.3,1
2243.4,1
2243.5,1
2243.6,1
2243.7,1
2243.8,2
2243.9,3
2244,3
2244.1,3
2244.2,3
2244.3,3
2244.4,3
2244.5,2
2244.6,2
2244.7,1
2244.8,1
2244.9,1
2245,0
2245.1,0
2245.2,0
2245.3,1
2245.4,2
2245.5,2
2245.6,2
2245.7,3
2245.8,3
2245.9,3
2246,3
2246.1,3
2246.2,3
2246.3,2
2246.4,2
2246.5,1
2246.6,1
2246.7,1
2246.8,1
2246.9,1
2247,1
2247.1,2
2247.2,2
2247.3,3
2247.4,3
2247.5,3
2247.6,3
2247.7,3
2247.8,3
2247.9,2
2248,2
2248.1,2
2248.2,1
2248.3,1
2248.4,0
2248.5,1
2248.6,1
2248.7,2
2248.8,2
2248.9,2
2249,3
2249.1,3
2249.2,4
2249.3,3
2249.4,3
2249.5,3
2249.6,2
2249.7,2
2249.8,2
2249.9,1
2250,1
2250.1,1
2250.2,1
2250.3,1
2250.4,2
2250.5,2
2250.6,3
2250.7,3
2250.8,3
2250.9,3
2251,3
2251.1,3
2251.2,2
2251.3,2
2251.4,2
2251.5,1
2251.6,1
2251.7,1
2251.8,1
2251.9,1
2252,2
2252.1,2
2252.2,3
2252.3,3
2252.4,4
2252.5,4
2252.6,3
2252.7,3
2252.8,3
2252.9,2
2253,2
2253.1,2
2253.2,1
2253.3,1
2253.4,1
2253.5,1
2253.6,1
2253.7,2
2253.8,2
2253.9,3
2254,4
2254.1,4
2254.2,4
2254.3,4
2254.4,3
2254.5,3
2254.6,2
2254.7,2
2254.8,2
2254.9,1
2255,1
2255.1,1
2255.2,1
2255.3,1
2255.4,2
2255.5,3
2255.6,3
2255.7,3
2255.8,3
2255.9,3
2256,3
2256.1,3
2256.2,3
2256.3,2
2256.4,2
2256.5,1
2256.6,1
2256.7,1
2256.8,1
2256.9,1
2257,1
2257.1,2
2257.2,2
2257.3,3
2257.4,3
2257.5,4
2257.6,4
2257.7,3
2257.8,3
2257.9,3
2258,2
2258.1,2
2258.2,1
2258.3,1
2258.4,1
2258.5,1
2258.6,1
2258.7,2
2258.8,3
2258.9,3
2259,3
2259.1,4
2259.2,4
2259.3,3
2259.4,3
2259.5,3
2259.6,3
2259.7,2
2259.8,2
2259.9,1
2260,1
2260.1,1
2260.2,1
2260.3,1
2260.4,2
2260.5,3
2260.6,3
2260.7,3
2260.8,3
2260.9,3
2261,3
2261.1,3
2261.2,3
2261.3,2
2261.4,2
2261.5,2
2261.6,1
2261.7,1
2261.8,1
2261.9,1
2262,2
2262.1,2
2262.2,2
2262.3,3
2262.4,4
2262.5,4
2262.6,3
2262.7,4
2262.8,3
2262.9,2
2263,2
2263.1,2
2263.2,1
2263.3,1
2263.4,1
2263.5,1
2263.6,1
2263.7,2
2263.8,2
2263.9,3
2264,3
2264.1,4
2264.2,4
2264.3,4
2264.4,3
2264.5,3
2264.6,2
2264.7,2
2264.8,1
2264.9,1
2265,1
2265.1,1
2265.2,1
2265.3,2
2265.4,2
2265.5,3
2265.6,3
2265.7,3
2265.8,3
2265.9,3
2266,3
2266.1,3
2266.2,2
2266.3,2
2266.4,2
2266.5,1
2266.6,1
2266.7,1
2266.8,1
2266.9,1
2267,2
2267.1,2
2267.2,3
2267.3,3
2267.4,4
2267.5,4
2267.6,4
2267.7,3
2267.8,3
2267.9,2
2268,2
2268.1,2
2268.2,1
2268.3,1
2268.4,1
2268.5,1
2268.6,1
2268.7,2
2268.8,2
2268.9,3
2269,3
2269.1,4
2269.2,3
2269.3,3
2269.4,3
2269.5,3
2269.6,2
2269.7,2
2269.8,2
2269.9,1
2270,1
2270.1,1
2270.2,1
2270.3,1
2270.4,2
2270.5,3
2270.6,3
2270.7,3
2270.8,3
2270.9,3
2271,3
2271.1,3
2271.2,3
2271.3,2
2271.4,1
2271.5,1
2271.6,1
2271.7,1
2271.8,1
2271.9,1
2272,2
2272.1,2
2272.2,3
2272.3,3
2272.4,3
2272.5,3
2272.6,3
2272.7,3
2272.8,2
2272.9,2
2273,2
2273.1,1
2273.2,1
2273.3,1
2273.4,1
2273.5,1
2273.6,1
2273.7,1
2273.8,2
2273.9,3
2274,3
2274.1,3
2274.2,4
2274.3,3
2274.4,3
2274.5,2
2274.6,2
2274.7,2
2274.8,1
2274.9,1
2275,0
2275.1,1
2275.2,1
2275.3,1
2275.4,2
2275.5,2
2275.6,3
2275.7,3
2275.8,3
2275.9,3
2276,3
2276.1,3
2276.2,2
2276.3,2
2276.4,2
2276.5,1
2276.6,1
2276.7,1
2276.8,1
2276.9,1
2277,1
2277.1,2
2277.2,2
2277.3,3
2277.4,3
2277.5,3
2277.6,3
2277.7,3
2277.8,3
2277.9,2
2278,2
2278.1,2
2278.2,1
2278.3,1
2278.4,1
2278.5,1
2278.6,1
2278.7,2
2278.8,2
2278.9,3
2279,3
2279.1,4
2279.2,4
2279.3,3
2279.4,3
2279.5,2
2279.6,2
2279.7,2
2279.8,2
2279.9,1
2280,1
2280.1,1
2280.2,1
2280.3,2
2280.4,2
2280.5,2
2280.6,3
2280.7,3
2280.8,3
2280.9,3
2281,3
2281.1,3
2281.2,2
2281.3,2
2281.4,2
2281.5,1
2281.6,1
2281.7,1
2281.8,1
2281.9,1
2282,1
2282.1,2
2282.2,3
2282.3,3
2282.4,4
2282.5,4
2282.6,4
2282.7,3
2282.8,3
2282.9,2
2283,2
2283.1,1
2283.2,1
2283.3,1
2283.4,1
2283.5,1
2283.6,1
2283.7,2
2283.8,3
2283.9,3
2284,4
2284.1,4
2284.2,4
2284.3,3
2284.4,3
2284.5,3
2284.6,3
2284.7,2
2284.8,2
2284.9,1
2285,1
2285.1,1
2285.2,1
2285.3,1
2285.4,2
2285.5,3
2285.6,3
2285.7,3
2285.8,3
2285.9,4
2286,3
2286.1,3
2286.2,2
2286.3,2
2286.4,1
2286.5,1
2286.6,1
2286.7,1
2286.8,1
2286.9,1
2287,2
2287.1,2
2287.2,3
2287.3,3
2287.4,4
2287.5,4
2287.6,3
2287.7,3
2287.8,2
2287.9,2
2288,2
2288.1,1
2288.2,1
2288.3,1
2288.4,0
2288.5,1
2288.6,1
2288.7,2
2288.8,2
2288.9,3
2289,3
2289.1,3
2289.2,3
2289.3,3
2289.4,3
2289.5,2
2289.6,2
2289.7,2
2289.8,1
2289.9,1
2290,0
2290.1,1
2290.2,1
2290.3,2
2290.4,2
2290.5,2
2290.6,3
2290.7,3
2290.8,3
2290.9,3
2291,3
2291.1,3
2291.2,2
2291.3,2
2291.4,2
2291.5,1
2291.6,1
2291.7,1
2291.8,1
2291.9,1
2292,2
2292.1,2
2292.2,3
2292.3,3
2292.4,3
2292.5,3
2292.6,3
2292.7,3
2292.8,3
2292.9,2
2293,1
2293.1,1
2293.2,1
2293.3,0
2293.4,0
2293.5,1
2293.6,1
2293.7,1
2293.8,2
2293.9,3
2294,3
2294.1,3
2294.2,3
2294.3,3
2294.4,2
2294.5,2
2294.6,2
2294.7,1
2294.8,1
2294.9,1
2295,0
2295.1,1
2295.2,1
2295.3,1
2295.4,2
2295.5,3
2295.6,3
2295.7,3
2295.8,4
2295.9,4
2296,3
2296.1,3
2296.2,2
2296.3,2
2296.4,1
2296.5,1
2296.6,1
2296.7,1
2296.8,1
2296.9,1
2297,1
2297.1,2
2297.2,3
2297.3,3
2297.4,3
2297.5,3
2297.6,3
2297.7,3
2297.8,3
2297.9,2
2298,2
2298.1,1
2298.2,1
2298.3,1
2298.4,0
2298.5,0
2298.6,1
2298.7,2
2298.8,2
2298.9,3
2299,3
2299.1,4
2299.2,3
2299.3,3
2299.4,3
2299.5,2
2299.6,2
2299.7,2
2299.8,2
2299.9,1
2300,1
2300.1,1
2300.2,1
2300.3,1
2300.4,2
2300.5,2
2300.6,3
2300.7,3
2300.8,3
2300.9,3
2301,3
2301.1,3
2301.2,2
2301.3,1
2301.4,1
2301.5,1
2301.6,1
2301.7,1
2301.8,1
2301.9,1
2302,2
2302.1,2
2302.2,3
2302.3,3
2302.4,3
2302.5,3
2302.6,3
2302.7,2
2302.8,2
2302.9,2
2303,2
2303.1,1
2303.2,1
2303.3,1
2303.4,1
2303.5,1
2303.6,1
2303.7,2
2303.8,2
2303.9,3
2304,3
2304.1,3
2304.2,3
2304.3,3
2304.4,3
2304.5,2
2304.6,2
2304.7,2
2304.8,1
2304.9,0
2305,0
2305.1,1
2305.2,1
2305.3,2
2305.4,2
2305.5,3
2305.6,3
2305.7,3
2305.8,3
2305.9,3
2306,3
2306.1,3
2306.2,2
2306.3,2
2306.4,1
2306.5,1
2306.6,1
2306.7,0
2306.8,1
2306.9,1
2307,2
2307.1,2
2307.2,3
2307.3,4
2307.4,4
2307.5,4
2307.6,3
2307.7,3
2307.8,2
2307.9,2
2308,2
2308.1,1
2308.2,1
2308.3,1
2308.4,1
2308.5,1
2308.6,1
2308.7,2
2308.8,2
2308.9,3
2309,3
2309.1,4
2309.2,3
2309.3,3
2309.4,3
2309.5,2
2309.6,2
2309.7,2
2309.8,1
2309.9,1
2310,1
2310.1,1
2310.2,2
2310.3,2
2310.4,3
2310.5,3
2310.6,3
2310.7,3
2310.8,4
2310.9,3
2311,3
2311.1,3
2311.2,2
2311.3,2
2311.4,2
2311.5,1
2311.6,1
2311.7,1
2311.8,1
2311.9,1
2312,2
2312.1,3
2312.2,3
2312.3,4
2312.4,4
2312.5,4
2312.6,3
2312.7,3
2312.8,3
2312.9,2
2313,2
2313.1,2
2313.2,1
2313.3,1
2313.4,1
2313.5,1
2313.6,2
2313.7,2
2313.8,3
2313.9,4
2314,4
2314.1,4
2314.2,4
2314.3,3
2314.4,3
2314.5,2
2314.6,2
2314.7,2
2314.8,1
2314.9,1
2315,1
2315.1,1
2315.2,1
2315.3,2
2315.4,2
2315.5,3
2315.6,3
2315.7,4
2315.8,4
2315.9,3
2316,3
2316.1,3
2316.2,2
2316.3,2
2316.4,2
2316.5,1
2316.6,1
2316.7,1
2316.8,1
2316.9,2
2317,2
2317.1,3
2317.2,3
2317.3,4
2317.4,4
2317.5,3
2317.6,3
2317.7,3
2317.8,2
2317.9,2
2318,2
2318.1,1
2318.2,1
2318.3,1
2318.4,1
2318.5,1
2318.6,1
2318.7,2
2318.8,3
2318.9,3
2319,3
2319.1,3
2319.2,3
2319.3,3
2319.4,3
2319.5,2
2319.6,2
2319.7,2
2319.8,1
2319.9,1
2320,1
2320.1,1
2320.2,1
2320.3,2
2320.4,2
2320.5,3
2320.6,3
2320.7,3
2320.8,4
2320.9,3
2321,3
2321.1,3
2321.2,2
2321.3,2
2321.4,1
2321.5,1
2321.6,1
2321.7,1
2321.8,1
2321.9,2
2322,2
2322.1,2
2322.2,3
2322.3,3
2322.4,4
2322.5,4
2322.6,3
2322.7,3
2322.8,2
2322.9,2
2323,2
2323.1,1
2323.2,1
2323.3,0
2323.4,1
2323.5,1
2323.6,2
2323.7,2
2323.8,3
2323.9,3
2324,3
2324.1,3
2324.2,3
2324.3,3
2324.4,3
2324.5,2
2324.6,2
2324.7,2
2324.8,1
2324.9,1
2325,1
2325.1,1
2325.2,1
2325.3,2
2325.4,2
2325.5,3
2325.6,3
2325.7,3
2325.8,3
2325.9,3
2326,3
2326.1,2
2326.2,2
2326.3,2
2326.4,1
2326.5,1
2326.6,1
2326.7,1
2326.8,1
2326.9,1
2327,2
2327.1,3
2327.2,3
2327.3,4
2327.4,4
2327.5,3
2327.6,3
2327.7,3
2327.8,2
2327.9,2
2328,2
2328.1,1
2328.2,1
2328.3,1
2328.4,1
2328.5,1
2328.6,2
2328.7,2
2328.8,3
2328.9,3
2329,4
2329.1,4
2329.2,3
2329.3,3
2329.4,3
2329.5,2
2329.6,2
2329.7,1
2329.8,1
2329.9,1
2330,1
2330.1,1
2330.2,1
2330.3,2
2330.4,2
2330.5,3
2330.6,3
2330.7,3
2330.8,3
2330.9,3
2331,3
2331.1,3
2331.2,2
2331.3,2
2331.4,1
2331.5,1
2331.6,1
2331.7,1
2331.8,1
2331.9,1
2332,2
2332.1,2
2332.2,3
2332.3,3
2332.4,4
2332.5,3
2332.6,3
2332.7,3
2332.8,2
2332.9,1
2333,1
2333.1,1
2333.2,1
2333.3,1
2333.4,1
2333.5,1
2333.6,1
2333.7,2
2333.8,3
2333.9,3
2334,3
2334.1,3
2334.2,3
2334.3,3
2334.4,2
2334.5,2
2334.6,2
2334.7,2
2334.8,1
2334.9,0
2335,1
2335.1,1
2335.2,1
2335.3,2
2335.4,2
2335.5,3
2335.6,3
2335.7,4
2335.8,4
2335.9,3
2336,3
2336.1,2
2336.2,2
2336.3,2
2336.4,2
2336.5,1
2336.6,1
2336.7,1
2336.8,1
2336.9,2
2337,2
2337.1,3
2337.2,3
2337.3,3
2337.4,3
2337.5,3
2337.6,3
2337.7,3
2337.8,3
2337.9,2
2338,2
2338.1,1
2338.2,1
2338.3,1
2338.4,1
2338.5,1
2338.6,2
2338.7,2
2338.8,3
2338.9,3
2339,4
2339.1,3
2339.2,3
2339.3,3
2339.4,3
2339.5,2
2339.6,2
2339.7,1
2339.8,1
2339.9,1
2340,1
2340.1,1
2340.2,1
2340.3,2
2340.4,2
2340.5,3
2340.6,3
2340.7,4
2340.8,4
2340.9,4
2341,3
2341.1,3
2341.2,2
2341.3,2
2341.4,1
2341.5,1
2341.6,1
2341.7,1
2341.8,1
2341.9,2
2342,2
2342.1,3
2342.2,3
2342.3,4
2342.4,3
2342.5,3
2342.6,3
2342.7,3
2342.8,2
2342.9,1
2343,1
2343.1,1
2343.2,1
2343.3,1
2343.4,1
2343.5,1
2343.6,2
2343.7,3
2343.8,3
2343.9,4
2344,4
2344.1,4
2344.2,3
2344.3,3
2344.4,3
2344.5,2
2344.6,2
2344.7,1
2344.8,1
2344.9,0
2345,0
2345.1,1
2345.2,1
2345.3,2
2345.4,3
2345.5,3
2345.6,3
2345.7,3
2345.8,3
2345.9,3
2346,3
2346.1,2
2346.2,2
2346.3,1
2346.4,1
2346.5,1
2346.6,1
2346.7,1
2346.8,1
2346.9,1
2347,2
2347.1,3
2347.2,3
2347.3,3
2347.4,3
2347.5,3
2347.6,3
2347.7,2
2347.8,2
2347.9,2
2348,1
2348.1,1
2348.2,1
2348.3,1
2348.4,1
2348.5,1
2348.6,2
2348.7,2
2348.8,3
2348.9,3
2349,3
2349.1,3
2349.2,3
2349.3,3
2349.4,2
2349.5,2
2349.6,2
2349.7,1
2349.8,0
2349.9,0
2350,1
2350.1,1
2350.2,1
2350.3,2
2350.4,2
2350.5,3
2350.6,3
2350.7,4
2350.8,4
2350.9,3
2351,3
2351.1,2
2351.2,2
2351.3,2
2351.4,1
2351.5,1
2351.6,1
2351.7,1
2351.8,1
2351.9,2
2352,2
2352.1,2
2352.2,3
2352.3,3
2352.4,3
2352.5,3
2352.6,3
2352.7,3
2352.8,2
2352.9,2
2353,1
2353.1,1
2353.2,1
2353.3,1
2353.4,1
2353.5,2
2353.6,2
2353.7,2
2353.8,3
2353.9,3
2354,4
2354.1,3
2354.2,3
2354.3,3
2354.4,3
2354.5,2
2354.6,2
2354.7,1
2354.8,1
2354.9,0
2355,1
2355.1,1
2355.2,1
2355.3,2
2355.4,2
2355.5,3
2355.6,3
2355.7,3
2355.8,3
2355.9,3
2356,3
2356.1,2
2356.2,2
2356.3,1
2356.4,1
2356.5,1
2356.6,1
2356.7,1
2356.8,1
2356.9,1
2357,2
2357.1,2
2357.2,3
2357.3,3
2357.4,3
2357.5,3
2357.6,3
2357.7,2
2357.8,2
2357.9,2
2358,1
2358.1,1
2358.2,1
2358.3,0
2358.4,1
2358.5,1
2358.6,2
2358.7,2
2358.8,3
2358.9,3
2359,3
2359.1,3
2359.2,3
2359.3,2
2359.4,2
2359.5,2
2359.6,1
2359.7,1
2359.8,1
2359.9,1
2360,1
2360.1,1
2360.2,1
2360.3,2
2360.4,2
2360.5,2
2360.6,3
2360.7,3
2360.8,3
2360.9,3
2361,3
2361.1,2
2361.2,1
2361.3,1
2361.4,1
2361.5,1
2361.6,1
2361.7,1
2361.8,1
2361.9,2
2362,2
2362.1,2
2362.2,3
2362.3,3
2362.4,3
2362.5,3
2362.6,3
2362.7,2
2362.8,2
2362.9,2
2363,1
2363.1,1
2363.2,1
2363.3,1
2363.4,1
2363.5,2
2363.6,2
2363.7,2
2363.8,3
2363.9,3
2364,3
2364.1,3
2364.2,3
2364.3,3
2364.4,3
2364.5,2
2364.6,1
2364.7,1
2364.8,0
2364.9,0
2365,1
2365.1,1
2365.2,1
2365.3,2
2365.4,3
2365.5,3
2365.6,4
2365.7,4
2365.8,3
2365.9,3
2366,2
2366.1,2
2366.2,2
2366.3,1
2366.4,1
2366.5,1
2366.6,1
2366.7,1
2366.8,1
2366.9,2
2367,2
2367.1,3
2367.2,3
2367.3,3
2367.4,4
2367.5,3
2367.6,3
2367.7,3
2367.8,2
2367.9,2
2368,1
2368.1,1
2368.2,1
2368.3,1
2368.4,1
2368.5,1
2368.6,2
2368.7,2
2368.8,3
2368.9,3
2369,3
2369.1,3
2369.2,3
2369.3,2
2369.4,2
2369.5,2
2369.6,1
2369.7,1
2369.8,1
2369.9,0
2370,1
2370.1,1
2370.2,2
2370.3,2
2370.4,3
2370.5,3
2370.6,3
2370.7,4
2370.8,3
2370.9,3
2371,2
2371.1,2
2371.2,2
2371.3,1
2371.4,1
2371.5,1
2371.6,1
2371.7,1
2371.8,1
2371.9,1
2372,2
2372.1,3
2372.2,3
2372.3,3
2372.4,3
2372.5,3
2372.6,3
2372.7,2
2372.8,2
2372.9,2
2373,1
2373.1,1
2373.2,1
2373.3,0
2373.4,1
2373.5,1
2373.6,2
2373.7,3
2373.8,3
2373.9,3
2374,4
2374.1,3
2374.2,3
2374.3,3
2374.4,2
2374.5,2
2374.6,1
2374.7,1
2374.8,0
2374.9,1
2375,1
2375.1,1
2375.2,2
2375.3,2
2375.4,2
2375.5,3
2375.6,4
2375.7,4
2375.8,3
2375.9,3
2376,3
2376.1,3
2376.2,2
2376.3,1
2376.4,1
2376.5,1
2376.6,1
2376.7,1
2376.8,1
2376.9,2
2377,2
2377.1,3
2377.2,3
2377.3,3
2377.4,4
2377.5,3
2377.6,3
2377.7,2
2377.8,2
2377.9,2
2378,1
2378.1,1
2378.2,1
2378.3,1
2378.4,1
2378.5,1
2378.6,2
2378.7,2
2378.8,3
2378.9,3
2379,3
2379.1,3
2379.2,3
2379.3,3
2379.4,2
2379.5,2
2379.6,2
2379.7,1
2379.8,1
2379.9,1
2380,1
2380.1,1
2380.2,1
2380.3,2
2380.4,2
2380.5,3
2380.6,3
2380.7,3
2380.8,3
2380.9,3
2381,3
2381.1,2
2381.2,2
2381.3,1
2381.4,1
2381.5,1
2381.6,1
2381.7,1
2381.8,1
2381.9,2
2382,2
2382.1,3
2382.2,3
2382.3,4
2382.4,4
2382.5,3
2382.6,3
2382.7,3
2382.8,2
2382.9,2
2383,1
2383.1,1
2383.2,1
2383.3,1
2383.4,1
2383.5,1
2383.6,2
2383.7,3
2383.8,4
2383.9,3
2384,3
2384.1,3
2384.2,3
2384.3,3
2384.4,2
2384.5,2
2384.6,2
2384.7,1
2384.8,1
2384.9,1
2385,1
2385.1,1
2385.2,2
2385.3,2
2385.4,3
2385.5,3
2385.6,3
2385.7,4
2385.8,3
2385.9,3
2386,2
2386.1,2
2386.2,2
2386.3,1
2386.4,1
2386.5,1
2386.6,1
2386.7,1
2386.8,1
2386.9,2
2387,3
2387.1,3
2387.2,3
2387.3,3
2387.4,4
2387.5,3
2387.6,2
2387.7,2
2387.8,2
2387.9,1
2388,1
2388.1,1
2388.2,0
2388.3,0
2388.4,1
2388.5,1
2388.6,2
2388.7,3
2388.8,3
2388.9,4
2389,4
2389.1,3
2389.2,3
2389.3,3
2389.4,2
2389.5,2
2389.6,1
2389.7,1
2389.8,1
2389.9,1
2390,1
2390.1,1
2390.2,2
2390.3,2
2390.4,2
2390.5,3
2390.6,4
2390.7,4
2390.8,3
2390.9,3
2391,3
2391.1,2
2391.2,1
2391.3,1
2391.4,1
2391.5,0
2391.6,0
2391.7,1
2391.8,2
2391.9,2
2392,2
2392.1,3
2392.2,3
2392.3,4
2392.4,4
2392.5,3
2392.6,3
2392.7,2
2392.8,2
2392.9,1
2393,1
2393.1,1
2393.2,1
2393.3,1
2393.4,1
2393.5,1
2393.6,2
2393.7,3
2393.8,3
2393.9,4
2394,3
2394.1,3
2394.2,3
2394.3,3
2394.4,2
2394.5,1
2394.6,1
2394.7,1
2394.8,0
2394.9,0
2395,1
2395.1,2
2395.2,2
2395.3,3
2395.4,3
2395.5,3
2395.6,4
2395.7,3
2395.8,3
2395.9,3
2396,2
2396.1,2
2396.2,2
2396.3,1
2396.4,1
2396.5,0
2396.6,0
2396.7,1
2396.8,1
2396.9,2
2397,2
2397.1,3
2397.2,3
2397.3,4
2397.4,4
2397.5,4
2397.6,3
2397.7,3
2397.8,2
2397.9,2
2398,1
2398.1,1
2398.2,0
2398.3,1
2398.4,1
2398.5,1
2398.6,2
2398.7,3
2398.8,3
2398.9,4
2399,4
2399.1,3
2399.2,3
2399.3,3
2399.4,2
2399.5,2
2399.6,1
2399.7,1
2399.8,0
2399.9,0
2400,1
2400.1,1
2400.2,2
2400.3,2
2400.4,3
2400.5,3
2400.6,3
2400.7,3
2400.8,3
2400.9,3
2401,2
2401.1,2
2401.2,1
2401.3,1
2401.4,1
2401.5,0
2401.6,1
2401.7,1
2401.8,1
2401.9,2
2402,2
2402.1,3
2402.2,3
2402.3,3
2402.4,3
2402.5,3
2402.6,3
2402.7,2
2402.8,2
2402.9,2
2403,1
2403.1,0
2403.2,0
2403.3,0
2403.4,1
2403.5,1
2403.6,2
2403.7,3
2403.8,3
2403.9,4
2404,4
2404.1,3
2404.2,3
2404.3,2
2404.4,2
2404.5,1
2404.6,1
2404.7,0
2404.8,0
2404.9,0
2405,1
2405.1,1
2405.2,1
2405.3,2
2405.4,2
2405.5,3
2405.6,3
2405.7,3
2405.8,3
2405.9,3
2406,2
2406.1,2
2406.2,1
2406.3,1
2406.4,0
2406.5,0
2406.6,0
2406.7,1
2406.8,1
2406.9,2
2407,2
2407.1,3
2407.2,3
2407.3,3
2407.4,3
2407.5,3
2407.6,2
2407.7,2
2407.8,2
2407.9,1
2408,1
2408.1,0
2408.2,0
2408.3,1
2408.4,1
2408.5,1
2408.6,3
2408.7,3
2408.8,4
2408.9,3
2409,3
2409.1,3
2409.2,3
2409.3,2
2409.4,2
2409.5,1
2409.6,1
2409.7,0
2409.8,0
2409.9,0
2410,1
2410.1,1
2410.2,2
2410.3,2
2410.4,3
2410.5,3
2410.6,4
2410.7,4
2410.8,3
2410.9,3
2411,2
2411.1,2
2411.2,1
2411.3,1
2411.4,1
2411.5,0
2411.6,1
2411.7,1
2411.8,1
2411.9,2
2412,2
2412.1,3
2412.2,4
2412.3,4
2412.4,4
2412.5,3
2412.6,3
2412.7,2
2412.8,2
2412.9,1
2413,1
2413.1,0
2413.2,0
2413.3,0
2413.4,1
2413.5,2
2413.6,2
2413.7,3
2413.8,3
2413.9,3
2414,3
2414.1,3
2414.2,3
2414.3,2
2414.4,2
2414.5,1
2414.6,1
2414.7,0
2414.8,0
2414.9,1
2415,1
2415.1,1
2415.2,2
2415.3,2
2415.4,3
2415.5,3
2415.6,3
2415.7,3
2415.8,3
2415.9,2
2416,2
2416.1,2
2416.2,1
2416.3,1
2416.4,0
2416.5,0
2416.6,0
2416.7,1
2416.8,1
2416.9,2
2417,2
2417.1,3
2417.2,4
2417.3,4
2417.4,3
2417.5,3
2417.6,2
2417.7,2
2417.8,1
2417.9,1
2418,1
2418.1,0
2418.2,0
2418.3,0
2418.4,1
2418.5,2
2418.6,2
2418.7,3
2418.8,4
2418.9,4
2419,4
2419.1,3
2419.2,3
2419.3,3
2419.4,2
2419.5,2
2419.6,1
2419.7,1
2419.8,1
2419.9,1
2420,1
2420.1,1
2420.2,2
2420.3,2
2420.4,3
2420.5,3
2420.6,4
2420.7,3
2420.8,3
2420.9,3
2421,2
2421.1,2
2421.2,1
2421.3,1
2421.4,0
2421.5,0
2421.6,0
2421.7,1
2421.8,1
2421.9,2
2422,3
2422.1,3
2422.2,4
2422.3,4
2422.4,3
2422.5,3
2422.6,2
2422.7,2
2422.8,2
2422.9,1
2423,1
2423.1,0
2423.2,0
2423.3,1
2423.4,1
2423.5,2
2423.6,3
2423.7,3
2423.8,3
2423.9,3
2424,3
2424.1,3
2424.2,3
2424.3,3
2424.4,2
2424.5,2
2424.6,1
2424.7,0
2424.8,0
2424.9,1
2425,1
2425.1,1
2425.2,2
2425.3,3
2425.4,3
2425.5,4
2425.6,4
2425.7,4
2425.8,3
2425.9,3
2426,3
2426.1,2
2426.2,1
2426.3,1
2426.4,0
2426.5,0
2426.6,1
2426.7,1
2426.8,2
2426.9,3
2427,3
2427.1,4
2427.2,4
2427.3,4
2427.4,4
2427.5,3
2427.6,3
2427.7,2
2427.8,2
2427.9,1
2428,1
2428.1,1
2428.2,1
2428.3,1
2428.4,1
2428.5,2
2428.6,3
2428.7,3
2428.8,4
2428.9,4
2429,4
2429.1,4
2429.2,3
2429.3,3
2429.4,2
2429.5,2
2429.6,1
2429.7,1
2429.8,1
2429.9,1
2430,1
2430.1,1
2430.2,2
2430.3,3
2430.4,4
2430.5,4
2430.6,4
2430.7,4
2430.8,3
2430.9,3
2431,2
2431.1,1
2431.2,1
2431.3,1
2431.4,1
2431.5,0
2431.6,1
2431.7,1
2431.8,2
2431.9,2
2432,3
2432.1,3
2432.2,4
2432.3,4
2432.4,3
2432.5,3
2432.6,3
2432.7,2
2432.8,1
2432.9,1
2433,1
2433.1,1
2433.2,0
2433.3,1
2433.4,1
2433.5,2
2433.6,3
2433.7,3
2433.8,4
2433.9,4
2434,4
2434.1,3
2434.2,3
2434.3,3
2434.4,2
2434.5,2
2434.6,1
2434.7,1
2434.8,1
2434.9,1
2435,1
2435.1,1
2435.2,2
2435.3,3
2435.4,3
2435.5,4
2435.6,4
2435.7,4
2435.8,3
2435.9,3
2436,2
2436.1,2
2436.2,1
2436.3,1
2436.4,1
2436.5,1
2436.6,1
2436.7,1
2436.8,1
2436.9,2
2437,3
2437.1,4
2437.2,4
2437.3,4
2437.4,4
2437.5,3
2437.6,3
2437.7,2
2437.8,1
2437.9,1
2438,1
2438.1,0
2438.2,1
2438.3,1
2438.4,1
2438.5,2
2438.6,3
2438.7,4
2438.8,4
2438.9,4
2439,4
2439.1,4
2439.2,3
2439.3,3
2439.4,2
2439.5,1
2439.6,1
2439.7,0
2439.8,0
2439.9,1
2440,1
2440.1,1
2440.2,2
2440.3,3
2440.4,4
2440.5,4
2440.6,4
2440.7,4
2440.8,4
2440.9,3
2441,2
2441.1,2
2441.2,2
2441.3,1
2441.4,1
2441.5,1
2441.6,1
2441.7,1
2441.8,2
2441.9,3
2442,3
2442.1,4
2442.2,4
2442.3,4
2442.4,4
2442.5,3
2442.6,3
2442.7,2
2442.8,2
2442.9,1
2443,1
2443.1,1
2443.2,1
2443.3,1
2443.4,1
2443.5,2
2443.6,3
2443.7,4
2443.8,4
2443.9,4
2444,4
2444.1,4
2444.2,3
2444.3,3
2444.4,2
2444.5,1
2444.6,1
2444.7,1
2444.8,1
2444.9,1
2445,1
2445.1,2
2445.2,3
2445.3,3
2445.4,3
2445.5,4
2445.6,4
2445.7,4
2445.8,4
2445.9,3
2446,2
2446.1,2
2446.2,1
2446.3,1
2446.4,1
2446.5,1
2446.6,1
2446.7,1
2446.8,2
2446.9,3
2447,3
2447.1,4
2447.2,4
2447.3,4
2447.4,3
2447.5,3
2447.6,3
2447.7,2
2447.8,2
2447.9,1
2448,1
2448.1,1
2448.2,1
2448.3,1
2448.4,2
2448.5,2
2448.6,3
2448.7,4
2448.8,4
2448.9,4
2449,4
2449.1,4
2449.2,4
2449.3,3
2449.4,2
2449.5,2
2449.6,1
2449.7,1
2449.8,1
2449.9,1
2450,1
2450.1,2
2450.2,3
2450.3,3
2450.4,4
2450.5,4
2450.6,4
2450.7,4
2450.8,3
2450.9,3
2451,2
2451.1,2
2451.2,2
2451.3,1
2451.4,1
2451.5,1
2451.6,1
2451.7,2
2451.8,2
2451.9,3
2452,3
2452.1,4
2452.2,4
2452.3,4
2452.4,4
2452.5,3
2452.6,3
2452.7,2
2452.8,2
2452.9,1
2453,1
2453.1,1
2453.2,1
2453.3,1
2453.4,2
2453.5,2
2453.6,3
2453.7,3
2453.8,4
2453.9,4
2454,4
2454.1,4
2454.2,3
2454.3,3
2454.4,2
2454.5,2
2454.6,1
2454.7,1
2454.8,0
2454.9,1
2455,1
2455.1,2
2455.2,2
2455.3,3
2455.4,3
2455.5,4
2455.6,4
2455.7,4
2455.8,3
2455.9,3
2456,3
2456.1,2
2456.2,2
2456.3,1
2456.4,1
2456.5,1
2456.6,1
2456.7,1
2456.8,2
2456.9,3
2457,3
2457.1,4
2457.2,4
2457.3,4
2457.4,4
2457.5,3
2457.6,3
2457.7,2
2457.8,2
2457.9,1
2458,1
2458.1,1
2458.2,1
2458.3,1
2458.4,2
2458.5,2
2458.6,3
2458.7,3
2458.8,4
2458.9,4
2459,4
2459.1,3
2459.2,3
2459.3,2
2459.4,2
2459.5,1
2459.6,1
2459.7,1
2459.8,1
2459.9,1
2460,1
2460.1,2
2460.2,3
2460.3,3
2460.4,3
2460.5,4
2460.6,4
2460.7,4
2460.8,3
2460.9,3
2461,2
2461.1,2
2461.2,1
2461.3,1
2461.4,1
2461.5,1
2461.6,1
2461.7,1
2461.8,2
2461.9,2
2462,3
2462.1,4
2462.2,4
2462.3,4
2462.4,3
2462.5,3
2462.6,2
2462.7,2
2462.8,2
2462.9,1
2463,1
2463.1,0
2463.2,0
2463.3,1
2463.4,1
2463.5,2
2463.6,3
2463.7,4
2463.8,4
2463.9,3
2464,3
2464.1,3
2464.2,3
2464.3,2
2464.4,2
2464.5,1
2464.6,1
2464.7,0
2464.8,1
2464.9,1
2465,1
2465.1,2
2465.2,2
2465.3,3
2465.4,3
2465.5,4
2465.6,4
2465.7,4
2465.8,3
2465.9,3
2466,2
2466.1,2
2466.2,1
2466.3,1
2466.4,1
2466.5,1
2466.6,1
2466.7,2
2466.8,2
2466.9,3
2467,3
2467.1,4
2467.2,4
2467.3,3
2467.4,3
2467.5,2
2467.6,2
2467.7,2
2467.8,2
2467.9,1
2468,1
2468.1,1
2468.2,1
2468.3,1
2468.4,2
2468.5,3
2468.6,3
2468.7,3
2468.8,3
2468.9,3
2469,3
2469.1,3
2469.2,3
2469.3,2
2469.4,2
2469.5,1
2469.6,1
2469.7,0
2469.8,1
2469.9,1
2470,1
2470.1,2
2470.2,2
2470.3,3
2470.4,3
2470.5,4
2470.6,4
2470.7,4
2470.8,3
2470.9,3
2471,2
2471.1,2
2471.2,1
2471.3,1
2471.4,0
2471.5,1
2471.6,1
2471.7,2
2471.8,2
2471.9,3
2472,3
2472.1,4
2472.2,4
2472.3,3
2472.4,3
2472.5,3
2472.6,2
2472.7,2
2472.8,1
2472.9,1
2473,1
2473.1,1
2473.2,1
2473.3,1
2473.4,1
2473.5,2
2473.6,3
2473.7,3
2473.8,4
2473.9,4
2474,3
2474.1,3
2474.2,2
2474.3,2
2474.4,2
2474.5,1
2474.6,1
2474.7,1
2474.8,1
2474.9,1
2475,1
2475.1,2
2475.2,3
2475.3,3
2475.4,3
2475.5,4
2475.6,4
2475.7,4
2475.8,3
2475.9,2
2476,2
2476.1,2
2476.2,1
2476.3,1
2476.4,1
2476.5,1
2476.6,1
2476.7,1
2476.8,2
2476.9,3
2477,3
2477.1,4
2477.2,4
2477.3,3
2477.4,3
2477.5,3
2477.6,2
2477.7,2
2477.8,1
2477.9,1
2478,1
2478.1,0
2478.2,1
2478.3,1
2478.4,2
2478.5,2
2478.6,3
2478.7,3
2478.8,4
2478.9,4
2479,4
2479.1,3
2479.2,3
2479.3,2
2479.4,2
2479.5,1
2479.6,1
2479.7,1
2479.8,1
2479.9,1
2480,1
2480.1,2
2480.2,2
2480.3,3
2480.4,4
2480.5,4
2480.6,3
2480.7,3
2480.8,3
2480.9,2
2481,2
2481.1,1
2481.2,1
2481.3,1
2481.4,0
2481.5,1
2481.6,1
2481.7,1
2481.8,2
2481.9,3
2482,3
2482.1,4
2482.2,4
2482.3,4
2482.4,3
2482.5,2
2482.6,2
2482.7,1
2482.8,1
2482.9,1
2483,1
2483.1,0
2483.2,0
2483.3,1
2483.4,2
2483.5,3
2483.6,3
2483.7,3
2483.8,3
2483.9,3
2484,3
2484.1,3
2484.2,3
2484.3,2
2484.4,1
2484.5,1
2484.6,1
2484.7,1
2484.8,1
2484.9,1
2485,2
2485.1,2
2485.2,3
2485.3,3
2485.4,4
2485.5,4
2485.6,4
2485.7,3
2485.8,3
2485.9,2
2486,2
2486.1,2
2486.2,1
2486.3,1
2486.4,0
2486.5,1
2486.6,1
2486.7,1
2486.8,2
2486.9,2
2487,3
2487.1,3
2487.2,4
2487.3,3
2487.4,3
2487.5,3
2487.6,2
2487.7,2
2487.8,1
2487.9,1
2488,1
2488.1,0
2488.2,1
2488.3,1
2488.4,2
2488.5,3
2488.6,3
2488.7,4
2488.8,4
2488.9,4
2489,3
2489.1,3
2489.2,3
2489.3,2
2489.4,1
2489.5,1
2489.6,1
2489.7,1
2489.8,1
2489.9,1
2490,1
2490.1,2
2490.2,3
2490.3,3
2490.4,4
2490.5,4
2490.6,4
2490.7,3
2490.8,3
2490.9,2
2491,2
2491.1,1
2491.2,1
2491.3,1
2491.4,1
2491.5,1
2491.6,1
2491.7,1
2491.8,3
2491.9,3
2492,3
2492.1,4
2492.2,4
2492.3,3
2492.4,3
2492.5,3
2492.6,2
2492.7,2
2492.8,1
2492.9,1
2493,0
2493.1,0
2493.2,0
2493.3,1
2493.4,2
2493.5,3
2493.6,3
2493.7,4
2493.8,4
2493.9,4
2494,4
2494.1,3
2494.2,3
2494.3,2
2494.4,2
2494.5,1
2494.6,1
2494.7,1
2494.8,1
2494.9,2
2495,2
2495.1,2
2495.2,3
2495.3,3
2495.4,4
2495.5,4
2495.6,4
2495.7,3
2495.8,3
2495.9,2
2496,2
2496.1,2
2496.2,1
2496.3,1
2496.4,1
2496.5,1
2496.6,1
2496.7,1
2496.8,2
2496.9,3
2497,4
2497.1,4
2497.2,4
2497.3,4
2497.4,3
2497.5,3
2497.6,2
2497.7,2
2497.8,2
2497.9,1
2498,1
2498.1,1
2498.2,1
2498.3,1
2498.4,2
2498.5,3
2498.6,3
2498.7,3
2498.8,4
2498.9,4
2499,4
2499.1,3
2499.2,3
2499.3,2
2499.4,2
2499.5,1
2499.6,1
2499.7,1
2499.8,1
2499.9,1
2500,1
2500.1,2
2500.2,3
2500.3,3
2500.4,4
2500.5,4
2500.6,4
2500.7,3
2500.8,3
2500.9,2
2501,2
2501.1,2
2501.2,1
2501.3,1
2501.4,0
2501.5,1
2501.6,1
2501.7,2
2501.8,3
2501.9,3
2502,4
2502.1,4
2502.2,4
2502.3,3
2502.4,3
2502.5,3
2502.6,2
2502.7,2
2502.8,1
2502.9,1
2503,0
2503.1,0
2503.2,1
2503.3,1
2503.4,2
2503.5,2
2503.6,3
2503.7,4
2503.8,4
2503.9,4
2504,3
2504.1,3
2504.2,3
2504.3,2
2504.4,2
2504.5,1
2504.6,1
2504.7,1
2504.8,1
2504.9,1
2505,2
2505.1,2
2505.2,3
2505.3,3
2505.4,4
2505.5,4
2505.6,3
2505.7,3
2505.8,3
2505.9,2
2506,2
2506.1,1
2506.2,1
2506.3,1
2506.4,1
2506.5,1
2506.6,1
2506.7,2
2506.8,3
2506.9,4
2507,4
2507.1,4
2507.2,4
2507.3,3
2507.4,3
2507.5,3
2507.6,2
2507.7,2
2507.8,1
2507.9,1
2508,0
2508.1,0
2508.2,1
2508.3,2
2508.4,2
2508.5,3
2508.6,3
2508.7,4
2508.8,4
2508.9,4
2509,4
2509.1,3
2509.2,3
2509.3,2
2509.4,1
2509.5,1
2509.6,1
2509.7,1
2509.8,1
2509.9,1
2510,2
2510.1,2
2510.2,2
2510.3,3
2510.4,3
2510.5,4
2510.6,4
2510.7,3
2510.8,3
2510.9,2
2511,1
2511.1,1
2511.2,1
2511.3,1
2511.4,1
2511.5,1
2511.6,1
2511.7,2
2511.8,3
2511.9,3
2512,4
2512.1,4
2512.2,4
2512.3,4
2512.4,3
2512.5,2
2512.6,2
2512.7,2
2512.8,1
2512.9,1
2513,1
2513.1,1
2513.2,1
2513.3,1
2513.4,2
2513.5,3
2513.6,3
2513.7,4
2513.8,4
2513.9,3
2514,3
2514.1,3
2514.2,2
2514.3,2
2514.4,2
2514.5,1
2514.6,1
2514.7,0
2514.8,1
2514.9,1
2515,2
2515.1,2
2515.2,3
2515.3,3
2515.4,4
2515.5,4
2515.6,3
2515.7,3
2515.8,3
2515.9,2
2516,2
2516.1,1
2516.2,1
2516.3,1
2516.4,1
2516.5,1
2516.6,1
2516.7,2
2516.8,2
2516.9,3
2517,4
2517.1,4
2517.2,4
2517.3,3
2517.4,3
2517.5,3
2517.6,2
2517.7,2
2517.8,1
2517.9,1
2518,1
2518.1,1
2518.2,1
2518.3,2
2518.4,2
2518.5,3
2518.6,3
2518.7,4
2518.8,4
2518.9,4
2519,3
2519.1,3
2519.2,2
2519.3,2
2519.4,2
2519.5,1
2519.6,1
2519.7,1
2519.8,1
2519.9,1
2520,2
2520.1,3
2520.2,3
2520.3,4
2520.4,4
2520.5,4
2520.6,4
2520.7,3
2520.8,3
2520.9,2
2521,2
2521.1,1
2521.2,1
2521.3,1
2521.4,1
2521.5,1
2521.6,1
2521.7,2
2521.8,2
2521.9,3
2522,4
2522.1,4
2522.2,4
2522.3,3
2522.4,3
2522.5,3
2522.6,2
2522.7,2
2522.8,1
2522.9,1
2523,0
2523.1,0
2523.2,1
2523.3,1
2523.4,2
2523.5,3
2523.6,3
2523.7,3
2523.8,4
2523.9,3
2524,3
2524.1,3
2524.2,2
2524.3,1
2524.4,1
2524.5,1
2524.6,1
2524.7,1
2524.8,1
2524.9,1
2525,2
2525.1,2
2525.2,3
2525.3,3
2525.4,3
2525.5,4
2525.6,3
2525.7,3
2525.8,3
2525.9,2
2526,1
2526.1,1
2526.2,1
2526.3,0
2526.4,1
2526.5,1
2526.6,1
2526.7,2
2526.8,2
2526.9,3
2527,4
2527.1,4
2527.2,3
2527.3,3
2527.4,2
2527.5,2
2527.6,2
2527.7,2
2527.8,1
2527.9,1
2528,1
2528.1,1
2528.2,1
2528.3,1
2528.4,2
2528.5,2
2528.6,3
2528.7,3
2528.8,4
2528.9,3
2529,3
2529.1,3
2529.2,2
2529.3,2
2529.4,1
2529.5,1
2529.6,0
2529.7,1
2529.8,1
2529.9,1
2530,2
2530.1,2
2530.2,3
2530.3,3
2530.4,4
2530.5,4
2530.6,3
2530.7,3
2530.8,3
2530.9,2
2531,1
2531.1,1
2531.2,1
2531.3,0
2531.4,1
2531.5,1
2531.6,1
2531.7,2
2531.8,3
2531.9,3
2532,4
2532.1,4
2532.2,3
2532.3,3
2532.4,3
2532.5,2
2532.6,2
2532.7,1
2532.8,1
2532.9,0
2533,0
2533.1,1
2533.2,1
2533.3,1
2533.4,2
2533.5,3
2533.6,3
2533.7,4
2533.8,4
2533.9,4
2534,3
2534.1,3
2534.2,2
2534.3,2
2534.4,1
2534.5,1
2534.6,0
2534.7,1
2534.8,1
2534.9,1
2535,2
2535.1,3
2535.2,3
2535.3,4
2535.4,4
2535.5,3
2535.6,3
2535.7,3
2535.8,2
2535.9,2
2536,2
2536.1,1
2536.2,1
2536.3,1
2536.4,1
2536.5,1
2536.6,1
2536.7,2
2536.8,3
2536.9,3
2537,4
2537.1,4
2537.2,3
2537.3,3
2537.4,3
2537.5,2
2537.6,2
2537.7,1
2537.8,1
2537.9,0
2538,0
2538.1,0
2538.2,1
2538.3,1
2538.4,3
2538.5,3
2538.6,4
2538.7,4
2538.8,4
2538.9,4
2539,3
2539.1,3
2539.2,2
2539.3,2
2539.4,1
2539.5,1
2539.6,1
2539.7,1
2539.8,1
2539.9,1
2540,2
2540.1,2
2540.2,3
2540.3,3
2540.4,4
2540.5,4
2540.6,4
2540.7,3
2540.8,2
2540.9,2
2541,1
2541.1,1
2541.2,1
2541.3,1
2541.4,1
2541.5,1
2541.6,2
2541.7,2
2541.8,3
2541.9,3
2542,4
2542.1,4
2542.2,4
2542.3,3
2542.4,2
2542.5,2
2542.6,2
2542.7,1
2542.8,1
2542.9,0
2543,0
2543.1,1
2543.2,1
2543.3,2
2543.4,3
2543.5,3
2543.6,3
2543.7,3
2543.8,4
2543.9,3
2544,3
2544.1,2
2544.2,2
2544.3,2
2544.4,1
2544.5,1
2544.6,0
2544.7,1
2544.8,1
2544.9,1
2545,2
2545.1,2
2545.2,3
2545.3,4
2545.4,4
2545.5,3
2545.6,3
2545.7,3
2545.8,3
2545.9,2
2546,1
2546.1,1
2546.2,0
2546.3,1
2546.4,1
2546.5,1
2546.6,1
2546.7,2
2546.8,3
2546.9,3
2547,4
2547.1,4
2547.2,4
2547.3,3
2547.4,2
2547.5,2
2547.6,2
2547.7,1
2547.8,1
2547.9,0
2548,1
2548.1,1
2548.2,1
2548.3,2
2548.4,3
2548.5,3
2548.6,3
2548.7,4
2548.8,4
2548.9,4
2549,3
2549.1,3
2549.2,2
2549.3,2
2549.4,1
2549.5,1
2549.6,1
2549.7,1
2549.8,1
2549.9,1
2550,2
2550.1,3
2550.2,3
2550.3,3
2550.4,4
2550.5,4
2550.6,3
2550.7,3
2550.8,3
2550.9,2
2551,1
2551.1,1
2551.2,1
2551.3,1
2551.4,1
2551.5,1
2551.6,1
2551.7,2
2551.8,3
2551.9,3
2552,4
2552.1,4
2552.2,3
2552.3,3
2552.4,3
2552.5,2
2552.6,2
2552.7,1
2552.8,1
2552.9,0
2553,0
2553.1,1
2553.2,1
2553.3,2
2553.4,3
2553.5,3
2553.6,4
2553.7,4
2553.8,4
2553.9,3
2554,3
2554.1,3
2554.2,2
2554.3,2
2554.4,1
2554.5,1
2554.6,0
2554.7,1
2554.8,1
2554.9,1
2555,2
2555.1,2
2555.2,3
2555.3,4
2555.4,4
2555.5,4
2555.6,3
2555.7,2
2555.8,2
2555.9,2
2556,1
2556.1,1
2556.2,0
2556.3,0
2556.4,1
2556.5,1
2556.6,2
2556.7,2
2556.8,3
2556.9,3
2557,4
2557.1,4
2557.2,3
2557.3,3
2557.4,3
2557.5,2
2557.6,2
2557.7,1
2557.8,1
2557.9,1
2558,0
2558.1,1
2558.2,1
2558.3,2
2558.4,3
2558.5,3
2558.6,3
2558.7,4
2558.8,4
2558.9,4
2559,3
2559.1,3
2559.2,2
2559.3,1
2559.4,1
2559.5,0
2559.6,0
2559.7,0
2559.8,1
2559.9,1
2560,2
2560.1,3
2560.2,3
2560.3,4
2560.4,4
2560.5,3
2560.6,3
2560.7,3
2560.8,2
2560.9,2
2561,2
2561.1,1
2561.2,1
2561.3,0
2561.4,1
2561.5,1
2561.6,2
2561.7,2
2561.8,3
2561.9,3
2562,4
2562.1,4
2562.2,3
2562.3,3
2562.4,3
2562.5,2
2562.6,1
2562.7,1
2562.8,0
2562.9,0
2563,0
2563.1,1
2563.2,1
2563.3,2
2563.4,3
2563.5,3
2563.6,4
2563.7,4
2563.8,3
2563.9,3
2564,3
2564.1,3
2564.2,2
2564.3,1
2564.4,1
2564.5,0
2564.6,0
2564.7,1
2564.8,1
2564.9,1
2565,2
2565.1,3
2565.2,3
2565.3,4
2565.4,4
2565.5,4
2565.6,4
2565.7,3
2565.8,2
2565.9,2
2566,1
2566.1,1
2566.2,1
2566.3,0
2566.4,1
2566.5,1
2566.6,1
2566.7,2
2566.8,3
2566.9,4
2567,4
2567.1,4
2567.2,3
2567.3,3
2567.4,3
2567.5,2
2567.6,2
2567.7,1
2567.8,1
2567.9,0
2568,0
2568.1,1
2568.2,1
2568.3,2
2568.4,3
2568.5,3
2568.6,4
2568.7,4
2568.8,4
2568.9,3
2569,3
2569.1,3
2569.2,2
2569.3,1
2569.4,1
2569.5,0
2569.6,0
2569.7,1
2569.8,1
2569.9,1
2570,2
2570.1,2
2570.2,3
2570.3,4
2570.4,4
2570.5,4
2570.6,4
2570.7,3
2570.8,2
2570.9,1
2571,1
2571.1,1
2571.2,1
2571.3,1
2571.4,1
2571.5,1
2571.6,1
2571.7,2
2571.8,3
2571.9,4
2572,4
2572.1,4
2572.2,4
2572.3,3
2572.4,3
2572.5,2
2572.6,2
2572.7,1
2572.8,1
2572.9,0
2573,1
2573.1,1
2573.2,1
2573.3,2
2573.4,3
2573.5,3
2573.6,4
2573.7,4
2573.8,4
2573.9,3
2574,3
2574.1,2
2574.2,2
2574.3,2
2574.4,1
2574.5,0
2574.6,1
2574.7,1
2574.8,1
2574.9,1
2575,2
2575.1,3
2575.2,3
2575.3,4
2575.4,4
2575.5,4
2575.6,3
2575.7,3
2575.8,2
2575.9,2
2576,1
2576.1,1
2576.2,0
2576.3,0
2576.4,1
2576.5,1
2576.6,2
2576.7,2
2576.8,3
2576.9,4
2577,4
2577.1,4
2577.2,4
2577.3,3
2577.4,2
2577.5,1
2577.6,1
2577.7,1
2577.8,1
2577.9,0
2578,1
2578.1,1
2578.2,1
2578.3,2
2578.4,2
2578.5,3
2578.6,4
2578.7,4
2578.8,4
2578.9,3
2579,3
2579.1,2
2579.2,2
2579.3,1
2579.4,1
2579.5,0
2579.6,0
2579.7,1
2579.8,1
2579.9,1
2580,3
2580.1,3
2580.2,3
2580.3,4
2580.4,4
2580.5,3
2580.6,3
2580.7,3
2580.8,2
2580.9,2
2581,1
2581.1,1
2581.2,1
2581.3,1
2581.4,1
2581.5,1
2581.6,2
2581.7,3
2581.8,3
2581.9,4
2582,4
2582.1,4
2582.2,3
2582.3,3
2582.4,2
2582.5,2
2582.6,1
2582.7,1
2582.8,0
2582.9,0
2583,0
2583.1,1
2583.2,1
2583.3,2
2583.4,3
2583.5,3
2583.6,4
2583.7,4
2583.8,4
2583.9,4
2584,3
2584.1,3
2584.2,2
2584.3,1
2584.4,1
2584.5,0
2584.6,0
2584.7,0
2584.8,1
2584.9,1
2585,2
2585.1,3
2585.2,3
2585.3,4
2585.4,4
2585.5,4
2585.6,3
2585.7,3
2585.8,2
2585.9,1
2586,1
2586.1,1
2586.2,0
2586.3,0
2586.4,1
2586.5,1
2586.6,2
2586.7,3
2586.8,3
2586.9,4
2587,4
2587.1,4
2587.2,4
2587.3,3
2587.4,3
2587.5,2
2587.6,2
2587.7,1
2587.8,1
2587.9,1
2588,1
2588.1,1
2588.2,2
2588.3,2
2588.4,3
2588.5,3
2588.6,3
2588.7,4
2588.8,4
2588.9,3
2589,3
2589.1,2
2589.2,2
2589.3,1
2589.4,0
2589.5,0
2589.6,0
2589.7,0
2589.8,1
2589.9,2
2590,2
2590.1,3
2590.2,3
2590.3,4
2590.4,4
2590.5,4
2590.6,3
2590.7,3
2590.8,2
2590.9,2
2591,1
2591.1,1
2591.2,0
2591.3,0
2591.4,1
2591.5,1
2591.6,2
2591.7,2
2591.8,3
2591.9,4
2592,4
2592.1,3
2592.2,3
2592.3,3
2592.4,3
2592.5,2
2592.6,2
2592.7,1
2592.8,1
2592.9,0
2593,0
2593.1,1
2593.2,1
2593.3,2
2593.4,3
2593.5,3
2593.6,4
2593.7,4
2593.8,4
2593.9,3
2594,3
2594.1,2
2594.2,1
2594.3,1
2594.4,1
2594.5,0
2594.6,0
2594.7,1
2594.8,1
2594.9,1
2595,2
2595.1,3
2595.2,3
2595.3,4
2595.4,4
2595.5,4
2595.6,3
2595.7,3
2595.8,2
2595.9,2
2596,1
2596.1,1
2596.2,1
2596.3,1
2596.4,1
2596.5,1
2596.6,2
2596.7,3
2596.8,3
2596.9,4
2597,4
2597.1,3
2597.2,3
2597.3,3
2597.4,3
2597.5,2
2597.6,1
2597.7,1
2597.8,0
2597.9,0
2598,0
2598.1,1
2598.2,1
2598.3,2
2598.4,3
2598.5,3
2598.6,4
2598.7,4
2598.8,4
2598.9,3
2599,3
2599.1,2
2599.2,2
2599.3,1
2599.4,1
2599.5,0
2599.6,0
2599.7,1
2599.8,1
2599.9,2
2600,3
2600.1,3
2600.2,4
2600.3,4
2600.4,4
2600.5,4
2600.6,3
2600.7,3
2600.8,2
2600.9,2
2601,1
2601.1,1
2601.2,1
2601.3,0
2601.4,1
2601.5,1
2601.6,2
2601.7,2
2601.8,3
2601.9,4
2602,4
2602.1,4
2602.2,3
2602.3,3
2602.4,2
2602.5,2
2602.6,1
2602.7,1
2602.8,0
2602.9,0
2603,0
2603.1,1
2603.2,1
2603.3,2
2603.4,2
2603.5,3
2603.6,4
2603.7,4
2603.8,3
2603.9,3
2604,2
2604.1,2
2604.2,2
2604.3,1
2604.4,0
2604.5,0
2604.6,0
2604.7,0
2604.8,1
2604.9,2
2605,2
2605.1,3
2605.2,3
2605.3,4
2605.4,4
2605.5,3
2605.6,3
2605.7,2
2605.8,2
2605.9,2
2606,1
2606.1,1
2606.2,0
2606.3,1
2606.4,0
2606.5,1
2606.6,2
2606.7,2
2606.8,3
2606.9,4
2607,4
2607.1,4
2607.2,3
2607.3,3
2607.4,3
2607.5,2
2607.6,1
2607.7,1
2607.8,0
2607.9,0
2608,1
2608.1,1
2608.2,1
2608.3,2
2608.4,3
2608.5,4
2608.6,4
2608.7,4
2608.8,3
2608.9,3
2609,2
2609.1,2
2609.2,1
2609.3,1
2609.4,0
2609.5,0
2609.6,0
2609.7,1
2609.8,1
2609.9,2
2610,3
2610.1,3
2610.2,4
2610.3,4
2610.4,4
2610.5,4
2610.6,3
2610.7,2
2610.8,2
2610.9,2
2611,1
2611.1,1
2611.2,0
2611.3,1
2611.4,1
2611.5,1
2611.6,2
2611.7,3
2611.8,3
2611.9,4
2612,4
2612.1,3
2612.2,3
2612.3,3
2612.4,2
2612.5,2
2612.6,1
2612.7,1
2612.8,0
2612.9,0
2613,1
2613.1,1
2613.2,1
2613.3,3
2613.4,3
2613.5,4
2613.6,4
2613.7,4
2613.8,4
2613.9,3
2614,3
2614.1,2
2614.2,2
2614.3,1
2614.4,1
2614.5,0
2614.6,0
2614.7,1
2614.8,1
2614.9,2
2615,2
2615.1,3
2615.2,4
2615.3,4
2615.4,4
2615.5,4
2615.6,3
2615.7,3
2615.8,2
2615.9,2
2616,1
2616.1,1
2616.2,0
2616.3,1
2616.4,1
2616.5,1
2616.6,2
2616.7,3
2616.8,3
2616.9,4
2617,4
2617.1,4
2617.2,3
2617.3,3
2617.4,2
2617.5,2
2617.6,1
2617.7,1
2617.8,0
2617.9,0
2618,1
2618.1,1
2618.2,2
2618.3,2
2618.4,3
2618.5,4
2618.6,4
2618.7,4
2618.8,4
2618.9,3
2619,2
2619.1,2
2619.2,1
2619.3,0
2619.4,0
2619.5,0
2619.6,0
2619.7,1
2619.8,1
2619.9,1
2620,3
2620.1,3
2620.2,4
2620.3,4
2620.4,4
2620.5,4
2620.6,3
2620.7,2
2620.8,2
2620.9,2
2621,1
2621.1,0
2621.2,0
2621.3,1
2621.4,1
2621.5,2
2621.6,3
2621.7,3
2621.8,4
2621.9,4
2622,4
2622.1,4
2622.2,3
2622.3,3
2622.4,2
2622.5,2
2622.6,1
2622.7,1
2622.8,0
2622.9,0
2623,1
2623.1,1
2623.2,1
2623.3,2
2623.4,3
2623.5,4
2623.6,4
2623.7,4
2623.8,4
2623.9,3
2624,3
2624.1,2
2624.2,1
2624.3,1
2624.4,0
2624.5,0
2624.6,0
2624.7,1
2624.8,1
2624.9,2
2625,3
2625.1,3
2625.2,4
2625.3,4
2625.4,4
2625.5,4
2625.6,3
2625.7,2
2625.8,2
2625.9,2
2626,1
2626.1,1
2626.2,1
2626.3,1
2626.4,1
2626.5,1
2626.6,2
2626.7,3
2626.8,4
2626.9,4
2627,4
2627.1,3
2627.2,3
2627.3,3
2627.4,2
2627.5,2
2627.6,1
2627.7,1
2627.8,0
2627.9,0
2628,0
2628.1,1
2628.2,2
2628.3,3
2628.4,3
2628.5,4
2628.6,4
2628.7,4
2628.8,4
2628.9,3
2629,3
2629.1,2
2629.2,1
2629.3,1
2629.4,1
2629.5,0
2629.6,0
2629.7,1
2629.8,1
2629.9,2
2630,3
2630.1,3
2630.2,4
2630.3,4
2630.4,4
2630.5,3
2630.6,3
2630.7,2
2630.8,1
2630.9,1
2631,1
2631.1,0
2631.2,0
2631.3,0
2631.4,0
2631.5,1
2631.6,2
2631.7,3
2631.8,4
2631.9,4
2632,4
2632.1,4
2632.2,3
2632.3,3
2632.4,2
2632.5,2
2632.6,1
2632.7,1
2632.8,0
2632.9,0
2633,1
2633.1,1
2633.2,2
2633.3,3
2633.4,3
2633.5,3
2633.6,4
2633.7,4
2633.8,4
2633.9,3
2634,3
2634.1,2
2634.2,1
2634.3,1
2634.4,0
2634.5,0
2634.6,1
2634.7,1
2634.8,1
2634.9,2
2635,3
2635.1,4
2635.2,4
2635.3,4
2635.4,4
2635.5,3
2635.6,3
2635.7,2
2635.8,2
2635.9,1
2636,1
2636.1,0
2636.2,1
2636.3,1
2636.4,1
2636.5,1
2636.6,2
2636.7,3
2636.8,4
2636.9,4
2637,4
2637.1,4
2637.2,3
2637.3,3
2637.4,3
2637.5,2
2637.6,1
2637.7,1
2637.8,1
2637.9,1
2638,1
2638.1,2
2638.2,2
2638.3,3
2638.4,4
2638.5,4
2638.6,4
2638.7,4
2638.8,4
2638.9,3
2639,3
2639.1,2
2639.2,1
2639.3,1
2639.4,1
2639.5,0
2639.6,1
2639.7,1
2639.8,2
2639.9,2
2640,3
2640.1,3
2640.2,4
2640.3,4
2640.4,4
2640.5,4
2640.6,3
2640.7,2
2640.8,2
2640.9,1
2641,1
2641.1,0
2641.2,0
2641.3,0
2641.4,1
2641.5,1
2641.6,3
2641.7,4
2641.8,4
2641.9,4
2642,4
2642.1,3
2642.2,3
2642.3,3
2642.4,2
2642.5,2
2642.6,1
2642.7,1
2642.8,0
2642.9,0
2643,1
2643.1,1
2643.2,2
2643.3,3
2643.4,3
2643.5,4
2643.6,4
2643.7,4
2643.8,4
2643.9,3
2644,2
2644.1,2
2644.2,1
2644.3,1
2644.4,0
2644.5,0
2644.6,0
2644.7,1
2644.8,1
2644.9,2
2645,3
2645.1,4
2645.2,4
2645.3,4
2645.4,4
2645.5,3
2645.6,3
2645.7,2
2645.8,1
2645.9,1
2646,1
2646.1,0
2646.2,0
2646.3,0
2646.4,1
2646.5,1
2646.6,3
2646.7,3
2646.8,4
2646.9,4
2647,4
2647.1,3
2647.2,3
2647.3,3
2647.4,2
2647.5,2
2647.6,1
2647.7,1
2647.8,0
2647.9,1
2648,1
2648.1,1
2648.2,2
2648.3,3
2648.4,3
2648.5,4
2648.6,4
2648.7,4
2648.8,4
2648.9,3
2649,3
2649.1,2
2649.2,1
2649.3,0
2649.4,0
2649.5,0
2649.6,0
2649.7,1
2649.8,1
2649.9,2
2650,3
2650.1,3
2650.2,4
2650.3,4
2650.4,4
2650.5,3
2650.6,3
2650.7,2
2650.8,2
2650.9,1
2651,1
2651.1,0
2651.2,0
2651.3,1
2651.4,1
2651.5,2
2651.6,3
2651.7,3
2651.8,4
2651.9,4
2652,4
2652.1,4
2652.2,3
2652.3,3
2652.4,2
2652.5,2
2652.6,1
2652.7,1
2652.8,0
2652.9,1
2653,1
2653.1,1
2653.2,2
2653.3,3
2653.4,3
2653.5,4
2653.6,4
2653.7,4
2653.8,3
2653.9,3
2654,3
2654.1,2
2654.2,1
2654.3,1
2654.4,0
2654.5,0
2654.6,1
2654.7,1
2654.8,1
2654.9,2
2655,3
2655.1,3
2655.2,4
2655.3,4
2655.4,3
2655.5,3
2655.6,3
2655.7,2
2655.8,2
2655.9,1
2656,1
2656.1,0
2656.2,0
2656.3,0
2656.4,1
2656.5,2
2656.6,2
2656.7,3
2656.8,4
2656.9,4
2657,4
2657.1,3
2657.2,3
2657.3,2
2657.4,2
2657.5,1
2657.6,1
2657.7,0
2657.8,0
2657.9,0
2658,1
2658.1,1
2658.2,2
2658.3,3
2658.4,3
2658.5,4
2658.6,4
2658.7,4
2658.8,4
2658.9,3
2659,3
2659.1,2
2659.2,1
2659.3,1
2659.4,0
2659.5,1
2659.6,1
2659.7,1
2659.8,2
2659.9,2
2660,3
2660.1,4
2660.2,4
2660.3,4
2660.4,4
2660.5,3
2660.6,3
2660.7,2
2660.8,1
2660.9,1
2661,1
2661.1,1
2661.2,0
2661.3,1
2661.4,1
2661.5,2
2661.6,3
2661.7,3
2661.8,4
2661.9,4
2662,4
2662.1,3
2662.2,3
2662.3,2
2662.4,2
2662.5,2
2662.6,1
2662.7,1
2662.8,0
2662.9,1
2663,1
2663.1,2
2663.2,2
2663.3,2
2663.4,3
2663.5,4
2663.6,4
2663.7,4
2663.8,3
2663.9,3
2664,2
2664.1,1
2664.2,1
2664.3,0
2664.4,0
2664.5,0
2664.6,1
2664.7,1
2664.8,1
2664.9,3
2665,3
2665.1,4
2665.2,4
2665.3,4
2665.4,4
2665.5,3
2665.6,3
2665.7,2
2665.8,1
2665.9,1
2666,0
2666.1,0
2666.2,0
2666.3,0
2666.4,1
2666.5,2
2666.6,3
2666.7,3
2666.8,4
2666.9,4
2667,4
2667.1,3
2667.2,3
2667.3,3
2667.4,2
2667.5,1
2667.6,1
2667.7,0
2667.8,0
2667.9,0
2668,1
2668.1,1
2668.2,2
2668.3,3
2668.4,3
2668.5,4
2668.6,4
2668.7,4
2668.8,3
2668.9,3
2669,2
2669.1,1
2669.2,1
2669.3,1
2669.4,0
2669.5,0
2669.6,1
2669.7,1
2669.8,2
2669.9,3
2670,3
2670.1,4
2670.2,4
2670.3,4
2670.4,4
2670.5,3
2670.6,2
2670.7,2
2670.8,1
2670.9,0
2671,0
2671.1,0
2671.2,0
2671.3,1
2671.4,1
2671.5,2
2671.6,3
2671.7,3
2671.8,4
2671.9,4
2672,3
2672.1,3
2672.2,3
2672.3,2
2672.4,2
2672.5,1
2672.6,1
2672.7,0
2672.8,0
2672.9,0
2673,1
2673.1,2
2673.2,2
2673.3,3
2673.4,3
2673.5,4
2673.6,4
2673.7,4
2673.8,3
2673.9,3
2674,2
2674.1,1
2674.2,1
2674.3,1
2674.4,0
2674.5,0
2674.6,1
2674.7,1
2674.8,2
2674.9,2
2675,3
2675.1,4
2675.2,4
2675.3,4
2675.4,4
2675.5,3
2675.6,2
2675.7,2
2675.8,2
2675.9,1
2676,1
2676.1,1
2676.2,1
2676.3,1
2676.4,1
2676.5,2
2676.6,3
2676.7,4
2676.8,4
2676.9,4
2677,4
2677.1,3
2677.2,3
2677.3,2
2677.4,2
2677.5,2
2677.6,1
2677.7,0
2677.8,0
2677.9,1
2678,1
2678.1,2
2678.2,3
2678.3,3
2678.4,3
2678.5,4
2678.6,4
2678.7,4
2678.8,3
2678.9,3
2679,2
2679.1,1
2679.2,1
2679.3,0
2679.4,0
2679.5,0
2679.6,0
2679.7,1
2679.8,1
2679.9,2
2680,3
2680.1,4
2680.2,4
2680.3,4
2680.4,3
2680.5,3
2680.6,3
2680.7,2
2680.8,2
2680.9,1
2681,1
2681.1,0
2681.2,0
2681.3,0
2681.4,1
2681.5,2
2681.6,3
2681.7,4
2681.8,4
2681.9,4
2682,3
2682.1,3
2682.2,3
2682.3,2
2682.4,2
2682.5,1
2682.6,1
2682.7,1
2682.8,1
2682.9,1
2683,1
2683.1,2
2683.2,3
2683.3,3
2683.4,4
2683.5,4
2683.6,4
2683.7,4
2683.8,3
2683.9,3
2684,2
2684.1,1
2684.2,1
2684.3,0
2684.4,0
2684.5,1
2684.6,1
2684.7,1
2684.8,2
2684.9,3
2685,3
2685.1,4
2685.2,4
2685.3,4
2685.4,4
2685.5,3
2685.6,2
2685.7,2
2685.8,1
2685.9,1
2686,1
2686.1,1
2686.2,1
2686.3,1
2686.4,1
2686.5,2
2686.6,3
2686.7,4
2686.8,4
2686.9,4
2687,4
2687.1,3
2687.2,3
2687.3,2
2687.4,2
2687.5,1
2687.6,1
2687.7,0
2687.8,0
2687.9,1
2688,1
2688.1,2
2688.2,2
2688.3,3
2688.4,3
2688.5,4
2688.6,4
2688.7,4
2688.8,3
2688.9,3
2689,1
2689.1,1
2689.2,1
2689.3,0
2689.4,0
2689.5,0
2689.6,1
2689.7,1
2689.8,3
2689.9,2
2690,3
2690.1,3
2690.2,4
2690.3,4
2690.4,4
2690.5,3
2690.6,3
2690.7,2
2690.8,2
2690.9,1
2691,1
2691.1,0
2691.2,0
2691.3,1
2691.4,1
2691.5,2
2691.6,3
2691.7,3
2691.8,4
2691.9,4
2692,3
2692.1,3
2692.2,3
2692.3,2
2692.4,1
2692.5,1
2692.6,1
2692.7,0
2692.8,0
2692.9,1
2693,1
2693.1,2
2693.2,2
2693.3,3
2693.4,4
2693.5,4
2693.6,4
2693.7,4
2693.8,3
2693.9,3
2694,2
2694.1,2
2694.2,1
2694.3,0
2694.4,0
2694.5,0
2694.6,1
2694.7,1
2694.8,2
2694.9,3
2695,3
2695.1,4
2695.2,4
2695.3,4
2695.4,3
2695.5,3
2695.6,2
2695.7,2
2695.8,1
2695.9,1
2696,1
2696.1,1
2696.2,1
2696.3,1
2696.4,2
2696.5,2
2696.6,3
2696.7,3
2696.8,4
2696.9,4
2697,3
2697.1,3
2697.2,3
2697.3,2
2697.4,2
2697.5,1
2697.6,1
2697.7,1
2697.8,0
2697.9,0
2698,1
2698.1,2
2698.2,3
2698.3,3
2698.4,4
2698.5,4
2698.6,4
2698.7,4
2698.8,3
2698.9,3
2699,2
2699.1,1
2699.2,1
2699.3,1
2699.4,0
2699.5,1
2699.6,1
2699.7,2
2699.8,2
2699.9,3
2700,4
2700.1,4
2700.2,4
2700.3,3
2700.4,3
2700.5,3
2700.6,2
2700.7,2
2700.8,1
2700.9,1
2701,0
2701.1,1
2701.2,1
2701.3,1
2701.4,1
2701.5,2
2701.6,3
2701.7,4
2701.8,4
2701.9,4
2702,4
2702.1,3
2702.2,3
2702.3,3
2702.4,2
2702.5,2
2702.6,1
2702.7,0
2702.8,1
2702.9,1
2703,1
2703.1,2
2703.2,3
2703.3,3
2703.4,4
2703.5,4
2703.6,4
2703.7,4
2703.8,3
2703.9,3
2704,2
2704.1,2
2704.2,1
2704.3,1
2704.4,1
2704.5,1
2704.6,1
2704.7,1
2704.8,2
2704.9,3
2705,3
2705.1,4
2705.2,4
2705.3,4
2705.4,3
2705.5,3
2705.6,2
2705.7,2
2705.8,1
2705.9,1
2706,1
2706.1,1
2706.2,1
2706.3,2
2706.4,2
2706.5,3
2706.6,3
2706.7,4
2706.8,4
2706.9,4
2707,4
2707.1,3
2707.2,3
2707.3,3
2707.4,2
2707.5,1
2707.6,1
2707.7,0
2707.8,1
2707.9,1
2708,1
2708.1,2
2708.2,3
2708.3,3
2708.4,4
2708.5,4
2708.6,4
2708.7,4
2708.8,3
2708.9,3
2709,2
2709.1,2
2709.2,2
2709.3,1
2709.4,1
2709.5,1
2709.6,1
2709.7,1
2709.8,2
2709.9,3
2710,3
2710.1,4
2710.2,4
2710.3,4
2710.4,3
2710.5,3
2710.6,2
2710.7,2
2710.8,1
2710.9,1
2711,0
2711.1,0
2711.2,0
2711.3,1
2711.4,1
2711.5,3
2711.6,3
2711.7,4
2711.8,4
2711.9,3
2712,3
2712.1,3
2712.2,2
2712.3,2
2712.4,1
2712.5,1
2712.6,0
2712.7,0
2712.8,0
2712.9,0
2713,1
2713.1,2
2713.2,2
2713.3,3
2713.4,4
2713.5,4
2713.6,3
2713.7,3
2713.8,3
2713.9,3
2714,2
2714.1,1
2714.2,1
2714.3,0
2714.4,0
2714.5,0
2714.6,1
2714.7,1
2714.8,2
2714.9,3
2715,3
2715.1,4
2715.2,4
2715.3,4
2715.4,3
2715.5,3
2715.6,2
2715.7,2
2715.8,1
2715.9,1
2716,0
2716.1,0
2716.2,0
2716.3,1
2716.4,2
2716.5,3
2716.6,3
2716.7,4
2716.8,4
2716.9,4
2717,3
2717.1,3
2717.2,2
2717.3,2
2717.4,1
2717.5,1
2717.6,0
2717.7,0
2717.8,1
2717.9,1
2718,2
2718.1,2
2718.2,3
2718.3,4
2718.4,4
2718.5,4
2718.6,4
2718.7,4
2718.8,3
2718.9,3
2719,2
2719.1,1
2719.2,1
2719.3,0
2719.4,0
2719.5,1
2719.6,1
2719.7,2
2719.8,2
2719.9,3
2720,4
2720.1,4
2720.2,4
2720.3,4
2720.4,3
2720.5,3
2720.6,3
2720.7,2
2720.8,1
2720.9,1
2721,0
2721.1,0
2721.2,1
2721.3,1
2721.4,2
2721.5,2
2721.6,3
2721.7,4
2721.8,4
2721.9,4
2722,4
2722.1,3
2722.2,3
2722.3,2
2722.4,1
2722.5,1
2722.6,1
2722.7,0
2722.8,0
2722.9,1
2723,1
2723.1,2
2723.2,3
2723.3,3
2723.4,4
2723.5,4
2723.6,4
2723.7,3
2723.8,3
2723.9,2
2724,2
2724.1,2
2724.2,1
2724.3,1
2724.4,1
2724.5,1
2724.6,1
2724.7,1
2724.8,3
2724.9,4
2725,4
2725.1,4
2725.2,4
2725.3,3
2725.4,0