0,0
0.1,1
0.2,5
0.3,6
0.4,4
0.5,8
0.6,5
0.7,4
0.8,5
0.9,6
1,5
1.1,5
1.2,5
1.3,6
1.4,6
1.5,5
1.6,4
1.7,5
1.8,2
1.9,5
2,6
2.1,5
2.2,4
2.3,7
2.4,5
2.5,6
2.6,5
2.7,4
2.8,5
2.9,6
3,5
3.1,4
3.2,7
3.3,5
3.4,6
3.5,5
3.6,7
3.7,4
3.8,5
3.9,6
4,4
4.1,5
4.2,6
4.3,5
4.4,7
4.5,4
4.6,5
4.7,8
4.8,6
4.9,5
5,8
5.1,7
5.2,4
5.3,5
5.4,6
5.5,2
5.6,2
5.7,1
5.8,2
5.9,1
6,5
6.1,2
6.2,5
6.3,8
6.4,32
6.5,10
6.6,11
6.7,12
6.8,13
6.9,11
7,11
7.1,12
7.2,13
7.3,14
7.4,15
7.5,12
7.6,13
7.7,14
7.8,12
7.9,15
8,13
8.1,12
8.2,15
8.3,13
8.4,16
8.5,15
8.6,14
8.7,15
8.8,16
8.9,18
9,17
9.1,19
9.2,20
9.3,21
9.4,27
9.5,27
9.6,27
9.7,27
9.8,27
9.9,26
10,26
10.1,0
10.2,1
10.3,5
10.4,6
10.5,4
10.6,8
10.7,5
10.8,4
10.9,5
11,6
11.1,5
11.2,5
11.3,5
11.4,6
11.5,6
11.6,5
11.7,4
11.8,5
11.9,2
12,5
12.1,6
12.2,5
12.3,4
12.4,7
12.5,5
12.6,6
12.7,5
12.8,4
12.9,5
13,6
13.1,5
13.2,4
13.3,7
13.4,5
13.5,6
13.6,5
13.7,7
13.8,4
13.9,5
14,6
14.1,4
14.2,5
14.3,6
14.4,5
14.5,7
14.6,4
14.7,5
14.8,8
14.9,6
15,5
15.1,8
15.2,7
15.3,4
15.4,5
15.5,6
15.6,2
15.7,2
15.8,1
15.9,2
16,1
16.1,5
16.2,2
16.3,5
16.4,8
16.5,32
16.6,10
16.7,11
16.8,12
16.9,13
17,11
17.1,11
17.2,12
17.3,13
17.4,14
17.5,15
17.6,12
17.7,13
17.8,14
17.9,12
18,15
18.1,13
18.2,12
18.3,15
18.4,13
18.5,16
18.6,15
18.7,14
18.8,15
18.9,16
19,18
19.1,17
19.2,19
19.3,20
19.4,21
19.5,27
19.6,27
19.7,27
19.8,27
19.9,27
20,26
20.1,26
20.2,0
20.3,1
20.4,5
20.5,6
20.6,4
20.7,8
20.8,5
20.9,4
21,5
21.1,6
21.2,5
21.3,5
21.4,5
21.5,6
21.6,6
21.7,5
21.8,4
21.9,5
22,2
22.1,5
22.2,6
22.3,5
22.4,4
22.5,7
22.6,5
22.7,6
22.8,5
22.9,4
23,5
23.1,6
23.2,5
23.3,4
23.4,7
23.5,5
23.6,6
23.7,5
23.8,7
23.9,4
24,5
24.1,6
24.2,4
24.3,5
24.4,6
24.5,5
24.6,7
24.7,4
24.8,5
24.9,8
25,6
25.1,5
25.2,8
25.3,7
25.4,4
25.5,5
25.6,6
25.7,2
25.8,2
25.9,1
26,2
26.1,1
26.2,5
26.3,2
26.4,5
26.5,8
26.6,32
26.7,10
26.8,11
26.9,12
27,13
27.1,11
27.2,11
27.3,12
27.4,13
27.5,14
27.6,15
27.7,12
27.8,13
27.9,14
28,12
28.1,15
28.2,13
28.3,12
28.4,15
28.5,13
28.6,16
28.7,15
28.8,14
28.9,15
29,16
29.1,18
29.2,17
29.3,19
29.4,20
29.5,21
29.6,27
29.7,27
29.8,27
29.9,27
30,27
30.1,26
30.2,26
30.3,0
30.4,1
30.5,5
30.6,6
30.7,4
30.8,8
30.9,5
31,4
31.1,5
31.2,6
31.3,5
31.4,5
31.5,5
31.6,6
31.7,6
31.8,5
31.9,4
32,5
32.1,2
32.2,5
32.3,6
32.4,5
32.5,4
32.6,7
32.7,5
32.8,6
32.9,5
33,4
33.1,5
33.2,6
33.3,5
33.4,4
33.5,7
33.6,5
33.7,6
33.8,5
33.9,7
34,4
34.1,5
34.2,6
34.3,4
34.4,5
34.5,6
34.6,5
34.7,7
34.8,4
34.9,5
35,8
35.1,6
35.2,5
35.3,8
35.4,7
35.5,4
35.6,5
35.7,6
35.8,2
35.9,2
36,1
36.1,2
36.2,1
36.3,5
36.4,2
36.5,5
36.6,8
36.7,32
36.8,10
36.9,11
37,12
37.1,13
37.2,11
37.3,11
37.4,12
37.5,13
37.6,14
37.7,15
37.8,12
37.9,13
38,14
38.1,12
38.2,15
38.3,13
38.4,12
38.5,15
38.6,13
38.7,16
38.8,15
38.9,14
39,15
39.1,16
39.2,18
39.3,17
39.4,19
39.5,20
39.6,21
39.7,27
39.8,27
39.9,27
40,27
40.1,27
40.2,26
40.3,26
40.4,0
40.5,1
40.6,5
40.7,6
40.8,4
40.9,8
41,5
41.1,4
41.2,5
41.3,6
41.4,5
41.5,5
41.6,5
41.7,6
41.8,6
41.9,5
42,4
42.1,5
42.2,2
42.3,5
42.4,6
42.5,5
42.6,4
42.7,7
42.8,5
42.9,6
43,5
43.1,4
43.2,5
43.3,6
43.4,5
43.5,4
43.6,7
43.7,5
43.8,6
43.9,5
44,7
44.1,4
44.2,5
44.3,6
44.4,4
44.5,5
44.6,6
44.7,5
44.8,7
44.9,4
45,5
45.1,8
45.2,6
45.3,5
45.4,8
45.5,7
45.6,4
45.7,5
45.8,6
45.9,2
46,2
46.1,1
46.2,2
46.3,1
46.4,5
46.5,2
46.6,5
46.7,8
46.8,32
46.9,10
47,11
47.1,12
47.2,13
47.3,11
47.4,11
47.5,12
47.6,13
47.7,14
47.8,15
47.9,12
48,13
48.1,14
48.2,12
48.3,15
48.4,13
48.5,12
48.6,15
48.7,13
48.8,16
48.9,15
49,14
49.1,15
49.2,16
49.3,18
49.4,17
49.5,19
49.6,20
49.7,21
49.8,27
49.9,27
50,27
50.1,27
50.2,27
50.3,26
50.4,26
50.5,37
50.6,36
50.7,36
50.8,36
50.9,35
51,36
51.1,36
51.2,36
51.3,35
51.4,34
51.5,35
51.6,34
51.7,34
51.8,34
51.9,34
52,34
52.1,33
52.2,33
52.3,33
52.4,32
52.5,32
52.6,32
52.7,32
52.8,32
52.9,32
53,32
53.1,31
53.2,30
53.3,30
53.4,30
53.5,30
53.6,30
53.7,30
53.8,30
53.9,30
54,29
54.1,29
54.2,29
54.3,29
54.4,29
54.5,29
54.6,28
54.7,28
54.8,28
54.9,28
55,27
55.1,27
55.2,27
55.3,27
55.4,27
55.5,27
55.6,26
55.7,27
55.8,27
55.9,26
56,26
56.1,26
56.2,26
56.3,26
56.4,25
56.5,25
56.6,25
56.7,25
56.8,25
56.9,24
57,25
57.1,25
57.2,25
57.3,25
57.4,24
57.5,24
57.6,24
57.7,24
57.8,24
57.9,25
58,24
58.1,24
58.2,24
58.3,24
58.4,23
58.5,23
58.6,23
58.7,24
58.8,24
58.9,24
59,24
59.1,24
59.2,24
59.3,24
59.4,24
59.5,23
59.6,23
59.7,23
59.8,23
59.9,23
60,23
60.1,23
60.2,22
60.3,22
60.4,22
60.5,23
60.6,23
60.7,23
60.8,22
60.9,22
61,22
61.1,22
61.2,22
61.3,22
61.4,22
61.5,22
61.6,22
61.7,21
61.8,21
61.9,21
62,22
62.1,22
62.2,22
62.3,22
62.4,22
62.5,21
62.6,21
62.7,22
62.8,21
62.9,21
63,21
63.1,21
63.2,21
63.3,20
63.4,20
63.5,20
63.6,20
63.7,21
63.8,21
63.9,21
64,21
64.1,21
64.2,20
64.3,21
64.4,21
64.5,21
64.6,21
64.7,21
64.8,21
64.9,20
65,21
65.1,20
65.2,20
65.3,20
65.4,21
65.5,21
65.6,22
65.7,22
65.8,21
65.9,21
66,21
66.1,21
66.2,21
66.3,22
66.4,22
66.5,22
66.6,22
66.7,22
66.8,21
66.9,21
67,22
67.1,23
67.2,23
67.3,24
67.4,24
67.5,24
67.6,24
67.7,23
67.8,23
67.9,23
68,24
68.1,23
68.2,23
68.3,23
68.4,23
68.5,23
68.6,23
68.7,23
68.8,24
68.9,24
69,24
69.1,24
69.2,24
69.3,24
69.4,24
69.5,24
69.6,23
69.7,23
69.8,23
69.9,23
70,23
70.1,22
70.2,22
70.3,22
70.4,22
70.5,23
70.6,22
70.7,22
70.8,22
70.9,22
71,23
71.1,22
71.2,22
71.3,22
71.4,22
71.5,22
71.6,21
71.7,21
71.8,21
71.9,21
72,21
72.1,21
72.2,22
72.3,21
72.4,21
72.5,21
72.6,21
72.7,21
72.8,21
72.9,21
73,21
73.1,21
73.2,21
73.3,21
73.4,21
73.5,20
73.6,21
73.7,21
73.8,22
73.9,23
74,22
74.1,22
74.2,22
74.3,22
74.4,22
74.5,22
74.6,22
74.7,22
74.8,22
74.9,22
75,22
75.1,21
75.2,21
75.3,21
75.4,22
75.5,22
75.6,22
75.7,22
75.8,22
75.9,22
76,21
76.1,21
76.2,22
76.3,22
76.4,22
76.5,23
76.6,22
76.7,22
76.8,22
76.9,23
77,22
77.1,24
77.2,24
77.3,23
77.4,23
77.5,23
77.6,23
77.7,23
77.8,23
77.9,23
78,23
78.1,22
78.2,23
78.3,23
78.4,22
78.5,22
78.6,23
78.7,23
78.8,24
78.9,24
79,24
79.1,24
79.2,24
79.3,24
79.4,23
79.5,23
79.6,23
79.7,23
79.8,23
79.9,23
80,22
80.1,22
80.2,22
80.3,22
80.4,23
80.5,23
80.6,23
80.7,22
80.8,22
80.9,22
81,22
81.1,22
81.2,22
81.3,22
81.4,22
81.5,22
81.6,21
81.7,21
81.8,21
81.9,21
82,21
82.1,21
82.2,21
82.3,21
82.4,20
82.5,21
82.6,21
82.7,21
82.8,21
82.9,21
83,20
83.1,20
83.2,21
83.3,21
83.4,21
83.5,22
83.6,22
83.7,21
83.8,21
83.9,21
84,21
84.1,21
84.2,22
84.3,23
84.4,23
84.5,23
84.6,23
84.7,23
84.8,24
84.9,24
85,24
85.1,24
85.2,24
85.3,24
85.4,24
85.5,24
85.6,24
85.7,24
85.8,23
85.9,24
86,25
86.1,25
86.2,24
86.3,24
86.4,24
86.5,24
86.6,24
86.7,24
86.8,25
86.9,25
87,24
87.1,24
87.2,24
87.3,24
87.4,24
87.5,24
87.6,24
87.7,25
87.8,25
87.9,25
88,24
88.1,24
88.2,24
88.3,24
88.4,24
88.5,24
88.6,24
88.7,24
88.8,24
88.9,23
89,24
89.1,23
89.2,23
89.3,24
89.4,24
89.5,24
89.6,24
89.7,23
89.8,24
89.9,24
90,25
90.1,25
90.2,26
90.3,25
90.4,25
90.5,25
90.6,25
90.7,25
90.8,25
90.9,26
91,27
91.1,27
91.2,27
91.3,27
91.4,27
91.5,27
91.6,28
91.7,28
91.8,28
91.9,29
92,29
92.1,29
92.2,28
92.3,28
92.4,28
92.5,29
92.6,30
92.7,30
92.8,30
92.9,30
93,29
93.1,29
93.2,29
93.3,30
93.4,29
93.5,30
93.6,30
93.7,29
93.8,29
93.9,29
94,29
94.1,29
94.2,30
94.3,30
94.4,30
94.5,30
94.6,30
94.7,29
94.8,29
94.9,29
95,29
95.1,30
95.2,30
95.3,29
95.4,29
95.5,29
95.6,28
95.7,28
95.8,28
95.9,28
96,29
96.1,29
96.2,28
96.3,29
96.4,28
96.5,28
96.6,27
96.7,28
96.8,28
96.9,28
97,28
97.1,27
97.2,27
97.3,26
97.4,26
97.5,26
97.6,27
97.7,28
97.8,28
97.9,27
98,27
98.1,27
98.2,26
98.3,26
98.4,27
98.5,27
98.6,26
98.7,26
98.8,26
98.9,26
99,26
99.1,26
99.2,27
99.3,27
99.4,28
99.5,28
99.6,28
99.7,28
99.8,28
99.9,29
100,29
100.1,30
100.2,30
100.3,30
100.4,30
100.5,30
100.6,31
100.7,31
100.8,32
100.9,33
101,34
101.1,35
101.2,35
101.3,35
101.4,35
101.5,36
101.6,36
101.7,37
101.8,38
101.9,38
102,38
102.1,38
102.2,38
102.3,39
102.4,40
102.5,40
102.6,42
102.7,43
102.8,43
102.9,43
103,43
103.1,44
103.2,45
103.3,45
103.4,46
103.5,47
103.6,47
103.7,47
103.8,47
103.9,47
104,48
104.1,49
104.2,50
104.3,52
104.4,52
104.5,53
104.6,53
104.7,53
104.8,54
104.9,54
105,55
105.1,56
105.2,58
105.3,58
105.4,58
105.5,58
105.6,58
105.7,58
105.8,59
105.9,60
106,62
106.1,62
106.2,63
106.3,63
106.4,64
106.5,64
106.6,65
106.7,66
106.8,67
106.9,68
107,68
107.1,67
107.2,68
107.3,68
107.4,69
107.5,70
107.6,72
107.7,73
107.8,73
107.9,73
108,74
108.1,75
108.2,75
108.3,76
108.4,76
108.5,78
108.6,78
108.7,78
108.8,77
108.9,78
109,79
109.1,80
109.2,80
109.3,82
109.4,83
109.5,84
109.6,84
109.7,85
109.8,85
109.9,86
110,86
110.1,88
110.2,88
110.3,88
110.4,88
110.5,88
110.6,88
110.7,89
110.8,90
110.9,91
111,93
111.1,93
111.2,93
111.3,93
111.4,94
111.5,94
111.6,94
111.7,96
111.8,96
111.9,97
112,96
112.1,96
112.2,96
112.3,96
112.4,97
112.5,98
112.6,99
112.7,99
112.8,98
112.9,97
113,97
113.1,97
113.2,97
113.3,97
113.4,98
113.5,97
113.6,96
113.7,96
113.8,96
113.9,95
114,95
114.1,94
114.2,95
114.3,94
114.4,93
114.5,92
114.6,92
114.7,91
114.8,90
114.9,90
115,91
115.1,91
115.2,91
115.3,90
115.4,89
115.5,89
115.6,88
115.7,88
115.8,88
115.9,88
116,87
116.1,86
116.2,84
116.3,84
116.4,84
116.5,83
116.6,84
116.7,84
116.8,84
116.9,83
117,82
117.1,82
117.2,81
117.3,81
117.4,81
117.5,81
117.6,81
117.7,80
117.8,79
117.9,79
118,86
118.1,86
118.2,88
118.3,88
118.4,88
118.5,88
118.6,88
118.7,88
118.8,89
118.9,90
119,91
119.1,93
119.2,93
119.3,93
119.4,93
119.5,94
119.6,94
119.7,94
119.8,96
119.9,96
120,97
120.1,96
120.2,96
120.3,96
120.4,96
120.5,97
120.6,98
120.7,99
120.8,99
120.9,98
121,97
121.1,97
121.2,97
121.3,97
121.4,97
121.5,98
121.6,97
121.7,96
121.8,96
121.9,96
122,95
122.1,95
122.2,94
122.3,95
122.4,94
122.5,93
122.6,92
122.7,92
122.8,91
122.9,90
123,90
123.1,91
123.2,91
123.3,91
123.4,90
123.5,89
123.6,89
123.7,88
123.8,88
123.9,88
124,88
124.1,87
124.2,86
124.3,84
124.4,84
124.5,84
124.6,83
124.7,84
124.8,84
124.9,84
125,83
125.1,82
125.2,82
125.3,81
125.4,81
125.5,81
125.6,81
125.7,81
125.8,80
125.9,79
126,79
126.1,82
126.2,82
126.3,81
126.4,81
126.5,81
126.6,81
126.7,81
126.8,80
126.9,79
127,79
127.1,82
127.2,82
127.3,81
127.4,81
127.5,81
127.6,81
127.7,81
127.8,80
127.9,79
128,79
128.1,82
128.2,82
128.3,81
128.4,81
128.5,81
128.6,81
128.7,81
128.8,80
128.9,79
129,79
129.1,97
129.2,97
129.3,98
129.4,97
129.5,96
129.6,96
129.7,96
129.8,95
129.9,95
130,94
130.1,95
130.2,94
130.3,93
130.4,92
130.5,92
130.6,91
130.7,90
130.8,90
130.9,91
131,91
131.1,91
131.2,90
131.3,89
131.4,89
131.5,88
131.6,88
131.7,88
131.8,88
131.9,87
132,86
132.1,84
132.2,84
132.3,84
132.4,83
132.5,84
132.6,84
132.7,84
132.8,83
132.9,82
133,82
133.1,81
133.2,81
133.3,81
133.4,81
133.5,81
133.6,80
133.7,79
133.8,79
133.9,78
134,78
134.1,78
134.2,79
134.3,80
134.4,80
134.5,80
134.6,80
134.7,80
134.8,80
134.9,80
135,80
135.1,80
135.2,81
135.3,80
135.4,79
135.5,79
135.6,80
135.7,80
135.8,80
135.9,82
136,82
136.1,82
136.2,82
136.3,82
136.4,83
136.5,83
136.6,83
136.7,84
136.8,85
136.9,85
137,84
137.1,84
137.2,84
137.3,84
137.4,85
137.5,86
137.6,87
137.7,88
137.8,87
137.9,87
138,87
138.1,88
138.2,88
138.3,88
138.4,88
138.5,88
138.6,88
138.7,87
138.8,87
138.9,87
139,87
139.1,87
139.2,88
139.3,89
139.4,89
139.5,89
139.6,88
139.7,89
139.8,89
139.9,89
140,89
140.1,89
140.2,89
140.3,88
140.4,87
140.5,87
140.6,86
140.7,86
140.8,86
140.9,87
141,88
141.1,88
141.2,87
141.3,87
141.4,87
141.5,86
141.6,86
141.7,86
141.8,86
141.9,86
142,85
142.1,85
142.2,84
142.3,84
142.4,85
142.5,84
142.6,86
142.7,86
142.8,85
142.9,85
143,85
143.1,85
143.2,85
143.3,85
143.4,85
143.5,85
143.6,84
143.7,83
143.8,83
143.9,83
144,83
144.1,83
144.2,84
144.3,85
144.4,85
144.5,84
144.6,84
144.7,84
144.8,84
144.9,85
145,85
145.1,85
145.2,85
145.3,85
145.4,84
145.5,84
145.6,85
145.7,85
145.8,86
145.9,87
146,87
146.1,87
146.2,87
146.3,87
146.4,87
146.5,87
146.6,88
146.7,88
146.8,89
146.9,88
147,87
147.1,87
147.2,87
147.3,87
147.4,86
147.5,87
147.6,88
147.7,88
147.8,88
147.9,88
148,88
148.1,88
148.2,88
148.3,87
148.4,88
148.5,88
148.6,87
148.7,86
148.8,86
148.9,86
149,86
149.1,87
149.2,88
149.3,88
149.4,88
149.5,88
149.6,88
149.7,87
149.8,87
149.9,87
150,87
150.1,87
150.2,87
150.3,86
150.4,85
150.5,85
150.6,85
150.7,85
150.8,85
150.9,86
151,86
151.1,86
151.2,85
151.3,85
151.4,85
151.5,85
151.6,85
151.7,86
151.8,86
151.9,85
152,84
152.1,83
152.2,83
152.3,83
152.4,83
152.5,84
152.6,85
152.7,85
152.8,85
152.9,84
153,84
153.1,84
153.2,83
153.3,84
153.4,84
153.5,84
153.6,83
153.7,83
153.8,82
153.9,83
154,82
154.1,83
154.2,83
154.3,83
154.4,83
154.5,82
154.6,81
154.7,81
154.8,80
154.9,80
155,80
155.1,80
155.2,80
155.3,78
155.4,77
155.5,77
155.6,76
155.7,76
155.8,77
155.9,77
156,77
156.1,77
156.2,76
156.3,76
156.4,76
156.5,75
156.6,75
156.7,74
156.8,74
156.9,73
157,72
157.1,71
157.2,71
157.3,71
157.4,71
157.5,71
157.6,71
157.7,70
157.8,70
157.9,69
158,69
158.1,68
158.2,68
158.3,68
158.4,68
158.5,67
158.6,66
158.7,65
158.8,64
158.9,64
159,64
159.1,63
159.2,64
159.3,64
159.4,63
159.5,62
159.6,61
159.7,61
159.8,61
159.9,60
160,60
160.1,59
160.2,59
160.3,58
160.4,58
160.5,57
160.6,57
160.7,56
160.8,56
160.9,57
161,56
161.1,56
161.2,55
161.3,54
161.4,53
161.5,53
161.6,53
161.7,52
161.8,52
161.9,52
162,51
162.1,51
162.2,50
162.3,50
162.4,50
162.5,50
162.6,49
162.7,49
162.8,49
162.9,48
163,48
163.1,47
163.2,47
163.3,47
163.4,47
163.5,46
163.6,46
163.7,45
163.8,45
163.9,44
164,44
164.1,44
164.2,45
164.3,45
164.4,45
164.5,45
164.6,44
164.7,43
164.8,43
164.9,43
165,42
165.1,43
165.2,42
165.3,42
165.4,41
165.5,41
165.6,40
165.7,40
165.8,40
165.9,40
166,40
166.1,39
166.2,39
166.3,38
166.4,38
166.5,38
166.6,38
166.7,38
166.8,38
166.9,37
167,37
167.1,37
167.2,36
167.3,36
167.4,36
167.5,36
167.6,37
167.7,36
167.8,36
167.9,36
168,35
168.1,36
168.2,35
168.3,35
168.4,36
168.5,35
168.6,35
168.7,35
168.8,34
168.9,34
169,33
169.1,34
169.2,34
169.3,35
169.4,35
169.5,34
169.6,34
169.7,34
169.8,33
169.9,33
170,34
170.1,34
170.2,33
170.3,33
170.4,32
170.5,32
170.6,32
170.7,32
170.8,32
170.9,33
171,33
171.1,32
171.2,32
171.3,32
171.4,32
171.5,32
171.6,31
171.7,31
171.8,31
171.9,31
172,30
172.1,30
172.2,30
172.3,30
172.4,30
172.5,30
172.6,31
172.7,30
172.8,30
172.9,30
173,30
173.1,29
173.2,29
173.3,29
173.4,29
173.5,29
173.6,29
173.7,29
173.8,28
173.9,28
174,28
174.1,28
174.2,29
174.3,29
174.4,28
174.5,28
174.6,28
174.7,28
174.8,28
174.9,28
175,29
175.1,29
175.2,29
175.3,28
175.4,28
175.5,28
175.6,28
175.7,28
175.8,28
175.9,29
176,29
176.1,29
176.2,28
176.3,28
176.4,28
176.5,28
176.6,28
176.7,28
176.8,28
176.9,28
177,27
177.1,27
177.2,27
177.3,27
177.4,27
177.5,27
177.6,28
177.7,28
177.8,27
177.9,27
178,27
178.1,27
178.2,27
178.3,27
178.4,28
178.5,28
178.6,27
178.7,27
178.8,27
178.9,27
179,27
179.1,26
179.2,28
179.3,28
179.4,28
179.5,28
179.6,28
179.7,28
179.8,27
179.9,27
180,28
180.1,28
180.2,27
180.3,27
180.4,27
180.5,26
180.6,26
180.7,26
180.8,27
180.9,27
181,27
181.1,27
181.2,27
181.3,26
181.4,26
181.5,26
181.6,26
181.7,26
181.8,25
181.9,25
182,25
182.1,25
182.2,25
182.3,25
182.4,24
182.5,25
182.6,25
182.7,24
182.8,24
182.9,24
183,24
183.1,23
183.2,23
183.3,23
183.4,23
183.5,23
183.6,24
183.7,24
183.8,24
183.9,24
184,24
184.1,23
184.2,23
184.3,23
184.4,23
184.5,23
184.6,23
184.7,23
184.8,23
184.9,22
185,22
185.1,23
185.2,23
185.3,23
185.4,24
185.5,24
185.6,24
185.7,24
185.8,24
185.9,24
186,24
186.1,24
186.2,24
186.3,24
186.4,25
186.5,25
186.6,24
186.7,24
186.8,25
186.9,25
187,27
187.1,27
187.2,27
187.3,26
187.4,26
187.5,26
187.6,26
187.7,26
187.8,27
187.9,27
188,27
188.1,27
188.2,27
188.3,27
188.4,27
188.5,28
188.6,29
188.7,30
188.8,30
188.9,30
189,30
189.1,30
189.2,29
189.3,30
189.4,30
189.5,30
189.6,30
189.7,31
189.8,32
189.9,32
190,32
190.1,32
190.2,33
190.3,33
190.4,34
190.5,34
190.6,34
190.7,34
190.8,34
190.9,33
191,34
191.1,34
191.2,34
191.3,34
191.4,34
191.5,34
191.6,34
191.7,34
191.8,34
191.9,35
192,36
192.1,36
192.2,37
192.3,37
192.4,36
192.5,36
192.6,36
192.7,36
192.8,37
192.9,37
193,37
193.1,37
193.2,37
193.3,37
193.4,37
193.5,38
193.6,39
193.7,39
193.8,40
193.9,40
194,40
194.1,40
194.2,40
194.3,40
194.4,40
194.5,40
194.6,40
194.7,41
194.8,41
194.9,41
195,41
195.1,41
195.2,42
195.3,43
195.4,43
195.5,44
195.6,44
195.7,44
195.8,44
195.9,44
196,44
196.1,44
196.2,45
196.3,46
196.4,46
196.5,47
196.6,47
196.7,46
196.8,47
196.9,48
197,50
197.1,50
197.2,50
197.3,51
197.4,50
197.5,50
197.6,50
197.7,51
197.8,51
197.9,52
198,52
198.1,52
198.2,52
198.3,52
198.4,53
198.5,53
198.6,54
198.7,55
198.8,55
198.9,55
199,55
199.1,54
199.2,54
199.3,54
199.4,55
199.5,55
199.6,55
199.7,55
199.8,55
199.9,55
200,55
200.1,55
200.2,55
200.3,56
200.4,57
200.5,57
200.6,57
200.7,56
200.8,56
200.9,55
201,55
201.1,56
201.2,56
201.3,56
201.4,56
201.5,56
201.6,55
201.7,55
201.8,55
201.9,56
202,56
202.1,56
202.2,56
202.3,55
202.4,54
202.5,54
202.6,53
202.7,53
202.8,53
202.9,53
203,52
203.1,52
203.2,51
203.3,50
203.4,50
203.5,50
203.6,50
203.7,50
203.8,50
203.9,49
204,49
204.1,48
204.2,48
204.3,47
204.4,47
204.5,46
204.6,46
204.7,45
204.8,45
204.9,44
205,44
205.1,44
205.2,43
205.3,43
205.4,43
205.5,42
205.6,42
205.7,41
205.8,42
205.9,41
206,41
206.1,40
206.2,40
206.3,39
206.4,39
206.5,39
206.6,39
206.7,38
206.8,38
206.9,38
207,37
207.1,37
207.2,37
207.3,37
207.4,36
207.5,37
207.6,37
207.7,37
207.8,37
207.9,36
208,36
208.1,35
208.2,35
208.3,35
208.4,35
208.5,35
208.6,34
208.7,34
208.8,34
208.9,33
209,33
209.1,34
209.2,34
209.3,34
209.4,33
209.5,33
209.6,33
209.7,32
209.8,32
209.9,32
210,32
210.1,32
210.2,32
210.3,31
210.4,31
210.5,30
210.6,30
210.7,30
210.8,30
210.9,30
211,30
211.1,30
211.2,30
211.3,29
211.4,29
211.5,29
211.6,29
211.7,28
211.8,28
211.9,28
212,28
212.1,28
212.2,27
212.3,27
212.4,27
212.5,28
212.6,27
212.7,27
212.8,27
212.9,27
213,26
213.1,26
213.2,26
213.3,26
213.4,26
213.5,26
213.6,26
213.7,25
213.8,25
213.9,25
214,25
214.1,25
214.2,25
214.3,25
214.4,24
214.5,24
214.6,24
214.7,24
214.8,23
214.9,23
215,23
215.1,23
215.2,23
215.3,23
215.4,23
215.5,23
215.6,23
215.7,22
215.8,23
215.9,23
216,22
216.1,22
216.2,22
216.3,22
216.4,22
216.5,21
216.6,21
216.7,21
216.8,21
216.9,22
217,22
217.1,22
217.2,21
217.3,21
217.4,21
217.5,22
217.6,21
217.7,22
217.8,22
217.9,21
218,21
218.1,21
218.2,21
218.3,20
218.4,20
218.5,20
218.6,21
218.7,21
218.8,20
218.9,20
219,20
219.1,20
219.2,20
219.3,20
219.4,20
219.5,20
219.6,20
219.7,20
219.8,19
219.9,20
220,19
220.1,20
220.2,20
220.3,21
220.4,21
220.5,20
220.6,20
220.7,20
220.8,20
220.9,20
221,21
221.1,21
221.2,21
221.3,21
221.4,21
221.5,21
221.6,20
221.7,20
221.8,21
221.9,22
222,22
222.1,22
222.2,22
222.3,21
222.4,21
222.5,21
222.6,22
222.7,22
222.8,22
222.9,22
223,22
223.1,23
223.2,23
223.3,23
223.4,23
223.5,24
223.6,25
223.7,26
223.8,26
223.9,26
224,26
224.1,26
224.2,26
224.3,26
224.4,27
224.5,27
224.6,27
224.7,28
224.8,28
224.9,28
225,28
225.1,29
225.2,30
225.3,31
225.4,32
225.5,32
225.6,32
225.7,32
225.8,32
225.9,32
226,33
226.1,34
226.2,35
226.3,36
226.4,36
226.5,36
226.6,36
226.7,37
226.8,38
226.9,39
227,40
227.1,41
227.2,41
227.3,42
227.4,41
227.5,41
227.6,42
227.7,42
227.8,43
227.9,43
228,43
228.1,43
228.2,43
228.3,43
228.4,44
228.5,44
228.6,45
228.7,45
228.8,45
228.9,45
229,45
229.1,44
229.2,44
229.3,44
229.4,45
229.5,45
229.6,45
229.7,44
229.8,44
229.9,44
230,44
230.1,44
230.2,44
230.3,45
230.4,45
230.5,45
230.6,45
230.7,44
230.8,43
230.9,43
231,43
231.1,43
231.2,43
231.3,43
231.4,43
231.5,42
231.6,42
231.7,42
231.8,43
231.9,43
232,44
232.1,44
232.2,44
232.3,44
232.4,43
232.5,42
232.6,43
232.7,43
232.8,43
232.9,43
233,43
233.1,43
233.2,42
233.3,42
233.4,42
233.5,43
233.6,43
233.7,43
233.8,44
233.9,43
234,43
234.1,43
234.2,43
234.3,42
234.4,43
234.5,43
234.6,43
234.7,43
234.8,43
234.9,43
235,42
235.1,43
235.2,44
235.3,44
235.4,44
235.5,44
235.6,44
235.7,43
235.8,43
235.9,43
236,43
236.1,44
236.2,44
236.3,44
236.4,45
236.5,44
236.6,44
236.7,44
236.8,45
236.9,46
237,46
237.1,46
237.2,47
237.3,47
237.4,46
237.5,46
237.6,47
237.7,48
237.8,48
237.9,49
238,49
238.1,49
238.2,50
238.3,49
238.4,50
238.5,51
238.6,52
238.7,53
238.8,53
238.9,53
239,53
239.1,53
239.2,53
239.3,53
239.4,54
239.5,54
239.6,54
239.7,54
239.8,54
239.9,54
240,54
240.1,55
240.2,56
240.3,57
240.4,57
240.5,57
240.6,57
240.7,57
240.8,56
240.9,56
241,57
241.1,57
241.2,57
241.3,57
241.4,57
241.5,57
241.6,56
241.7,56
241.8,57
241.9,57
242,58
242.1,58
242.2,58
242.3,57
242.4,57
242.5,56
242.6,57
242.7,56
242.8,56
242.9,56
243,56
243.1,56
243.2,56
243.3,55
243.4,56
243.5,57
243.6,57
243.7,58
243.8,58
243.9,58
244,57
244.1,56
244.2,56
244.3,56
244.4,57
244.5,57
244.6,56
244.7,57
244.8,57
244.9,56
245,56
245.1,57
245.2,58
245.3,59
245.4,60
245.5,59
245.6,60
245.7,59
245.8,58
245.9,59
246,59
246.1,59
246.2,59
246.3,59
246.4,59
246.5,59
246.6,58
246.7,58
246.8,59
246.9,59
247,59
247.1,59
247.2,58
247.3,58
247.4,57
247.5,57
247.6,57
247.7,57
247.8,57
247.9,57
248,57
248.1,56
248.2,56
248.3,56
248.4,55
248.5,56
248.6,56
248.7,56
248.8,56
248.9,56
249,55
249.1,55
249.2,54
249.3,54
249.4,54
249.5,54
249.6,54
249.7,54
249.8,54
249.9,53
250,52
250.1,52
250.2,53
250.3,53
250.4,54
250.5,54
250.6,53
250.7,53
250.8,52
250.9,52
251,53
251.1,53
251.2,53
251.3,53
251.4,52
251.5,52
251.6,51
251.7,52
251.8,52
251.9,53
252,53
252.1,53
252.2,53
252.3,52
252.4,52
252.5,51
252.6,51
252.7,51
252.8,51
252.9,51
253,51
253.1,51
253.2,51
253.3,50
253.4,51
253.5,52
253.6,52
253.7,52
253.8,52
253.9,52
254,52
254.1,51
254.2,51
254.3,51
254.4,52
254.5,52
254.6,52
254.7,52
254.8,52
254.9,51
255,51
255.1,52
255.2,53
255.3,54
255.4,54
255.5,54
255.6,54
255.7,53
255.8,53
255.9,53
256,54
256.1,55
256.2,54
256.3,55
256.4,54
256.5,54
256.6,54
256.7,54
256.8,55
256.9,56
257,56
257.1,57
257.2,57
257.3,56
257.4,55
257.5,55
257.6,55
257.7,56
257.8,56
257.9,55
258,55
258.1,56
258.2,56
258.3,55
258.4,56
258.5,57
258.6,57
258.7,58
258.8,58
258.9,58
259,57
259.1,57
259.2,57
259.3,57
259.4,58
259.5,58
259.6,58
259.7,58
259.8,58
259.9,58
260,58
260.1,59
260.2,60
260.3,60
260.4,61
260.5,60
260.6,60
260.7,59
260.8,59
260.9,59
261,59
261.1,59
261.2,59
261.3,59
261.4,59
261.5,59
261.6,58
261.7,59
261.8,59
261.9,60
262,60
262.1,60
262.2,59
262.3,58
262.4,58
262.5,58
262.6,57
262.7,57
262.8,57
262.9,57
263,56
263.1,56
263.2,55
263.3,55
263.4,55
263.5,55
263.6,55
263.7,55
263.8,54
263.9,54
264,53
264.1,53
264.2,52
264.3,52
264.4,51
264.5,51
264.6,50
264.7,49
264.8,49
264.9,48
265,48
265.1,48
265.2,48
265.3,47
265.4,46
265.5,46
265.6,45
265.7,45
265.8,45
265.9,45
266,44
266.1,44
266.2,43
266.3,42
266.4,42
266.5,42
266.6,42
266.7,41
266.8,42
266.9,42
267,41
267.1,40
267.2,40
267.3,40
267.4,39
267.5,39
267.6,39
267.7,38
267.8,38
267.9,37
268,37
268.1,37
268.2,36
268.3,36
268.4,36
268.5,36
268.6,36
268.7,36
268.8,35
268.9,35
269,35
269.1,35
269.2,34
269.3,34
269.4,34
269.5,34
269.6,33
269.7,33
269.8,33
269.9,33
270,32
270.1,32
270.2,32
270.3,32
270.4,32
270.5,32
270.6,32
270.7,32
270.8,32
270.9,31
271,31
271.1,31
271.2,30
271.3,30
271.4,29
271.5,29
271.6,29
271.7,29
271.8,29
271.9,29
272,29
272.1,28
272.2,28
272.3,28
272.4,28
272.5,28
272.6,28
272.7,28
272.8,27
272.9,27
273,27
273.1,27
273.2,27
273.3,26
273.4,26
273.5,27
273.6,27
273.7,26
273.8,26
273.9,26
274,26
274.1,26
274.2,26
274.3,26
274.4,25
274.5,25
274.6,25
274.7,25
274.8,24
274.9,24
275,24
275.1,24
275.2,24
275.3,24
275.4,24
275.5,23
275.6,23
275.7,24
275.8,24
275.9,24
276,24
276.1,23
276.2,23
276.3,22
276.4,23
276.5,23
276.6,23
276.7,22
276.8,22
276.9,22
277,22
277.1,22
277.2,22
277.3,22
277.4,23
277.5,23
277.6,22
277.7,22
277.8,22
277.9,22
278,22
278.1,22
278.2,22
278.3,22
278.4,22
278.5,22
278.6,21
278.7,21
278.8,21
278.9,21
279,22
279.1,22
279.2,22
279.3,22
279.4,21
279.5,21
279.6,21
279.7,21
279.8,21
279.9,21
280,21
280.1,21
280.2,21
280.3,21
280.4,21
280.5,21
280.6,21
280.7,22
280.8,23
280.9,23
281,23
281.1,23
281.2,23
281.3,23
281.4,23
281.5,24
281.6,24
281.7,24
281.8,24
281.9,24
282,23
282.1,23
282.2,24
282.3,24
282.4,25
282.5,25
282.6,24
282.7,24
282.8,25
282.9,25
283,25
283.1,25
283.2,25
283.3,25
283.4,25
283.5,25
283.6,25
283.7,25
283.8,26
283.9,26
284,26
284.1,27
284.2,27
284.3,27
284.4,27
284.5,27
284.6,27
284.7,28
284.8,28
284.9,29
285,29
285.1,28
285.2,28
285.3,28
285.4,28
285.5,28
285.6,29
285.7,30
285.8,30
285.9,30
286,30
286.1,30
286.2,29
286.3,30
286.4,29
286.5,30
286.6,31
286.7,30
286.8,30
286.9,30
287,29
287.1,29
287.2,30
287.3,30
287.4,31
287.5,31
287.6,31
287.7,31
287.8,31
287.9,31
288,31
288.1,31
288.2,32
288.3,32
288.4,32
288.5,31
288.6,30
288.7,30
288.8,31
288.9,31
289,32
289.1,32
289.2,32
289.3,32
289.4,32
289.5,32
289.6,32
289.7,32
289.8,32
289.9,33
290,33
290.1,33
290.2,33
290.3,32
290.4,32
290.5,33
290.6,33
290.7,34
290.8,34
290.9,33
291,33
291.1,33
291.2,33
291.3,33
291.4,33
291.5,33
291.6,33
291.7,33
291.8,32
291.9,32
292,32
292.1,32
292.2,32
292.3,33
292.4,34
292.5,34
292.6,33
292.7,33
292.8,33
292.9,33
293,33
293.1,33
293.2,34
293.3,34
293.4,33
293.5,33
293.6,33
293.7,32
293.8,33
293.9,33
294,34
294.1,34
294.2,34
294.3,34
294.4,33
294.5,34
294.6,34
294.7,33
294.8,33
294.9,34
295,34
295.1,33
295.2,33
295.3,33
295.4,32
295.5,33
295.6,33
295.7,34
295.8,34
295.9,33
296,33
296.1,32
296.2,32
296.3,32
296.4,32
296.5,32
296.6,33
296.7,32
296.8,32
296.9,32
297,31
297.1,31
297.2,31
297.3,32
297.4,32
297.5,32
297.6,32
297.7,32
297.8,32
297.9,32
298,31
298.1,32
298.2,32
298.3,32
298.4,32
298.5,31
298.6,31
298.7,30
298.8,31
298.9,30
299,31
299.1,31
299.2,31
299.3,31
299.4,30
299.5,30
299.6,30
299.7,31
299.8,31
299.9,31
300,31
300.1,30
300.2,30
300.3,29
300.4,29
300.5,29
300.6,30
300.7,30
300.8,30
300.9,30
301,30
301.1,30
301.2,30
301.3,30
301.4,30
301.5,30
301.6,31
301.7,30
301.8,30
301.9,30
302,30
302.1,30
302.2,30
302.3,31
302.4,32
302.5,32
302.6,32
302.7,31
302.8,32
302.9,31
303,32
303.1,32
303.2,32
303.3,32
303.4,32
303.5,31
303.6,31
303.7,31
303.8,31
303.9,31
304,32
304.1,33
304.2,32
304.3,32
304.4,32
304.5,32
304.6,32
304.7,32
304.8,32
304.9,33
305,32
305.1,33
305.2,32
305.3,32
305.4,32
305.5,32
305.6,32
305.7,33
305.8,33
305.9,33
306,32
306.1,33
306.2,33
306.3,33
306.4,33
306.5,34
306.6,34
306.7,33
306.8,33
306.9,32
307,33
307.1,33
307.2,33
307.3,35
307.4,35
307.5,35
307.6,35
307.7,35
307.8,35
307.9,35
308,36
308.1,36
308.2,37
308.3,37
308.4,36
308.5,36
308.6,36
308.7,36
308.8,37
308.9,37
309,38
309.1,39
309.2,39
309.3,39
309.4,39
309.5,40
309.6,40
309.7,40
309.8,40
309.9,41
310,40
310.1,40
310.2,39
310.3,39
310.4,40
310.5,40
310.6,40
310.7,41
310.8,42
310.9,41
311,41
311.1,41
311.2,41
311.3,41
311.4,41
311.5,42
311.6,42
311.7,41
311.8,41
311.9,41
312,41
312.1,41
312.2,42
312.3,43
312.4,44
312.5,44
312.6,44
312.7,44
312.8,45
312.9,45
313,45
313.1,46
313.2,47
313.3,46
313.4,46
313.5,46
313.6,45
313.7,46
313.8,46
313.9,46
314,47
314.1,48
314.2,48
314.3,47
314.4,47
314.5,47
314.6,47
314.7,47
314.8,48
314.9,48
315,48
315.1,47
315.2,47
315.3,46
315.4,46
315.5,47
315.6,48
315.7,49
315.8,50
315.9,49
316,49
316.1,49
316.2,49
316.3,49
316.4,49
316.5,50
316.6,50
316.7,50
316.8,50
316.9,50
317,50
317.1,50
317.2,50
317.3,51
317.4,52
317.5,52
317.6,52
317.7,52
317.8,53
317.9,53
318,53
318.1,53
318.2,55
318.3,55
318.4,55
318.5,54
318.6,54
318.7,55
318.8,56
318.9,57
319,58
319.1,59
319.2,60
319.3,60
319.4,60
319.5,61
319.6,62
319.7,62
319.8,64
319.9,64
320,64
320.1,64
320.2,64
320.3,64
320.4,65
320.5,66
320.6,67
320.7,68
320.8,69
320.9,69
321,69
321.1,70
321.2,71
321.3,71
321.4,72
321.5,73
321.6,73
321.7,73
321.8,73
321.9,73
322,73
322.1,74
322.2,75
322.3,75
322.4,76
322.5,77
322.6,77
322.7,77
322.8,78
322.9,78
323,79
323.1,80
323.2,80
323.3,80
323.4,82
323.5,81
323.6,80
323.7,81
323.8,81
323.9,82
324,84
324.1,84
324.2,84
324.3,84
324.4,85
324.5,85
324.6,85
324.7,86
324.8,87
324.9,87
325,87
325.1,86
325.2,86
325.3,86
325.4,87
325.5,87
325.6,88
325.7,89
325.8,90
325.9,90
326,90
326.1,90
326.2,90
326.3,90
326.4,91
326.5,92
326.6,92
326.7,91
326.8,91
326.9,91
327,91
327.1,91
327.2,92
327.3,93
327.4,94
327.5,93
327.6,93
327.7,93
327.8,93
327.9,93
328,93
328.1,94
328.2,94
328.3,94
328.4,93
328.5,92
328.6,92
328.7,92
328.8,92
328.9,92
329,93
329.1,93
329.2,92
329.3,92
329.4,92
329.5,92
329.6,92
329.7,92
329.8,92
329.9,92
330,91
330.1,90
330.2,90
330.3,89
330.4,89
330.5,89
330.6,90
330.7,90
330.8,90
330.9,89
331,89
331.1,89
331.2,89
331.3,89
331.4,89
331.5,89
331.6,88
331.7,87
331.8,86
331.9,86
332,86
332.1,86
332.2,86
332.3,86
332.4,86
332.5,86
332.6,86
332.7,86
332.8,86
332.9,85
333,85
333.1,85
333.2,85
333.3,85
333.4,84
333.5,83
333.6,83
333.7,83
333.8,83
333.9,84
334,85
334.1,85
334.2,84
334.3,83
334.4,83
334.5,83
334.6,83
334.7,83
334.8,84
334.9,84
335,83
335.1,82
335.2,81
335.3,81
335.4,80
335.5,81
335.6,82
335.7,82
335.8,81
335.9,81
336,80
336.1,80
336.2,80
336.3,80
336.4,80
336.5,80
336.6,80
336.7,78
336.8,78
336.9,78
337,77
337.1,78
337.2,78
337.3,79
337.4,79
337.5,79
337.6,79
337.7,79
337.8,80
337.9,80
338,80
338.1,81
338.2,81
338.3,81
338.4,80
338.5,80
338.6,79
338.7,79
338.8,80
338.9,80
339,82
339.1,82
339.2,82
339.3,82
339.4,82
339.5,82
339.6,83
339.7,83
339.8,84
339.9,84
340,84
340.1,84
340.2,84
340.3,84
340.4,84
340.5,85
340.6,86
340.7,86
340.8,86
340.9,86
341,86
341.1,86
341.2,87
341.3,86
341.4,87
341.5,87
341.6,87
341.7,86
341.8,85
341.9,86
342,86
342.1,87
342.2,87
342.3,88
342.4,89
342.5,88
342.6,88
342.7,88
342.8,88
342.9,88
343,88
343.1,88
343.2,89
343.3,88
343.4,87
343.5,86
343.6,86
343.7,86
343.8,86
343.9,87
344,88
344.1,87
344.2,87
344.3,87
344.4,87
344.5,86
344.6,86
344.7,86
344.8,86
344.9,86
345,85
345.1,84
345.2,84
345.3,84
345.4,84
345.5,83
345.6,85
345.7,85
345.8,85
345.9,84
346,84
346.1,84
346.2,84
346.3,83
346.4,83
346.5,83
346.6,82
346.7,81
346.8,80
346.9,80
347,79
347.1,79
347.2,80
347.3,80
347.4,80
347.5,79
347.6,78
347.7,78
347.8,78
347.9,77
348,77
348.1,77
348.2,77
348.3,76
348.4,75
348.5,75
348.6,75
348.7,74
348.8,74
348.9,75
349,75
349.1,75
349.2,75
349.3,74
349.4,74
349.5,74
349.6,74
349.7,74
349.8,74
349.9,74
350,73
350.1,72
350.2,72
350.3,71
350.4,71
350.5,72
350.6,72
350.7,73
350.8,72
350.9,72
351,72
351.1,72
351.2,71
351.3,71
351.4,71
351.5,71
351.6,70
351.7,70
351.8,69
351.9,69
352,69
352.1,68
352.2,69
352.3,69
352.4,69
352.5,69
352.6,68
352.7,68
352.8,68
352.9,67
353,67
353.1,67
353.2,67
353.3,66
353.4,65
353.5,65
353.6,64
353.7,64
353.8,64
353.9,64
354,64
354.1,64
354.2,63
354.3,62
354.4,62
354.5,61
354.6,60
354.7,60
354.8,61
354.9,60
355,59
355.1,58
355.2,57
355.3,57
355.4,56
355.5,56
355.6,57
355.7,57
355.8,56
355.9,55
356,55
356.1,54
356.2,53
356.3,53
356.4,53
356.5,52
356.6,52
356.7,52
356.8,52
356.9,51
357,50
357.1,50
357.2,49
357.3,50
357.4,49
357.5,49
357.6,48
357.7,48
357.8,47
357.9,46
358,46
358.1,46
358.2,45
358.3,45
358.4,45
358.5,45
358.6,44
358.7,43
358.8,43
358.9,43
359,43
359.1,43
359.2,42
359.3,42
359.4,41
359.5,41
359.6,40
359.7,40
359.8,40
359.9,40
360,39
360.1,39
360.2,39
360.3,38
360.4,38
360.5,39
360.6,39
360.7,38
360.8,37
360.9,37
361,37
361.1,37
361.2,37
361.3,36
361.4,35
361.5,35
361.6,35
361.7,35
361.8,35
361.9,34
362,34
362.1,34
362.2,34
362.3,33
362.4,33
362.5,33
362.6,33
362.7,32
362.8,32
362.9,32
363,32
363.1,31
363.2,31
363.3,31
363.4,31
363.5,31
363.6,31
363.7,30
363.8,30
363.9,30
364,30
364.1,29
364.2,29
364.3,29
364.4,29
364.5,28
364.6,28
364.7,28
364.8,28
364.9,28
365,28
365.1,28
365.2,28
365.3,27
365.4,27
365.5,27
365.6,27
365.7,27
365.8,26
365.9,26
366,26
366.1,25
366.2,26
366.3,25
366.4,25
366.5,25
366.6,25
366.7,25
366.8,25
366.9,25
367,25
367.1,25
367.2,24
367.3,24
367.4,24
367.5,24
367.6,24
367.7,24
367.8,23
367.9,23
368,23
368.1,23
368.2,23
368.3,23
368.4,24
368.5,24
368.6,24
368.7,24
368.8,23
368.9,23
369,24
369.1,24
369.2,23
369.3,23
369.4,23
369.5,23
369.6,23
369.7,23
369.8,22
369.9,22
370,23
370.1,24
370.2,24
370.3,24
370.4,24
370.5,24
370.6,23
370.7,23
370.8,23
370.9,23
371,23
371.1,23
371.2,23
371.3,23
371.4,22
371.5,22
371.6,23
371.7,23
371.8,23
371.9,23
372,23
372.1,23
372.2,23
372.3,22
372.4,23
372.5,23
372.6,23
372.7,23
372.8,23
372.9,23
373,23
373.1,23
373.2,23
373.3,24
373.4,25
373.5,25
373.6,25
373.7,24
373.8,24
373.9,24
374,24
374.1,24
374.2,24
374.3,24
374.4,24
374.5,24
374.6,24
374.7,24
374.8,24
374.9,24
375,24
375.1,25
375.2,25
375.3,24
375.4,24
375.5,24
375.6,24
375.7,24
375.8,24
375.9,24
376,25
376.1,24
376.2,24
376.3,24
376.4,24
376.5,24
376.6,25
376.7,26
376.8,26
376.9,26
377,26
377.1,26
377.2,26
377.3,25
377.4,26
377.5,26
377.6,27
377.7,27
377.8,27
377.9,27
378,27
378.1,27
378.2,27
378.3,28
378.4,28
378.5,29
378.6,29
378.7,29
378.8,29
378.9,28
379,28
379.1,28
379.2,28
379.3,28
379.4,28
379.5,28
379.6,28
379.7,29
379.8,28
379.9,28
380,28
380.1,28
380.2,28
380.3,27
380.4,27
380.5,27
380.6,27
380.7,27
380.8,27
380.9,27
381,26
381.1,26
381.2,26
381.3,26
381.4,25
381.5,25
381.6,25
381.7,25
381.8,25
381.9,25
382,25
382.1,24
382.2,24
382.3,25
382.4,25
382.5,24
382.6,24
382.7,24
382.8,24
382.9,24
383,24
383.1,24
383.2,24
383.3,24
383.4,23
383.5,23
383.6,23
383.7,23
383.8,23
383.9,25
384,24
384.1,24
384.2,24
384.3,24
384.4,24
384.5,24
384.6,23
384.7,24
384.8,24
384.9,23
385,23
385.1,23
385.2,23
385.3,23
385.4,22
385.5,23
385.6,23
385.7,23
385.8,23
385.9,23
386,23
386.1,23
386.2,22
386.3,22
386.4,22
386.5,22
386.6,22
386.7,22
386.8,22
386.9,22
387,22
387.1,21
387.2,22
387.3,23
387.4,22
387.5,22
387.6,22
387.7,22
387.8,22
387.9,21
388,21
388.1,22
388.2,22
388.3,22
388.4,21
388.5,21
388.6,21
388.7,20
388.8,21
388.9,21
389,21
389.1,21
389.2,21
389.3,21
389.4,21
389.5,21
389.6,20
389.7,21
389.8,21
389.9,20
390,20
390.1,20
390.2,20
390.3,20
390.4,21
390.5,21
390.6,21
390.7,21
390.8,21
390.9,21
391,21
391.1,21
391.2,20
391.3,21
391.4,20
391.5,20
391.6,21
391.7,21
391.8,21
391.9,20
392,20
392.1,20
392.2,20
392.3,20
392.4,20
392.5,21
392.6,20
392.7,20
392.8,20
392.9,20
393,20
393.1,20
393.2,20
393.3,20
393.4,20
393.5,20
393.6,19
393.7,19
393.8,20
393.9,20
394,20
394.1,20
394.2,20
394.3,19
394.4,20
394.5,19
394.6,20
394.7,20
394.8,20
394.9,19
395,19
395.1,19
395.2,19
395.3,19
395.4,19
395.5,19
395.6,20
395.7,19
395.8,19
395.9,19
396,19
396.1,19
396.2,19
396.3,19
396.4,20
396.5,20
396.6,20
396.7,20
396.8,19
396.9,19
397,19
397.1,19
397.2,20
397.3,20
397.4,20
397.5,20
397.6,20
397.7,19
397.8,19
397.9,19
398,20
398.1,20
398.2,20
398.3,20
398.4,19
398.5,19
398.6,19
398.7,19
398.8,19
398.9,20
399,20
399.1,20
399.2,20
399.3,19
399.4,19
399.5,19
399.6,19
399.7,19
399.8,19
399.9,19
400,19
400.1,19
400.2,19
400.3,18
400.4,19
400.5,19
400.6,19
400.7,19
400.8,19
400.9,19
401,19
401.1,18
401.2,18
401.3,18
401.4,18
401.5,18
401.6,18
401.7,18
401.8,18
401.9,18
402,18
402.1,18
402.2,18
402.3,18
402.4,18
402.5,18
402.6,18
402.7,18
402.8,18
402.9,18
403,18
403.1,18
403.2,18
403.3,18
403.4,17
403.5,17
403.6,17
403.7,17
403.8,18
403.9,18
404,18
404.1,18
404.2,18
404.3,18
404.4,17
404.5,17
404.6,17
404.7,17
404.8,17
404.9,17
405,18
405.1,18
405.2,17
405.3,17
405.4,17
405.5,17
405.6,18
405.7,18
405.8,18
405.9,17
406,17
406.1,17
406.2,17
406.3,17
406.4,17
406.5,17
406.6,17
406.7,17
406.8,17
406.9,17
407,17
407.1,17
407.2,18
407.3,18
407.4,18
407.5,18
407.6,18
407.7,17
407.8,17
407.9,17
408,18
408.1,18
408.2,18
408.3,18
408.4,18
408.5,18
408.6,18
408.7,18
408.8,19
408.9,20
409,20
409.1,20
409.2,19
409.3,19
409.4,19
409.5,20
409.6,20
409.7,20
409.8,20
409.9,20
410,20
410.1,20
410.2,20
410.3,20
410.4,20
410.5,21
410.6,21
410.7,22
410.8,21
410.9,21
411,22
411.1,22
411.2,22
411.3,22
411.4,23
411.5,23
411.6,23
411.7,22
411.8,22
411.9,22
412,22
412.1,23
412.2,24
412.3,24
412.4,24
412.5,24
412.6,24
412.7,24
412.8,24
412.9,25
413,26
413.1,26
413.2,26
413.3,26
413.4,26
413.5,25
413.6,25
413.7,26
413.8,26
413.9,28
414,28
414.1,28
414.2,28
414.3,28
414.4,28
414.5,28
414.6,28
414.7,29
414.8,28
414.9,28
415,28
415.1,28
415.2,28
415.3,28
415.4,29
415.5,29
415.6,29
415.7,29
415.8,29
415.9,29
416,29
416.1,29
416.2,29
416.3,29
416.4,30
416.5,30
416.6,29
416.7,29
416.8,29
416.9,29
417,29
417.1,29
417.2,30
417.3,31
417.4,30
417.5,30
417.6,30
417.7,30
417.8,30
417.9,30
418,30
418.1,30
418.2,30
418.3,29
418.4,29
418.5,29
418.6,29
418.7,29
418.8,29
418.9,30
419,30
419.1,30
419.2,30
419.3,30
419.4,29
419.5,29
419.6,29
419.7,30
419.8,29
419.9,29
420,29
420.1,29
420.2,28
420.3,28
420.4,28
420.5,28
420.6,28
420.7,28
420.8,28
420.9,27
421,27
421.1,27
421.2,27
421.3,27
421.4,27
421.5,27
421.6,27
421.7,27
421.8,26
421.9,26
422,26
422.1,26
422.2,26
422.3,26
422.4,26
422.5,26
422.6,25
422.7,25
422.8,25
422.9,25
423,25
423.1,25
423.2,25
423.3,25
423.4,25
423.5,24
423.6,24
423.7,24
423.8,24
423.9,24
424,24
424.1,24
424.2,24
424.3,24
424.4,23
424.5,23
424.6,23
424.7,23
424.8,23
424.9,23
425,23
425.1,23
425.2,22
425.3,22
425.4,22
425.5,23
425.6,23
425.7,22
425.8,22
425.9,22
426,22
426.1,21
426.2,21
426.3,21
426.4,21
426.5,21
426.6,22
426.7,22
426.8,21
426.9,21
427,21
427.1,21
427.2,22
427.3,21
427.4,21
427.5,21
427.6,21
427.7,21
427.8,20
427.9,20
428,20
428.1,20
428.2,20
428.3,20
428.4,20
428.5,20
428.6,20
428.7,20
428.8,20
428.9,20
429,20
429.1,20
429.2,20
429.3,20
429.4,20
429.5,20
429.6,19
429.7,19
429.8,19
429.9,20
430,20
430.1,20
430.2,20
430.3,20
430.4,20
430.5,20
430.6,20
430.7,20
430.8,20
430.9,20
431,20
431.1,20
431.2,20
431.3,20
431.4,19
431.5,20
431.6,20
431.7,21
431.8,21
431.9,21
432,21
432.1,20
432.2,21
432.3,21
432.4,21
432.5,21
432.6,20
432.7,21
432.8,21
432.9,20
433,21
433.1,21
433.2,21
433.3,22
433.4,22
433.5,22
433.6,22
433.7,22
433.8,21
433.9,22
434,22
434.1,22
434.2,22
434.3,21
434.4,21
434.5,21
434.6,21
434.7,21
434.8,21
434.9,21
435,21
435.1,21
435.2,21
435.3,21
435.4,21
435.5,21
435.6,21
435.7,21
435.8,21
435.9,21
436,21
436.1,21
436.2,21
436.3,21
436.4,21
436.5,21
436.6,22
436.7,22
436.8,22
436.9,22
437,22
437.1,22
437.2,22
437.3,22
437.4,22
437.5,22
437.6,22
437.7,21
437.8,21
437.9,21
438,21
438.1,21
438.2,21
438.3,22
438.4,22
438.5,21
438.6,22
438.7,21
438.8,21
438.9,21
439,21
439.1,21
439.2,21
439.3,22
439.4,22
439.5,21
439.6,20
439.7,21
439.8,21
439.9,21
440,21
440.1,21
440.2,21
440.3,21
440.4,21
440.5,21
440.6,21
440.7,21
440.8,21
440.9,21
441,21
441.1,20
441.2,20
441.3,20
441.4,20
441.5,21
441.6,21
441.7,21
441.8,21
441.9,21
442,21
442.1,21
442.2,21
442.3,21
442.4,21
442.5,21
442.6,21
442.7,20
442.8,20
442.9,20
443,20
443.1,20
443.2,20
443.3,21
443.4,21
443.5,20
443.6,21
443.7,20
443.8,20
443.9,20
444,20
444.1,20
444.2,20
444.3,20
444.4,20
444.5,20
444.6,20
444.7,20
444.8,19
444.9,20
445,20
445.1,19
445.2,19
445.3,19
445.4,20
445.5,20
445.6,20
445.7,20
445.8,20
445.9,19
446,19
446.1,19
446.2,19
446.3,20
446.4,20
446.5,20
446.6,20
446.7,19
446.8,19
446.9,19
447,19
447.1,20
447.2,21
447.3,21
447.4,20
447.5,20
447.6,21
447.7,21
447.8,21
447.9,21
448,21
448.1,21
448.2,21
448.3,21
448.4,21
448.5,20
448.6,20
448.7,20
448.8,21
448.9,21
449,21
449.1,21
449.2,21
449.3,21
449.4,21
449.5,21
449.6,21
449.7,21
449.8,21
449.9,21
450,21
450.1,21
450.2,20
450.3,21
450.4,21
450.5,22
450.6,22
450.7,22
450.8,22
450.9,22
451,22
451.1,22
451.2,22
451.3,22
451.4,22
451.5,22
451.6,22
451.7,22
451.8,22
451.9,22
452,22
452.1,23
452.2,23
452.3,23
452.4,22
452.5,22
452.6,22
452.7,22
452.8,22
452.9,22
453,23
453.1,23
453.2,22
453.3,22
453.4,22
453.5,22
453.6,22
453.7,22
453.8,23
453.9,23
454,24
454.1,23
454.2,22
454.3,23
454.4,23
454.5,23
454.6,24
454.7,24
454.8,24
454.9,23
455,23
455.1,23
455.2,23
455.3,23
455.4,23
455.5,24
455.6,23
455.7,23
455.8,23
455.9,23
456,22
456.1,23
456.2,23
456.3,23
456.4,24
456.5,23
456.6,23
456.7,22
456.8,22
456.9,22
457,22
457.1,22
457.2,22
457.3,22
457.4,22
457.5,22
457.6,22
457.7,22
457.8,22
457.9,21
458,21
458.1,21
458.2,21
458.3,21
458.4,21
458.5,21
458.6,21
458.7,20
458.8,21
458.9,21
459,21
459.1,21
459.2,20
459.3,20
459.4,20
459.5,20
459.6,20
459.7,21
459.8,20
459.9,21
460,20
460.1,20
460.2,20
460.3,20
460.4,20
460.5,20
460.6,20
460.7,20
460.8,20
460.9,20
461,20
461.1,20
461.2,20
461.3,20
461.4,20
461.5,20
461.6,20
461.7,20
461.8,20
461.9,20
462,20
462.1,20
462.2,20
462.3,20
462.4,20
462.5,20
462.6,20
462.7,20
462.8,19
462.9,20
463,19
463.1,19
463.2,19
463.3,19
463.4,19
463.5,19
463.6,19
463.7,19
463.8,19
463.9,19
464,19
464.1,19
464.2,19
464.3,19
464.4,19
464.5,19
464.6,20
464.7,20
464.8,20
464.9,20
465,20
465.1,20
465.2,19
465.3,19
465.4,20
465.5,21
465.6,21
465.7,20
465.8,20
465.9,20
466,20
466.1,20
466.2,20
466.3,21
466.4,21
466.5,20
466.6,20
466.7,20
466.8,20
466.9,20
467,21
467.1,22
467.2,22
467.3,22
467.4,21
467.5,21
467.6,22
467.7,21
467.8,22
467.9,22
468,23
468.1,23
468.2,22
468.3,22
468.4,22
468.5,22
468.6,23
468.7,23
468.8,25
468.9,25
469,25
469.1,25
469.2,26
469.3,26
469.4,26
469.5,26
469.6,27
469.7,27
469.8,27
469.9,27
470,27
470.1,27
470.2,27
470.3,28
470.4,30
470.5,31
470.6,31
470.7,31
470.8,31
470.9,31
471,32
471.1,32
471.2,32
471.3,33
471.4,33
471.5,32
471.6,32
471.7,32
471.8,32
471.9,33
472,33
472.1,35
472.2,36
472.3,36
472.4,36
472.5,37
472.6,38
472.7,38
472.8,38
472.9,39
473,40
473.1,40
473.2,40
473.3,41
473.4,41
473.5,42
473.6,43
473.7,44
473.8,45
473.9,46
474,46
474.1,46
474.2,47
474.3,48
474.4,48
474.5,48
474.6,50
474.7,50
474.8,50
474.9,50
475,50
475.1,50
475.2,50
475.3,51
475.4,53
475.5,54
475.6,54
475.7,54
475.8,54
475.9,55
476,55
476.1,56
476.2,56
476.3,57
476.4,58
476.5,57
476.6,57
476.7,57
476.8,58
476.9,58
477,55
477.1,54
477.2,53
477.3,52
477.4,51
477.5,48
477.6,47
477.7,49
477.8,48
477.9,48
478,45
478.1,47
478.2,45
478.3,41
478.4,38
478.5,34
478.6,35
478.7,34
478.8,35
478.9,36
479,33
479.1,33
479.2,32
479.3,32
479.4,32
479.5,31
479.6,31
479.7,32
479.8,28
479.9,24
480,25
480.1,28
480.2,27
480.3,29
480.4,26
480.5,27
480.6,25
480.7,24
480.8,28
480.9,29
481,31
481.1,32
481.2,34
481.3,31
481.4,31
481.5,32
481.6,31
481.7,35
481.8,36
481.9,35
482,34
482.1,39
482.2,41
482.3,40
482.4,41
482.5,40
482.6,40
482.7,40
482.8,42
482.9,45
483,47
483.1,45
483.2,47
483.3,45
483.4,48
483.5,49
483.6,47
483.7,42
483.8,45
483.9,41
484,42
484.1,43
484.2,47
484.3,48
484.4,41
484.5,45
484.6,42
484.7,41
484.8,47
484.9,42
485,45
485.1,41
485.2,43
485.3,48
485.4,49
485.5,45
485.6,42
485.7,41
485.8,33
485.9,35
486,31
486.1,25
486.2,28
486.3,29
486.4,27
486.5,24
486.6,35
486.7,36
486.8,34
486.9,35
487,38
487.1,34
487.2,31
487.3,29
487.4,28
487.5,25
487.6,24
487.7,21
487.8,25
487.9,23
488,24
488.1,35
488.2,34
488.3,31
488.4,25
488.5,26
488.6,24
488.7,38
488.8,39
488.9,34
489,31
489.1,25
489.2,26
489.3,24
489.4,25
489.5,24
489.6,22
489.7,21
489.8,21
489.9,20
490,18
490.1,19
490.2,20
490.3,19
490.4,21
490.5,22
490.6,24
490.7,25
490.8,23
490.9,24
491,21
491.1,25
491.2,26
491.3,25
491.4,24
491.5,26
491.6,27
491.7,28
491.8,24
491.9,26
492,28
492.1,29
492.2,30
492.3,31
492.4,30
492.5,33
492.6,33
492.7,32
492.8,35
492.9,34
493,32
493.1,36
493.2,31
493.3,35
493.4,34
493.5,35
493.6,37
493.7,39
493.8,40
493.9,40
494,41
494.1,42
494.2,41
494.3,38
494.4,39
494.5,37
494.6,35
494.7,36
494.8,34
494.9,35
495,38
495.1,36
495.2,35
495.3,35
495.4,34
495.5,35
495.6,39
495.7,35
495.8,34
495.9,35
496,38
496.1,32
496.2,32
496.3,35
496.4,36
496.5,38
496.6,39
496.7,40
496.8,41
496.9,45
497,41
497.1,42
497.2,45
497.3,41
497.4,43
497.5,45
497.6,42
497.7,41
497.8,40
497.9,42
498,41
498.1,44
498.2,41
498.3,45
498.4,47
498.5,42
498.6,41
498.7,41
498.8,41
498.9,42
499,45
499.1,45
499.2,48
499.3,47
499.4,44
499.5,41
499.6,43
499.7,45
499.8,42
499.9,41
500,45
500.1,42
500.2,41
500.3,41
500.4,40
500.5,41
500.6,42
500.7,41
500.8,38
500.9,39
501,37
501.1,35
501.2,36
501.3,34
501.4,35
501.5,38
501.6,36
501.7,35
501.8,35
501.9,34
502,35
502.1,39
502.2,35
502.3,34
502.4,35
502.5,38
502.6,32
502.7,32
502.8,35
502.9,36
503,38
503.1,39
503.2,40
503.3,41
503.4,45
503.5,41
503.6,42
503.7,45
503.8,41
503.9,43
504,45
504.1,42
504.2,41
504.3,40
504.4,42
504.5,41
504.6,44
504.7,41
504.8,45
504.9,47
505,42
505.1,41
505.2,41
505.3,41
505.4,42
505.5,45
505.6,45
505.7,48
505.8,47
505.9,44
506,41
506.1,43
506.2,45
506.3,42
506.4,41
506.5,45
506.6,42
506.7,41
506.8,41
506.9,40
507,41
507.1,42
507.2,41
507.3,38
507.4,39
507.5,37
507.6,35
507.7,36
507.8,34
507.9,35
508,38
508.1,36
508.2,35
508.3,35
508.4,34
508.5,35
508.6,39
508.7,35
508.8,34
508.9,35
509,38
509.1,32
509.2,32
509.3,35
509.4,36
509.5,38
509.6,39
509.7,40
509.8,41
509.9,45
510,41
510.1,42
510.2,45
510.3,41
510.4,43
510.5,45
510.6,42
510.7,41
510.8,40
510.9,42
511,41
511.1,44
511.2,41
511.3,45
511.4,47
511.5,42
511.6,41
511.7,41
511.8,41
511.9,42
512,45
512.1,45
512.2,48
512.3,47
512.4,44
512.5,41
512.6,43
512.7,45
512.8,42
512.9,41
513,45
513.1,42
513.2,41
513.3,41
513.4,61
513.5,61
513.6,61
513.7,62
513.8,63
513.9,64
514,65
514.1,65
514.2,65
514.3,66
514.4,67
514.5,67
514.6,68
514.7,70
514.8,71
514.9,71
515,71
515.1,72
515.2,72
515.3,74
515.4,76
515.5,77
515.6,79
515.7,81
515.8,82
515.9,83
516,85
516.1,86
516.2,88
516.3,89
516.4,91
516.5,93
516.6,94
516.7,95
516.8,96
516.9,98
517,56
517.1,55
517.2,56
517.3,56
517.4,56
517.5,56
517.6,55
517.7,55
517.8,55
517.9,55
518,55
518.1,56
518.2,56
518.3,56
518.4,55
518.5,55
518.6,55
518.7,55
518.8,55
518.9,56
519,56
519.1,55
519.2,55
519.3,54
519.4,54
519.5,54
519.6,55
519.7,56
519.8,57
519.9,57
520,57
520.1,57
520.2,57
520.3,57
520.4,57
520.5,57
520.6,58
520.7,58
520.8,58
520.9,57
521,57
521.1,57
521.2,57
521.3,57
521.4,58
521.5,59
521.6,59
521.7,59
521.8,59
521.9,59
522,59
522.1,59
522.2,59
522.3,60
522.4,60
522.5,59
522.6,58
522.7,58
522.8,58
522.9,58
523,59
523.1,60
523.2,61
523.3,61
523.4,60
523.5,60
523.6,61
523.7,61
523.8,61
523.9,62
524,62
524.1,62
524.2,61
524.3,61
524.4,61
524.5,61
524.6,62
524.7,63
524.8,64
524.9,65
525,65
525.1,65
525.2,66
525.3,67
525.4,67
525.5,68
525.6,70
525.7,71
525.8,71
525.9,71
526,72
526.1,72
526.2,74
526.3,76
526.4,77
526.5,79
526.6,81
526.7,82
526.8,83
526.9,85
527,56
527.1,55
527.2,56
527.3,56
527.4,56
527.5,56
527.6,55
527.7,55
527.8,55
527.9,55
528,55
528.1,56
528.2,56
528.3,56
528.4,55
528.5,55
528.6,55
528.7,55
528.8,55
528.9,56
529,56
529.1,55
529.2,55
529.3,54
529.4,54
529.5,54
529.6,55
529.7,56
529.8,57
529.9,57
530,57
530.1,57
530.2,57
530.3,57
530.4,57
530.5,57
530.6,58
530.7,58
530.8,58
530.9,57
531,57
531.1,57
531.2,57
531.3,57
531.4,58
531.5,59
531.6,59
531.7,59
531.8,59
531.9,59
532,59
532.1,59
532.2,59
532.3,60
532.4,60
532.5,59
532.6,58
532.7,58
532.8,58
532.9,58
533,59
533.1,60
533.2,61
533.3,61
533.4,60
533.5,60
533.6,61
533.7,61
533.8,61
533.9,62
534,62
534.1,62
534.2,61
534.3,61
534.4,61
534.5,61
534.6,62
534.7,63
534.8,64
534.9,65
535,65
535.1,65
535.2,66
535.3,67
535.4,67
535.5,68
535.6,70
535.7,71
535.8,71
535.9,71
536,72
536.1,72
536.2,74
536.3,76
536.4,77
536.5,79
536.6,81
536.7,82
536.8,83
536.9,85
537,86
537.1,88
537.2,89
537.3,91
537.4,93
537.5,94
537.6,95
537.7,96
537.8,98
537.9,56
538,55
538.1,56
538.2,56
538.3,56
538.4,56
538.5,55
538.6,55
538.7,55
538.8,55
538.9,55
539,56
539.1,56
539.2,56
539.3,55
539.4,55
539.5,55
539.6,55
539.7,55
539.8,56
539.9,56
540,55
540.1,55
540.2,54
540.3,54
540.4,54
540.5,55
540.6,56
540.7,57
540.8,57
540.9,57
541,57
541.1,57
541.2,57
541.3,57
541.4,57
541.5,58
541.6,58
541.7,58
541.8,57
541.9,57
542,57
542.1,57
542.2,57
542.3,58
542.4,59
542.5,59
542.6,59
542.7,59
542.8,59
542.9,59
543,59
543.1,59
543.2,60
543.3,60
543.4,59
543.5,58
543.6,58
543.7,58
543.8,58
543.9,59
544,60
544.1,61
544.2,61
544.3,60
544.4,60
544.5,61
544.6,61
544.7,61
544.8,62
544.9,62
545,62
545.1,61
545.2,61
545.3,61
545.4,61
545.5,62
545.6,63
545.7,64
545.8,65
545.9,65
546,65
546.1,66
546.2,67
546.3,67
546.4,68
546.5,70
546.6,71
546.7,71
546.8,71
546.9,72
547,72
547.1,74
547.2,76
547.3,77
547.4,79
547.5,81
547.6,82
547.7,83
547.8,85
547.9,86
548,88
548.1,89
548.2,91
548.3,93
548.4,94
548.5,95
548.6,96
548.7,98
548.8,99
548.9,98
549,97
549.1,96
549.2,95
549.3,95
549.4,95
549.5,94
549.6,92
549.7,92
549.8,91
549.9,90
550,91
550.1,90
550.2,91
550.3,91
550.4,90
550.5,90
550.6,90
550.7,90
550.8,90
550.9,89
551,90
551.1,90
551.2,89
551.3,89
551.4,88
551.5,87
551.6,87
551.7,86
551.8,87
551.9,88
552,88
552.1,87
552.2,86
552.3,86
552.4,85
552.5,85
552.6,85
552.7,85
552.8,85
552.9,84
553,83
553.1,82
553.2,82
553.3,82
553.4,83
553.5,83
553.6,84
553.7,83
553.8,83
553.9,82
554,82
554.1,82
554.2,82
554.3,83
554.4,83
554.5,83
554.6,82
554.7,81
554.8,81
554.9,80
555,81
555.1,82
555.2,83
555.3,83
555.4,83
555.5,83
555.6,83
555.7,83
555.8,83
555.9,83
556,84
556.1,84
556.2,84
556.3,82
556.4,82
556.5,82
556.6,82
556.7,82
556.8,83
556.9,84
557,84
557.1,83
557.2,83
557.3,83
557.4,83
557.5,82
557.6,83
557.7,84
557.8,83
557.9,82
558,81
558.1,81
558.2,81
558.3,81
558.4,81
558.5,82
558.6,82
558.7,81
558.8,81
558.9,81
559,81
559.1,81
559.2,82
559.3,82
559.4,82
559.5,82
559.6,81
559.7,80
559.8,80
559.9,80
560,80
560.1,80
560.2,81
560.3,82
560.4,81
560.5,81
560.6,82
560.7,82
560.8,81
560.9,81
561,81
561.1,82
561.2,81
561.3,80
561.4,80
561.5,79
561.6,79
561.7,79
561.8,79
561.9,80
562,80
562.1,78
562.2,78
562.3,78
562.4,77
562.5,77
562.6,77
562.7,77
562.8,77
562.9,76
563,76
563.1,75
563.2,75
563.3,75
563.4,75
563.5,76
563.6,76
563.7,75
563.8,75
563.9,74
564,74
564.1,73
564.2,72
564.3,71
564.4,71
564.5,70
564.6,69
564.7,69
564.8,69
564.9,70
565,71
565.1,71
565.2,72
565.3,73
565.4,73
565.5,73
565.6,74
565.7,74
565.8,74
565.9,74
566,74
566.1,73
566.2,73
566.3,72
566.4,70
566.5,69
566.6,69
566.7,70
566.8,70
566.9,71
567,72
567.1,71
567.2,71
567.3,71
567.4,71
567.5,71
567.6,71
567.7,71
567.8,71
567.9,71
568,70
568.1,69
568.2,69
568.3,69
568.4,70
568.5,70
568.6,70
568.7,70
568.8,69
568.9,69
569,69
569.1,69
569.2,69
569.3,69
569.4,69
569.5,68
569.6,67
569.7,67
569.8,66
569.9,66
570,66
570.1,67
570.2,67
570.3,66
570.4,65
570.5,65
570.6,65
570.7,65
570.8,65
570.9,64
571,65
571.1,65
571.2,64
571.3,64
571.4,63
571.5,62
571.6,62
571.7,61
571.8,61
571.9,61
572,61
572.1,60
572.2,59
572.3,59
572.4,59
572.5,58
572.6,59
572.7,59
572.8,59
572.9,58
573,58
573.1,58
573.2,57
573.3,57
573.4,57
573.5,57
573.6,57
573.7,56
573.8,55
573.9,55
574,54
574.1,54
574.2,53
574.3,53
574.4,52
574.5,52
574.6,51
574.7,51
574.8,50
574.9,50
575,50
575.1,50
575.2,50
575.3,50
575.4,51
575.5,52
575.6,52
575.7,52
575.8,51
575.9,51
576,53
576.1,55
576.2,55
576.3,55
576.4,55
576.5,56
576.6,99
576.7,98
576.8,97
576.9,96
577,95
577.1,95
577.2,95
577.3,94
577.4,92
577.5,92
577.6,91
577.7,90
577.8,91
577.9,90
578,91
578.1,91
578.2,90
578.3,90
578.4,90
578.5,90
578.6,90
578.7,89
578.8,90
578.9,90
579,89
579.1,89
579.2,88
579.3,87
579.4,87
579.5,86
579.6,87
579.7,88
579.8,88
579.9,87
580,86
580.1,86
580.2,85
580.3,85
580.4,85
580.5,85
580.6,85
580.7,84
580.8,83
580.9,82
581,82
581.1,82
581.2,83
581.3,83
581.4,84
581.5,83
581.6,83
581.7,82
581.8,82
581.9,82
582,82
582.1,83
582.2,83
582.3,83
582.4,82
582.5,81
582.6,81
582.7,80
582.8,81
582.9,82
583,83
583.1,83
583.2,83
583.3,83
583.4,83
583.5,83
583.6,83
583.7,83
583.8,84
583.9,84
584,84
584.1,82
584.2,82
584.3,82
584.4,82
584.5,82
584.6,83
584.7,84
584.8,84
584.9,83
585,83
585.1,83
585.2,83
585.3,82
585.4,83
585.5,84
585.6,83
585.7,82
585.8,81
585.9,81
586,81
586.1,81
586.2,81
586.3,82
586.4,82
586.5,81
586.6,81
586.7,81
586.8,81
586.9,81
587,82
587.1,82
587.2,82
587.3,82
587.4,81
587.5,80
587.6,80
587.7,80
587.8,80
587.9,80
588,81
588.1,82
588.2,81
588.3,81
588.4,82
588.5,82
588.6,81
588.7,81
588.8,81
588.9,82
589,81
589.1,80
589.2,80
589.3,79
589.4,79
589.5,79
589.6,79
589.7,80
589.8,80
589.9,78
590,78
590.1,78
590.2,77
590.3,77
590.4,77
590.5,77
590.6,77
590.7,76
590.8,76
590.9,75
591,75
591.1,75
591.2,75
591.3,76
591.4,76
591.5,75
591.6,75
591.7,74
591.8,74
591.9,73
592,72
592.1,71
592.2,71
592.3,70
592.4,69
592.5,69
592.6,69
592.7,70
592.8,71
592.9,71
593,72
593.1,73
593.2,73
593.3,73
593.4,74
593.5,74
593.6,74
593.7,74
593.8,74
593.9,73
594,73
594.1,72
594.2,70
594.3,69
594.4,69
594.5,70
594.6,70
594.7,71
594.8,72
594.9,71
595,71
595.1,71
595.2,71
595.3,71
595.4,71
595.5,71
595.6,71
595.7,71
595.8,70
595.9,69
596,69
596.1,69
596.2,70
596.3,70
596.4,70
596.5,70
596.6,69
596.7,69
596.8,69
596.9,69
597,69
597.1,69
597.2,69
597.3,68
597.4,67
597.5,67
597.6,66
597.7,66
597.8,66
597.9,67
598,67
598.1,66
598.2,65
598.3,65
598.4,65
598.5,65
598.6,65
598.7,64
598.8,65
598.9,65
599,64
599.1,64
599.2,63
599.3,62
599.4,62
599.5,61
599.6,61
599.7,61
599.8,61
599.9,60
600,59
600.1,59
600.2,59
600.3,58
600.4,59
600.5,59
600.6,59
600.7,58
600.8,58
600.9,58
601,57
601.1,57
601.2,57
601.3,57
601.4,57
601.5,56
601.6,55
601.7,55
601.8,54
601.9,54
602,53
602.1,53
602.2,52
602.3,52
602.4,51
602.5,51
602.6,50
602.7,50
602.8,50
602.9,50
603,50
603.1,50
603.2,51
603.3,52
603.4,52
603.5,52
603.6,51
603.7,51
603.8,53
603.9,55
604,55
604.1,55
604.2,55
604.3,56
604.4,90
604.5,90
604.6,89
604.7,89
604.8,88
604.9,87
605,87
605.1,86
605.2,87
605.3,88
605.4,88
605.5,87
605.6,86
605.7,86
605.8,85
605.9,85
606,85
606.1,85
606.2,85
606.3,84
606.4,83
606.5,82
606.6,82
606.7,82
606.8,83
606.9,83
607,84
607.1,83
607.2,83
607.3,82
607.4,82
607.5,82
607.6,82
607.7,83
607.8,83
607.9,83
608,82
608.1,81
608.2,81
608.3,80
608.4,81
608.5,82
608.6,83
608.7,83
608.8,83
608.9,83
609,83
609.1,83
609.2,83
609.3,83
609.4,84
609.5,84
609.6,84
609.7,82
609.8,82
609.9,82
610,82
610.1,82
610.2,83
610.3,84
610.4,84
610.5,83
610.6,83
610.7,83
610.8,83
610.9,82
611,83
611.1,84
611.2,83
611.3,82
611.4,81
611.5,81
611.6,81
611.7,81
611.8,81
611.9,82
612,82
612.1,81
612.2,81
612.3,81
612.4,81
612.5,81
612.6,82
612.7,82
612.8,82
612.9,82
613,81
613.1,80
613.2,80
613.3,80
613.4,80
613.5,80
613.6,81
613.7,82
613.8,81
613.9,81
614,82
614.1,82
614.2,81
614.3,81
614.4,81
614.5,82
614.6,81
614.7,80
614.8,80
614.9,79
615,79
615.1,79
615.2,79
615.3,80
615.4,80
615.5,78
615.6,78
615.7,78
615.8,77
615.9,77
616,77
616.1,77
616.2,77
616.3,76
616.4,76
616.5,75
616.6,75
616.7,75
616.8,75
616.9,76
617,76
617.1,75
617.2,75
617.3,74
617.4,74
617.5,73
617.6,72
617.7,71
617.8,71
617.9,70
618,69
618.1,69
618.2,69
618.3,70
618.4,71
618.5,71
618.6,72
618.7,73
618.8,73
618.9,73
619,74
619.1,74
619.2,74
619.3,74
619.4,74
619.5,73
619.6,73
619.7,72
619.8,70
619.9,69
620,69
620.1,70
620.2,70
620.3,71
620.4,72
620.5,71
620.6,71
620.7,71
620.8,71
620.9,71
621,71
621.1,71
621.2,71
621.3,71
621.4,70
621.5,69
621.6,69
621.7,69
621.8,70
621.9,70
622,70
622.1,70
622.2,69
622.3,69
622.4,69
622.5,69
622.6,69
622.7,69
622.8,69
622.9,68
623,67
623.1,67
623.2,66
623.3,66
623.4,66
623.5,67
623.6,67
623.7,66
623.8,65
623.9,65
624,65
624.1,65
624.2,65
624.3,64
624.4,65
624.5,65
624.6,64
624.7,64
624.8,63
624.9,62
625,62
625.1,61
625.2,61
625.3,61
625.4,61
625.5,60
625.6,59
625.7,59
625.8,59
625.9,58
626,59
626.1,59
626.2,59
626.3,58
626.4,58
626.5,58
626.6,57
626.7,57
626.8,57
626.9,57
627,57
627.1,56
627.2,55
627.3,55
627.4,54
627.5,54
627.6,53
627.7,53
627.8,52
627.9,52
628,51
628.1,51
628.2,50
628.3,50
628.4,50
628.5,50
628.6,50
628.7,50
628.8,51
628.9,52
629,52
629.1,52
629.2,51
629.3,51
629.4,53
629.5,55
629.6,55
629.7,55
629.8,55
629.9,56
630,56
630.1,56
630.2,56
630.3,56
630.4,55
630.5,55
630.6,55
630.7,55
630.8,56
630.9,56
631,55
631.1,56
631.2,55
631.3,54
631.4,53
631.5,53
631.6,53
631.7,52
631.8,52
631.9,53
632,54
632.1,54
632.2,54
632.3,53
632.4,53
632.5,53
632.6,53
632.7,54
632.8,54
632.9,54
633,54
633.1,53
633.2,53
633.3,52
633.4,51
633.5,51
633.6,51
633.7,50
633.8,50
633.9,49
634,49
634.1,48
634.2,48
634.3,47
634.4,47
634.5,46
634.6,46
634.7,45
634.8,46
634.9,45
635,45
635.1,45
635.2,46
635.3,45
635.4,46
635.5,46
635.6,47
635.7,47
635.8,48
635.9,48
636,48
636.1,48
636.2,48
636.3,47
636.4,47
636.5,47
636.6,47
636.7,48
636.8,48
636.9,48
637,48
637.1,48
637.2,48
637.3,49
637.4,50
637.5,52
637.6,53
637.7,53
637.8,53
637.9,53
638,54
638.1,54
638.2,53
638.3,53
638.4,53
638.5,53
638.6,53
638.7,53
638.8,54
638.9,54
639,55
639.1,54
639.2,53
639.3,54
639.4,55
639.5,55
639.6,56
639.7,58
639.8,59
639.9,59
640,59
640.1,59
640.2,60
640.3,60
640.4,60
640.5,61
640.6,63
640.7,64
640.8,64
640.9,63
641,62
641.1,61
641.2,61
641.3,62
641.4,63
641.5,64
641.6,64
641.7,64
641.8,64
641.9,63
642,62
642.1,62
642.2,61
642.3,61
642.4,61
642.5,62
642.6,63
642.7,63
642.8,63
642.9,63
643,62
643.1,61
643.2,61
643.3,61
643.4,60
643.5,60
643.6,59
643.7,60
643.8,60
643.9,60
644,59
644.1,58
644.2,58
644.3,57
644.4,57
644.5,56
644.6,57
644.7,58
644.8,59
644.9,61
645,61
645.1,61
645.2,62
645.3,63
645.4,65
645.5,68
645.6,71
645.7,73
645.8,73
645.9,73
646,74
646.1,76
646.2,77
646.3,77
646.4,79
646.5,78
646.6,79
646.7,81
646.8,83
646.9,85
647,85
647.1,87
647.2,89
647.3,91
647.4,92
647.5,93
647.6,93
647.7,91
647.8,91
647.9,91
648,91
648.1,91
648.2,90
648.3,89
648.4,89
648.5,88
648.6,88
648.7,89
648.8,89
648.9,88
649,87
649.1,87
649.2,88
649.3,89
649.4,89
649.5,90
649.6,91
649.7,91
649.8,90
649.9,90
650,89
650.1,88
650.2,88
650.3,88
650.4,88
650.5,88
650.6,88
650.7,89
650.8,89
650.9,91
651,93
651.1,95
651.2,95
651.3,96
651.4,97
651.5,97
651.6,97
651.7,97
651.8,99
651.9,99
652,98
652.1,97
652.2,96
652.3,95
652.4,95
652.5,95
652.6,94
652.7,92
652.8,92
652.9,91
653,90
653.1,91
653.2,90
653.3,91
653.4,91
653.5,90
653.6,90
653.7,90
653.8,90
653.9,90
654,89
654.1,90
654.2,90
654.3,89
654.4,89
654.5,88
654.6,87
654.7,87
654.8,86
654.9,87
655,88
655.1,88
655.2,87
655.3,86
655.4,86
655.5,85
655.6,85
655.7,85
655.8,85
655.9,85
656,84
656.1,83
656.2,82
656.3,82
656.4,82
656.5,83
656.6,83
656.7,84
656.8,83
656.9,83
657,82
657.1,82
657.2,82
657.3,82
657.4,83
657.5,83
657.6,83
657.7,82
657.8,81
657.9,81
658,80
658.1,81
658.2,82
658.3,83
658.4,83
658.5,83
658.6,83
658.7,83
658.8,83
658.9,83
659,83
659.1,84
659.2,84
659.3,84
659.4,82
659.5,82
659.6,82
659.7,82
659.8,82
659.9,83
660,84
660.1,84
660.2,83
660.3,83
660.4,83
660.5,83
660.6,82
660.7,83
660.8,84
660.9,83
661,82
661.1,81
661.2,81
661.3,81
661.4,81
661.5,81
661.6,82
661.7,82
661.8,81
661.9,81
662,81
662.1,81
662.2,81
662.3,82
662.4,82
662.5,82
662.6,82
662.7,81
662.8,80
662.9,80
663,80
663.1,80
663.2,80
663.3,81
663.4,82
663.5,81
663.6,81
663.7,82
663.8,82
663.9,81
664,81
664.1,81
664.2,82
664.3,81
664.4,80
664.5,80
664.6,79
664.7,79
664.8,79
664.9,79
665,80
665.1,80
665.2,78
665.3,78
665.4,78
665.5,77
665.6,77
665.7,77
665.8,77
665.9,77
666,76
666.1,76
666.2,75
666.3,75
666.4,75
666.5,75
666.6,76
666.7,76
666.8,75
666.9,75
667,74
667.1,74
667.2,73
667.3,72
667.4,71
667.5,71
667.6,70
667.7,69
667.8,69
667.9,69
668,70
668.1,71
668.2,71
668.3,72
668.4,73
668.5,73
668.6,73
668.7,74
668.8,74
668.9,74
669,74
669.1,74
669.2,73
669.3,73
669.4,72
669.5,70
669.6,69
669.7,69
669.8,70
669.9,70
670,71
670.1,72
670.2,71
670.3,71
670.4,71
670.5,71
670.6,71
670.7,71
670.8,71
670.9,71
671,71
671.1,70
671.2,69
671.3,69
671.4,69
671.5,70
671.6,70
671.7,70
671.8,70
671.9,69
672,69
672.1,69
672.2,69
672.3,69
672.4,69
672.5,69
672.6,68
672.7,67
672.8,67
672.9,66
673,66
673.1,66
673.2,67
673.3,67
673.4,66
673.5,65
673.6,65
673.7,65
673.8,65
673.9,65
674,64
674.1,65
674.2,65
674.3,64
674.4,64
674.5,63
674.6,62
674.7,62
674.8,61
674.9,61
675,61
675.1,61
675.2,60
675.3,59
675.4,59
675.5,59
675.6,58
675.7,59
675.8,59
675.9,59
676,58
676.1,58
676.2,58
676.3,57
676.4,57
676.5,57
676.6,57
676.7,57
676.8,56
676.9,55
677,55
677.1,54
677.2,54
677.3,53
677.4,53
677.5,52
677.6,52
677.7,51
677.8,51
677.9,50
678,50
678.1,50
678.2,50
678.3,50
678.4,50
678.5,51
678.6,52
678.7,52
678.8,52
678.9,51
679,51
679.1,53
679.2,55
679.3,55
679.4,55
679.5,55
679.6,56
679.7,53
679.8,52
679.9,52
680,51
680.1,51
680.2,51
680.3,50
680.4,49
680.5,49
680.6,49
680.7,48
680.8,48
680.9,48
681,47
681.1,47
681.2,46
681.3,46
681.4,45
681.5,45
681.6,44
681.7,44
681.8,44
681.9,44
682,43
682.1,43
682.2,42
682.3,42
682.4,41
682.5,42
682.6,41
682.7,41
682.8,40
682.9,40
683,39
683.1,39
683.2,39
683.3,39
683.4,39
683.5,39
683.6,38
683.7,38
683.8,37
683.9,37
684,36
684.1,37
684.2,37
684.3,37
684.4,36
684.5,36
684.6,36
684.7,35
684.8,35
684.9,35
685,35
685.1,35
685.2,34
685.3,34
685.4,34
685.5,33
685.6,33
685.7,33
685.8,33
685.9,33
686,33
686.1,32
686.2,32
686.3,32
686.4,32
686.5,32
686.6,32
686.7,31
686.8,31
686.9,31
687,31
687.1,30
687.2,30
687.3,30
687.4,30
687.5,30
687.6,30
687.7,30
687.8,29
687.9,29
688,28
688.1,28
688.2,28
688.3,28
688.4,28
688.5,27
688.6,28
688.7,28
688.8,27
688.9,27
689,27
689.1,27
689.2,27
689.3,27
689.4,27
689.5,27
689.6,26
689.7,26
689.8,26
689.9,26
690,26
690.1,26
690.2,26
690.3,26
690.4,26
690.5,26
690.6,26
690.7,26
690.8,26
690.9,25
691,25
691.1,25
691.2,25
691.3,25
691.4,25
691.5,25
691.6,24
691.7,24
691.8,25
691.9,25
692,25
692.1,25
692.2,24
692.3,24
692.4,24
692.5,24
692.6,24
692.7,24
692.8,24
692.9,24
693,24
693.1,24
693.2,23
693.3,23
693.4,23
693.5,23
693.6,24
693.7,24
693.8,23
693.9,23
694,23
694.1,23
694.2,23
694.3,23
694.4,23
694.5,22
694.6,22
694.7,22
694.8,22
694.9,22
695,22
695.1,22
695.2,22
695.3,22
695.4,22
695.5,22
695.6,22
695.7,22
695.8,22
695.9,22
696,22
696.1,22
696.2,21
696.3,21
696.4,21
696.5,21
696.6,21
696.7,21
696.8,21
696.9,22
697,22
697.1,21
697.2,22
697.3,21
697.4,21
697.5,21
697.6,21
697.7,21
697.8,21
697.9,21
698,21
698.1,21
698.2,21
698.3,21
698.4,21
698.5,22
698.6,22
698.7,22
698.8,22
698.9,22
699,22
699.1,22
699.2,22
699.3,22
699.4,22
699.5,22
699.6,22
699.7,22
699.8,21
699.9,21
700,21
700.1,22
700.2,22
700.3,23
700.4,23
700.5,22
700.6,22
700.7,22
700.8,22
700.9,22
701,22
701.1,22
701.2,22
701.3,21
701.4,22
701.5,21
701.6,21
701.7,21
701.8,22
701.9,22
702,22
702.1,22
702.2,21
702.3,21
702.4,21
702.5,21
702.6,21
702.7,21
702.8,21
702.9,21
703,20
703.1,20
703.2,20
703.3,20
703.4,20
703.5,21
703.6,21
703.7,21
703.8,21
703.9,21
704,20
704.1,21
704.2,21
704.3,21
704.4,20
704.5,20
704.6,20
704.7,20
704.8,20
704.9,19
705,20
705.1,20
705.2,20
705.3,21
705.4,21
705.5,20
705.6,21
705.7,21
705.8,21
705.9,20
706,20
706.1,20
706.2,20
706.3,20
706.4,20
706.5,19
706.6,19
706.7,19
706.8,20
706.9,21
707,20
707.1,20
707.2,20
707.3,20
707.4,20
707.5,20
707.6,20
707.7,21
707.8,21
707.9,21
708,21
708.1,21
708.2,21
708.3,21
708.4,22
708.5,22
708.6,23
708.7,24
708.8,24
708.9,24
709,23
709.1,23
709.2,23
709.3,24
709.4,24
709.5,25
709.6,25
709.7,25
709.8,25
709.9,25
710,25
710.1,26
710.2,27
710.3,28
710.4,28
710.5,29
710.6,29
710.7,29
710.8,28
710.9,28
711,29
711.1,30
711.2,30
711.3,30
711.4,31
711.5,31
711.6,30
711.7,32
711.8,32
711.9,34
712,35
712.1,36
712.2,35
712.3,35
712.4,35
712.5,35
712.6,36
712.7,36
712.8,37
712.9,37
713,38
713.1,38
713.2,38
713.3,38
713.4,38
713.5,40
713.6,41
713.7,41
713.8,42
713.9,41
714,41
714.1,41
714.2,41
714.3,41
714.4,41
714.5,41
714.6,41
714.7,41
714.8,41
714.9,41
715,41
715.1,42
715.2,43
715.3,43
715.4,44
715.5,43
715.6,43
715.7,42
715.8,42
715.9,42
716,42
716.1,42
716.2,42
716.3,42
716.4,42
716.5,41
716.6,41
716.7,41
716.8,42
716.9,42
717,42
717.1,41
717.2,41
717.3,41
717.4,40
717.5,40
717.6,40
717.7,39
717.8,39
717.9,38
718,38
718.1,38
718.2,38
718.3,37
718.4,37
718.5,37
718.6,37
718.7,37
718.8,36
718.9,36
719,35
719.1,36
719.2,35
719.3,35
719.4,34
719.5,34
719.6,34
719.7,34
719.8,33
719.9,33
720,33
720.1,32
720.2,32
720.3,32
720.4,32
720.5,32
720.6,32
720.7,32
720.8,32
720.9,32
721,32
721.1,31
721.2,31
721.3,31
721.4,31
721.5,31
721.6,32
721.7,32
721.8,31
721.9,31
722,30
722.1,30
722.2,30
722.3,31
722.4,32
722.5,33
722.6,32
722.7,32
722.8,32
722.9,32
723,32
723.1,32
723.2,33
723.3,33
723.4,33
723.5,33
723.6,32
723.7,32
723.8,32
723.9,32
724,33
724.1,34
724.2,34
724.3,34
724.4,34
724.5,35
724.6,35
724.7,36
724.8,36
724.9,36
725,36
725.1,36
725.2,35
725.3,35
725.4,36
725.5,36
725.6,36
725.7,37
725.8,38
725.9,38
726,37
726.1,37
726.2,37
726.3,37
726.4,37
726.5,38
726.6,38
726.7,38
726.8,38
726.9,38
727,37
727.1,37
727.2,37
727.3,38
727.4,39
727.5,40
727.6,39
727.7,39
727.8,39
727.9,39
728,39
728.1,38
728.2,39
728.3,39
728.4,39
728.5,38
728.6,38
728.7,38
728.8,38
728.9,38
729,38
729.1,39
729.2,39
729.3,38
729.4,37
729.5,38
729.6,38
729.7,37
729.8,37
729.9,38
730,38
730.1,37
730.2,37
730.3,36
730.4,36
730.5,36
730.6,35
730.7,36
730.8,36
730.9,36
731,35
731.1,34
731.2,35
731.3,34
731.4,34
731.5,34
731.6,34
731.7,34
731.8,33
731.9,33
732,33
732.1,32
732.2,32
732.3,32
732.4,32
732.5,32
732.6,32
732.7,32
732.8,31
732.9,30
733,30
733.1,30
733.2,30
733.3,30
733.4,30
733.5,30
733.6,30
733.7,29
733.8,29
733.9,29
734,29
734.1,29
734.2,29
734.3,28
734.4,28
734.5,28
734.6,28
734.7,27
734.8,27
734.9,27
735,27
735.1,27
735.2,27
735.3,26
735.4,27
735.5,27
735.6,26
735.7,26
735.8,26
735.9,26
736,26
736.1,25
736.2,25
736.3,25
736.4,25
736.5,25
736.6,24
736.7,25
736.8,25
736.9,25
737,25
737.1,24
737.2,24
737.3,24
737.4,24
737.5,24
737.6,25
737.7,24
737.8,24
737.9,24
738,24
738.1,23
738.2,23
738.3,23
738.4,24
738.5,24
738.6,24
738.7,24
738.8,24
738.9,24
739,24
739.1,24
739.2,23
739.3,23
739.4,23
739.5,23
739.6,23
739.7,23
739.8,23
739.9,22
740,22
740.1,22
740.2,23
740.3,23
740.4,23
740.5,22
740.6,22
740.7,22
740.8,22
740.9,22
741,22
741.1,22
741.2,22
741.3,22
741.4,21
741.5,21
741.6,21
741.7,22
741.8,22
741.9,22
742,22
742.1,22
742.2,21
742.3,21
742.4,22
742.5,21
742.6,21
742.7,21
742.8,21
742.9,21
743,20
743.1,20
743.2,20
743.3,20
743.4,21
743.5,21
743.6,21
743.7,21
743.8,21
743.9,20
744,21
744.1,21
744.2,21
744.3,21
744.4,21
744.5,21
744.6,20
744.7,21
744.8,20
744.9,20
745,20
745.1,21
745.2,21
745.3,22
745.4,22
745.5,21
745.6,21
745.7,21
745.8,21
745.9,21
746,22
746.1,22
746.2,22
746.3,22
746.4,22
746.5,21
746.6,21
746.7,22
746.8,23
746.9,23
747,24
747.1,24
747.2,24
747.3,24
747.4,23
747.5,23
747.6,23
747.7,24
747.8,23
747.9,23
748,23
748.1,23
748.2,23
748.3,23
748.4,23
748.5,24
748.6,24
748.7,24
748.8,24
748.9,24
749,24
749.1,24
749.2,24
749.3,23
749.4,23
749.5,23
749.6,23
749.7,23
749.8,22
749.9,22
750,22
750.1,22
750.2,23
750.3,22
750.4,22
750.5,22
750.6,22
750.7,23
750.8,22
750.9,22
751,22
751.1,22
751.2,22
751.3,21
751.4,21
751.5,21
751.6,21
751.7,21
751.8,21
751.9,22
752,21
752.1,21
752.2,21
752.3,21
752.4,21
752.5,21
752.6,21
752.7,21
752.8,21
752.9,21
753,21
753.1,21
753.2,20
753.3,21
753.4,21
753.5,22
753.6,23
753.7,22
753.8,22
753.9,22
754,22
754.1,22
754.2,22
754.3,22
754.4,22
754.5,22
754.6,22
754.7,22
754.8,21
754.9,21
755,21
755.1,22
755.2,22
755.3,22
755.4,22
755.5,22
755.6,22
755.7,21
755.8,21
755.9,22
756,22
756.1,22
756.2,23
756.3,22
756.4,22
756.5,22
756.6,23
756.7,22
756.8,24
756.9,24
757,23
757.1,23
757.2,23
757.3,23
757.4,23
757.5,23
757.6,23
757.7,23
757.8,22
757.9,23
758,23
758.1,22
758.2,22
758.3,23
758.4,23
758.5,24
758.6,24
758.7,24
758.8,24
758.9,24
759,24
759.1,23
759.2,23
759.3,23
759.4,23
759.5,23
759.6,23
759.7,22
759.8,22
759.9,22
760,22
760.1,23
760.2,23
760.3,23
760.4,22
760.5,22
760.6,22
760.7,22
760.8,22
760.9,22
761,22
761.1,22
761.2,22
761.3,21
761.4,21
761.5,21
761.6,21
761.7,21
761.8,21
761.9,21
762,21
762.1,20
762.2,21
762.3,21
762.4,21
762.5,21
762.6,21
762.7,20
762.8,20
762.9,21
763,21
763.1,21
763.2,22
763.3,22
763.4,21
763.5,21
763.6,21
763.7,21
763.8,21
763.9,22
764,23
764.1,23
764.2,23
764.3,23
764.4,23
764.5,24
764.6,24
764.7,24
764.8,24
764.9,24
765,24
765.1,24
765.2,24
765.3,24
765.4,24
765.5,23
765.6,24
765.7,25
765.8,25
765.9,24
766,24
766.1,24
766.2,24
766.3,24
766.4,24
766.5,25
766.6,25
766.7,24
766.8,24
766.9,24
767,24
767.1,24
767.2,24
767.3,24
767.4,25
767.5,25
767.6,25
767.7,24
767.8,24
767.9,24
768,24
768.1,24
768.2,24
768.3,24
768.4,24
768.5,24
768.6,23
768.7,24
768.8,23
768.9,23
769,24
769.1,24
769.2,24
769.3,24
769.4,23
769.5,24
769.6,24
769.7,25
769.8,25
769.9,26
770,25
770.1,25
770.2,25
770.3,25
770.4,25
770.5,25
770.6,26
770.7,27
770.8,27
770.9,27
771,27
771.1,27
771.2,27
771.3,28
771.4,28
771.5,28
771.6,29
771.7,29
771.8,29
771.9,28
772,28
772.1,28
772.2,29
772.3,30
772.4,30
772.5,30
772.6,30
772.7,29
772.8,29
772.9,29
773,30
773.1,29
773.2,30
773.3,30
773.4,29
773.5,29
773.6,29
773.7,29
773.8,29
773.9,30
774,30
774.1,30
774.2,30
774.3,30
774.4,29
774.5,29
774.6,29
774.7,29
774.8,30
774.9,30
775,29
775.1,29
775.2,29
775.3,28
775.4,28
775.5,28
775.6,28
775.7,29
775.8,29
775.9,28
776,29
776.1,28
776.2,28
776.3,27
776.4,28
776.5,28
776.6,28
776.7,28
776.8,27
776.9,27
777,26
777.1,26
777.2,26
777.3,27
777.4,28
777.5,28
777.6,27
777.7,27
777.8,27
777.9,26
778,26
778.1,27
778.2,27
778.3,26
778.4,26
778.5,26
778.6,26
778.7,26
778.8,26
778.9,27
779,27
779.1,28
779.2,28
779.3,28
779.4,28
779.5,28
779.6,29
779.7,29
779.8,30
779.9,30
780,30
780.1,30
780.2,30
780.3,31
780.4,31
780.5,32
780.6,33
780.7,34
780.8,35
780.9,35
781,35
781.1,35
781.2,36
781.3,36
781.4,37
781.5,38
781.6,38
781.7,38
781.8,38
781.9,38
782,39
782.1,40
782.2,40
782.3,42
782.4,43
782.5,43
782.6,43
782.7,43
782.8,44
782.9,45
783,45
783.1,46
783.2,47
783.3,47
783.4,47
783.5,47
783.6,47
783.7,48
783.8,49
783.9,50
784,52
784.1,52
784.2,53
784.3,53
784.4,53
784.5,54
784.6,54
784.7,55
784.8,56
784.9,58
785,58
785.1,58
785.2,58
785.3,58
785.4,58
785.5,59
785.6,60
785.7,62
785.8,62
785.9,63
786,63
786.1,64
786.2,64
786.3,65
786.4,66
786.5,67
786.6,68
786.7,68
786.8,67
786.9,68
787,68
787.1,69
787.2,70
787.3,72
787.4,73
787.5,73
787.6,73
787.7,74
787.8,75
787.9,75
788,76
788.1,76
788.2,78
788.3,78
788.4,78
788.5,77
788.6,78
788.7,79
788.8,80
788.9,80
789,82
789.1,83
789.2,84
789.3,84
789.4,85
789.5,85
789.6,86
789.7,86
789.8,88
789.9,88
790,88
790.1,88
790.2,88
790.3,88
790.4,89
790.5,90
790.6,91
790.7,93
790.8,93
790.9,93
791,93
791.1,94
791.2,94
791.3,94
791.4,96
791.5,96
791.6,97
791.7,96
791.8,96
791.9,96
792,96
792.1,97
792.2,98
792.3,99
792.4,99
792.5,98
792.6,97
792.7,97
792.8,97
792.9,97
793,97
793.1,98
793.2,97
793.3,96
793.4,96
793.5,96
793.6,95
793.7,95
793.8,94
793.9,95
794,94
794.1,93
794.2,92
794.3,92
794.4,91
794.5,90
794.6,90
794.7,91
794.8,91
794.9,91
795,90
795.1,89
795.2,89
795.3,88
795.4,88
795.5,88
795.6,88
795.7,87
795.8,86
795.9,84
796,84
796.1,84
796.2,83
796.3,84
796.4,84
796.5,84
796.6,83
796.7,82
796.8,82
796.9,81
797,81
797.1,81
797.2,81
797.3,81
797.4,80
797.5,79
797.6,79
797.7,86
797.8,86
797.9,88
798,88
798.1,88
798.2,88
798.3,88
798.4,88
798.5,89
798.6,90
798.7,91
798.8,93
798.9,93
799,93
799.1,93
799.2,94
799.3,94
799.4,94
799.5,96
799.6,96
799.7,97
799.8,96
799.9,96
800,96
800.1,96
800.2,97
800.3,98
800.4,99
800.5,99
800.6,98
800.7,97
800.8,97
800.9,97
801,97
801.1,97
801.2,98
801.3,97
801.4,96
801.5,96
801.6,96
801.7,95
801.8,95
801.9,94
802,95
802.1,94
802.2,93
802.3,92
802.4,92
802.5,91
802.6,90
802.7,90
802.8,91
802.9,91
803,91
803.1,90
803.2,89
803.3,89
803.4,88
803.5,88
803.6,88
803.7,88
803.8,87
803.9,86
804,84
804.1,84
804.2,84
804.3,83
804.4,84
804.5,84
804.6,84
804.7,83
804.8,82
804.9,82
805,81
805.1,81
805.2,81
805.3,81
805.4,81
805.5,80
805.6,79
805.7,79
805.8,82
805.9,82
806,81
806.1,81
806.2,71
806.3,70
806.4,69
806.5,69
806.6,68
806.7,68
806.8,67
806.9,67
807,67
807.1,67
807.2,68
807.3,69
807.4,71
807.5,73
807.6,74
807.7,75
807.8,78
807.9,80
808,80
808.1,80
808.2,79
808.3,78
808.4,77
808.5,77
808.6,76
808.7,75
808.8,74
808.9,73
809,72
809.1,73
809.2,72
809.3,70
809.4,70
809.5,70
809.6,70
809.7,70
809.8,69
809.9,68
810,68
810.1,68
810.2,67
810.3,66
810.4,66
810.5,67
810.6,67
810.7,67
810.8,66
810.9,66
811,66
811.1,67
811.2,66
811.3,66
811.4,65
811.5,64
811.6,63
811.7,63
811.8,64
811.9,64
812,63
812.1,63
812.2,62
812.3,62
812.4,63
812.5,64
812.6,66
812.7,68
812.8,69
812.9,69
813,69
813.1,68
813.2,67
813.3,66
813.4,66
813.5,66
813.6,66
813.7,65
813.8,66
813.9,66
814,67
814.1,67
814.2,67
814.3,67
814.4,66
814.5,65
814.6,65
814.7,65
814.8,66
814.9,66
815,65
815.1,65
815.2,64
815.3,64
815.4,64
815.5,64
815.6,64
815.7,65
815.8,64
815.9,66
816,66
816.1,68
816.2,68
816.3,67
816.4,68
816.5,67
816.6,66
816.7,65
816.8,66
816.9,68
817,69
817.1,68
817.2,69
817.3,68
817.4,68
817.5,67
817.6,67
817.7,67
817.8,68
817.9,69
818,71
818.1,72
818.2,71
818.3,70
818.4,70
818.5,70
818.6,70
818.7,71
818.8,72
818.9,73
819,72
819.1,72
819.2,70
819.3,71
819.4,72
819.5,74
819.6,75
819.7,76
819.8,75
819.9,74
820,75
820.1,75
820.2,76
820.3,77
820.4,77
820.5,78
820.6,78
820.7,78
820.8,77
820.9,77
821,79
821.1,80
821.2,79
821.3,80
821.4,79
821.5,78
821.6,77
821.7,77
821.8,77
821.9,77
822,77
822.1,76
822.2,76
822.3,75
822.4,75
822.5,75
822.6,76
822.7,77
822.8,79
822.9,79
823,80
823.1,80
823.2,80
823.3,80
823.4,80
823.5,80
823.6,80
823.7,80
823.8,79
823.9,79
824,78
824.1,77
824.2,77
824.3,77
824.4,76
824.5,77
824.6,78
824.7,79
824.8,78
824.9,77
825,77
825.1,77
825.2,77
825.3,78
825.4,78
825.5,79
825.6,80
825.7,81
825.8,81
825.9,82
826,82
826.1,84
826.2,85
826.3,86
826.4,85
826.5,84
826.6,83
826.7,82
826.8,82
826.9,82
827,83
827.1,82
827.2,82
827.3,83
827.4,83
827.5,84
827.6,85
827.7,87
827.8,88
827.9,90
828,91
828.1,92
828.2,92
828.3,92
828.4,93
828.5,93
828.6,92
828.7,92
828.8,92
828.9,92
829,91
829.1,90
829.2,89
829.3,88
829.4,87
829.5,87
829.6,85
829.7,85
829.8,84
829.9,84
830,84
830.1,83
830.2,85
830.3,86
830.4,87
830.5,88
830.6,88
830.7,87
830.8,87
830.9,86
831,86
831.1,86
831.2,86
831.3,85
831.4,84
831.5,83
831.6,82
831.7,81
831.8,81
831.9,80
832,80
832.1,80
832.2,79
832.3,79
832.4,78
832.5,77
832.6,78
832.7,78
832.8,79
832.9,79
833,79
833.1,79
833.2,78
833.3,77
833.4,77
833.5,76
833.6,76
833.7,76
833.8,75
833.9,75
834,74
834.1,73
834.2,73
834.3,73
834.4,73
834.5,72
834.6,71
834.7,70
834.8,70
834.9,70
835,71
835.1,72
835.2,73
835.3,73
835.4,73
835.5,73
835.6,72
835.7,72
835.8,71
835.9,73
836,74
836.1,75
836.2,76
836.3,78
836.4,78
836.5,79
836.6,79
836.7,80
836.8,81
836.9,82
837,83
837.1,82
837.2,81
837.3,80
837.4,79
837.5,81
837.6,83
837.7,86
837.8,89
837.9,90
838,91
838.1,91
838.2,92
838.3,92
838.4,93
838.5,94
838.6,94
838.7,94
838.8,94
838.9,93
839,92
839.1,91
839.2,90
839.3,90
839.4,90
839.5,89
839.6,88
839.7,87
839.8,86
839.9,85
840,85
840.1,85
840.2,85
840.3,86
840.4,86
840.5,87
840.6,88
840.7,88
840.8,88
840.9,88
841,88
841.1,88
841.2,87
841.3,87
841.4,86
841.5,85
841.6,84
841.7,83
841.8,83
841.9,83
842,83
842.1,83
842.2,84
842.3,84
842.4,83
842.5,83
842.6,84
842.7,84
842.8,84
842.9,84
843,84
843.1,85
843.2,84
843.3,84
843.4,84
843.5,84
843.6,83
843.7,82
843.8,81
843.9,80
844,80
844.1,81
844.2,80
844.3,79
844.4,79
844.5,81
844.6,83
844.7,85
844.8,86
844.9,86
845,85
845.1,85
845.2,85
845.3,84
845.4,84
845.5,84
845.6,83
845.7,82
845.8,81
845.9,81
846,81
846.1,80
846.2,79
846.3,78
846.4,77
846.5,76
846.6,76
846.7,77
846.8,78
846.9,79
847,81
847.1,81
847.2,82
847.3,82
847.4,81
847.5,80
847.6,79
847.7,80
847.8,81
847.9,82
848,82
848.1,82
848.2,82
848.3,81
848.4,80
848.5,79
848.6,78
848.7,79
848.8,79
848.9,80
849,80
849.1,81
849.2,81
849.3,80
849.4,80
849.5,79
849.6,79
849.7,78
849.8,77
849.9,78
850,78
850.1,76
850.2,76
850.3,75
850.4,75
850.5,74
850.6,73
850.7,73
850.8,72
850.9,73
851,75
851.1,77
851.2,79
851.3,80
851.4,80
851.5,80
851.6,79
851.7,78
851.8,77
851.9,77
852,77
852.1,78
852.2,79
852.3,79
852.4,80
852.5,79
852.6,79
852.7,78
852.8,77
852.9,79
853,80
853.1,80
853.2,82
853.3,81
853.4,81
853.5,83
853.6,87
853.7,89
853.8,90
853.9,90
854,90
854.1,89
854.2,87
854.3,86
854.4,85
854.5,84
854.6,85
854.7,85
854.8,85
854.9,85
855,85
855.1,85
855.2,86
855.3,86
855.4,85
855.5,85
855.6,83
855.7,83
855.8,82
855.9,82
856,82
856.1,83
856.2,83
856.3,84
856.4,85
856.5,84
856.6,83
856.7,82
856.8,81
856.9,82
857,82
857.1,81
857.2,81
857.3,80
857.4,80
857.5,79
857.6,78
857.7,77
857.8,76
857.9,75
858,74
858.1,74
858.2,74
858.3,74
858.4,74
858.5,74
858.6,73
858.7,72
858.8,71
858.9,70
859,72
859.1,73
859.2,75
859.3,77
859.4,79
859.5,79
859.6,78
859.7,78
859.8,77
859.9,79
860,83
860.1,91
860.2,96
860.3,99
860.4,97
860.5,98
860.6,98
860.7,98
860.8,98
860.9,97
861,96
861.1,96
861.2,95
861.3,95
861.4,95
861.5,95
861.6,97
861.7,96
861.8,95
861.9,94
862,93
862.1,92
862.2,93
862.3,95
862.4,96
862.5,97
862.6,96
862.7,95
862.8,95
862.9,94
863,94
863.1,94
863.2,96
863.3,97
863.4,98
863.5,96
863.6,96
863.7,95
863.8,95
863.9,96
864,96
864.1,98
864.2,98
864.3,97
864.4,98
864.5,96
864.6,98
864.7,99
864.8,97
864.9,96
865,96
865.1,95
865.2,94
865.3,93
865.4,95
865.5,97
865.6,99
865.7,98
865.8,95
865.9,97
866,99
866.1,99
866.2,98
866.3,97
866.4,96
866.5,95
866.6,95
866.7,96
866.8,96
866.9,95
867,94
867.1,93
867.2,93
867.3,93
867.4,94
867.5,93
867.6,92
867.7,91
867.8,91
867.9,93
868,94
868.1,96
868.2,98
868.3,99
868.4,99
868.5,98
868.6,97
868.7,96
868.8,95
868.9,95
869,96
869.1,96
869.2,95
869.3,94
869.4,93
869.5,93
869.6,93
869.7,94
869.8,93
869.9,92
870,91
870.1,91
870.2,93
870.3,94
870.4,96
870.5,98
870.6,99
870.7,89
870.8,91
870.9,92
871,93
871.1,93
871.2,91
871.3,91
871.4,91
871.5,91
871.6,91
871.7,90
871.8,89
871.9,89
872,88
872.1,88
872.2,89
872.3,89
872.4,88
872.5,87
872.6,87
872.7,88
872.8,89
872.9,89
873,90
873.1,91
873.2,91
873.3,90
873.4,90
873.5,89
873.6,88
873.7,88
873.8,88
873.9,88
874,88
874.1,88
874.2,89
874.3,89
874.4,91
874.5,93
874.6,95
874.7,95
874.8,96
874.9,97
875,97
875.1,97
875.2,97
875.3,99
875.4,99
875.5,98
875.6,97
875.7,96
875.8,95
875.9,95
876,95
876.1,94
876.2,92
876.3,92
876.4,91
876.5,90
876.6,91
876.7,90
876.8,91
876.9,91
877,90
877.1,90
877.2,90
877.3,90
877.4,90
877.5,89
877.6,90
877.7,90
877.8,89
877.9,89
878,88
878.1,87
878.2,87
878.3,86
878.4,87
878.5,88
878.6,88
878.7,87
878.8,86
878.9,86
879,85
879.1,85
879.2,85
879.3,85
879.4,85
879.5,84
879.6,83
879.7,82
879.8,82
879.9,82
880,83
880.1,83
880.2,84
880.3,83
880.4,83
880.5,82
880.6,82
880.7,82
880.8,82
880.9,83
881,83
881.1,83
881.2,82
881.3,81
881.4,81
881.5,80
881.6,81
881.7,82
881.8,83
881.9,83
882,83
882.1,83
882.2,83
882.3,83
882.4,83
882.5,83
882.6,84
882.7,84
882.8,84
882.9,82
883,82
883.1,82
883.2,82
883.3,82
883.4,83
883.5,84
883.6,84
883.7,83
883.8,83
883.9,83
884,83
884.1,82
884.2,83
884.3,84
884.4,83
884.5,82
884.6,81
884.7,81
884.8,81
884.9,81
885,81
885.1,82
885.2,82
885.3,81
885.4,81
885.5,81
885.6,81
885.7,81
885.8,82
885.9,82
886,82
886.1,82
886.2,81
886.3,80
886.4,80
886.5,80
886.6,80
886.7,80
886.8,81
886.9,82
887,81
887.1,81
887.2,82
887.3,82
887.4,81
887.5,81
887.6,81
887.7,82
887.8,81
887.9,80
888,80
888.1,79
888.2,79
888.3,79
888.4,79
888.5,80
888.6,80
888.7,78
888.8,78
888.9,78
889,77
889.1,77
889.2,77
889.3,77
889.4,77
889.5,76
889.6,76
889.7,75
889.8,75
889.9,75
890,75
890.1,76
890.2,76
890.3,75
890.4,75
890.5,74
890.6,74
890.7,73
890.8,72
890.9,71
891,71
891.1,70
891.2,69
891.3,69
891.4,69
891.5,70
891.6,71
891.7,71
891.8,72
891.9,73
892,73
892.1,73
892.2,74
892.3,74
892.4,74
892.5,74
892.6,74
892.7,73
892.8,73
892.9,72
893,70
893.1,69
893.2,69
893.3,70
893.4,70
893.5,71
893.6,72
893.7,71
893.8,71
893.9,71
894,71
894.1,71
894.2,71
894.3,71
894.4,71
894.5,71
894.6,70
894.7,69
894.8,69
894.9,69
895,70
895.1,70
895.2,70
895.3,70
895.4,69
895.5,69
895.6,69
895.7,69
895.8,69
895.9,69
896,69
896.1,68
896.2,67
896.3,67
896.4,66
896.5,66
896.6,66
896.7,67
896.8,67
896.9,66
897,65
897.1,65
897.2,65
897.3,65
897.4,65
897.5,64
897.6,65
897.7,65
897.8,64
897.9,64
898,63
898.1,62
898.2,62
898.3,61
898.4,61
898.5,61
898.6,61
898.7,60
898.8,59
898.9,59
899,59
899.1,58
899.2,59
899.3,59
899.4,59
899.5,58
899.6,58
899.7,58
899.8,57
899.9,57
900,57
900.1,57
900.2,57
900.3,56
900.4,55
900.5,55
900.6,54
900.7,54
900.8,53
900.9,53
901,52
901.1,52
901.2,51
901.3,51
901.4,50
901.5,50
901.6,50
901.7,50
901.8,50
901.9,50
902,51
902.1,52
902.2,52
902.3,52
902.4,51
902.5,51
902.6,53
902.7,55
902.8,55
902.9,55
903,55
903.1,56
903.2,53
903.3,52
903.4,52
903.5,51
903.6,51
903.7,51
903.8,50
903.9,49
904,49
904.1,49
904.2,48
904.3,48
904.4,48
904.5,47
904.6,47
904.7,46
904.8,46
904.9,45
905,45
905.1,44
905.2,44
905.3,44
905.4,44
905.5,43
905.6,43
905.7,42
905.8,42
905.9,41
906,42
906.1,41
906.2,41
906.3,40
906.4,40
906.5,39
906.6,39
906.7,39
906.8,39
906.9,39
907,39
907.1,38
907.2,38
907.3,37
907.4,37
907.5,36
907.6,37
907.7,37
907.8,37
907.9,36
908,36
908.1,36
908.2,35
908.3,35
908.4,35
908.5,35
908.6,35
908.7,34
908.8,34
908.9,34
909,33
909.1,33
909.2,33
909.3,33
909.4,33
909.5,33
909.6,32
909.7,32
909.8,32
909.9,32
910,32
910.1,32
910.2,31
910.3,31
910.4,31
910.5,31
910.6,30
910.7,30
910.8,30
910.9,30
911,30
911.1,30
911.2,30
911.3,29
911.4,29
911.5,28
911.6,28
911.7,28
911.8,28
911.9,28
912,27
912.1,28
912.2,28
912.3,27
912.4,27
912.5,27
912.6,27
912.7,27
912.8,27
912.9,27
913,27
913.1,26
913.2,26
913.3,26
913.4,26
913.5,26
913.6,26
913.7,26
913.8,26
913.9,26
914,26
914.1,26
914.2,26
914.3,26
914.4,25
914.5,25
914.6,25
914.7,25
914.8,25
914.9,25
915,25
915.1,24
915.2,24
915.3,25
915.4,25
915.5,25
915.6,25
915.7,24
915.8,24
915.9,24
916,24
916.1,24
916.2,24
916.3,24
916.4,24
916.5,24
916.6,24
916.7,23
916.8,23
916.9,23
917,23
917.1,24
917.2,24
917.3,23
917.4,23
917.5,23
917.6,23
917.7,23
917.8,23
917.9,23
918,22
918.1,22
918.2,22
918.3,22
918.4,22
918.5,22
918.6,22
918.7,22
918.8,22
918.9,22
919,22
919.1,22
919.2,22
919.3,22
919.4,22
919.5,22
919.6,22
919.7,21
919.8,21
919.9,21
920,21
920.1,21
920.2,21
920.3,21
920.4,22
920.5,22
920.6,21
920.7,22
920.8,21
920.9,21
921,21
921.1,21
921.2,21
921.3,21
921.4,21
921.5,21
921.6,21
921.7,21
921.8,21
921.9,21
922,22
922.1,22
922.2,22
922.3,22
922.4,22
922.5,22
922.6,22
922.7,22
922.8,22
922.9,22
923,22
923.1,22
923.2,22
923.3,21
923.4,21
923.5,21
923.6,22
923.7,22
923.8,23
923.9,23
924,22
924.1,22
924.2,22
924.3,22
924.4,22
924.5,22
924.6,22
924.7,22
924.8,21
924.9,22
925,21
925.1,21
925.2,21
925.3,22
925.4,22
925.5,22
925.6,22
925.7,21
925.8,21
925.9,21
926,21
926.1,21
926.2,21
926.3,21
926.4,21
926.5,20
926.6,20
926.7,20
926.8,20
926.9,20
927,21
927.1,21
927.2,21
927.3,21
927.4,21
927.5,20
927.6,21
927.7,21
927.8,21
927.9,20
928,20
928.1,20
928.2,20
928.3,20
928.4,19
928.5,20
928.6,20
928.7,20
928.8,21
928.9,21
929,20
929.1,21
929.2,21
929.3,21
929.4,20
929.5,20
929.6,20
929.7,20
929.8,20
929.9,20
930,19
930.1,19
930.2,19
930.3,20
930.4,21
930.5,20
930.6,20
930.7,20
930.8,20
930.9,20
931,20
931.1,20
931.2,21
931.3,21
931.4,21
931.5,21
931.6,21
931.7,21
931.8,21
931.9,22
932,22
932.1,23
932.2,24
932.3,24
932.4,24
932.5,23
932.6,23
932.7,23
932.8,24
932.9,24
933,25
933.1,25
933.2,25
933.3,25
933.4,25
933.5,25
933.6,26
933.7,27
933.8,28
933.9,28
934,29
934.1,29
934.2,29
934.3,28
934.4,28
934.5,29
934.6,30
934.7,30
934.8,30
934.9,31
935,31
935.1,30
935.2,32
935.3,32
935.4,34
935.5,35
935.6,36
935.7,35
935.8,35
935.9,35
936,35
936.1,36
936.2,36
936.3,37
936.4,37
936.5,38
936.6,38
936.7,38
936.8,38
936.9,38
937,40
937.1,41
937.2,41
937.3,42
937.4,41
937.5,41
937.6,41
937.7,41
937.8,41
937.9,41
938,41
938.1,41
938.2,41
938.3,41
938.4,41
938.5,41
938.6,42
938.7,43
938.8,43
938.9,44
939,43
939.1,43
939.2,42
939.3,42
939.4,42
939.5,42
939.6,42
939.7,42
939.8,42
939.9,42
940,41
940.1,41
940.2,41
940.3,42
940.4,42
940.5,42
940.6,41
940.7,41
940.8,41
940.9,40
941,40
941.1,40
941.2,39
941.3,39
941.4,38
941.5,38
941.6,38
941.7,38
941.8,37
941.9,37
942,37
942.1,37
942.2,37
942.3,36
942.4,36
942.5,35
942.6,36
942.7,35
942.8,35
942.9,34
943,34
943.1,34
943.2,34
943.3,33
943.4,33
943.5,33
943.6,32
943.7,32
943.8,32
943.9,32
944,32
944.1,32
944.2,32
944.3,32
944.4,32
944.5,32
944.6,31
944.7,31
944.8,31
944.9,31
945,31
945.1,32
945.2,32
945.3,31
945.4,31
945.5,30
945.6,30
945.7,30
945.8,31
945.9,32
946,33
946.1,32
946.2,32
946.3,32
946.4,32
946.5,32
946.6,32
946.7,33
946.8,33
946.9,33
947,33
947.1,32
947.2,32
947.3,32
947.4,32
947.5,33
947.6,34
947.7,34
947.8,34
947.9,34
948,35
948.1,35
948.2,36
948.3,36
948.4,36
948.5,36
948.6,36
948.7,35
948.8,35
948.9,36
949,36
949.1,36
949.2,37
949.3,38
949.4,38
949.5,37
949.6,37
949.7,37
949.8,37
949.9,37
950,38
950.1,38
950.2,38
950.3,38
950.4,38
950.5,37
950.6,37
950.7,37
950.8,38
950.9,39
951,40
951.1,39
951.2,39
951.3,39
951.4,39
951.5,39
951.6,38
951.7,39
951.8,39
951.9,39
952,38
952.1,38
952.2,38
952.3,38
952.4,38
952.5,38
952.6,39
952.7,39
952.8,38
952.9,37
953,38
953.1,38
953.2,37
953.3,37
953.4,38
953.5,38
953.6,37
953.7,37
953.8,36
953.9,36
954,36
954.1,35
954.2,36
954.3,36
954.4,36
954.5,35
954.6,34
954.7,35
954.8,34
954.9,34
955,34
955.1,34
955.2,34
955.3,33
955.4,33
955.5,33
955.6,32
955.7,32
955.8,32
955.9,32
956,32
956.1,32
956.2,32
956.3,31
956.4,30
956.5,30
956.6,30
956.7,30
956.8,30
956.9,30
957,30
957.1,30
957.2,29
957.3,29
957.4,29
957.5,29
957.6,29
957.7,29
957.8,28
957.9,28
958,28
958.1,28
958.2,27
958.3,27
958.4,27
958.5,27
958.6,27
958.7,27
958.8,26
958.9,27
959,27
959.1,26
959.2,26
959.3,26
959.4,26
959.5,26
959.6,25
959.7,25
959.8,25
959.9,25
960,25
960.1,24
960.2,25
960.3,25
960.4,25
960.5,25
960.6,24
960.7,24
960.8,24
960.9,24
961,24
961.1,25
961.2,24
961.3,24
961.4,24
961.5,24
961.6,23
961.7,23
961.8,23
961.9,24
962,24
962.1,24
962.2,24
962.3,24
962.4,24
962.5,24
962.6,24
962.7,23
962.8,23
962.9,23
963,23
963.1,23
963.2,23
963.3,23
963.4,22
963.5,22
963.6,22
963.7,23
963.8,23
963.9,23
964,22
964.1,22
964.2,22
964.3,22
964.4,22
964.5,22
964.6,22
964.7,22
964.8,22
964.9,21
965,21
965.1,21
965.2,22
965.3,22
965.4,22
965.5,22
965.6,22
965.7,21
965.8,21
965.9,22
966,21
966.1,21
966.2,21
966.3,21
966.4,21
966.5,20
966.6,20
966.7,20
966.8,20
966.9,21
967,21
967.1,21
967.2,21
967.3,21
967.4,20
967.5,21
967.6,21
967.7,21
967.8,21
967.9,21
968,21
968.1,20
968.2,21
968.3,20
968.4,20
968.5,20
968.6,21
968.7,21
968.8,22
968.9,22
969,21
969.1,21
969.2,21
969.3,21
969.4,21
969.5,22
969.6,22
969.7,22
969.8,22
969.9,22
970,21
970.1,21
970.2,22
970.3,23
970.4,23
970.5,24
970.6,24
970.7,24
970.8,24
970.9,23
971,23
971.1,23
971.2,24
971.3,23
971.4,23
971.5,23
971.6,23
971.7,23
971.8,23
971.9,23
972,24
972.1,24
972.2,24
972.3,24
972.4,24
972.5,24
972.6,24
972.7,24
972.8,23
972.9,23
973,23
973.1,23
973.2,23
973.3,22
973.4,22
973.5,22
973.6,22
973.7,23
973.8,22
973.9,22
974,22
974.1,22
974.2,23
974.3,22
974.4,22
974.5,22
974.6,22
974.7,22
974.8,21
974.9,21
975,21
975.1,21
975.2,21
975.3,21
975.4,22
975.5,21
975.6,21
975.7,21
975.8,21
975.9,21
976,21
976.1,21
976.2,21
976.3,21
976.4,21
976.5,21
976.6,21
976.7,20
976.8,21
976.9,21
977,22
977.1,23
977.2,22
977.3,22
977.4,22
977.5,22
977.6,22
977.7,22
977.8,22
977.9,22
978,22
978.1,22
978.2,22
978.3,21
978.4,21
978.5,21
978.6,22
978.7,22
978.8,22
978.9,22
979,22
979.1,22
979.2,21
979.3,21
979.4,22
979.5,22
979.6,22
979.7,23
979.8,22
979.9,22
980,22
980.1,23
980.2,22
980.3,24
980.4,24
980.5,23
980.6,23
980.7,23
980.8,23
980.9,23
981,23
981.1,23
981.2,23
981.3,22
981.4,23
981.5,23
981.6,22
981.7,22
981.8,23
981.9,23
982,24
982.1,24
982.2,24
982.3,24
982.4,24
982.5,24
982.6,23
982.7,23
982.8,23
982.9,23
983,23
983.1,23
983.2,22
983.3,22
983.4,22
983.5,22
983.6,23
983.7,23
983.8,23
983.9,22
984,22
984.1,22
984.2,22
984.3,22
984.4,22
984.5,22
984.6,22
984.7,22
984.8,21
984.9,21
985,21
985.1,21
985.2,21
985.3,21
985.4,21
985.5,21
985.6,20
985.7,21
985.8,21
985.9,21
986,21
986.1,21
986.2,20
986.3,20
986.4,21
986.5,21
986.6,21
986.7,22
986.8,22
986.9,21
987,21
987.1,21
987.2,21
987.3,21
987.4,22
987.5,23
987.6,23
987.7,23
987.8,23
987.9,23
988,24
988.1,24
988.2,24
988.3,24
988.4,24
988.5,24
988.6,24
988.7,24
988.8,24
988.9,24
989,23
989.1,24
989.2,25
989.3,25
989.4,24
989.5,24
989.6,24
989.7,24
989.8,24
989.9,24
990,25
990.1,25
990.2,24
990.3,24
990.4,24
990.5,24
990.6,24
990.7,24
990.8,24
990.9,25
991,25
991.1,25
991.2,24
991.3,24
991.4,24
991.5,24
991.6,24
991.7,24
991.8,24
991.9,24
992,24
992.1,23
992.2,24
992.3,23
992.4,23
992.5,24
992.6,24
992.7,24
992.8,24
992.9,23
993,24
993.1,24
993.2,25
993.3,25
993.4,26
993.5,25
993.6,25
993.7,25
993.8,25
993.9,25
994,25
994.1,26
994.2,27
994.3,27
994.4,27
994.5,27
994.6,27
994.7,27
994.8,28
994.9,28
995,28
995.1,29
995.2,29
995.3,29
995.4,28
995.5,28
995.6,28
995.7,29
995.8,30
995.9,30
996,30
996.1,30
996.2,29
996.3,29
996.4,29
996.5,30
996.6,29
996.7,30
996.8,30
996.9,29
997,29
997.1,29
997.2,29
997.3,29
997.4,30
997.5,30
997.6,30
997.7,30
997.8,30
997.9,29
998,29
998.1,29
998.2,29
998.3,30
998.4,30
998.5,29
998.6,29
998.7,29
998.8,28
998.9,28
999,28
999.1,28
999.2,29
999.3,29
999.4,28
999.5,29
999.6,28
999.7,28
999.8,27
999.9,28
1000,28
1000.1,28
1000.2,28
1000.3,27
1000.4,27
1000.5,26
1000.6,26
1000.7,26
1000.8,27
1000.9,28
1001,28
1001.1,27
1001.2,27
1001.3,27
1001.4,26
1001.5,26
1001.6,27
1001.7,27
1001.8,26
1001.9,26
1002,26
1002.1,26
1002.2,26
1002.3,26
1002.4,27
1002.5,27
1002.6,28
1002.7,28
1002.8,28
1002.9,28
1003,28
1003.1,29
1003.2,29
1003.3,30
1003.4,30
1003.5,30
1003.6,30
1003.7,30
1003.8,31
1003.9,31
1004,32
1004.1,33
1004.2,34
1004.3,35
1004.4,35
1004.5,35
1004.6,35
1004.7,36
1004.8,36
1004.9,37
1005,38
1005.1,38
1005.2,38
1005.3,38
1005.4,38
1005.5,39
1005.6,40
1005.7,40
1005.8,42
1005.9,43
1006,43
1006.1,43
1006.2,43
1006.3,44
1006.4,45
1006.5,45
1006.6,46
1006.7,47
1006.8,47
1006.9,47
1007,47
1007.1,47
1007.2,48
1007.3,49
1007.4,50
1007.5,52
1007.6,52
1007.7,53
1007.8,53
1007.9,53
1008,54
1008.1,54
1008.2,55
1008.3,56
1008.4,58
1008.5,58
1008.6,58
1008.7,58
1008.8,58
1008.9,58
1009,59
1009.1,60
1009.2,62
1009.3,62
1009.4,63
1009.5,63
1009.6,64
1009.7,64
1009.8,65
1009.9,66
1010,67
1010.1,68
1010.2,68
1010.3,67
1010.4,68
1010.5,68
1010.6,69
1010.7,70
1010.8,72
1010.9,73
1011,73
1011.1,73
1011.2,74
1011.3,75
1011.4,75
1011.5,76
1011.6,76
1011.7,78
1011.8,78
1011.9,78
1012,77
1012.1,78
1012.2,79
1012.3,80
1012.4,80
1012.5,82
1012.6,83
1012.7,84
1012.8,84
1012.9,85
1013,85
1013.1,86
1013.2,86
1013.3,88
1013.4,88
1013.5,88
1013.6,88
1013.7,88
1013.8,88
1013.9,89
1014,90
1014.1,91
1014.2,93
1014.3,93
1014.4,93
1014.5,93
1014.6,94
1014.7,94
1014.8,94
1014.9,96
1015,96
1015.1,97
1015.2,96
1015.3,96
1015.4,96
1015.5,96
1015.6,97
1015.7,98
1015.8,99
1015.9,99
1016,98
1016.1,97
1016.2,97
1016.3,97
1016.4,97
1016.5,97
1016.6,98
1016.7,97
1016.8,96
1016.9,96
1017,96
1017.1,95
1017.2,95
1017.3,94
1017.4,95
1017.5,94
1017.6,93
1017.7,92
1017.8,92
1017.9,91
1018,90
1018.1,90
1018.2,91
1018.3,91
1018.4,91
1018.5,90
1018.6,89
1018.7,89
1018.8,88
1018.9,88
1019,88
1019.1,88
1019.2,87
1019.3,86
1019.4,84
1019.5,84
1019.6,84
1019.7,83
1019.8,84
1019.9,84
1020,84
1020.1,83
1020.2,82
1020.3,82
1020.4,81
1020.5,81
1020.6,81
1020.7,81
1020.8,81
1020.9,80
1021,79
1021.1,79
1021.2,86
1021.3,86
1021.4,88
1021.5,88
1021.6,88
1021.7,88
1021.8,88
1021.9,88
1022,89
1022.1,90
1022.2,91
1022.3,93
1022.4,93
1022.5,93
1022.6,93
1022.7,94
1022.8,94
1022.9,94
1023,96
1023.1,96
1023.2,97
1023.3,96
1023.4,96
1023.5,96
1023.6,96
1023.7,97
1023.8,98
1023.9,99
1024,99
1024.1,98
1024.2,97
1024.3,97
1024.4,97
1024.5,97
1024.6,97
1024.7,98
1024.8,97
1024.9,96
1025,96
1025.1,96
1025.2,95
1025.3,95
1025.4,94
1025.5,95
1025.6,94
1025.7,93
1025.8,92
1025.9,92
1026,91
1026.1,90
1026.2,90
1026.3,91
1026.4,91
1026.5,91
1026.6,90
1026.7,89
1026.8,89
1026.9,88
1027,88
1027.1,88
1027.2,88
1027.3,87
1027.4,86
1027.5,84
1027.6,84
1027.7,84
1027.8,83
1027.9,84
1028,84
1028.1,84
1028.2,83
1028.3,82
1028.4,82
1028.5,81
1028.6,81
1028.7,81
1028.8,81
1028.9,81
1029,80
1029.1,79
1029.2,79
1029.3,82
1029.4,82
1029.5,81
1029.6,81
1029.7,71
1029.8,70
1029.9,69
1030,69
1030.1,68
1030.2,68
1030.3,67
1030.4,67
1030.5,67
1030.6,67
1030.7,68
1030.8,69
1030.9,71
1031,73
1031.1,74
1031.2,75
1031.3,78
1031.4,80
1031.5,80
1031.6,80
1031.7,79
1031.8,78
1031.9,77
1032,77
1032.1,76
1032.2,75
1032.3,74
1032.4,73
1032.5,72
1032.6,73
1032.7,72
1032.8,70
1032.9,70
1033,70
1033.1,70
1033.2,70
1033.3,69
1033.4,68
1033.5,68
1033.6,68
1033.7,67
1033.8,66
1033.9,66
1034,67
1034.1,67
1034.2,67
1034.3,66
1034.4,66
1034.5,66
1034.6,67
1034.7,66
1034.8,66
1034.9,65
1035,64
1035.1,63
1035.2,63
1035.3,64
1035.4,64
1035.5,63
1035.6,63
1035.7,62
1035.8,62
1035.9,63
1036,64
1036.1,66
1036.2,68
1036.3,69
1036.4,69
1036.5,69
1036.6,68
1036.7,67
1036.8,66
1036.9,66
1037,66
1037.1,66
1037.2,65
1037.3,66
1037.4,66
1037.5,67
1037.6,67
1037.7,67
1037.8,67
1037.9,66
1038,65
1038.1,65
1038.2,65
1038.3,66
1038.4,66
1038.5,65
1038.6,65
1038.7,64
1038.8,64
1038.9,64
1039,64
1039.1,64
1039.2,65
1039.3,64
1039.4,66
1039.5,66
1039.6,68
1039.7,68
1039.8,67
1039.9,68
1040,67
1040.1,66
1040.2,65
1040.3,66
1040.4,68
1040.5,69
1040.6,68
1040.7,69
1040.8,68
1040.9,68
1041,67
1041.1,67
1041.2,67
1041.3,68
1041.4,69
1041.5,67
1041.6,66
1041.7,65
1041.8,66
1041.9,68
1042,66
1042.1,69
1042.2,62
1042.3,63
1042.4,64
1042.5,59
1042.6,58
1042.7,52
1042.8,56
1042.9,54
1043,58
1043.1,59
1043.2,57
1043.3,56
1043.4,52
1043.5,51
1043.6,47
1043.7,47
1043.8,47
1043.9,48
1044,45
1044.1,49
1044.2,42
1044.3,45
1044.4,46
1044.5,41
1044.6,47
1044.7,45
1044.8,42
1044.9,41
1045,42
1045.1,38
1045.2,35
1045.3,32
1045.4,34
1045.5,31
1045.6,32
1045.7,32
1045.8,35
1045.9,31
1046,36
1046.1,35
1046.2,32
1046.3,31
1046.4,34
1046.5,29
1046.6,28
1046.7,28
1046.8,27
1046.9,25
1047,26
1047.1,27
1047.2,25
1047.3,24
1047.4,27
1047.5,21
1047.6,25
1047.7,24
1047.8,23
1047.9,23
1048,23
1048.1,25
1048.2,24
1048.3,26
1048.4,21
1048.5,25
1048.6,23
1048.7,24
1048.8,21
1048.9,19
1049,15
1049.1,14
1049.2,13
1049.3,12
1049.4,15
1049.5,14
1049.6,16
1049.7,11
1049.8,19
1049.9,17
1050,15
1050.1,14
1050.2,11
1050.3,8
1050.4,8
1050.5,7
1050.6,9
1050.7,11
1050.8,12
1050.9,16
1051,15
1051.1,16
1051.2,18
1051.3,20
1051.4,22
1051.5,23
1051.6,24
1051.7,21
1051.8,25
1051.9,26
1052,28
1052.1,29
1052.2,30
1052.3,28
1052.4,27
1052.5,31
1052.6,35
1052.7,36
1052.8,34
1052.9,33
1053,33
1053.1,35
1053.2,31
1053.3,38
1053.4,39
1053.5,42
1053.6,41
1053.7,45
1053.8,43
1053.9,46
1054,48
1054.1,49
1054.2,47
1054.3,50
1054.4,55
1054.5,58
1054.6,61
1054.7,62
1054.8,68
1054.9,71
1055,76
1055.1,74
1055.2,75
1055.3,88
1055.4,88
1055.5,84
1055.6,82
1055.7,81
1055.8,78
1055.9,75
1056,79
1056.1,81
1056.2,80
1056.3,84
1056.4,82
1056.5,85
1056.6,81
1056.7,86
1056.8,85
1056.9,82
1057,81
1057.1,84
1057.2,87
1057.3,85
1057.4,84
1057.5,82
1057.6,81
1057.7,83
1057.8,85
1057.9,84
1058,72
1058.1,62
1058.2,68
1058.3,71
1058.4,76
1058.5,74
1058.6,75
1058.7,88
1058.8,88
1058.9,84
1059,82
1059.1,81
1059.2,78
1059.3,75
1059.4,79
1059.5,81
1059.6,80
1059.7,84
1059.8,82
1059.9,85
1060,81
1060.1,86
1060.2,85
1060.3,82
1060.4,81
1060.5,84
1060.6,87
1060.7,85
1060.8,84
1060.9,82
1061,81
1061.1,83
1061.2,85
1061.3,84
1061.4,62
1061.5,68
1061.6,71
1061.7,76
1061.8,74
1061.9,75
1062,88
1062.1,88
1062.2,84
1062.3,82
1062.4,81
1062.5,78
1062.6,75
1062.7,79
1062.8,81
1062.9,80
1063,84
1063.1,82
1063.2,85
1063.3,81
1063.4,86
1063.5,85
1063.6,82
1063.7,81
1063.8,84
1063.9,87
1064,85
1064.1,84
1064.2,82
1064.3,81
1064.4,83
1064.5,85
1064.6,84
1064.7,99
1064.8,99
1064.9,98
1065,97
1065.1,97
1065.2,96
1065.3,95
1065.4,94
1065.5,93
1065.6,93
1065.7,93
1065.8,93
1065.9,94
1066,94
1066.1,95
1066.2,94
1066.3,93
1066.4,93
1066.5,91
1066.6,92
1066.7,92
1066.8,92
1066.9,91
1067,91
1067.1,92
1067.2,92
1067.3,92
1067.4,92
1067.5,92
1067.6,92
1067.7,90
1067.8,90
1067.9,88
1068,87
1068.1,86
1068.2,85
1068.3,84
1068.4,83
1068.5,82
1068.6,81
1068.7,81
1068.8,80
1068.9,81
1069,81
1069.1,81
1069.2,99
1069.3,99
1069.4,98
1069.5,97
1069.6,97
1069.7,96
1069.8,95
1069.9,94
1070,93
1070.1,93
1070.2,93
1070.3,93
1070.4,94
1070.5,94
1070.6,95
1070.7,94
1070.8,93
1070.9,93
1071,91
1071.1,92
1071.2,92
1071.3,92
1071.4,91
1071.5,91
1071.6,92
1071.7,92
1071.8,92
1071.9,92
1072,92
1072.1,92
1072.2,90
1072.3,90
1072.4,88
1072.5,87
1072.6,86
1072.7,85
1072.8,84
1072.9,83
1073,82
1073.1,81
1073.2,81
1073.3,80
1073.4,81
1073.5,81
1073.6,81
1073.7,99
1073.8,99
1073.9,98
1074,97
1074.1,97
1074.2,96
1074.3,95
1074.4,94
1074.5,93
1074.6,93
1074.7,93
1074.8,93
1074.9,94
1075,94
1075.1,95
1075.2,94
1075.3,93
1075.4,93
1075.5,91
1075.6,92
1075.7,92
1075.8,92
1075.9,91
1076,91
1076.1,92
1076.2,92
1076.3,92
1076.4,92
1076.5,92
1076.6,92
1076.7,90
1076.8,90
1076.9,88
1077,87
1077.1,86
1077.2,85
1077.3,84
1077.4,83
1077.5,82
1077.6,81
1077.7,81
1077.8,80
1077.9,81
1078,81
1078.1,81
1078.2,99
1078.3,99
1078.4,98
1078.5,97
1078.6,97
1078.7,96
1078.8,95
1078.9,94
1079,93
1079.1,93
1079.2,93
1079.3,93
1079.4,94
1079.5,94
1079.6,95
1079.7,94
1079.8,93
1079.9,93
1080,91
1080.1,92
1080.2,92
1080.3,92
1080.4,91
1080.5,91
1080.6,92
1080.7,92
1080.8,92
1080.9,92
1081,92
1081.1,92
1081.2,90
1081.3,90
1081.4,88
1081.5,87
1081.6,86
1081.7,85
1081.8,84
1081.9,83
1082,82
1082.1,81
1082.2,81
1082.3,80
1082.4,81
1082.5,81
1082.6,81
1082.7,94
1082.8,93
1082.9,93
1083,93
1083.1,93
1083.2,94
1083.3,94
1083.4,95
1083.5,94
1083.6,93
1083.7,93
1083.8,91
1083.9,92
1084,92
1084.1,92
1084.2,91
1084.3,91
1084.4,92
1084.5,92
1084.6,92
1084.7,92
1084.8,92
1084.9,92
1085,90
1085.1,90
1085.2,88
1085.3,87
1085.4,86
1085.5,85
1085.6,84
1085.7,83
1085.8,82
1085.9,81
1086,81
1086.1,80
1086.2,81
1086.3,81
1086.4,81
1086.5,81
1086.6,81
1086.7,81
1086.8,80
1086.9,79
1087,77
1087.1,77
1087.2,76
1087.3,75
1087.4,74
1087.5,74
1087.6,74
1087.7,74
1087.8,74
1087.9,74
1088,74
1088.1,73
1088.2,72
1088.3,71
1088.4,72
1088.5,72
1088.6,72
1088.7,72
1088.8,71
1088.9,71
1089,71
1089.1,70
1089.2,69
1089.3,70
1089.4,71
1089.5,74
1089.6,75
1089.7,74
1089.8,74
1089.9,74
1090,73
1090.1,72
1090.2,71
1090.3,71
1090.4,70
1090.5,70
1090.6,71
1090.7,72
1090.8,73
1090.9,75
1091,75
1091.1,75
1091.2,74
1091.3,73
1091.4,72
1091.5,72
1091.6,73
1091.7,73
1091.8,73
1091.9,72
1092,73
1092.1,74
1092.2,74
1092.3,74
1092.4,73
1092.5,74
1092.6,74
1092.7,74
1092.8,75
1092.9,76
1093,76
1093.1,75
1093.2,74
1093.3,73
1093.4,73
1093.5,73
1093.6,73
1093.7,73
1093.8,74
1093.9,76
1094,77
1094.1,77
1094.2,77
1094.3,77
1094.4,76
1094.5,77
1094.6,77
1094.7,77
1094.8,76
1094.9,77
1095,78
1095.1,81
1095.2,82
1095.3,82
1095.4,82
1095.5,81
1095.6,83
1095.7,83
1095.8,84
1095.9,85
1096,85
1096.1,85
1096.2,87
1096.3,89
1096.4,91
1096.5,91
1096.6,91
1096.7,90
1096.8,89
1096.9,88
1097,87
1097.1,86
1097.2,85
1097.3,84
1097.4,83
1097.5,84
1097.6,83
1097.7,82
1097.8,83
1097.9,85
1098,88
1098.1,90
1098.2,93
1098.3,94
1098.4,95
1098.5,94
1098.6,93
1098.7,92
1098.8,91
1098.9,90
1099,89
1099.1,89
1099.2,89
1099.3,89
1099.4,90
1099.5,91
1099.6,90
1099.7,89
1099.8,88
1099.9,87
1100,87
1100.1,88
1100.2,88
1100.3,87
1100.4,87
1100.5,87
1100.6,86
1100.7,86
1100.8,85
1100.9,85
1101,85
1101.1,84
1101.2,84
1101.3,85
1101.4,88
1101.5,88
1101.6,87
1101.7,85
1101.8,84
1101.9,86
1102,88
1102.1,89
1102.2,87
1102.3,85
1102.4,84
1102.5,88
1102.6,88
1102.7,85
1102.8,84
1102.9,87
1103,82
1103.1,81
1103.2,86
1103.3,89
1103.4,84
1103.5,85
1103.6,84
1103.7,85
1103.8,87
1103.9,84
1104,82
1104.1,85
1104.2,83
1104.3,79
1104.4,78
1104.5,77
1104.6,75
1104.7,73
1104.8,74
1104.9,70
1105,71
1105.1,74
1105.2,69
1105.3,64
1105.4,62
1105.5,64
1105.6,67
1105.7,60
1105.8,61
1105.9,62
1106,59
1106.1,57
1106.2,58
1106.3,55
1106.4,51
1106.5,49
1106.6,49
1106.7,48
1106.8,49
1106.9,45
1107,47
1107.1,48
1107.2,45
1107.3,44
1107.4,41
1107.5,48
1107.6,46
1107.7,48
1107.8,45
1107.9,49
1108,51
1108.1,56
1108.2,53
1108.3,57
1108.4,54
1108.5,58
1108.6,61
1108.7,65
1108.8,64
1108.9,68
1109,69
1109.1,70
1109.2,71
1109.3,75
1109.4,76
1109.5,71
1109.6,72
1109.7,73
1109.8,74
1109.9,72
1110,74
1110.1,71
1110.2,75
1110.3,74
1110.4,77
1110.5,77
1110.6,77
1110.7,75
1110.8,74
1110.9,72
1111,74
1111.1,75
1111.2,76
1111.3,74
1111.4,78
1111.5,79
1111.6,77
1111.7,71
1111.8,72
1111.9,74
1112,71
1112.1,72
1112.2,74
1112.3,71
1112.4,75
1112.5,72
1112.6,74
1112.7,71
1112.8,72
1112.9,75
1113,78
1113.1,79
1113.2,75
1113.3,76
1113.4,74
1113.5,72
1113.6,73
1113.7,74
1113.8,78
1113.9,74
1114,78
1114.1,80
1114.2,81
1114.3,82
1114.4,80
1114.5,81
1114.6,79
1114.7,78
1114.8,77
1114.9,75
1115,74
1115.1,75
1115.2,78
1115.3,79
1115.4,80
1115.5,82
1115.6,84
1115.7,81
1115.8,69
1115.9,70
1116,71
1116.1,75
1116.2,76
1116.3,71
1116.4,72
1116.5,73
1116.6,74
1116.7,72
1116.8,74
1116.9,71
1117,75
1117.1,74
1117.2,77
1117.3,77
1117.4,77
1117.5,75
1117.6,74
1117.7,72
1117.8,74
1117.9,75
1118,76
1118.1,74
1118.2,78
1118.3,79
1118.4,77
1118.5,71
1118.6,72
1118.7,74
1118.8,71
1118.9,72
1119,74
1119.1,71
1119.2,75
1119.3,72
1119.4,74
1119.5,71
1119.6,72
1119.7,75
1119.8,78
1119.9,79
1120,75
1120.1,76
1120.2,74
1120.3,72
1120.4,73
1120.5,74
1120.6,78
1120.7,74
1120.8,78
1120.9,80
1121,81
1121.1,82
1121.2,80
1121.3,81
1121.4,79
1121.5,78
1121.6,77
1121.7,75
1121.8,74
1121.9,75
1122,78
1122.1,79
1122.2,80
1122.3,82
1122.4,84
1122.5,81
1122.6,82
1122.7,82
1122.8,81
1122.9,81
1123,71
1123.1,70
1123.2,69
1123.3,69
1123.4,68
1123.5,68
1123.6,67
1123.7,67
1123.8,67
1123.9,67
1124,68
1124.1,69
1124.2,71
1124.3,73
1124.4,74
1124.5,75
1124.6,78
1124.7,80
1124.8,80
1124.9,80
1125,79
1125.1,78
1125.2,77
1125.3,77
1125.4,76
1125.5,75
1125.6,74
1125.7,73
1125.8,72
1125.9,73
1126,72
1126.1,70
1126.2,70
1126.3,70
1126.4,70
1126.5,70
1126.6,69
1126.7,68
1126.8,68
1126.9,68
1127,67
1127.1,66
1127.2,66
1127.3,67
1127.4,67
1127.5,67
1127.6,66
1127.7,66
1127.8,66
1127.9,67
1128,66
1128.1,66
1128.2,65
1128.3,64
1128.4,63
1128.5,63
1128.6,64
1128.7,64
1128.8,63
1128.9,63
1129,62
1129.1,62
1129.2,63
1129.3,64
1129.4,66
1129.5,68
1129.6,69
1129.7,69
1129.8,69
1129.9,68
1130,67
1130.1,66
1130.2,66
1130.3,66
1130.4,66
1130.5,65
1130.6,66
1130.7,66
1130.8,67
1130.9,67
1131,67
1131.1,67
1131.2,66
1131.3,65
1131.4,65
1131.5,65
1131.6,66
1131.7,66
1131.8,65
1131.9,65
1132,64
1132.1,64
1132.2,64
1132.3,64
1132.4,64
1132.5,65
1132.6,64
1132.7,66
1132.8,66
1132.9,68
1133,68
1133.1,67
1133.2,68
1133.3,67
1133.4,66
1133.5,65
1133.6,66
1133.7,68
1133.8,69
1133.9,68
1134,69
1134.1,68
1134.2,68
1134.3,67
1134.4,67
1134.5,67
1134.6,68
1134.7,69
1134.8,64
1134.9,65
1135,64
1135.1,67
1135.2,62
1135.3,58
1135.4,59
1135.5,61
1135.6,55
1135.7,52
1135.8,53
1135.9,50
1136,48
1136.1,47
1136.2,41
1136.3,45
1136.4,47
1136.5,42
1136.6,38
1136.7,39
1136.8,35
1136.9,28
1137,24
1137.1,25
1137.2,21
1137.3,25
1137.4,31
1137.5,25
1137.6,27
1137.7,28
1137.8,21
1137.9,20
1138,18
1138.1,19
1138.2,19
1138.3,19
1138.4,17
1138.5,18
1138.6,19
1138.7,15
1138.8,14
1138.9,17
1139,15
1139.1,16
1139.2,14
1139.3,18
1139.4,17
1139.5,15
1139.6,14
1139.7,13
1139.8,14
1139.9,11
1140,12
1140.1,11
1140.2,14
1140.3,18
1140.4,11
1140.5,8
1140.6,9
1140.7,7
1140.8,8
1140.9,5
1141,4
1141.1,8
1141.2,7
1141.3,5
1141.4,7
1141.5,5
1141.6,7
1141.7,4
1141.8,7
1141.9,5
1142,4
1142.1,5
1142.2,8
1142.3,5
1142.4,2
1142.5,4
1142.6,7
1142.7,5
1142.8,2
1142.9,5
1143,3
1143.1,2
1143.2,4
1143.3,6
1143.4,5
1143.5,2
1143.6,4
1143.7,5
1143.8,2
1143.9,4
1144,5
1144.1,2
1144.2,1
1144.3,4
1144.4,2
1144.5,5
1144.6,1
1144.7,4
1144.8,5
1144.9,2
1145,4
1145.1,5
1145.2,2
1145.3,2
1145.4,1
1145.5,2
1145.6,4
1145.7,5
1145.8,3
1145.9,2
1146,5
1146.1,4
1146.2,1
1146.3,2
1146.4,5
1146.5,4
1146.6,1
1146.7,2
1146.8,5
1146.9,2
1147,4
1147.1,1
1147.2,2
1147.3,3
1147.4,2
1147.5,5
1147.6,4
1147.7,1
1147.8,6
1147.9,8
1148,9
1148.1,8
1148.2,6
1148.3,8
1148.4,11
1148.5,14
1148.6,12
1148.7,11
1148.8,9
1148.9,6
1149,2
1149.1,3
1149.2,5
1149.3,4
1149.4,7
1149.5,5
1149.6,2
1149.7,3
1149.8,11
1149.9,15
1150,13
1150.1,16
1150.2,19
1150.3,17
1150.4,15
1150.5,12
1150.6,13
1150.7,15
1150.8,18
1150.9,15
1151,12
1151.1,11
1151.2,8
1151.3,4
1151.4,3
1151.5,1
1151.6,4
1151.7,7
1151.8,5
1151.9,4
1152,6
1152.1,9
1152.2,8
1152.3,7
1152.4,4
1152.5,11
1152.6,9
1152.7,7
1152.8,6
1152.9,5
1153,1
1153.1,2
1153.2,1
1153.3,2
1153.4,3
1153.5,5
1153.6,5
1153.7,5
1153.8,4
1153.9,4
1154,3
1154.1,2
1154.2,1
1154.3,0
1154.4,2
1154.5,3
1154.6,4
1154.7,5
1154.8,2
1154.9,1
1155,5
1155.1,6
1155.2,4
1155.3,8
1155.4,9
1155.5,7
1155.6,11
1155.7,12
1155.8,15
1155.9,14
1156,16
1156.1,25
1156.2,25
1156.3,26
1156.4,24
1156.5,25
1156.6,28
1156.7,24
1156.8,26
1156.9,28
1157,29
1157.1,30
1157.2,33
1157.3,35
1157.4,35
1157.5,42
1157.6,45
1157.7,48
1157.8,55
1157.9,51
1158,50
1158.1,49
1158.2,55
1158.3,52
1158.4,58
1158.5,60
1158.6,62
1158.7,65
1158.8,68
1158.9,70
1159,74
1159.1,72
1159.2,71
1159.3,75
1159.4,80
1159.5,79
1159.6,75
1159.7,81
1159.8,85
1159.9,79
1160,80
1160.1,82
1160.2,85
1160.3,86
1160.4,90
1160.5,91
1160.6,92
1160.7,93
1160.8,95
1160.9,94
1161,93
1161.1,98
1161.2,91
1161.3,97
1161.4,98
1161.5,95
1161.6,89
1161.7,84
1161.8,85
1161.9,86
1162,84
1162.1,90
1162.2,91
1162.3,53
1162.4,52
1162.5,52
1162.6,51
1162.7,51
1162.8,51
1162.9,50
1163,49
1163.1,49
1163.2,49
1163.3,48
1163.4,48
1163.5,48
1163.6,47
1163.7,47
1163.8,46
1163.9,46
1164,45
1164.1,45
1164.2,44
1164.3,44
1164.4,44
1164.5,44
1164.6,43
1164.7,43
1164.8,42
1164.9,42
1165,41
1165.1,42
1165.2,41
1165.3,41
1165.4,40
1165.5,40
1165.6,39
1165.7,39
1165.8,39
1165.9,39
1166,39
1166.1,39
1166.2,38
1166.3,38
1166.4,37
1166.5,37
1166.6,36
1166.7,37
1166.8,37
1166.9,37
1167,36
1167.1,36
1167.2,36
1167.3,35
1167.4,35
1167.5,35
1167.6,35
1167.7,35
1167.8,34
1167.9,34
1168,34
1168.1,33
1168.2,33
1168.3,33
1168.4,33
1168.5,33
1168.6,33
1168.7,32
1168.8,32
1168.9,32
1169,32
1169.1,32
1169.2,32
1169.3,31
1169.4,31
1169.5,31
1169.6,31
1169.7,30
1169.8,30
1169.9,30
1170,30
1170.1,30
1170.2,30
1170.3,30
1170.4,29
1170.5,29
1170.6,28
1170.7,28
1170.8,28
1170.9,28
1171,28
1171.1,27
1171.2,28
1171.3,28
1171.4,27
1171.5,27
1171.6,27
1171.7,27
1171.8,27
1171.9,27
1172,27
1172.1,27
1172.2,26
1172.3,26
1172.4,26
1172.5,26
1172.6,26
1172.7,26
1172.8,26
1172.9,26
1173,26
1173.1,26
1173.2,26
1173.3,26
1173.4,26
1173.5,25
1173.6,25
1173.7,25
1173.8,25
1173.9,25
1174,25
1174.1,25
1174.2,24
1174.3,24
1174.4,25
1174.5,25
1174.6,25
1174.7,25
1174.8,24
1174.9,24
1175,24
1175.1,24
1175.2,24
1175.3,24
1175.4,24
1175.5,24
1175.6,24
1175.7,24
1175.8,23
1175.9,23
1176,23
1176.1,23
1176.2,24
1176.3,24
1176.4,23
1176.5,23
1176.6,23
1176.7,23
1176.8,23
1176.9,23
1177,23
1177.1,22
1177.2,22
1177.3,22
1177.4,22
1177.5,22
1177.6,22
1177.7,22
1177.8,22
1177.9,22
1178,22
1178.1,22
1178.2,22
1178.3,22
1178.4,22
1178.5,22
1178.6,22
1178.7,22
1178.8,21
1178.9,21
1179,21
1179.1,21
1179.2,21
1179.3,21
1179.4,21
1179.5,22
1179.6,22
1179.7,21
1179.8,22
1179.9,21
1180,21
1180.1,21
1180.2,21
1180.3,21
1180.4,21
1180.5,21
1180.6,21
1180.7,21
1180.8,21
1180.9,21
1181,21
1181.1,22
1181.2,22
1181.3,22
1181.4,22
1181.5,22
1181.6,22
1181.7,22
1181.8,22
1181.9,22
1182,22
1182.1,22
1182.2,22
1182.3,22
1182.4,21
1182.5,21
1182.6,21
1182.7,22
1182.8,22
1182.9,23
1183,23
1183.1,22
1183.2,22
1183.3,22
1183.4,22
1183.5,22
1183.6,22
1183.7,22
1183.8,22
1183.9,21
1184,22
1184.1,21
1184.2,21
1184.3,21
1184.4,22
1184.5,22
1184.6,22
1184.7,22
1184.8,21
1184.9,21
1185,21
1185.1,21
1185.2,21
1185.3,21
1185.4,21
1185.5,21
1185.6,20
1185.7,20
1185.8,20
1185.9,20
1186,20
1186.1,21
1186.2,21
1186.3,21
1186.4,21
1186.5,21
1186.6,20
1186.7,21
1186.8,21
1186.9,21
1187,20
1187.1,20
1187.2,20
1187.3,20
1187.4,20
1187.5,19
1187.6,20
1187.7,20
1187.8,20
1187.9,21
1188,21
1188.1,20
1188.2,21
1188.3,21
1188.4,21
1188.5,20
1188.6,20
1188.7,20
1188.8,20
1188.9,20
1189,20
1189.1,19
1189.2,19
1189.3,19
1189.4,20
1189.5,21
1189.6,20
1189.7,20
1189.8,20
1189.9,20
1190,20
1190.1,20
1190.2,20
1190.3,21
1190.4,21
1190.5,21
1190.6,21
1190.7,21
1190.8,21
1190.9,21
1191,22
1191.1,22
1191.2,23
1191.3,24
1191.4,24
1191.5,24
1191.6,23
1191.7,23
1191.8,23
1191.9,24
1192,24
1192.1,25
1192.2,25
1192.3,25
1192.4,25
1192.5,25
1192.6,25
1192.7,26
1192.8,27
1192.9,28
1193,28
1193.1,29
1193.2,29
1193.3,29
1193.4,28
1193.5,28
1193.6,29
1193.7,30
1193.8,30
1193.9,30
1194,31
1194.1,31
1194.2,30
1194.3,32
1194.4,32
1194.5,34
1194.6,35
1194.7,36
1194.8,35
1194.9,35
1195,35
1195.1,35
1195.2,36
1195.3,36
1195.4,37
1195.5,37
1195.6,38
1195.7,38
1195.8,38
1195.9,38
1196,38
1196.1,40
1196.2,41
1196.3,41
1196.4,42
1196.5,41
1196.6,41
1196.7,41
1196.8,41
1196.9,41
1197,41
1197.1,41
1197.2,41
1197.3,41
1197.4,41
1197.5,41
1197.6,41
1197.7,42
1197.8,43
1197.9,43
1198,44
1198.1,43
1198.2,43
1198.3,42
1198.4,42
1198.5,42
1198.6,42
1198.7,42
1198.8,42
1198.9,42
1199,42
1199.1,41
1199.2,41
1199.3,41
1199.4,42
1199.5,42
1199.6,42
1199.7,41
1199.8,41
1199.9,41
1200,40
1200.1,40
1200.2,40
1200.3,39
1200.4,39
1200.5,38
1200.6,38
1200.7,38
1200.8,38
1200.9,37
1201,37
1201.1,37
1201.2,37
1201.3,37
1201.4,36
1201.5,36
1201.6,35
1201.7,36
1201.8,35
1201.9,35
1202,34
1202.1,34
1202.2,34
1202.3,34
1202.4,33
1202.5,33
1202.6,33
1202.7,32
1202.8,32
1202.9,32
1203,32
1203.1,32
1203.2,32
1203.3,32
1203.4,32
1203.5,32
1203.6,32
1203.7,31
1203.8,31
1203.9,31
1204,31
1204.1,31
1204.2,32
1204.3,32
1204.4,31
1204.5,31
1204.6,30
1204.7,30
1204.8,30
1204.9,31
1205,32
1205.1,33
1205.2,32
1205.3,32
1205.4,32
1205.5,32
1205.6,32
1205.7,32
1205.8,33
1205.9,33
1206,33
1206.1,33
1206.2,32
1206.3,32
1206.4,32
1206.5,32
1206.6,33
1206.7,34
1206.8,34
1206.9,34
1207,34
1207.1,35
1207.2,35
1207.3,36
1207.4,36
1207.5,36
1207.6,36
1207.7,36
1207.8,35
1207.9,35
1208,36
1208.1,36
1208.2,36
1208.3,37
1208.4,38
1208.5,38
1208.6,37
1208.7,37
1208.8,37
1208.9,37
1209,37
1209.1,38
1209.2,38
1209.3,38
1209.4,38
1209.5,38
1209.6,37
1209.7,37
1209.8,37
1209.9,38
1210,39
1210.1,40
1210.2,39
1210.3,39
1210.4,39
1210.5,39
1210.6,39
1210.7,38
1210.8,39
1210.9,39
1211,39
1211.1,38
1211.2,38
1211.3,38
1211.4,38
1211.5,38
1211.6,38
1211.7,39
1211.8,39
1211.9,38
1212,37
1212.1,38
1212.2,38
1212.3,37
1212.4,37
1212.5,38
1212.6,38
1212.7,37
1212.8,37
1212.9,36
1213,36
1213.1,36
1213.2,35
1213.3,36
1213.4,36
1213.5,36
1213.6,35
1213.7,34
1213.8,35
1213.9,34
1214,34
1214.1,34
1214.2,34
1214.3,34
1214.4,33
1214.5,33
1214.6,33
1214.7,32
1214.8,32
1214.9,32
1215,32
1215.1,32
1215.2,32
1215.3,32
1215.4,31
1215.5,30
1215.6,30
1215.7,30
1215.8,30
1215.9,30
1216,30
1216.1,30
1216.2,30
1216.3,29
1216.4,29
1216.5,29
1216.6,29
1216.7,29
1216.8,29
1216.9,28
1217,28
1217.1,28
1217.2,28
1217.3,27
1217.4,27
1217.5,27
1217.6,27
1217.7,27
1217.8,27
1217.9,26
1218,27
1218.1,27
1218.2,26
1218.3,26
1218.4,26
1218.5,26
1218.6,26
1218.7,25
1218.8,25
1218.9,25
1219,25
1219.1,25
1219.2,24
1219.3,25
1219.4,25
1219.5,25
1219.6,25
1219.7,24
1219.8,24
1219.9,24
1220,24
1220.1,24
1220.2,25
1220.3,24
1220.4,24
1220.5,24
1220.6,24
1220.7,23
1220.8,23
1220.9,23
1221,24
1221.1,24
1221.2,24
1221.3,24
1221.4,24
1221.5,24
1221.6,24
1221.7,24
1221.8,23
1221.9,23
1222,23
1222.1,23
1222.2,23
1222.3,23
1222.4,23
1222.5,22
1222.6,22
1222.7,22
1222.8,23
1222.9,23
1223,23
1223.1,22
1223.2,22
1223.3,22
1223.4,22
1223.5,22
1223.6,22
1223.7,22
1223.8,22
1223.9,22
1224,21
1224.1,21
1224.2,21
1224.3,22
1224.4,22
1224.5,22
1224.6,22
1224.7,22
1224.8,21
1224.9,21
1225,22
1225.1,21
1225.2,21
1225.3,21
1225.4,21
1225.5,21
1225.6,20
1225.7,20
1225.8,20
1225.9,20
1226,21
1226.1,21
1226.2,21
1226.3,21
1226.4,21
1226.5,20
1226.6,21
1226.7,21
1226.8,21
1226.9,21
1227,21
1227.1,21
1227.2,20
1227.3,21
1227.4,20
1227.5,20
1227.6,20
1227.7,21
1227.8,21
1227.9,22
1228,22
1228.1,21
1228.2,21
1228.3,21
1228.4,21
1228.5,21
1228.6,22
1228.7,22
1228.8,22
1228.9,22
1229,22
1229.1,21
1229.2,21
1229.3,22
1229.4,23
1229.5,23
1229.6,24
1229.7,24
1229.8,24
1229.9,24
1230,23
1230.1,23
1230.2,23
1230.3,24
1230.4,23
1230.5,23
1230.6,23
1230.7,23
1230.8,23
1230.9,23
1231,23
1231.1,24
1231.2,24
1231.3,24
1231.4,24
1231.5,24
1231.6,24
1231.7,24
1231.8,24
1231.9,23
1232,23
1232.1,23
1232.2,23
1232.3,23
1232.4,22
1232.5,22
1232.6,22
1232.7,22
1232.8,23
1232.9,22
1233,22
1233.1,22
1233.2,22
1233.3,23
1233.4,22
1233.5,22
1233.6,22
1233.7,22
1233.8,22
1233.9,21
1234,21
1234.1,21
1234.2,21
1234.3,21
1234.4,21
1234.5,22
1234.6,21
1234.7,21
1234.8,21
1234.9,21
1235,21
1235.1,21
1235.2,21
1235.3,21
1235.4,21
1235.5,21
1235.6,21
1235.7,21
1235.8,20
1235.9,21
1236,21
1236.1,22
1236.2,23
1236.3,22
1236.4,22
1236.5,22
1236.6,22
1236.7,22
1236.8,22
1236.9,22
1237,22
1237.1,22
1237.2,22
1237.3,22
1237.4,21
1237.5,21
1237.6,21
1237.7,22
1237.8,22
1237.9,22
1238,22
1238.1,22
1238.2,22
1238.3,21
1238.4,21
1238.5,22
1238.6,22
1238.7,22
1238.8,23
1238.9,22
1239,22
1239.1,22
1239.2,23
1239.3,22
1239.4,24
1239.5,24
1239.6,23
1239.7,23
1239.8,23
1239.9,23
1240,23
1240.1,23
1240.2,23
1240.3,23
1240.4,22
1240.5,23
1240.6,23
1240.7,22
1240.8,22
1240.9,23
1241,23
1241.1,24
1241.2,24
1241.3,24
1241.4,24
1241.5,24
1241.6,24
1241.7,23
1241.8,23
1241.9,23
1242,23
1242.1,23
1242.2,23
1242.3,22
1242.4,22
1242.5,22
1242.6,22
1242.7,23
1242.8,23
1242.9,23
1243,22
1243.1,22
1243.2,22
1243.3,22
1243.4,22
1243.5,22
1243.6,22
1243.7,22
1243.8,22
1243.9,21
1244,21
1244.1,21
1244.2,21
1244.3,21
1244.4,21
1244.5,21
1244.6,21
1244.7,20
1244.8,21
1244.9,21
1245,21
1245.1,21
1245.2,21
1245.3,20
1245.4,20
1245.5,21
1245.6,21
1245.7,21
1245.8,22
1245.9,22
1246,21
1246.1,21
1246.2,21
1246.3,21
1246.4,21
1246.5,22
1246.6,23
1246.7,23
1246.8,23
1246.9,23
1247,23
1247.1,24
1247.2,24
1247.3,24
1247.4,24
1247.5,24
1247.6,24
1247.7,24
1247.8,24
1247.9,24
1248,24
1248.1,23
1248.2,24
1248.3,25
1248.4,25
1248.5,24
1248.6,24
1248.7,24
1248.8,24
1248.9,24
1249,24
1249.1,25
1249.2,25
1249.3,24
1249.4,24
1249.5,24
1249.6,24
1249.7,24
1249.8,24
1249.9,24
1250,25
1250.1,25
1250.2,25
1250.3,24
1250.4,24
1250.5,24
1250.6,24
1250.7,24
1250.8,24
1250.9,24
1251,24
1251.1,24
1251.2,23
1251.3,24
1251.4,23
1251.5,23
1251.6,24
1251.7,24
1251.8,24
1251.9,24
1252,23
1252.1,24
1252.2,24
1252.3,25
1252.4,25
1252.5,26
1252.6,25
1252.7,25
1252.8,25
1252.9,25
1253,25
1253.1,25
1253.2,26
1253.3,27
1253.4,27
1253.5,27
1253.6,27
1253.7,27
1253.8,27
1253.9,28
1254,28
1254.1,28
1254.2,29
1254.3,29
1254.4,29
1254.5,28
1254.6,28
1254.7,28
1254.8,29
1254.9,30
1255,30
1255.1,30
1255.2,30
1255.3,29
1255.4,29
1255.5,29
1255.6,30
1255.7,29
1255.8,30
1255.9,30
1256,29
1256.1,29
1256.2,29
1256.3,29
1256.4,29
1256.5,30
1256.6,30
1256.7,30
1256.8,30
1256.9,30
1257,29
1257.1,29
1257.2,29
1257.3,29
1257.4,30
1257.5,30
1257.6,29
1257.7,29
1257.8,29
1257.9,28
1258,28
1258.1,28
1258.2,28
1258.3,29
1258.4,29
1258.5,28
1258.6,29
1258.7,28
1258.8,28
1258.9,27
1259,28
1259.1,28
1259.2,28
1259.3,28
1259.4,27
1259.5,27
1259.6,26
1259.7,26
1259.8,26
1259.9,27
1260,28
1260.1,28
1260.2,27
1260.3,27
1260.4,27
1260.5,26
1260.6,26
1260.7,27
1260.8,27
1260.9,26
1261,26
1261.1,26
1261.2,26
1261.3,26
1261.4,26
1261.5,27
1261.6,27
1261.7,28
1261.8,28
1261.9,28
1262,28
1262.1,28
1262.2,29
1262.3,29
1262.4,30
1262.5,30
1262.6,30
1262.7,30
1262.8,30
1262.9,31
1263,31
1263.1,32
1263.2,33
1263.3,34
1263.4,35
1263.5,35
1263.6,35
1263.7,35
1263.8,36
1263.9,36
1264,37
1264.1,38
1264.2,38
1264.3,38
1264.4,38
1264.5,38
1264.6,39
1264.7,40
1264.8,40
1264.9,42
1265,43
1265.1,43
1265.2,43
1265.3,43
1265.4,44
1265.5,45
1265.6,45
1265.7,46
1265.8,47
1265.9,47
1266,47
1266.1,47
1266.2,47
1266.3,48
1266.4,49
1266.5,50
1266.6,52
1266.7,52
1266.8,53
1266.9,53
1267,53
1267.1,54
1267.2,54
1267.3,55
1267.4,56
1267.5,58
1267.6,58
1267.7,58
1267.8,58
1267.9,58
1268,58
1268.1,59
1268.2,60
1268.3,62
1268.4,62
1268.5,63
1268.6,63
1268.7,64
1268.8,64
1268.9,65
1269,66
1269.1,67
1269.2,68
1269.3,68
1269.4,67
1269.5,68
1269.6,68
1269.7,69
1269.8,70
1269.9,72
1270,73
1270.1,73
1270.2,73
1270.3,74
1270.4,75
1270.5,75
1270.6,76
1270.7,76
1270.8,78
1270.9,78
1271,78
1271.1,77
1271.2,78
1271.3,79
1271.4,80
1271.5,80
1271.6,82
1271.7,83
1271.8,84
1271.9,84
1272,85
1272.1,85
1272.2,86
1272.3,86
1272.4,88
1272.5,88
1272.6,88
1272.7,88
1272.8,88
1272.9,88
1273,89
1273.1,90
1273.2,91
1273.3,93
1273.4,93
1273.5,93
1273.6,93
1273.7,94
1273.8,94
1273.9,94
1274,96
1274.1,96
1274.2,97
1274.3,96
1274.4,96
1274.5,96
1274.6,96
1274.7,97
1274.8,98
1274.9,99
1275,99
1275.1,98
1275.2,97
1275.3,97
1275.4,97
1275.5,97
1275.6,97
1275.7,98
1275.8,97
1275.9,96
1276,96
1276.1,96
1276.2,95
1276.3,95
1276.4,94
1276.5,95
1276.6,94
1276.7,93
1276.8,92
1276.9,92
1277,91
1277.1,90
1277.2,90
1277.3,91
1277.4,91
1277.5,91
1277.6,90
1277.7,89
1277.8,89
1277.9,88
1278,88
1278.1,88
1278.2,88
1278.3,87
1278.4,86
1278.5,84
1278.6,84
1278.7,84
1278.8,83
1278.9,84
1279,84
1279.1,84
1279.2,83
1279.3,82
1279.4,82
1279.5,81
1279.6,81
1279.7,81
1279.8,81
1279.9,81
1280,80
1280.1,79
1280.2,79
1280.3,86
1280.4,86
1280.5,88
1280.6,88
1280.7,88
1280.8,88
1280.9,88
1281,88
1281.1,89
1281.2,90
1281.3,91
1281.4,93
1281.5,93
1281.6,93
1281.7,93
1281.8,94
1281.9,94
1282,94
1282.1,96
1282.2,96
1282.3,97
1282.4,96
1282.5,96
1282.6,96
1282.7,96
1282.8,97
1282.9,98
1283,99
1283.1,99
1283.2,98
1283.3,97
1283.4,97
1283.5,97
1283.6,97
1283.7,97
1283.8,98
1283.9,97
1284,96
1284.1,96
1284.2,96
1284.3,95
1284.4,95
1284.5,94
1284.6,95
1284.7,94
1284.8,93
1284.9,92
1285,92
1285.1,91
1285.2,90
1285.3,90
1285.4,91
1285.5,91
1285.6,91
1285.7,90
1285.8,89
1285.9,89
1286,88
1286.1,88
1286.2,88
1286.3,88
1286.4,87
1286.5,86
1286.6,84
1286.7,84
1286.8,84
1286.9,83
1287,84
1287.1,84
1287.2,84
1287.3,83
1287.4,82
1287.5,82
1287.6,81
1287.7,81
1287.8,81
1287.9,81
1288,81
1288.1,80
1288.2,79
1288.3,79
1288.4,82
1288.5,82
1288.6,81
1288.7,81
1288.8,81
1288.9,81
1289,81
1289.1,80
1289.2,79
1289.3,79
1289.4,82
1289.5,82
1289.6,81
1289.7,81
1289.8,81
1289.9,81
1290,81
1290.1,80
1290.2,79
1290.3,79
1290.4,82
1290.5,82
1290.6,81
1290.7,81
1290.8,81
1290.9,81
1291,81
1291.1,80
1291.2,79
1291.3,79
1291.4,97
1291.5,97
1291.6,98
1291.7,97
1291.8,96
1291.9,96
1292,96
1292.1,95
1292.2,95
1292.3,94
1292.4,95
1292.5,94
1292.6,93
1292.7,92
1292.8,92
1292.9,91
1293,90
1293.1,90
1293.2,91
1293.3,91
1293.4,91
1293.5,90
1293.6,89
1293.7,89
1293.8,88
1293.9,88
1294,88
1294.1,88
1294.2,87
1294.3,86
1294.4,84
1294.5,84
1294.6,84
1294.7,83
1294.8,84
1294.9,84
1295,84
1295.1,83
1295.2,82
1295.3,82
1295.4,81
1295.5,81
1295.6,81
1295.7,81
1295.8,81
1295.9,80
1296,79
1296.1,79
1296.2,78
1296.3,78
1296.4,78
1296.5,79
1296.6,80
1296.7,80
1296.8,80
1296.9,80
1297,80
1297.1,80
1297.2,80
1297.3,80
1297.4,80
1297.5,81
1297.6,80
1297.7,79
1297.8,79
1297.9,80
1298,80
1298.1,80
1298.2,82
1298.3,82
1298.4,82
1298.5,82
1298.6,82
1298.7,83
1298.8,83
1298.9,83
1299,84
1299.1,85
1299.2,85
1299.3,84
1299.4,84
1299.5,84
1299.6,84
1299.7,85
1299.8,86
1299.9,87
1300,88
1300.1,87
1300.2,87
1300.3,87
1300.4,88
1300.5,88
1300.6,88
1300.7,88
1300.8,88
1300.9,88
1301,87
1301.1,87
1301.2,87
1301.3,87
1301.4,87
1301.5,88
1301.6,89
1301.7,89
1301.8,89
1301.9,88
1302,89
1302.1,89
1302.2,89
1302.3,89
1302.4,89
1302.5,89
1302.6,88
1302.7,87
1302.8,87
1302.9,86
1303,86
1303.1,86
1303.2,87
1303.3,88
1303.4,88
1303.5,87
1303.6,87
1303.7,87
1303.8,86
1303.9,86
1304,86
1304.1,86
1304.2,86
1304.3,85
1304.4,85
1304.5,84
1304.6,84
1304.7,85
1304.8,84
1304.9,86
1305,86
1305.1,85
1305.2,85
1305.3,85
1305.4,85
1305.5,85
1305.6,85
1305.7,85
1305.8,85
1305.9,84
1306,83
1306.1,83
1306.2,83
1306.3,83
1306.4,83
1306.5,84
1306.6,85
1306.7,85
1306.8,84
1306.9,84
1307,84
1307.1,84
1307.2,85
1307.3,85
1307.4,85
1307.5,85
1307.6,85
1307.7,84
1307.8,84
1307.9,85
1308,85
1308.1,86
1308.2,87
1308.3,87
1308.4,87
1308.5,87
1308.6,87
1308.7,87
1308.8,87
1308.9,88
1309,88
1309.1,89
1309.2,88
1309.3,87
1309.4,87
1309.5,87
1309.6,87
1309.7,86
1309.8,87
1309.9,88
1310,88
1310.1,88
1310.2,88
1310.3,88
1310.4,88
1310.5,88
1310.6,87
1310.7,88
1310.8,88
1310.9,87
1311,86
1311.1,86
1311.2,86
1311.3,86
1311.4,87
1311.5,88
1311.6,88
1311.7,88
1311.8,88
1311.9,88
1312,87
1312.1,87
1312.2,87
1312.3,87
1312.4,87
1312.5,87
1312.6,86
1312.7,85
1312.8,85
1312.9,85
1313,85
1313.1,85
1313.2,86
1313.3,86
1313.4,86
1313.5,85
1313.6,85
1313.7,85
1313.8,85
1313.9,85
1314,86
1314.1,86
1314.2,85
1314.3,84
1314.4,83
1314.5,83
1314.6,83
1314.7,83
1314.8,84
1314.9,85
1315,85
1315.1,85
1315.2,84
1315.3,84
1315.4,84
1315.5,83
1315.6,84
1315.7,84
1315.8,84
1315.9,83
1316,83
1316.1,82
1316.2,83
1316.3,82
1316.4,83
1316.5,83
1316.6,83
1316.7,83
1316.8,82
1316.9,81
1317,81
1317.1,80
1317.2,80
1317.3,80
1317.4,80
1317.5,80
1317.6,78
1317.7,77
1317.8,77
1317.9,76
1318,76
1318.1,77
1318.2,77
1318.3,77
1318.4,77
1318.5,76
1318.6,76
1318.7,76
1318.8,75
1318.9,75
1319,74
1319.1,74
1319.2,73
1319.3,72
1319.4,71
1319.5,71
1319.6,71
1319.7,71
1319.8,71
1319.9,71
1320,70
1320.1,70
1320.2,69
1320.3,69
1320.4,68
1320.5,68
1320.6,68
1320.7,68
1320.8,67
1320.9,66
1321,65
1321.1,64
1321.2,64
1321.3,64
1321.4,63
1321.5,64
1321.6,64
1321.7,63
1321.8,62
1321.9,61
1322,61
1322.1,61
1322.2,60
1322.3,60
1322.4,59
1322.5,59
1322.6,58
1322.7,58
1322.8,57
1322.9,57
1323,56
1323.1,56
1323.2,57
1323.3,56
1323.4,56
1323.5,55
1323.6,54
1323.7,53
1323.8,53
1323.9,53
1324,52
1324.1,52
1324.2,52
1324.3,51
1324.4,51
1324.5,50
1324.6,50
1324.7,50
1324.8,50
1324.9,49
1325,49
1325.1,49
1325.2,48
1325.3,48
1325.4,47
1325.5,47
1325.6,47
1325.7,47
1325.8,46
1325.9,46
1326,45
1326.1,45
1326.2,44
1326.3,44
1326.4,44
1326.5,45
1326.6,45
1326.7,45
1326.8,45
1326.9,44
1327,43
1327.1,43
1327.2,43
1327.3,42
1327.4,43
1327.5,42
1327.6,42
1327.7,41
1327.8,41
1327.9,40
1328,40
1328.1,40
1328.2,40
1328.3,40
1328.4,39
1328.5,39
1328.6,38
1328.7,38
1328.8,38
1328.9,38
1329,38
1329.1,38
1329.2,37
1329.3,37
1329.4,37
1329.5,36
1329.6,36
1329.7,36
1329.8,36
1329.9,37
1330,36
1330.1,36
1330.2,36
1330.3,35
1330.4,36
1330.5,35
1330.6,35
1330.7,36
1330.8,35
1330.9,35
1331,35
1331.1,34
1331.2,34
1331.3,33
1331.4,34
1331.5,34
1331.6,35
1331.7,35
1331.8,34
1331.9,34
1332,34
1332.1,33
1332.2,33
1332.3,34
1332.4,34
1332.5,33
1332.6,33
1332.7,32
1332.8,32
1332.9,32
1333,32
1333.1,32
1333.2,33
1333.3,33
1333.4,32
1333.5,32
1333.6,32
1333.7,32
1333.8,32
1333.9,31
1334,31
1334.1,31
1334.2,31
1334.3,30
1334.4,30
1334.5,30
1334.6,30
1334.7,30
1334.8,30
1334.9,31
1335,30
1335.1,30
1335.2,30
1335.3,30
1335.4,29
1335.5,29
1335.6,29
1335.7,29
1335.8,29
1335.9,29
1336,29
1336.1,28
1336.2,28
1336.3,28
1336.4,28
1336.5,29
1336.6,29
1336.7,28
1336.8,28
1336.9,28
1337,28
1337.1,28
1337.2,28
1337.3,29
1337.4,29
1337.5,29
1337.6,28
1337.7,28
1337.8,28
1337.9,28
1338,28
1338.1,28
1338.2,29
1338.3,29
1338.4,29
1338.5,28
1338.6,28
1338.7,28
1338.8,28
1338.9,28
1339,28
1339.1,28
1339.2,28
1339.3,27
1339.4,27
1339.5,27
1339.6,27
1339.7,27
1339.8,27
1339.9,28
1340,28
1340.1,27
1340.2,27
1340.3,27
1340.4,27
1340.5,27
1340.6,27
1340.7,28
1340.8,28
1340.9,27
1341,27
1341.1,27
1341.2,27
1341.3,27
1341.4,26
1341.5,28
1341.6,28
1341.7,28
1341.8,28
1341.9,28
1342,28
1342.1,27
1342.2,27
1342.3,28
1342.4,28
1342.5,27
1342.6,27
1342.7,27
1342.8,26
1342.9,26
1343,26
1343.1,27
1343.2,27
1343.3,27
1343.4,27
1343.5,27
1343.6,26
1343.7,26
1343.8,26
1343.9,26
1344,26
1344.1,25
1344.2,25
1344.3,25
1344.4,25
1344.5,25
1344.6,25
1344.7,24
1344.8,25
1344.9,25
1345,24
1345.1,24
1345.2,24
1345.3,24
1345.4,23
1345.5,23
1345.6,23
1345.7,23
1345.8,23
1345.9,24
1346,24
1346.1,24
1346.2,24
1346.3,24
1346.4,23
1346.5,23
1346.6,23
1346.7,23
1346.8,23
1346.9,23
1347,23
1347.1,23
1347.2,22
1347.3,22
1347.4,23
1347.5,23
1347.6,23
1347.7,24
1347.8,24
1347.9,24
1348,24
1348.1,24
1348.2,24
1348.3,24
1348.4,24
1348.5,24
1348.6,24
1348.7,25
1348.8,25
1348.9,24
1349,24
1349.1,25
1349.2,25
1349.3,27
1349.4,27
1349.5,27
1349.6,26
1349.7,26
1349.8,26
1349.9,26
1350,26
1350.1,27
1350.2,27
1350.3,27
1350.4,27
1350.5,27
1350.6,27
1350.7,27
1350.8,28
1350.9,29
1351,30
1351.1,30
1351.2,30
1351.3,30
1351.4,30
1351.5,29
1351.6,30
1351.7,30
1351.8,30
1351.9,30
1352,31
1352.1,32
1352.2,32
1352.3,32
1352.4,32
1352.5,33
1352.6,33
1352.7,34
1352.8,34
1352.9,34
1353,34
1353.1,34
1353.2,33
1353.3,34
1353.4,34
1353.5,34
1353.6,34
1353.7,34
1353.8,34
1353.9,34
1354,34
1354.1,34
1354.2,35
1354.3,36
1354.4,36
1354.5,37
1354.6,37
1354.7,36
1354.8,36
1354.9,36
1355,36
1355.1,37
1355.2,37
1355.3,37
1355.4,37
1355.5,37
1355.6,37
1355.7,37
1355.8,38
1355.9,39
1356,39
1356.1,40
1356.2,40
1356.3,40
1356.4,40
1356.5,40
1356.6,40
1356.7,40
1356.8,40
1356.9,40
1357,41
1357.1,41
1357.2,41
1357.3,41
1357.4,41
1357.5,42
1357.6,43
1357.7,43
1357.8,44
1357.9,44
1358,44
1358.1,44
1358.2,44
1358.3,44
1358.4,44
1358.5,45
1358.6,46
1358.7,46
1358.8,47
1358.9,47
1359,46
1359.1,47
1359.2,48
1359.3,50
1359.4,50
1359.5,50
1359.6,51
1359.7,50
1359.8,50
1359.9,50
1360,51
1360.1,51
1360.2,52
1360.3,52
1360.4,52
1360.5,52
1360.6,52
1360.7,53
1360.8,53
1360.9,54
1361,55
1361.1,55
1361.2,55
1361.3,55
1361.4,54
1361.5,54
1361.6,54
1361.7,55
1361.8,55
1361.9,55
1362,55
1362.1,55
1362.2,55
1362.3,55
1362.4,55
1362.5,55
1362.6,56
1362.7,57
1362.8,57
1362.9,57
1363,56
1363.1,56
1363.2,55
1363.3,55
1363.4,56
1363.5,56
1363.6,56
1363.7,56
1363.8,56
1363.9,55
1364,55
1364.1,55
1364.2,56
1364.3,56
1364.4,56
1364.5,56
1364.6,55
1364.7,54
1364.8,54
1364.9,53
1365,53
1365.1,53
1365.2,53
1365.3,52
1365.4,52
1365.5,51
1365.6,50
1365.7,50
1365.8,50
1365.9,50
1366,50
1366.1,50
1366.2,49
1366.3,49
1366.4,48
1366.5,48
1366.6,47
1366.7,47
1366.8,46
1366.9,46
1367,45
1367.1,45
1367.2,44
1367.3,44
1367.4,44
1367.5,43
1367.6,43
1367.7,43
1367.8,42
1367.9,42
1368,41
1368.1,42
1368.2,41
1368.3,41
1368.4,40
1368.5,40
1368.6,39
1368.7,39
1368.8,39
1368.9,39
1369,38
1369.1,38
1369.2,38
1369.3,37
1369.4,37
1369.5,37
1369.6,37
1369.7,36
1369.8,37
1369.9,37
1370,37
1370.1,37
1370.2,36
1370.3,36
1370.4,35
1370.5,35
1370.6,35
1370.7,35
1370.8,35
1370.9,34
1371,34
1371.1,34
1371.2,33
1371.3,33
1371.4,34
1371.5,34
1371.6,34
1371.7,33
1371.8,33
1371.9,33
1372,32
1372.1,32
1372.2,32
1372.3,32
1372.4,32
1372.5,32
1372.6,31
1372.7,31
1372.8,30
1372.9,30
1373,30
1373.1,30
1373.2,30
1373.3,30
1373.4,30
1373.5,30
1373.6,29
1373.7,29
1373.8,29
1373.9,29
1374,28
1374.1,28
1374.2,28
1374.3,28
1374.4,28
1374.5,27
1374.6,27
1374.7,27
1374.8,28
1374.9,27
1375,27
1375.1,27
1375.2,27
1375.3,26
1375.4,26
1375.5,26
1375.6,26
1375.7,26
1375.8,26
1375.9,26
1376,25
1376.1,25
1376.2,25
1376.3,25
1376.4,25
1376.5,25
1376.6,25
1376.7,24
1376.8,24
1376.9,24
1377,24
1377.1,23
1377.2,23
1377.3,23
1377.4,23
1377.5,23
1377.6,23
1377.7,23
1377.8,23
1377.9,23
1378,22
1378.1,23
1378.2,23
1378.3,22
1378.4,22
1378.5,22
1378.6,22
1378.7,22
1378.8,21
1378.9,21
1379,21
1379.1,21
1379.2,22
1379.3,22
1379.4,22
1379.5,21
1379.6,21
1379.7,21
1379.8,22
1379.9,21
1380,22
1380.1,22
1380.2,21
1380.3,21
1380.4,21
1380.5,21
1380.6,20
1380.7,20
1380.8,20
1380.9,21
1381,21
1381.1,20
1381.2,20
1381.3,20
1381.4,20
1381.5,20
1381.6,20
1381.7,20
1381.8,20
1381.9,20
1382,20
1382.1,19
1382.2,20
1382.3,19
1382.4,20
1382.5,20
1382.6,21
1382.7,21
1382.8,20
1382.9,20
1383,20
1383.1,20
1383.2,20
1383.3,21
1383.4,21
1383.5,21
1383.6,21
1383.7,21
1383.8,21
1383.9,20
1384,20
1384.1,21
1384.2,22
1384.3,22
1384.4,22
1384.5,22
1384.6,21
1384.7,21
1384.8,21
1384.9,53
1385,52
1385.1,52
1385.2,51
1385.3,51
1385.4,51
1385.5,50
1385.6,49
1385.7,49
1385.8,49
1385.9,48
1386,48
1386.1,48
1386.2,47
1386.3,47
1386.4,46
1386.5,46
1386.6,45
1386.7,45
1386.8,44
1386.9,44
1387,44
1387.1,44
1387.2,43
1387.3,43
1387.4,42
1387.5,42
1387.6,41
1387.7,42
1387.8,41
1387.9,41
1388,40
1388.1,40
1388.2,39
1388.3,39
1388.4,39
1388.5,39
1388.6,39
1388.7,39
1388.8,38
1388.9,38
1389,37
1389.1,37
1389.2,36
1389.3,37
1389.4,37
1389.5,37
1389.6,36
1389.7,36
1389.8,36
1389.9,35
1390,35
1390.1,35
1390.2,35
1390.3,35
1390.4,34
1390.5,34
1390.6,34
1390.7,33
1390.8,33
1390.9,33
1391,33
1391.1,33
1391.2,33
1391.3,32
1391.4,32
1391.5,32
1391.6,32
1391.7,32
1391.8,32
1391.9,31
1392,31
1392.1,31
1392.2,31
1392.3,30
1392.4,30
1392.5,30
1392.6,30
1392.7,30
1392.8,30
1392.9,30
1393,29
1393.1,29
1393.2,28
1393.3,28
1393.4,28
1393.5,28
1393.6,28
1393.7,27
1393.8,28
1393.9,28
1394,27
1394.1,27
1394.2,27
1394.3,27
1394.4,27
1394.5,27
1394.6,27
1394.7,27
1394.8,26
1394.9,26
1395,26
1395.1,26
1395.2,26
1395.3,26
1395.4,26
1395.5,26
1395.6,26
1395.7,26
1395.8,26
1395.9,26
1396,26
1396.1,25
1396.2,25
1396.3,25
1396.4,25
1396.5,25
1396.6,25
1396.7,25
1396.8,24
1396.9,24
1397,25
1397.1,25
1397.2,25
1397.3,25
1397.4,24
1397.5,24
1397.6,24
1397.7,24
1397.8,24
1397.9,24
1398,24
1398.1,24
1398.2,24
1398.3,24
1398.4,23
1398.5,23
1398.6,23
1398.7,23
1398.8,24
1398.9,24
1399,23
1399.1,23
1399.2,23
1399.3,23
1399.4,23
1399.5,23
1399.6,23
1399.7,22
1399.8,22
1399.9,22
1400,22
1400.1,22
1400.2,22
1400.3,22
1400.4,22
1400.5,22
1400.6,22
1400.7,22
1400.8,22
1400.9,22
1401,22
1401.1,22
1401.2,22
1401.3,22
1401.4,21
1401.5,21
1401.6,21
1401.7,21
1401.8,21
1401.9,21
1402,21
1402.1,22
1402.2,22
1402.3,21
1402.4,22
1402.5,21
1402.6,21
1402.7,21
1402.8,21
1402.9,21
1403,21
1403.1,21
1403.2,21
1403.3,21
1403.4,21
1403.5,21
1403.6,21
1403.7,22
1403.8,22
1403.9,22
1404,22
1404.1,22
1404.2,22
1404.3,22
1404.4,22
1404.5,22
1404.6,22
1404.7,22
1404.8,22
1404.9,22
1405,21
1405.1,21
1405.2,21
1405.3,22
1405.4,22
1405.5,23
1405.6,23
1405.7,22
1405.8,22
1405.9,22
1406,22
1406.1,22
1406.2,22
1406.3,22
1406.4,22
1406.5,21
1406.6,22
1406.7,21
1406.8,21
1406.9,21
1407,22
1407.1,22
1407.2,22
1407.3,22
1407.4,21
1407.5,21
1407.6,21
1407.7,21
1407.8,21
1407.9,21
1408,21
1408.1,21
1408.2,20
1408.3,20
1408.4,20
1408.5,20
1408.6,20
1408.7,21
1408.8,21
1408.9,21
1409,21
1409.1,21
1409.2,20
1409.3,21
1409.4,21
1409.5,21
1409.6,20
1409.7,20
1409.8,20
1409.9,20
1410,20
1410.1,19
1410.2,20
1410.3,20
1410.4,20
1410.5,21
1410.6,21
1410.7,20
1410.8,21
1410.9,21
1411,21
1411.1,20
1411.2,20
1411.3,20
1411.4,20
1411.5,20
1411.6,20
1411.7,19
1411.8,19
1411.9,19
1412,20
1412.1,21
1412.2,20
1412.3,20
1412.4,20
1412.5,20
1412.6,20
1412.7,20
1412.8,20
1412.9,21
1413,21
1413.1,21
1413.2,21
1413.3,21
1413.4,21
1413.5,21
1413.6,22
1413.7,22
1413.8,23
1413.9,24
1414,24
1414.1,24
1414.2,23
1414.3,23
1414.4,23
1414.5,24
1414.6,24
1414.7,25
1414.8,25
1414.9,25
1415,25
1415.1,25
1415.2,25
1415.3,26
1415.4,27
1415.5,28
1415.6,28
1415.7,29
1415.8,29
1415.9,29
1416,28
1416.1,28
1416.2,29
1416.3,30
1416.4,30
1416.5,30
1416.6,31
1416.7,31
1416.8,30
1416.9,32
1417,32
1417.1,34
1417.2,35
1417.3,36
1417.4,35
1417.5,35
1417.6,35
1417.7,35
1417.8,36
1417.9,36
1418,37
1418.1,37
1418.2,38
1418.3,38
1418.4,38
1418.5,38
1418.6,38
1418.7,40
1418.8,41
1418.9,41
1419,42
1419.1,41
1419.2,41
1419.3,41
1419.4,41
1419.5,41
1419.6,41
1419.7,41
1419.8,41
1419.9,41
1420,41
1420.1,41
1420.2,41
1420.3,42
1420.4,43
1420.5,43
1420.6,44
1420.7,43
1420.8,43
1420.9,42
1421,42
1421.1,42
1421.2,42
1421.3,42
1421.4,42
1421.5,42
1421.6,42
1421.7,41
1421.8,41
1421.9,41
1422,42
1422.1,42
1422.2,42
1422.3,41
1422.4,41
1422.5,41
1422.6,40
1422.7,40
1422.8,40
1422.9,39
1423,39
1423.1,38
1423.2,38
1423.3,38
1423.4,38
1423.5,37
1423.6,37
1423.7,37
1423.8,37
1423.9,37
1424,36
1424.1,36
1424.2,35
1424.3,36
1424.4,35
1424.5,35
1424.6,34
1424.7,34
1424.8,34
1424.9,34
1425,33
1425.1,33
1425.2,33
1425.3,32
1425.4,32
1425.5,32
1425.6,32
1425.7,32
1425.8,32
1425.9,32
1426,32
1426.1,32
1426.2,32
1426.3,31
1426.4,31
1426.5,31
1426.6,31
1426.7,31
1426.8,32
1426.9,32
1427,31
1427.1,31
1427.2,30
1427.3,30
1427.4,30
1427.5,31
1427.6,32
1427.7,33
1427.8,32
1427.9,32
1428,32
1428.1,32
1428.2,32
1428.3,32
1428.4,33
1428.5,33
1428.6,33
1428.7,33
1428.8,32
1428.9,32
1429,32
1429.1,32
1429.2,33
1429.3,34
1429.4,34
1429.5,34
1429.6,34
1429.7,35
1429.8,35
1429.9,36
1430,36
1430.1,36
1430.2,36
1430.3,36
1430.4,35
1430.5,35
1430.6,36
1430.7,36
1430.8,36
1430.9,37
1431,38
1431.1,38
1431.2,37
1431.3,37
1431.4,37
1431.5,37
1431.6,37
1431.7,38
1431.8,38
1431.9,38
1432,38
1432.1,38
1432.2,37
1432.3,37
1432.4,37
1432.5,38
1432.6,39
1432.7,40
1432.8,39
1432.9,39
1433,39
1433.1,39
1433.2,39
1433.3,38
1433.4,39
1433.5,39
1433.6,39
1433.7,38
1433.8,38
1433.9,38
1434,38
1434.1,38
1434.2,38
1434.3,39
1434.4,39
1434.5,38
1434.6,37
1434.7,38
1434.8,38
1434.9,37
1435,37
1435.1,38
1435.2,38
1435.3,37
1435.4,37
1435.5,36
1435.6,36
1435.7,36
1435.8,35
1435.9,36
1436,36
1436.1,36
1436.2,35
1436.3,34
1436.4,35
1436.5,34
1436.6,34
1436.7,34
1436.8,34
1436.9,34
1437,33
1437.1,33
1437.2,33
1437.3,32
1437.4,32
1437.5,32
1437.6,32
1437.7,32
1437.8,32
1437.9,32
1438,31
1438.1,30
1438.2,30
1438.3,30
1438.4,30
1438.5,30
1438.6,30
1438.7,30
1438.8,30
1438.9,29
1439,29
1439.1,29
1439.2,29
1439.3,29
1439.4,29
1439.5,28
1439.6,28
1439.7,28
1439.8,28
1439.9,27
1440,27
1440.1,27
1440.2,27
1440.3,27
1440.4,27
1440.5,26
1440.6,27
1440.7,27
1440.8,26
1440.9,26
1441,26
1441.1,26
1441.2,26
1441.3,25
1441.4,25
1441.5,25
1441.6,25
1441.7,25
1441.8,24
1441.9,25
1442,25
1442.1,25
1442.2,25
1442.3,24
1442.4,24
1442.5,24
1442.6,24
1442.7,24
1442.8,25
1442.9,24
1443,24
1443.1,24
1443.2,24
1443.3,23
1443.4,23
1443.5,23
1443.6,24
1443.7,24
1443.8,24
1443.9,24
1444,24
1444.1,24
1444.2,24
1444.3,24
1444.4,23
1444.5,23
1444.6,23
1444.7,23
1444.8,23
1444.9,23
1445,23
1445.1,22
1445.2,22
1445.3,22
1445.4,23
1445.5,23
1445.6,23
1445.7,22
1445.8,22
1445.9,22
1446,22
1446.1,22
1446.2,22
1446.3,22
1446.4,22
1446.5,22
1446.6,21
1446.7,21
1446.8,21
1446.9,22
1447,22
1447.1,22
1447.2,22
1447.3,22
1447.4,21
1447.5,21
1447.6,22
1447.7,21
1447.8,21
1447.9,21
1448,21
1448.1,21
1448.2,20
1448.3,20
1448.4,20
1448.5,20
1448.6,21
1448.7,21
1448.8,21
1448.9,21
1449,21
1449.1,20
1449.2,21
1449.3,21
1449.4,21
1449.5,21
1449.6,21
1449.7,21
1449.8,20
1449.9,21
1450,20
1450.1,20
1450.2,20
1450.3,21
1450.4,21
1450.5,22
1450.6,22
1450.7,21
1450.8,21
1450.9,21
1451,21
1451.1,21
1451.2,22
1451.3,22
1451.4,22
1451.5,22
1451.6,22
1451.7,21
1451.8,21
1451.9,22
1452,23
1452.1,23
1452.2,24
1452.3,24
1452.4,24
1452.5,24
1452.6,23
1452.7,23
1452.8,23
1452.9,24
1453,23
1453.1,23
1453.2,23
1453.3,23
1453.4,23
1453.5,23
1453.6,23
1453.7,24
1453.8,24
1453.9,24
1454,24
1454.1,24
1454.2,24
1454.3,24
1454.4,24
1454.5,23
1454.6,23
1454.7,23
1454.8,23
1454.9,23
1455,22
1455.1,22
1455.2,22
1455.3,22
1455.4,23
1455.5,22
1455.6,22
1455.7,22
1455.8,22
1455.9,23
1456,22
1456.1,22
1456.2,22
1456.3,22
1456.4,22
1456.5,21
1456.6,21
1456.7,21
1456.8,21
1456.9,21
1457,21
1457.1,22
1457.2,21
1457.3,21
1457.4,21
1457.5,21
1457.6,21
1457.7,21
1457.8,21
1457.9,21
1458,21
1458.1,21
1458.2,21
1458.3,21
1458.4,20
1458.5,21
1458.6,21
1458.7,22
1458.8,23
1458.9,22
1459,22
1459.1,22
1459.2,22
1459.3,22
1459.4,22
1459.5,22
1459.6,22
1459.7,22
1459.8,22
1459.9,22
1460,21
1460.1,21
1460.2,21
1460.3,22
1460.4,22
1460.5,22
1460.6,22
1460.7,22
1460.8,22
1460.9,21
1461,21
1461.1,22
1461.2,22
1461.3,22
1461.4,23
1461.5,22
1461.6,22
1461.7,22
1461.8,23
1461.9,22
1462,24
1462.1,24
1462.2,23
1462.3,23
1462.4,23
1462.5,23
1462.6,23
1462.7,23
1462.8,23
1462.9,23
1463,22
1463.1,23
1463.2,23
1463.3,22
1463.4,22
1463.5,23
1463.6,23
1463.7,24
1463.8,24
1463.9,24
1464,24
1464.1,24
1464.2,24
1464.3,23
1464.4,23
1464.5,23
1464.6,23
1464.7,23
1464.8,23
1464.9,22
1465,22
1465.1,22
1465.2,22
1465.3,23
1465.4,23
1465.5,23
1465.6,22
1465.7,22
1465.8,22
1465.9,22
1466,22
1466.1,22
1466.2,22
1466.3,22
1466.4,22
1466.5,21
1466.6,21
1466.7,21
1466.8,21
1466.9,21
1467,21
1467.1,21
1467.2,21
1467.3,20
1467.4,21
1467.5,21
1467.6,21
1467.7,21
1467.8,21
1467.9,20
1468,20
1468.1,21
1468.2,21
1468.3,21
1468.4,22
1468.5,22
1468.6,21
1468.7,21
1468.8,21
1468.9,21
1469,21
1469.1,22
1469.2,23
1469.3,23
1469.4,23
1469.5,23
1469.6,23
1469.7,24
1469.8,24
1469.9,24
1470,24
1470.1,24
1470.2,24
1470.3,24
1470.4,24
1470.5,24
1470.6,24
1470.7,23
1470.8,24
1470.9,25
1471,25
1471.1,24
1471.2,24
1471.3,24
1471.4,24
1471.5,24
1471.6,24
1471.7,25
1471.8,25
1471.9,24
1472,24
1472.1,24
1472.2,24
1472.3,24
1472.4,24
1472.5,24
1472.6,25
1472.7,25
1472.8,25
1472.9,24
1473,24
1473.1,24
1473.2,24
1473.3,24
1473.4,24
1473.5,24
1473.6,24
1473.7,24
1473.8,23
1473.9,24
1474,23
1474.1,23
1474.2,24
1474.3,24
1474.4,24
1474.5,24
1474.6,23
1474.7,24
1474.8,24
1474.9,25
1475,25
1475.1,26
1475.2,25
1475.3,25
1475.4,25
1475.5,25
1475.6,25
1475.7,25
1475.8,26
1475.9,27
1476,27
1476.1,27
1476.2,27
1476.3,27
1476.4,27
1476.5,28
1476.6,28
1476.7,28
1476.8,29
1476.9,29
1477,29
1477.1,28
1477.2,28
1477.3,28
1477.4,29
1477.5,30
1477.6,30
1477.7,30
1477.8,30
1477.9,29
1478,29
1478.1,29
1478.2,30
1478.3,29
1478.4,30
1478.5,30
1478.6,29
1478.7,29
1478.8,29
1478.9,29
1479,29
1479.1,30
1479.2,30
1479.3,30
1479.4,30
1479.5,30
1479.6,29
1479.7,29
1479.8,29
1479.9,29
1480,30
1480.1,30
1480.2,29
1480.3,29
1480.4,29
1480.5,28
1480.6,28
1480.7,28
1480.8,28
1480.9,29
1481,29
1481.1,28
1481.2,29
1481.3,28
1481.4,28
1481.5,27
1481.6,28
1481.7,28
1481.8,28
1481.9,28
1482,27
1482.1,27
1482.2,26
1482.3,26
1482.4,26
1482.5,27
1482.6,28
1482.7,28
1482.8,27
1482.9,27
1483,27
1483.1,26
1483.2,26
1483.3,27
1483.4,27
1483.5,26
1483.6,26
1483.7,26
1483.8,26
1483.9,26
1484,26
1484.1,27
1484.2,27
1484.3,28
1484.4,28
1484.5,28
1484.6,28
1484.7,28
1484.8,29
1484.9,29
1485,30
1485.1,30
1485.2,30
1485.3,30
1485.4,30
1485.5,31
1485.6,31
1485.7,32
1485.8,33
1485.9,34
1486,35
1486.1,35
1486.2,35
1486.3,35
1486.4,36
1486.5,36
1486.6,37
1486.7,38
1486.8,38
1486.9,38
1487,38
1487.1,38
1487.2,39
1487.3,40
1487.4,40
1487.5,42
1487.6,43
1487.7,43
1487.8,43
1487.9,43
1488,44
1488.1,45
1488.2,45
1488.3,46
1488.4,47
1488.5,47
1488.6,47
1488.7,47
1488.8,47
1488.9,48
1489,49
1489.1,50
1489.2,52
1489.3,52
1489.4,53
1489.5,53
1489.6,53
1489.7,54
1489.8,54
1489.9,55
1490,56
1490.1,58
1490.2,58
1490.3,58
1490.4,58
1490.5,58
1490.6,58
1490.7,59
1490.8,60
1490.9,62
1491,62
1491.1,63
1491.2,63
1491.3,64
1491.4,64
1491.5,65
1491.6,66
1491.7,67
1491.8,68
1491.9,68
1492,67
1492.1,68
1492.2,68
1492.3,69
1492.4,70
1492.5,72
1492.6,73
1492.7,73
1492.8,73
1492.9,74
1493,75
1493.1,75
1493.2,76
1493.3,76
1493.4,78
1493.5,78
1493.6,78
1493.7,77
1493.8,78
1493.9,79
1494,80
1494.1,80
1494.2,82
1494.3,81
1494.4,80
1494.5,81
1494.6,79
1494.7,78
1494.8,74
1494.9,75
1495,71
1495.1,72
1495.2,69
1495.3,68
1495.4,64
1495.5,65
1495.6,68
1495.7,64
1495.8,62
1495.9,63
1496,64
1496.1,68
1496.2,67
1496.3,65
1496.4,62
1496.5,61
1496.6,61
1496.7,61
1496.8,62
1496.9,63
1497,62
1497.1,61
1497.2,57
1497.3,58
1497.4,54
1497.5,55
1497.6,57
1497.7,54
1497.8,58
1497.9,59
1498,58
1498.1,57
1498.2,55
1498.3,55
1498.4,53
1498.5,54
1498.6,52
1498.7,51
1498.8,50
1498.9,49
1499,48
1499.1,47
1499.2,45
1499.3,42
1499.4,41
1499.5,40
1499.6,39
1499.7,35
1499.8,34
1499.9,35
1500,38
